DateTime,Open,High,Low,Close,Volume,TickVolume
2025-07-15 20:30:00,44145.5,44165.1,44145.5,44160.5,0,298
2025-07-15 20:15:00,44112.5,44152.1,44085.5,44147.5,0,1123
2025-07-15 20:00:00,44095.1,44128.1,44089.5,44111.5,0,1168
2025-07-15 19:45:00,44161.5,44180.1,44092.5,44096.1,0,1178
2025-07-15 19:30:00,44167.1,44195.1,44131.5,44162.5,0,1081
2025-07-15 19:15:00,44172.1,44200.1,44145.5,44166.1,0,1019
2025-07-15 19:00:00,44214.5,44239.1,44153.1,44173.1,0,1117
2025-07-15 18:45:00,44240.5,44266.1,44187.5,44213.5,0,1146
2025-07-15 18:30:00,44238.1,44256.1,44195.1,44239.5,0,1202
2025-07-15 18:15:00,44183.5,44259.1,44169.5,44236.1,0,1173
2025-07-15 18:00:00,44154.5,44245.1,44149.1,44182.5,0,1312
2025-07-15 17:45:00,44229.5,44268.1,44144.5,44152.5,0,1393
2025-07-15 17:30:00,44253.5,44274.1,44199.5,44231.5,0,1544
2025-07-15 17:15:00,44346.5,44363.1,44257.5,44262.1,0,1414
2025-07-15 17:00:00,44330.5,44361.1,44285.5,44344.5,0,1587
2025-07-15 16:45:00,44346.5,44403.1,44314.5,44328.5,0,1570
2025-07-15 16:30:00,44477.9,44532.9,44310.1,44345.5,0,2020
2025-07-15 16:15:00,44462.1,44504.1,44442.1,44474.9,0,760
2025-07-15 16:00:00,44431.6,44468.1,44416.6,44461.6,0,620
2025-07-15 15:45:00,44434.1,44459.6,44430.1,44430.6,0,657
2025-07-15 15:30:00,44414.0,44504.9,44414.0,44436.1,0,1029
2025-07-15 15:15:00,44414.9,44416.0,44383.1,44413.0,0,507
2025-07-15 15:00:00,44450.9,44450.9,44406.1,44415.9,0,474
2025-07-15 14:45:00,44456.9,44461.9,44427.1,44451.9,0,411
2025-07-15 14:30:00,44478.0,44485.5,44455.6,44457.9,0,299
2025-07-15 14:15:00,44499.5,44512.1,44470.6,44476.0,0,346
2025-07-15 14:00:00,44473.1,44519.1,44470.1,44500.0,0,503
2025-07-15 13:45:00,44498.1,44505.0,44447.0,44475.6,0,360
2025-07-15 13:30:00,44478.0,44525.9,44463.1,44498.6,0,518
2025-07-15 13:15:00,44461.1,44480.9,44459.1,44479.0,0,252
2025-07-15 13:00:00,44450.1,44464.9,44440.5,44458.1,0,222
2025-07-15 12:45:00,44439.1,44458.9,44433.5,44452.1,0,203
2025-07-15 12:30:00,44436.1,44454.9,44433.1,44438.5,0,210
2025-07-15 12:15:00,44428.1,44439.0,44423.1,44437.1,0,178
2025-07-15 12:00:00,44418.9,44432.9,44413.9,44431.1,0,251
2025-07-15 11:45:00,44433.0,44437.4,44415.1,44417.9,0,239
2025-07-15 11:30:00,44433.1,44443.9,44417.1,44434.0,0,339
2025-07-15 11:15:00,44407.1,44435.1,44392.1,44432.1,0,494
2025-07-15 11:00:00,44475.5,44475.5,44398.6,44406.1,0,657
2025-07-15 10:45:00,44501.5,44503.9,44479.1,44484.0,0,385
2025-07-15 10:30:00,44497.0,44508.0,44488.6,44502.0,0,412
2025-07-15 10:15:00,44496.9,44505.9,44481.1,44496.0,0,363
2025-07-15 10:00:00,44522.0,44525.9,44488.6,44495.9,0,554
2025-07-15 09:45:00,44493.0,44520.0,44485.0,44520.0,0,260
2025-07-15 09:30:00,44523.8,44525.0,44488.8,44495.0,0,255
2025-07-15 09:15:00,44512.0,44534.2,44505.0,44521.8,0,254
2025-07-15 09:00:00,44515.0,44527.8,44510.0,44513.0,0,333
2025-07-15 08:45:00,44511.0,44525.8,44510.0,44514.0,0,262
2025-07-15 08:30:00,44519.0,44522.0,44496.8,44510.0,0,299
2025-07-15 08:15:00,44513.8,44522.0,44510.0,44518.0,0,314
2025-07-15 08:00:00,44486.8,44531.2,44482.0,44511.8,0,316
2025-07-15 07:45:00,44465.7,44491.1,44461.4,44486.1,0,192
2025-07-15 07:30:00,44453.4,44475.1,44453.4,44466.7,0,143
2025-07-15 07:15:00,44445.4,44459.1,44441.4,44454.4,0,109
2025-07-15 07:00:00,44446.4,44450.7,44437.4,44446.4,0,145
2025-07-15 06:45:00,44461.4,44462.4,44437.4,44445.4,0,156
2025-07-15 06:30:00,44470.4,44471.4,44456.4,44463.4,0,180
2025-07-15 06:15:00,44428.4,44475.7,44426.4,44469.4,0,243
2025-07-15 06:00:00,44443.4,44447.4,44420.7,44426.4,0,278
2025-07-15 05:45:00,44456.4,44456.4,44427.1,44442.4,0,339
2025-07-15 05:30:00,44472.4,44472.4,44441.7,44457.4,0,452
2025-07-15 05:15:00,44513.4,44513.4,44456.7,44471.4,0,586
2025-07-15 05:00:00,44553.7,44567.7,44483.1,44512.4,0,708
2025-07-15 04:45:00,44508.7,44617.1,44487.7,44551.7,0,1055
2025-07-15 04:30:00,44424.4,44509.7,44419.4,44509.7,0,281
2025-07-15 04:15:00,44424.4,44433.4,44421.4,44425.4,0,106
2025-07-15 04:00:00,44429.4,44429.4,44412.1,44423.4,0,148
2025-07-15 03:45:00,44426.4,44433.4,44425.4,44430.4,0,148
2025-07-15 03:30:00,44443.4,44443.4,44426.4,44427.4,0,177
2025-07-15 03:15:00,44454.4,44454.4,44435.4,44442.4,0,230
2025-07-15 03:00:00,44437.4,44455.4,44418.4,44455.4,0,311
2025-07-15 02:45:00,44418.4,44446.7,44416.4,44436.4,0,141
2025-07-15 02:30:00,44416.4,44427.4,44414.4,44420.4,0,85
2025-07-15 02:15:00,44413.4,44424.7,44412.4,44417.4,0,82
2025-07-15 02:00:00,44417.4,44421.4,44407.4,44414.4,0,131
2025-07-15 01:45:00,44421.4,44433.4,44417.4,44418.4,0,117
2025-07-15 01:30:00,44417.4,44424.4,44413.1,44420.4,0,153
2025-07-15 01:15:00,44435.4,44437.4,44415.1,44416.4,0,178
2025-07-15 01:00:00,44439.9,44443.9,44422.1,44436.4,0,181
2025-07-14 23:45:00,44455.9,44465.4,44448.4,44461.9,0,109
2025-07-14 23:30:00,44449.9,44457.9,44444.9,44456.4,0,154
2025-07-14 23:15:00,44452.4,44461.4,44443.4,44448.9,0,155
2025-07-14 23:00:00,44475.4,44482.9,44449.9,44452.9,0,383
2025-07-14 22:45:00,44443.1,44491.9,44438.5,44476.9,0,908
2025-07-14 22:30:00,44446.1,44467.1,44434.5,44444.1,0,701
2025-07-14 22:15:00,44464.5,44464.5,44425.1,44448.1,0,696
2025-07-14 22:00:00,44455.5,44480.1,44455.1,44465.5,0,678
2025-07-14 21:45:00,44462.1,44465.1,44448.5,44453.5,0,567
2025-07-14 21:30:00,44456.3,44484.1,44444.5,44461.1,0,652
2025-07-14 21:15:00,44441.5,44465.1,44429.5,44457.3,0,515
2025-07-14 21:00:00,44442.1,44462.1,44433.5,44440.5,0,639
2025-07-14 20:45:00,44449.5,44468.1,44421.5,44444.1,0,682
2025-07-14 20:30:00,44448.5,44466.1,44440.5,44450.5,0,676
2025-07-14 20:15:00,44441.1,44457.1,44418.5,44447.5,0,732
2025-07-14 20:00:00,44407.1,44438.1,44402.5,44438.1,0,683
2025-07-14 19:45:00,44389.5,44426.1,44386.5,44406.1,0,772
2025-07-14 19:30:00,44380.1,44401.1,44347.5,44390.5,0,841
2025-07-14 19:15:00,44381.5,44401.1,44368.5,44381.1,0,857
2025-07-14 19:00:00,44397.1,44439.1,44360.5,44383.5,0,947
2025-07-14 18:45:00,44423.5,44427.1,44389.5,44398.1,0,934
2025-07-14 18:30:00,44418.5,44449.1,44403.5,44421.5,0,1026
2025-07-14 18:15:00,44367.5,44418.1,44331.5,44417.5,0,1058
2025-07-14 18:00:00,44371.1,44387.1,44313.5,44368.5,0,1267
2025-07-14 17:45:00,44340.1,44373.1,44311.5,44372.1,0,1200
2025-07-14 17:30:00,44332.1,44377.1,44306.5,44339.1,0,1426
2025-07-14 17:15:00,44360.1,44417.1,44331.1,44331.1,0,1287
2025-07-14 17:00:00,44365.1,44379.1,44318.5,44359.1,0,1403
2025-07-14 16:45:00,44369.5,44460.1,44351.5,44363.1,0,1519
2025-07-14 16:30:00,44326.1,44390.1,44263.1,44370.5,0,1828
2025-07-14 16:15:00,44247.6,44334.9,44239.1,44329.9,0,640
2025-07-14 16:00:00,44238.9,44250.4,44220.1,44248.6,0,473
2025-07-14 15:45:00,44257.5,44262.5,44226.6,44239.9,0,350
2025-07-14 15:30:00,44270.5,44271.9,44245.9,44258.0,0,422
2025-07-14 15:15:00,44273.0,44274.1,44260.9,44271.5,0,356
2025-07-14 15:00:00,44257.1,44274.5,44246.6,44272.0,0,311
2025-07-14 14:45:00,44282.6,44286.9,44256.4,44258.1,0,418
2025-07-14 14:30:00,44246.0,44283.9,44241.1,44283.1,0,381
2025-07-14 14:15:00,44266.1,44267.9,44237.1,44245.5,0,342
2025-07-14 14:00:00,44260.6,44277.4,44245.9,44266.6,0,477
2025-07-14 13:45:00,44261.9,44265.9,44240.1,44261.1,0,308
2025-07-14 13:30:00,44246.5,44267.1,44239.0,44260.9,0,330
2025-07-14 13:15:00,44245.6,44254.1,44237.5,44246.0,0,224
2025-07-14 13:00:00,44249.0,44258.4,44233.5,44244.6,0,236
2025-07-14 12:45:00,44242.1,44253.0,44238.6,44248.0,0,202
2025-07-14 12:30:00,44251.6,44254.1,44234.1,44243.9,0,228
2025-07-14 12:15:00,44246.9,44265.1,44238.6,44252.1,0,283
2025-07-14 12:00:00,44224.1,44246.4,44210.6,44246.4,0,346
2025-07-14 11:45:00,44202.0,44234.9,44201.1,44222.1,0,397
2025-07-14 11:30:00,44176.4,44205.4,44176.4,44201.0,0,297
2025-07-14 11:15:00,44186.4,44197.9,44172.1,44177.4,0,436
2025-07-14 11:00:00,44236.1,44240.9,44181.6,44187.4,0,628
2025-07-14 10:45:00,44187.1,44245.6,44180.1,44237.1,0,435
2025-07-14 10:30:00,44119.9,44186.1,44118.9,44184.6,0,418
2025-07-14 10:15:00,44144.1,44144.1,44109.9,44120.9,0,537
2025-07-14 10:00:00,44149.9,44162.9,44127.1,44145.1,0,646
2025-07-14 09:45:00,44148.2,44152.0,44131.0,44149.2,0,276
2025-07-14 09:30:00,44159.8,44165.8,44141.8,44147.8,0,324
2025-07-14 09:15:00,44124.8,44162.2,44108.2,44160.8,0,344
2025-07-14 09:00:00,44138.8,44153.8,44107.8,44123.8,0,522
2025-07-14 08:45:00,44186.2,44187.2,44130.2,44139.8,0,351
2025-07-14 08:30:00,44207.0,44213.0,44185.2,44185.2,0,160
2025-07-14 08:15:00,44200.0,44209.8,44191.0,44206.8,0,139
2025-07-14 08:00:00,44187.0,44201.8,44183.0,44199.0,0,132
2025-07-14 07:45:00,44192.4,44195.4,44185.4,44186.4,0,133
2025-07-14 07:30:00,44184.4,44198.1,44184.4,44193.4,0,103
2025-07-14 07:15:00,44187.4,44194.7,44182.7,44185.4,0,126
2025-07-14 07:00:00,44186.7,44188.4,44172.7,44188.4,0,115
2025-07-14 06:45:00,44188.4,44191.4,44183.4,44187.7,0,150
2025-07-14 06:30:00,44179.7,44188.7,44170.4,44187.4,0,148
2025-07-14 06:15:00,44181.4,44183.7,44171.4,44180.7,0,115
2025-07-14 06:00:00,44172.4,44186.4,44160.1,44182.4,0,188
2025-07-14 05:45:00,44186.1,44195.1,44169.7,44173.4,0,163
2025-07-14 05:30:00,44191.7,44191.7,44176.4,44185.1,0,128
2025-07-14 05:15:00,44202.7,44203.7,44185.7,44190.7,0,168
2025-07-14 05:00:00,44187.4,44205.7,44187.4,44203.7,0,159
2025-07-14 04:45:00,44178.4,44194.4,44168.1,44186.4,0,194
2025-07-14 04:30:00,44168.4,44183.4,44168.4,44180.4,0,225
2025-07-14 04:15:00,44163.7,44194.4,44159.7,44169.4,0,262
2025-07-14 04:00:00,44184.1,44204.4,44163.1,44164.7,0,298
2025-07-14 03:45:00,44215.4,44216.4,44184.1,44185.1,0,292
2025-07-14 03:30:00,44215.4,44222.4,44203.1,44214.4,0,202
2025-07-14 03:15:00,44232.1,44234.1,44212.1,44214.4,0,344
2025-07-14 03:00:00,44218.4,44239.7,44203.1,44231.1,0,385
2025-07-14 02:45:00,44180.8,44221.5,44177.8,44221.5,0,287
2025-07-14 02:30:00,44177.8,44198.2,44172.8,44179.8,0,248
2025-07-14 02:15:00,44202.8,44208.8,44168.8,44178.8,0,309
2025-07-14 02:00:00,44232.8,44237.8,44200.2,44201.8,0,378
2025-07-14 01:45:00,44238.5,44242.8,44224.2,44233.8,0,231
2025-07-14 01:30:00,44197.8,44239.5,44197.8,44239.5,0,371
2025-07-14 01:15:00,44174.8,44205.8,44151.8,44196.8,0,284
2025-07-14 01:00:00,44203.0,44227.0,44155.2,44172.8,0,462
2025-07-11 23:45:00,44329.3,44345.1,44326.3,44341.5,0,147
2025-07-11 23:30:00,44327.5,44346.6,44325.0,44328.8,0,272
2025-07-11 23:15:00,44341.3,44343.6,44316.8,44328.5,0,311
2025-07-11 23:00:00,44357.0,44367.5,44338.0,44342.8,0,670
2025-07-11 22:45:00,44385.3,44407.5,44336.1,44363.5,0,1152
2025-07-11 22:30:00,44410.3,44420.5,44383.1,44387.3,0,932
2025-07-11 22:15:00,44383.5,44420.5,44373.5,44413.3,0,793
2025-07-11 22:00:00,44404.1,44404.1,44321.5,44382.5,0,1271
2025-07-11 21:45:00,44406.5,44420.1,44396.5,44405.1,0,733
2025-07-11 21:30:00,44349.5,44406.1,44344.3,44405.5,0,766
2025-07-11 21:15:00,44382.3,44391.3,44339.1,44350.5,0,758
2025-07-11 21:00:00,44397.5,44412.1,44369.5,44383.3,0,785
2025-07-11 20:45:00,44362.5,44402.5,44359.5,44399.5,0,804
2025-07-11 20:30:00,44380.5,44407.1,44352.5,44361.5,0,931
2025-07-11 20:15:00,44367.5,44387.1,44356.1,44381.5,0,748
2025-07-11 20:00:00,44366.5,44377.1,44341.5,44371.1,0,778
2025-07-11 19:45:00,44298.5,44371.1,44298.5,44367.5,0,831
2025-07-11 19:30:00,44332.1,44339.5,44299.5,44299.5,0,871
2025-07-11 19:15:00,44308.1,44339.5,44303.5,44334.1,0,941
2025-07-11 19:00:00,44326.5,44349.1,44278.5,44307.1,0,1242
2025-07-11 18:45:00,44388.1,44393.1,44305.5,44325.5,0,1180
2025-07-11 18:30:00,44340.1,44401.1,44338.1,44386.1,0,1052
2025-07-11 18:15:00,44352.1,44393.1,44319.5,44344.1,0,1177
2025-07-11 18:00:00,44413.1,44416.1,44353.5,44354.1,0,1124
2025-07-11 17:45:00,44414.5,44425.1,44371.1,44415.1,0,1163
2025-07-11 17:30:00,44428.1,44450.1,44394.5,44416.5,0,1176
2025-07-11 17:15:00,44406.1,44457.5,44389.5,44427.1,0,1173
2025-07-11 17:00:00,44397.5,44422.1,44373.5,44407.1,0,1302
2025-07-11 16:45:00,44328.1,44409.1,44280.5,44398.5,0,1591
2025-07-11 16:30:00,44379.1,44452.1,44315.5,44329.1,0,1871
2025-07-11 16:15:00,44397.9,44397.9,44363.1,44371.1,0,666
2025-07-11 16:00:00,44402.1,44412.4,44380.1,44398.9,0,646
2025-07-11 15:45:00,44379.6,44414.9,44379.1,44403.1,0,469
2025-07-11 15:30:00,44384.9,44400.9,44371.9,44380.1,0,629
2025-07-11 15:15:00,44415.0,44415.0,44378.6,44383.9,0,477
2025-07-11 15:00:00,44411.9,44421.9,44399.9,44416.0,0,390
2025-07-11 14:45:00,44406.1,44444.1,44400.1,44413.9,0,400
2025-07-11 14:30:00,44404.6,44423.6,44401.1,44405.6,0,376
2025-07-11 14:15:00,44379.1,44406.9,44375.0,44404.1,0,344
2025-07-11 14:00:00,44352.1,44388.9,44349.1,44380.1,0,503
2025-07-11 13:45:00,44357.9,44370.9,44331.6,44345.6,0,511
2025-07-11 13:30:00,44359.9,44368.9,44338.9,44356.9,0,400
2025-07-11 13:15:00,44379.1,44386.1,44351.1,44357.9,0,487
2025-07-11 13:00:00,44352.9,44385.9,44313.1,44380.1,0,607
2025-07-11 12:45:00,44402.4,44402.9,44343.1,44354.9,0,500
2025-07-11 12:30:00,44396.6,44416.1,44391.1,44401.9,0,454
2025-07-11 12:15:00,44422.9,44433.4,44392.1,44396.1,0,383
2025-07-11 12:00:00,44439.9,44453.5,44409.6,44421.9,0,421
2025-07-11 11:45:00,44424.0,44455.9,44417.5,44438.9,0,410
2025-07-11 11:30:00,44443.9,44443.9,44413.9,44422.5,0,428
2025-07-11 11:15:00,44421.0,44444.9,44402.1,44444.9,0,707
2025-07-11 11:00:00,44404.6,44436.4,44398.1,44421.5,0,803
2025-07-11 10:45:00,44459.9,44461.9,44403.1,44404.1,0,620
2025-07-11 10:30:00,44486.6,44492.9,44440.9,44460.9,0,599
2025-07-11 10:15:00,44470.4,44498.5,44452.6,44486.1,0,801
2025-07-11 10:00:00,44524.9,44536.9,44465.1,44470.9,0,702
2025-07-11 09:45:00,44514.0,44528.2,44501.2,44528.2,0,278
2025-07-11 09:30:00,44528.8,44529.8,44483.2,44513.0,0,483
2025-07-11 09:15:00,44515.0,44543.8,44515.0,44527.8,0,314
2025-07-11 09:00:00,44480.8,44529.2,44480.2,44514.0,0,431
2025-07-11 08:45:00,44562.0,44562.0,44479.8,44479.8,0,341
2025-07-11 08:30:00,44543.0,44564.8,44539.8,44560.0,0,178
2025-07-11 08:15:00,44541.0,44549.0,44537.2,44544.0,0,168
2025-07-11 08:00:00,44551.0,44561.8,44540.0,44542.0,0,238
2025-07-11 07:45:00,44538.4,44550.4,44531.7,44550.4,0,213
2025-07-11 07:30:00,44567.4,44569.4,44537.4,44539.4,0,162
2025-07-11 07:15:00,44515.4,44573.4,44513.4,44569.4,0,278
2025-07-11 07:00:00,44538.7,44539.7,44510.4,44514.4,0,219
2025-07-11 06:45:00,44538.7,44542.7,44529.4,44537.7,0,167
2025-07-11 06:30:00,44527.4,44539.1,44505.7,44538.1,0,221
2025-07-11 06:15:00,44523.1,44530.4,44511.4,44526.4,0,170
2025-07-11 06:00:00,44495.4,44530.7,44495.4,44524.1,0,216
2025-07-11 05:45:00,44496.4,44502.4,44484.4,44496.4,0,153
2025-07-11 05:30:00,44496.4,44509.4,44491.7,44497.4,0,252
2025-07-11 05:15:00,44478.4,44503.4,44478.4,44494.4,0,217
2025-07-11 05:00:00,44476.4,44485.7,44472.4,44477.4,0,256
2025-07-11 04:45:00,44485.7,44486.7,44460.7,44477.4,0,324
2025-07-11 04:30:00,44493.7,44498.4,44477.4,44484.7,0,329
2025-07-11 04:15:00,44474.4,44501.4,44465.4,44491.7,0,417
2025-07-11 04:00:00,44452.7,44477.1,44418.7,44473.4,0,690
2025-07-11 03:45:00,44433.7,44520.7,44415.7,44451.7,0,958
2025-07-11 03:30:00,44444.7,44502.7,44401.7,44435.7,0,1102
2025-07-11 03:15:00,44638.1,44642.7,44412.7,44445.7,0,1155
2025-07-11 03:00:00,44705.4,44706.4,44634.4,44637.1,0,591
2025-07-11 02:45:00,44689.4,44708.7,44688.4,44706.4,0,188
2025-07-11 02:30:00,44682.4,44691.7,44682.4,44690.4,0,95
2025-07-11 02:15:00,44682.4,44684.4,44672.4,44681.4,0,111
2025-07-11 02:00:00,44686.7,44692.4,44678.4,44683.4,0,97
2025-07-11 01:45:00,44672.4,44690.7,44668.4,44685.7,0,106
2025-07-11 01:30:00,44675.4,44675.4,44663.4,44670.4,0,96
2025-07-11 01:15:00,44668.4,44683.4,44668.1,44676.4,0,125
2025-07-11 01:00:00,44656.9,44675.7,44645.9,44667.4,0,227
2025-07-10 23:45:00,44653.9,44658.4,44626.9,44634.4,0,215
2025-07-10 23:30:00,44639.9,44666.9,44638.9,44652.9,0,243
2025-07-10 23:15:00,44642.9,44656.4,44631.9,44640.9,0,262
2025-07-10 23:00:00,44671.9,44673.9,44633.9,44643.4,0,595
2025-07-10 22:45:00,44748.5,44752.3,44641.9,44675.9,0,1170
2025-07-10 22:30:00,44726.5,44758.5,44724.5,44749.5,0,670
2025-07-10 22:15:00,44750.5,44757.1,44715.5,44723.5,0,694
2025-07-10 22:00:00,44728.5,44760.1,44723.5,44749.5,0,644
2025-07-10 21:45:00,44766.1,44767.1,44710.5,44729.5,0,641
2025-07-10 21:30:00,44784.5,44793.1,44739.5,44765.1,0,710
2025-07-10 21:15:00,44767.5,44805.1,44767.5,44783.5,0,661
2025-07-10 21:00:00,44771.5,44784.1,44756.5,44769.5,0,618
2025-07-10 20:45:00,44755.5,44801.1,44743.5,44772.5,0,653
2025-07-10 20:30:00,44744.5,44774.1,44743.5,44754.5,0,672
2025-07-10 20:15:00,44754.5,44776.1,44737.5,44743.5,0,672
2025-07-10 20:00:00,44724.1,44762.1,44715.5,44753.5,0,706
2025-07-10 19:45:00,44733.1,44741.1,44716.5,44722.1,0,643
2025-07-10 19:30:00,44719.3,44740.1,44700.5,44731.1,0,754
2025-07-10 19:15:00,44722.1,44732.1,44692.1,44718.5,0,842
2025-07-10 19:00:00,44700.1,44753.1,44692.1,44721.1,0,863
2025-07-10 18:45:00,44742.5,44755.1,44684.5,44701.1,0,876
2025-07-10 18:30:00,44741.5,44767.1,44730.5,44743.5,0,878
2025-07-10 18:15:00,44751.5,44766.1,44721.5,44742.5,0,946
2025-07-10 18:00:00,44684.5,44758.1,44684.5,44749.5,0,1096
2025-07-10 17:45:00,44685.5,44692.1,44663.5,44683.5,0,1037
2025-07-10 17:30:00,44588.1,44690.1,44574.5,44686.5,0,1213
2025-07-10 17:15:00,44594.1,44629.1,44557.5,44586.1,0,1241
2025-07-10 17:00:00,44523.1,44594.1,44506.5,44593.1,0,1454
2025-07-10 16:45:00,44443.5,44548.1,44443.5,44521.1,0,1513
2025-07-10 16:30:00,44458.1,44469.1,44388.5,44444.5,0,1693
2025-07-10 16:15:00,44394.9,44462.9,44393.9,44456.1,0,420
2025-07-10 16:00:00,44413.9,44427.9,44386.1,44393.9,0,491
2025-07-10 15:45:00,44407.6,44419.9,44395.1,44414.9,0,365
2025-07-10 15:30:00,44434.9,44450.9,44402.1,44406.1,0,512
2025-07-10 15:15:00,44462.0,44462.0,44415.6,44435.9,0,348
2025-07-10 15:00:00,44471.4,44472.9,44444.6,44460.0,0,373
2025-07-10 14:45:00,44478.9,44487.9,44462.1,44472.9,0,345
2025-07-10 14:30:00,44448.1,44479.4,44441.6,44479.4,0,349
2025-07-10 14:15:00,44427.1,44449.4,44421.1,44447.9,0,293
2025-07-10 14:00:00,44420.5,44437.4,44414.6,44426.1,0,306
2025-07-10 13:45:00,44406.0,44424.4,44401.5,44421.0,0,172
2025-07-10 13:30:00,44396.0,44412.9,44394.0,44405.0,0,205
2025-07-10 13:15:00,44399.0,44402.9,44390.5,44397.0,0,147
2025-07-10 13:00:00,44395.1,44418.4,44388.9,44397.0,0,242
2025-07-10 12:45:00,44382.0,44409.9,44380.6,44397.1,0,231
2025-07-10 12:30:00,44382.0,44386.9,44369.9,44381.0,0,223
2025-07-10 12:15:00,44388.1,44391.9,44368.0,44381.0,0,240
2025-07-10 12:00:00,44383.1,44395.9,44378.1,44390.1,0,210
2025-07-10 11:45:00,44394.0,44395.0,44371.1,44381.6,0,205
2025-07-10 11:30:00,44395.0,44404.4,44386.1,44396.0,0,215
2025-07-10 11:15:00,44379.4,44402.9,44378.9,44395.5,0,290
2025-07-10 11:00:00,44356.0,44388.9,44350.0,44379.9,0,294
2025-07-10 10:45:00,44366.9,44374.1,44347.1,44358.0,0,283
2025-07-10 10:30:00,44357.4,44369.0,44349.0,44364.9,0,301
2025-07-10 10:15:00,44343.5,44368.9,44328.6,44356.9,0,370
2025-07-10 10:00:00,44347.0,44366.9,44342.1,44344.0,0,459
2025-07-10 09:45:00,44359.2,44361.2,44346.0,44348.0,0,236
2025-07-10 09:30:00,44349.0,44365.8,44349.0,44358.2,0,225
2025-07-10 09:15:00,44364.2,44364.2,44341.2,44350.0,0,239
2025-07-10 09:00:00,44387.2,44395.2,44360.0,44363.2,0,243
2025-07-10 08:45:00,44376.0,44388.2,44371.2,44388.2,0,105
2025-07-10 08:30:00,44376.8,44378.0,44362.0,44377.0,0,184
2025-07-10 08:15:00,44377.2,44383.0,44371.0,44375.8,0,126
2025-07-10 08:00:00,44367.8,44381.2,44367.8,44378.2,0,150
2025-07-10 07:45:00,44368.4,44368.4,44361.1,44366.1,0,105
2025-07-10 07:30:00,44362.4,44374.4,44359.4,44369.4,0,132
2025-07-10 07:15:00,44363.4,44369.4,44358.4,44363.4,0,89
2025-07-10 07:00:00,44370.4,44373.4,44361.4,44364.4,0,135
2025-07-10 06:45:00,44364.7,44378.4,44364.4,44371.4,0,85
2025-07-10 06:30:00,44371.4,44373.4,44359.4,44364.4,0,169
2025-07-10 06:15:00,44364.4,44383.4,44364.4,44372.4,0,108
2025-07-10 06:00:00,44417.4,44417.4,44362.4,44363.4,0,187
2025-07-10 05:45:00,44429.7,44429.7,44418.4,44418.4,0,72
2025-07-10 05:30:00,44422.4,44433.4,44422.1,44428.7,0,133
2025-07-10 05:15:00,44427.4,44428.4,44413.4,44424.4,0,149
2025-07-10 05:00:00,44394.4,44426.4,44394.4,44425.4,0,195
2025-07-10 04:45:00,44404.4,44414.4,44387.1,44392.4,0,258
2025-07-10 04:30:00,44401.4,44415.4,44396.1,44406.4,0,210
2025-07-10 04:15:00,44408.4,44412.4,44399.1,44400.4,0,225
2025-07-10 04:00:00,44419.4,44430.4,44406.4,44409.4,0,256
2025-07-10 03:45:00,44419.4,44437.1,44417.4,44417.4,0,231
2025-07-10 03:30:00,44425.1,44442.7,44413.7,44418.4,0,273
2025-07-10 03:15:00,44431.4,44435.4,44423.1,44426.1,0,233
2025-07-10 03:00:00,44462.4,44462.4,44425.7,44430.4,0,342
2025-07-10 02:45:00,44474.4,44477.7,44460.4,44463.4,0,148
2025-07-10 02:30:00,44484.4,44485.4,44464.7,44473.4,0,178
2025-07-10 02:15:00,44494.7,44499.7,44483.1,44483.4,0,93
2025-07-10 02:00:00,44508.4,44512.4,44493.7,44493.7,0,80
2025-07-10 01:45:00,44518.4,44521.4,44507.4,44507.4,0,74
2025-07-10 01:30:00,44512.4,44527.7,44511.4,44519.4,0,125
2025-07-10 01:15:00,44510.1,44523.4,44508.1,44511.4,0,156
2025-07-10 01:00:00,44477.9,44515.4,44477.9,44511.1,0,126
2025-07-09 23:45:00,44479.9,44490.9,44477.9,44489.4,0,115
2025-07-09 23:30:00,44469.4,44493.4,44462.9,44480.9,0,179
2025-07-09 23:15:00,44506.9,44509.9,44459.9,44472.4,0,376
2025-07-09 23:00:00,44476.9,44517.4,44476.9,44507.9,0,514
2025-07-09 22:45:00,44474.5,44503.9,44462.3,44477.9,0,991
2025-07-09 22:30:00,44459.3,44480.1,44446.3,44475.5,0,702
2025-07-09 22:15:00,44425.3,44468.1,44425.3,44460.3,0,690
2025-07-09 22:00:00,44466.1,44470.1,44426.3,44426.3,0,775
2025-07-09 21:45:00,44418.1,44479.1,44411.5,44467.1,0,745
2025-07-09 21:30:00,44412.1,44451.1,44397.5,44419.1,0,726
2025-07-09 21:15:00,44435.5,44449.5,44403.5,44410.1,0,848
2025-07-09 21:00:00,44393.9,44467.1,44392.5,44434.5,0,880
2025-07-09 20:45:00,44384.5,44436.1,44372.5,44394.9,0,934
2025-07-09 20:30:00,44372.1,44390.1,44324.5,44385.5,0,785
2025-07-09 20:15:00,44370.1,44417.1,44360.5,44370.1,0,889
2025-07-09 20:00:00,44323.5,44371.1,44302.5,44371.1,0,929
2025-07-09 19:45:00,44307.5,44349.1,44294.5,44324.5,0,747
2025-07-09 19:30:00,44300.5,44329.1,44285.5,44308.5,0,844
2025-07-09 19:15:00,44333.1,44346.1,44296.5,44301.5,0,938
2025-07-09 19:00:00,44338.1,44375.1,44309.5,44334.1,0,1036
2025-07-09 18:45:00,44353.1,44390.1,44313.5,44339.1,0,1034
2025-07-09 18:30:00,44317.5,44360.1,44278.5,44352.1,0,1088
2025-07-09 18:15:00,44281.5,44340.1,44254.5,44316.5,0,1134
2025-07-09 18:00:00,44304.1,44365.1,44263.5,44284.1,0,1306
2025-07-09 17:45:00,44322.1,44364.1,44280.5,44307.1,0,1433
2025-07-09 17:30:00,44412.1,44412.1,44311.5,44320.1,0,1642
2025-07-09 17:15:00,44479.1,44497.1,44397.5,44411.1,0,1199
2025-07-09 17:00:00,44501.1,44509.7,44448.5,44477.1,0,1359
2025-07-09 16:45:00,44545.1,44593.1,44494.5,44502.1,0,1495
2025-07-09 16:30:00,44466.4,44551.1,44439.1,44547.1,0,1743
2025-07-09 16:15:00,44451.1,44472.9,44445.6,44472.9,0,488
2025-07-09 16:00:00,44424.6,44456.9,44412.1,44452.1,0,545
2025-07-09 15:45:00,44419.1,44446.9,44415.1,44423.1,0,499
2025-07-09 15:30:00,44415.0,44420.9,44399.6,44418.1,0,397
2025-07-09 15:15:00,44397.9,44433.4,44390.6,44416.0,0,378
2025-07-09 15:00:00,44390.1,44403.9,44369.1,44399.4,0,378
2025-07-09 14:45:00,44386.1,44405.9,44383.1,44391.1,0,284
2025-07-09 14:30:00,44378.1,44397.9,44378.1,44388.1,0,276
2025-07-09 14:15:00,44361.6,44377.9,44351.1,44377.6,0,266
2025-07-09 14:00:00,44347.0,44366.4,44341.9,44363.1,0,299
2025-07-09 13:45:00,44347.0,44353.9,44335.1,44348.0,0,325
2025-07-09 13:30:00,44340.0,44357.9,44335.0,44349.5,0,290
2025-07-09 13:15:00,44338.5,44348.9,44332.6,44339.0,0,314
2025-07-09 13:00:00,44337.5,44339.0,44317.0,44339.0,0,290
2025-07-09 12:45:00,44357.1,44359.4,44332.1,44338.0,0,255
2025-07-09 12:30:00,44363.1,44375.4,44330.4,44356.1,0,441
2025-07-09 12:15:00,44338.4,44369.9,44334.1,44364.1,0,438
2025-07-09 12:00:00,44296.0,44340.9,44296.0,44337.9,0,243
2025-07-09 11:45:00,44308.5,44310.1,44292.0,44294.0,0,186
2025-07-09 11:30:00,44308.1,44319.9,44303.9,44309.0,0,247
2025-07-09 11:15:00,44293.1,44310.9,44284.1,44306.6,0,419
2025-07-09 11:00:00,44293.6,44312.9,44286.4,44292.1,0,412
2025-07-09 10:45:00,44284.0,44307.9,44283.0,44294.1,0,331
2025-07-09 10:30:00,44274.0,44286.9,44263.1,44283.0,0,226
2025-07-09 10:15:00,44246.9,44281.1,44246.9,44273.0,0,341
2025-07-09 10:00:00,44273.9,44289.9,44242.1,44245.4,0,441
2025-07-09 09:45:00,44250.8,44286.8,44249.8,44273.2,0,290
2025-07-09 09:30:00,44243.8,44257.2,44235.8,44246.8,0,252
2025-07-09 09:15:00,44215.0,44246.2,44211.0,44242.8,0,222
2025-07-09 09:00:00,44231.0,44231.0,44200.2,44216.0,0,338
2025-07-09 08:45:00,44230.0,44236.0,44219.8,44230.0,0,146
2025-07-09 08:30:00,44214.0,44238.0,44212.2,44231.0,0,177
2025-07-09 08:15:00,44237.0,44237.0,44210.0,44213.0,0,140
2025-07-09 08:00:00,44245.0,44246.0,44235.0,44236.0,0,95
2025-07-09 07:45:00,44249.7,44251.4,44243.1,44244.4,0,75
2025-07-09 07:30:00,44222.4,44252.4,44221.4,44250.7,0,129
2025-07-09 07:15:00,44224.4,44230.4,44219.4,44221.4,0,85
2025-07-09 07:00:00,44225.4,44230.4,44221.4,44225.4,0,153
2025-07-09 06:45:00,44223.4,44236.7,44219.4,44224.4,0,97
2025-07-09 06:30:00,44240.4,44241.4,44222.4,44224.4,0,133
2025-07-09 06:15:00,44235.4,44241.4,44220.4,44239.4,0,140
2025-07-09 06:00:00,44240.4,44245.4,44232.4,44236.4,0,141
2025-07-09 05:45:00,44236.4,44245.4,44235.4,44239.4,0,126
2025-07-09 05:30:00,44242.4,44245.4,44233.1,44235.4,0,133
2025-07-09 05:15:00,44252.4,44252.4,44238.4,44243.4,0,155
2025-07-09 05:00:00,44246.4,44262.4,44244.4,44253.4,0,205
2025-07-09 04:45:00,44222.4,44251.4,44217.1,44245.4,0,197
2025-07-09 04:30:00,44215.7,44227.7,44183.1,44224.4,0,293
2025-07-09 04:15:00,44235.1,44236.7,44212.4,44214.7,0,207
2025-07-09 04:00:00,44215.4,44248.4,44211.4,44236.1,0,242
2025-07-09 03:45:00,44221.4,44228.1,44208.4,44216.4,0,144
2025-07-09 03:30:00,44208.4,44222.4,44197.4,44220.4,0,174
2025-07-09 03:15:00,44197.1,44217.4,44197.1,44207.4,0,198
2025-07-09 03:00:00,44240.7,44242.1,44195.1,44198.1,0,307
2025-07-09 02:45:00,44264.4,44268.4,44238.4,44246.7,0,161
2025-07-09 02:30:00,44265.4,44266.4,44250.4,44266.4,0,142
2025-07-09 02:15:00,44285.4,44291.4,44255.7,44264.4,0,156
2025-07-09 02:00:00,44271.4,44291.4,44271.4,44284.4,0,68
2025-07-09 01:45:00,44264.4,44272.4,44263.4,44272.4,0,44
2025-07-09 01:30:00,44269.4,44270.7,44259.4,44265.4,0,74
2025-07-09 01:15:00,44271.4,44275.4,44269.4,44270.4,0,79
2025-07-09 01:00:00,44286.9,44302.5,44268.4,44268.4,0,171
2025-07-08 23:45:00,44274.9,44275.9,44258.9,44266.9,0,168
2025-07-08 23:30:00,44268.9,44281.9,44266.9,44275.4,0,232
2025-07-08 23:15:00,44256.4,44276.9,44253.4,44269.4,0,188
2025-07-08 23:00:00,44259.4,44283.9,44243.9,44256.9,0,572
2025-07-08 22:45:00,44278.1,44318.5,44238.5,44257.9,0,1077
2025-07-08 22:30:00,44298.5,44308.1,44273.3,44277.1,0,762
2025-07-08 22:15:00,44286.1,44309.1,44266.5,44301.1,0,787
2025-07-08 22:00:00,44287.3,44303.1,44270.5,44288.1,0,845
2025-07-08 21:45:00,44270.1,44302.1,44266.3,44288.3,0,720
2025-07-08 21:30:00,44288.5,44313.1,44259.5,44272.1,0,881
2025-07-08 21:15:00,44320.5,44330.1,44281.5,44289.5,0,785
2025-07-08 21:00:00,44315.5,44330.1,44291.5,44319.5,0,772
2025-07-08 20:45:00,44261.1,44335.1,44254.3,44316.5,0,795
2025-07-08 20:30:00,44287.5,44318.1,44244.5,44260.1,0,966
2025-07-08 20:15:00,44297.1,44300.1,44226.5,44286.5,0,1208
2025-07-08 20:00:00,44301.1,44313.1,44252.1,44298.1,0,1245
2025-07-08 19:45:00,44321.1,44340.1,44292.1,44300.1,0,1185
2025-07-08 19:30:00,44406.1,44416.1,44286.5,44323.1,0,1300
2025-07-08 19:15:00,44323.1,44413.1,44316.5,44405.1,0,945
2025-07-08 19:00:00,44372.1,44377.1,44283.5,44324.1,0,1053
2025-07-08 18:45:00,44347.1,44392.1,44342.5,44366.5,0,929
2025-07-08 18:30:00,44290.1,44351.1,44272.5,44346.1,0,1080
2025-07-08 18:15:00,44348.5,44368.5,44269.5,44289.1,0,1201
2025-07-08 18:00:00,44290.1,44388.1,44273.5,44349.5,0,1237
2025-07-08 17:45:00,44330.1,44334.1,44242.5,44288.1,0,1642
2025-07-08 17:30:00,44306.1,44404.1,44305.1,44329.1,0,1373
2025-07-08 17:15:00,44313.5,44364.1,44270.5,44305.1,0,1416
2025-07-08 17:00:00,44369.5,44386.1,44281.5,44316.1,0,1461
2025-07-08 16:45:00,44388.1,44466.1,44368.5,44368.5,0,1453
2025-07-08 16:30:00,44396.9,44412.9,44309.5,44392.1,0,1740
2025-07-08 16:15:00,44394.9,44397.9,44373.6,44395.4,0,602
2025-07-08 16:00:00,44382.9,44400.9,44379.4,44394.4,0,410
2025-07-08 15:45:00,44369.9,44384.9,44354.9,44383.9,0,483
2025-07-08 15:30:00,44385.9,44386.9,44360.1,44370.9,0,521
2025-07-08 15:15:00,44392.4,44400.4,44381.1,44386.4,0,388
2025-07-08 15:00:00,44414.9,44414.9,44372.1,44392.9,0,569
2025-07-08 14:45:00,44431.6,44435.1,44412.6,44415.9,0,400
2025-07-08 14:30:00,44422.1,44441.9,44417.5,44432.1,0,340
2025-07-08 14:15:00,44411.4,44430.9,44402.6,44422.6,0,346
2025-07-08 14:00:00,44394.5,44413.4,44384.9,44410.4,0,376
2025-07-08 13:45:00,44406.0,44407.1,44386.5,44394.0,0,285
2025-07-08 13:30:00,44367.0,44405.5,44362.0,44405.0,0,384
2025-07-08 13:15:00,44362.0,44382.9,44362.0,44368.0,0,232
2025-07-08 13:00:00,44369.1,44375.9,44345.1,44363.0,0,391
2025-07-08 12:45:00,44391.0,44391.0,44358.1,44367.6,0,376
2025-07-08 12:30:00,44396.5,44403.9,44383.1,44389.5,0,292
2025-07-08 12:15:00,44396.9,44407.9,44388.1,44396.0,0,267
2025-07-08 12:00:00,44392.6,44404.9,44376.6,44398.9,0,367
2025-07-08 11:45:00,44379.1,44399.4,44368.1,44393.1,0,327
2025-07-08 11:30:00,44406.9,44406.9,44377.6,44378.1,0,342
2025-07-08 11:15:00,44401.1,44420.9,44397.9,44405.1,0,390
2025-07-08 11:00:00,44459.6,44459.6,44392.6,44400.6,0,603
2025-07-08 10:45:00,44438.5,44472.9,44435.5,44459.1,0,314
2025-07-08 10:30:00,44433.5,44447.9,44417.1,44439.0,0,359
2025-07-08 10:15:00,44421.0,44439.9,44405.1,44433.0,0,392
2025-07-08 10:00:00,44438.0,44441.9,44411.9,44419.0,0,492
2025-07-08 09:45:00,44436.0,44447.0,44432.0,44435.0,0,229
2025-07-08 09:30:00,44427.2,44443.2,44423.0,44435.0,0,204
2025-07-08 09:15:00,44427.0,44440.8,44409.8,44428.2,0,294
2025-07-08 09:00:00,44430.0,44438.2,44414.8,44426.0,0,274
2025-07-08 08:45:00,44409.0,44433.0,44408.0,44431.0,0,167
2025-07-08 08:30:00,44407.0,44416.0,44392.0,44408.0,0,207
2025-07-08 08:15:00,44407.0,44410.0,44401.0,44406.0,0,131
2025-07-08 08:00:00,44394.0,44408.0,44388.0,44406.0,0,161
2025-07-08 07:45:00,44396.4,44403.4,44392.4,44393.4,0,121
2025-07-08 07:30:00,44395.4,44414.4,44390.4,44397.4,0,201
2025-07-08 07:15:00,44402.4,44402.4,44387.4,44397.4,0,101
2025-07-08 07:00:00,44386.4,44405.4,44383.4,44403.4,0,126
2025-07-08 06:45:00,44392.7,44396.4,44380.4,44387.4,0,141
2025-07-08 06:30:00,44397.4,44403.4,44389.4,44393.7,0,128
2025-07-08 06:15:00,44383.4,44405.4,44378.4,44398.4,0,134
2025-07-08 06:00:00,44410.4,44411.4,44383.4,44384.4,0,158
2025-07-08 05:45:00,44408.4,44411.4,44404.4,44409.4,0,110
2025-07-08 05:30:00,44398.4,44413.4,44388.4,44407.4,0,200
2025-07-08 05:15:00,44382.4,44399.4,44380.4,44399.4,0,205
2025-07-08 05:00:00,44366.4,44382.4,44363.4,44381.4,0,193
2025-07-08 04:45:00,44353.4,44378.7,44352.7,44367.4,0,228
2025-07-08 04:30:00,44397.4,44402.4,44354.4,44354.4,0,239
2025-07-08 04:15:00,44378.4,44399.4,44376.4,44396.4,0,217
2025-07-08 04:00:00,44375.4,44379.4,44361.4,44377.4,0,247
2025-07-08 03:45:00,44370.4,44390.4,44359.4,44376.4,0,323
2025-07-08 03:30:00,44348.7,44374.7,44340.4,44369.4,0,297
2025-07-08 03:15:00,44338.4,44350.4,44331.4,44349.7,0,310
2025-07-08 03:00:00,44355.4,44355.4,44320.4,44337.4,0,411
2025-07-08 02:45:00,44339.4,44357.4,44338.4,44356.4,0,241
2025-07-08 02:30:00,44343.4,44357.1,44334.4,44338.4,0,222
2025-07-08 02:15:00,44333.4,44349.4,44326.4,44345.4,0,167
2025-07-08 02:00:00,44311.4,44334.4,44303.4,44332.4,0,264
2025-07-08 01:45:00,44316.4,44320.4,44298.4,44310.4,0,220
2025-07-08 01:30:00,44278.4,44329.1,44274.4,44318.4,0,273
2025-07-08 01:15:00,44316.4,44317.4,44263.7,44277.4,0,326
2025-07-08 01:00:00,44343.9,44345.9,44310.4,44314.4,0,210
2025-07-07 23:45:00,44289.9,44328.4,44289.4,44320.9,0,333
2025-07-07 23:30:00,44355.4,44363.9,44290.4,44291.4,0,404
2025-07-07 23:15:00,44368.4,44374.9,44355.9,44355.9,0,265
2025-07-07 23:00:00,44419.4,44422.9,44347.9,44369.9,0,702
2025-07-07 22:45:00,44334.5,44436.9,44321.1,44426.9,0,1353
2025-07-07 22:30:00,44311.5,44341.1,44308.5,44332.5,0,978
2025-07-07 22:15:00,44327.1,44353.3,44306.5,44310.5,0,991
2025-07-07 22:00:00,44364.5,44380.1,44299.5,44328.1,0,1150
2025-07-07 21:45:00,44312.1,44372.1,44298.5,44367.5,0,923
2025-07-07 21:30:00,44192.5,44321.1,44192.5,44313.1,0,1237
2025-07-07 21:15:00,44332.5,44338.1,44178.5,44195.5,0,1645
2025-07-07 21:00:00,44337.3,44375.1,44328.5,44334.5,0,1019
2025-07-07 20:45:00,44330.1,44353.1,44316.5,44336.3,0,883
2025-07-07 20:30:00,44364.5,44448.1,44305.5,44331.1,0,1431
2025-07-07 20:15:00,44376.5,44412.5,44347.5,44365.5,0,1061
2025-07-07 20:00:00,44334.1,44386.1,44305.5,44381.1,0,1172
2025-07-07 19:45:00,44378.1,44384.1,44296.5,44332.1,0,1419
2025-07-07 19:30:00,44403.1,44440.1,44353.5,44376.1,0,1492
2025-07-07 19:15:00,44498.5,44503.7,44309.5,44404.1,0,1887
2025-07-07 19:00:00,44514.1,44546.5,44489.5,44499.5,0,899
2025-07-07 18:45:00,44504.1,44522.1,44459.5,44515.1,0,1025
2025-07-07 18:30:00,44547.1,44563.1,44501.5,44505.1,0,1000
2025-07-07 18:15:00,44574.5,44585.1,44528.5,44546.1,0,1009
2025-07-07 18:00:00,44624.1,44634.1,44569.5,44575.5,0,1129
2025-07-07 17:45:00,44639.5,44662.1,44595.5,44626.1,0,1136
2025-07-07 17:30:00,44666.1,44682.1,44623.5,44640.5,0,1146
2025-07-07 17:15:00,44672.1,44685.1,44643.5,44668.1,0,1284
2025-07-07 17:00:00,44781.1,44792.1,44666.5,44673.1,0,1407
2025-07-07 16:45:00,44759.5,44800.1,44721.5,44783.1,0,1368
2025-07-07 16:30:00,44770.9,44823.4,44691.1,44761.5,0,1789
2025-07-07 16:15:00,44758.4,44782.9,44751.9,44771.9,0,676
2025-07-07 16:00:00,44784.4,44793.9,44744.1,44759.9,0,629
2025-07-07 15:45:00,44830.6,44835.4,44774.1,44785.9,0,592
2025-07-07 15:30:00,44857.0,44865.9,44831.1,44831.6,0,447
2025-07-07 15:15:00,44877.9,44882.4,44851.6,44856.5,0,384
2025-07-07 15:00:00,44853.1,44878.4,44840.6,44876.9,0,490
2025-07-07 14:45:00,44831.9,44860.4,44829.1,44854.1,0,306
2025-07-07 14:30:00,44837.1,44843.9,44819.6,44832.9,0,350
2025-07-07 14:15:00,44828.4,44840.9,44820.0,44838.6,0,244
2025-07-07 14:00:00,44813.6,44831.9,44812.1,44828.9,0,359
2025-07-07 13:45:00,44830.9,44832.9,44811.6,44812.6,0,239
2025-07-07 13:30:00,44838.0,44838.0,44816.1,44830.4,0,312
2025-07-07 13:15:00,44863.1,44863.1,44832.1,44836.5,0,334
2025-07-07 13:00:00,44858.4,44868.1,44837.1,44863.6,0,468
2025-07-07 12:45:00,44795.0,44859.9,44788.1,44858.9,0,388
2025-07-07 12:30:00,44770.0,44799.9,44767.0,44794.0,0,242
2025-07-07 12:15:00,44768.6,44778.9,44761.1,44768.5,0,255
2025-07-07 12:00:00,44759.0,44771.9,44749.1,44770.1,0,326
2025-07-07 11:45:00,44784.5,44788.0,44754.1,44758.0,0,313
2025-07-07 11:30:00,44781.1,44794.1,44779.1,44784.0,0,417
2025-07-07 11:15:00,44752.9,44802.9,44735.1,44780.1,0,503
2025-07-07 11:00:00,44725.0,44768.9,44723.1,44751.9,0,601
2025-07-07 10:45:00,44714.0,44722.0,44704.6,44720.5,0,336
2025-07-07 10:30:00,44695.9,44722.0,44687.1,44715.0,0,393
2025-07-07 10:15:00,44721.0,44721.0,44695.4,44697.9,0,402
2025-07-07 10:00:00,44705.8,44730.9,44703.9,44722.0,0,576
2025-07-07 09:45:00,44684.2,44716.0,44683.2,44707.8,0,311
2025-07-07 09:30:00,44703.8,44716.8,44685.2,44685.2,0,341
2025-07-07 09:15:00,44710.0,44714.0,44692.0,44702.8,0,289
2025-07-07 09:00:00,44722.0,44725.1,44702.2,44709.0,0,344
2025-07-07 08:45:00,44727.0,44739.0,44710.8,44723.0,0,160
2025-07-07 08:30:00,44706.0,44733.1,44703.0,44728.0,0,214
2025-07-07 08:15:00,44702.0,44714.1,44699.0,44707.0,0,153
2025-07-07 08:00:00,44706.0,44715.0,44696.0,44703.0,0,191
2025-07-07 07:45:00,44704.4,44707.7,44700.4,44705.4,0,123
2025-07-07 07:30:00,44720.4,44723.4,44698.7,44706.4,0,153
2025-07-07 07:15:00,44725.4,44729.4,44716.4,44721.4,0,92
2025-07-07 07:00:00,44721.4,44749.1,44718.4,44723.4,0,197
2025-07-07 06:45:00,44701.4,44725.4,44700.4,44722.4,0,155
2025-07-07 06:30:00,44690.4,44703.4,44683.4,44702.4,0,124
2025-07-07 06:15:00,44688.4,44692.4,44680.4,44689.4,0,150
2025-07-07 06:00:00,44698.4,44699.4,44670.1,44689.4,0,226
2025-07-07 05:45:00,44712.4,44720.4,44699.4,44699.4,0,188
2025-07-07 05:30:00,44729.4,44729.4,44694.1,44711.4,0,250
2025-07-07 05:15:00,44723.4,44732.4,44715.1,44728.4,0,239
2025-07-07 05:00:00,44712.4,44730.1,44710.7,44724.4,0,235
2025-07-07 04:45:00,44713.4,44735.7,44710.4,44713.4,0,306
2025-07-07 04:30:00,44751.4,44760.4,44702.1,44714.4,0,318
2025-07-07 04:15:00,44694.7,44756.4,44693.7,44753.4,0,344
2025-07-07 04:00:00,44749.4,44750.4,44693.1,44695.7,0,484
2025-07-07 03:45:00,44737.4,44754.4,44733.4,44750.4,0,209
2025-07-07 03:30:00,44741.7,44754.4,44735.4,44736.4,0,228
2025-07-07 03:15:00,44746.4,44755.4,44734.4,44740.7,0,226
2025-07-07 03:00:00,44710.4,44761.1,44702.4,44748.4,0,346
2025-07-07 02:45:00,44729.5,44732.5,44704.2,44714.5,0,264
2025-07-07 02:30:00,44729.2,44736.8,44708.8,44728.5,0,278
2025-07-07 02:15:00,44721.8,44745.8,44718.5,44730.2,0,170
2025-07-07 02:00:00,44706.5,44727.2,44700.5,44723.8,0,276
2025-07-07 01:45:00,44717.5,44722.5,44704.5,44707.5,0,211
2025-07-07 01:30:00,44721.5,44722.5,44699.8,44716.5,0,306
2025-07-07 01:15:00,44730.2,44751.8,44716.5,44720.5,0,269
2025-07-07 01:00:00,44773.0,44804.0,44722.0,44732.2,0,392
2025-07-04 19:45:00,44601.1,44607.5,44568.5,44584.1,0,387
2025-07-04 19:30:00,44622.5,44625.1,44593.1,44602.1,0,335
2025-07-04 19:15:00,44598.5,44624.1,44574.5,44621.5,0,247
2025-07-04 19:00:00,44593.5,44604.1,44588.3,44599.5,0,183
2025-07-04 18:45:00,44595.3,44603.1,44588.5,44594.5,0,247
2025-07-04 18:30:00,44589.5,44610.1,44587.5,44596.3,0,320
2025-07-04 18:15:00,44613.5,44618.1,44580.5,44590.5,0,393
2025-07-04 18:00:00,44632.5,44648.1,44612.5,44612.5,0,328
2025-07-04 17:45:00,44636.1,44636.1,44614.5,44634.5,0,281
2025-07-04 17:30:00,44630.1,44655.1,44626.5,44635.1,0,414
2025-07-04 17:15:00,44623.1,44629.1,44606.5,44629.1,0,322
2025-07-04 17:00:00,44634.1,44642.1,44607.5,44622.1,0,470
2025-07-04 16:45:00,44612.5,44637.1,44601.5,44635.1,0,469
2025-07-04 16:30:00,44601.6,44623.1,44576.5,44610.5,0,666
2025-07-04 16:15:00,44589.0,44608.9,44585.1,44602.1,0,271
2025-07-04 16:00:00,44595.9,44600.9,44584.1,44588.0,0,255
2025-07-04 15:45:00,44591.0,44603.1,44583.1,44594.9,0,194
2025-07-04 15:30:00,44584.9,44597.9,44572.1,44592.0,0,253
2025-07-04 15:15:00,44596.0,44598.0,44574.1,44585.9,0,319
2025-07-04 15:00:00,44594.1,44610.9,44588.1,44595.0,0,327
2025-07-04 14:45:00,44590.9,44602.4,44582.9,44595.1,0,279
2025-07-04 14:30:00,44585.0,44598.9,44571.1,44589.6,0,284
2025-07-04 14:15:00,44586.1,44604.4,44571.0,44584.0,0,352
2025-07-04 14:00:00,44552.9,44588.1,44544.1,44585.1,0,532
2025-07-04 13:45:00,44586.4,44593.9,44520.6,44551.9,0,500
2025-07-04 13:30:00,44599.0,44617.0,44585.9,44585.9,0,296
2025-07-04 13:15:00,44609.1,44615.0,44593.5,44598.0,0,263
2025-07-04 13:00:00,44607.5,44620.9,44592.1,44610.1,0,287
2025-07-04 12:45:00,44603.0,44618.9,44593.6,44608.0,0,357
2025-07-04 12:30:00,44589.1,44602.0,44570.1,44602.0,0,385
2025-07-04 12:15:00,44604.0,44610.9,44583.1,44586.1,0,409
2025-07-04 12:00:00,44584.6,44609.9,44574.1,44604.5,0,458
2025-07-04 11:45:00,44597.0,44599.0,44559.1,44585.1,0,364
2025-07-04 11:30:00,44613.1,44615.9,44571.1,44598.0,0,449
2025-07-04 11:15:00,44575.1,44621.9,44557.9,44614.1,0,441
2025-07-04 11:00:00,44600.9,44607.9,44575.9,44577.1,0,328
2025-07-04 10:45:00,44628.0,44630.0,44596.1,44599.9,0,372
2025-07-04 10:30:00,44633.1,44644.9,44618.9,44629.0,0,332
2025-07-04 10:15:00,44663.1,44674.9,44615.1,44631.1,0,509
2025-07-04 10:00:00,44690.9,44710.0,44660.1,44662.1,0,487
2025-07-04 09:45:00,44713.0,44715.0,44685.2,44690.2,0,224
2025-07-04 09:30:00,44721.0,44729.0,44705.8,44712.0,0,225
2025-07-04 09:15:00,44706.0,44729.0,44703.0,44720.0,0,237
2025-07-04 09:00:00,44728.0,44732.8,44697.8,44705.0,0,357
2025-07-04 08:45:00,44715.0,44731.1,44715.0,44730.0,0,143
2025-07-04 08:30:00,44708.2,44719.1,44692.0,44716.0,0,171
2025-07-04 08:15:00,44695.8,44711.8,44692.0,44707.2,0,146
2025-07-04 08:00:00,44701.0,44706.0,44691.8,44694.8,0,151
2025-07-04 07:45:00,44697.4,44706.4,44695.1,44699.4,0,113
2025-07-04 07:30:00,44703.1,44710.4,44690.4,44696.4,0,175
2025-07-04 07:15:00,44719.4,44724.4,44696.1,44702.1,0,209
2025-07-04 07:00:00,44715.4,44721.4,44713.4,44718.4,0,100
2025-07-04 06:45:00,44721.1,44726.4,44715.4,44716.4,0,115
2025-07-04 06:30:00,44733.4,44735.4,44715.4,44721.4,0,132
2025-07-04 06:15:00,44739.4,44746.4,44730.4,44734.4,0,90
2025-07-04 06:00:00,44743.4,44743.4,44727.4,44737.4,0,88
2025-07-04 05:45:00,44745.4,44750.4,44741.4,44742.4,0,107
2025-07-04 05:30:00,44746.4,44747.4,44736.4,44744.4,0,116
2025-07-04 05:15:00,44750.4,44750.4,44725.4,44745.4,0,190
2025-07-04 05:00:00,44761.4,44763.4,44741.4,44749.4,0,129
2025-07-04 04:45:00,44778.4,44779.4,44759.4,44760.4,0,112
2025-07-04 04:30:00,44773.4,44785.4,44771.4,44776.4,0,150
2025-07-04 04:15:00,44747.7,44778.4,44746.4,44774.4,0,170
2025-07-04 04:00:00,44740.1,44750.4,44737.7,44748.7,0,158
2025-07-04 03:45:00,44745.4,44749.4,44739.1,44739.1,0,135
2025-07-04 03:30:00,44750.4,44754.4,44743.4,44746.4,0,163
2025-07-04 03:15:00,44763.7,44764.1,44741.7,44749.4,0,199
2025-07-04 03:00:00,44768.4,44770.7,44749.4,44764.7,0,241
2025-07-04 02:45:00,44770.4,44774.4,44762.4,44769.4,0,100
2025-07-04 02:30:00,44776.4,44780.4,44764.4,44768.4,0,123
2025-07-04 02:15:00,44774.4,44780.4,44771.4,44776.1,0,75
2025-07-04 02:00:00,44772.4,44779.4,44768.4,44773.4,0,157
2025-07-04 01:45:00,44784.4,44794.4,44771.1,44775.4,0,134
2025-07-04 01:30:00,44794.7,44807.4,44780.4,44783.4,0,157
2025-07-04 01:15:00,44789.4,44807.4,44779.1,44793.7,0,212
2025-07-04 01:00:00,44791.9,44805.9,44764.7,44788.4,0,348
2025-07-03 20:00:00,44816.5,44868.1,44812.5,44832.5,0,699
2025-07-03 19:45:00,44891.1,44891.1,44809.5,44818.5,0,1181
2025-07-03 19:30:00,44840.3,44904.1,44839.3,44889.1,0,724
2025-07-03 19:15:00,44842.3,44850.3,44818.5,44841.3,0,781
2025-07-03 19:00:00,44853.5,44864.1,44830.5,44843.3,0,666
2025-07-03 18:45:00,44859.1,44867.5,44833.5,44854.5,0,712
2025-07-03 18:30:00,44814.5,44863.1,44811.5,44861.1,0,916
2025-07-03 18:15:00,44880.5,44885.1,44794.5,44813.5,0,926
2025-07-03 18:00:00,44857.1,44893.1,44848.1,44879.5,0,957
2025-07-03 17:45:00,44892.5,44898.1,44839.5,44858.1,0,989
2025-07-03 17:30:00,44805.5,44891.5,44795.5,44891.5,0,1078
2025-07-03 17:15:00,44782.5,44823.1,44768.5,44806.5,0,1121
2025-07-03 17:00:00,44734.1,44805.1,44730.5,44781.5,0,1252
2025-07-03 16:45:00,44699.5,44778.1,44689.5,44733.1,0,1299
2025-07-03 16:30:00,44585.4,44722.1,44569.1,44698.5,0,1684
2025-07-03 16:15:00,44570.4,44588.9,44554.1,44578.9,0,516
2025-07-03 16:00:00,44547.1,44591.4,44546.9,44568.9,0,582
2025-07-03 15:45:00,44581.4,44582.4,44537.1,44548.1,0,700
2025-07-03 15:30:00,44549.2,44662.2,44549.2,44580.9,0,1229
2025-07-03 15:15:00,44553.6,44557.6,44535.1,44553.2,0,379
2025-07-03 15:00:00,44547.9,44581.1,44543.9,44555.1,0,374
2025-07-03 14:45:00,44542.6,44549.9,44527.0,44548.9,0,271
2025-07-03 14:30:00,44543.5,44550.0,44526.1,44543.1,0,253
2025-07-03 14:15:00,44547.5,44555.6,44538.0,44542.5,0,205
2025-07-03 14:00:00,44544.1,44558.1,44540.6,44547.0,0,268
2025-07-03 13:45:00,44533.0,44547.5,44533.0,44545.1,0,185
2025-07-03 13:30:00,44519.0,44535.9,44519.0,44532.0,0,168
2025-07-03 13:15:00,44527.0,44528.0,44510.5,44520.0,0,232
2025-07-03 13:00:00,44532.0,44537.9,44521.1,44527.5,0,230
2025-07-03 12:45:00,44522.1,44536.9,44520.1,44533.0,0,245
2025-07-03 12:30:00,44533.1,44536.4,44516.9,44521.1,0,318
2025-07-03 12:15:00,44504.9,44535.9,44503.9,44534.1,0,277
2025-07-03 12:00:00,44491.4,44518.4,44491.4,44505.4,0,277
2025-07-03 11:45:00,44521.1,44524.0,44490.1,44491.9,0,236
2025-07-03 11:30:00,44531.9,44538.1,44516.1,44520.1,0,264
2025-07-03 11:15:00,44511.4,44531.4,44505.9,44530.1,0,258
2025-07-03 11:00:00,44535.0,44535.0,44506.6,44511.9,0,295
2025-07-03 10:45:00,44554.0,44556.9,44529.1,44536.0,0,205
2025-07-03 10:30:00,44562.9,44570.9,44550.0,44555.0,0,263
2025-07-03 10:15:00,44544.0,44570.9,44539.1,44560.9,0,295
2025-07-03 10:00:00,44548.1,44559.0,44538.9,44546.0,0,362
2025-07-03 09:45:00,44564.8,44567.2,44547.0,44548.8,0,176
2025-07-03 09:30:00,44545.0,44565.2,44542.0,44563.8,0,188
2025-07-03 09:15:00,44545.0,44555.0,44539.0,44544.0,0,214
2025-07-03 09:00:00,44546.0,44555.2,44529.8,44544.0,0,228
2025-07-03 08:45:00,44537.0,44548.0,44529.0,44545.0,0,143
2025-07-03 08:30:00,44546.0,44550.0,44536.0,44538.0,0,169
2025-07-03 08:15:00,44541.2,44548.0,44534.0,44545.0,0,99
2025-07-03 08:00:00,44540.0,44544.0,44536.0,44540.2,0,129
2025-07-03 07:45:00,44536.7,44540.4,44530.7,44539.4,0,94
2025-07-03 07:30:00,44550.4,44552.4,44531.7,44537.7,0,120
2025-07-03 07:15:00,44546.4,44552.4,44542.4,44551.4,0,83
2025-07-03 07:00:00,44530.4,44548.4,44528.4,44548.4,0,141
2025-07-03 06:45:00,44555.4,44555.4,44529.1,44529.4,0,202
2025-07-03 06:30:00,44545.4,44557.4,44536.7,44556.4,0,173
2025-07-03 06:15:00,44526.7,44556.7,44524.7,44544.4,0,220
2025-07-03 06:00:00,44512.4,44525.7,44509.7,44525.7,0,103
2025-07-03 05:45:00,44493.4,44515.4,44492.4,44513.4,0,117
2025-07-03 05:30:00,44491.4,44496.4,44478.1,44494.4,0,176
2025-07-03 05:15:00,44500.4,44504.4,44490.4,44493.4,0,105
2025-07-03 05:00:00,44518.4,44518.4,44497.4,44499.4,0,137
2025-07-03 04:45:00,44517.4,44527.4,44516.4,44519.4,0,119
2025-07-03 04:30:00,44529.4,44531.4,44516.4,44516.4,0,131
2025-07-03 04:15:00,44514.4,44534.4,44510.4,44530.4,0,185
2025-07-03 04:00:00,44526.4,44527.4,44512.1,44515.4,0,190
2025-07-03 03:45:00,44541.4,44542.4,44526.4,44527.4,0,160
2025-07-03 03:30:00,44528.1,44542.4,44521.1,44542.4,0,161
2025-07-03 03:15:00,44532.4,44553.7,44527.1,44527.1,0,164
2025-07-03 03:00:00,44538.4,44545.4,44527.1,44533.4,0,181
2025-07-03 02:45:00,44535.4,44539.4,44530.1,44539.4,0,98
2025-07-03 02:30:00,44529.4,44536.4,44526.4,44534.4,0,76
2025-07-03 02:15:00,44530.4,44532.7,44526.4,44528.4,0,56
2025-07-03 02:00:00,44527.4,44535.4,44522.4,44531.4,0,92
2025-07-03 01:45:00,44521.4,44528.4,44520.4,44525.4,0,89
2025-07-03 01:30:00,44505.4,44521.4,44504.4,44519.4,0,115
2025-07-03 01:15:00,44501.7,44509.7,44497.1,44504.4,0,101
2025-07-03 01:00:00,44519.9,44531.9,44501.4,44501.4,0,209
2025-07-02 23:45:00,44522.9,44549.9,44516.9,44531.9,0,270
2025-07-02 23:30:00,44497.4,44523.9,44496.4,44523.9,0,219
2025-07-02 23:15:00,44502.9,44508.4,44488.4,44497.9,0,186
2025-07-02 23:00:00,44519.9,44523.9,44499.4,44504.9,0,538
2025-07-02 22:45:00,44513.3,44528.1,44498.5,44518.9,0,1009
2025-07-02 22:30:00,44501.1,44530.1,44498.3,44512.3,0,733
2025-07-02 22:15:00,44519.5,44526.3,44495.5,44502.1,0,630
2025-07-02 22:00:00,44505.5,44530.1,44498.5,44517.5,0,677
2025-07-02 21:45:00,44524.3,44524.3,44488.5,44504.5,0,633
2025-07-02 21:30:00,44505.1,44526.1,44501.5,44522.3,0,662
2025-07-02 21:15:00,44491.1,44512.1,44480.5,44506.1,0,721
2025-07-02 21:00:00,44476.1,44500.1,44454.5,44490.1,0,749
2025-07-02 20:45:00,44485.5,44505.1,44474.1,44475.1,0,647
2025-07-02 20:30:00,44495.5,44507.1,44483.5,44484.5,0,697
2025-07-02 20:15:00,44489.1,44507.1,44462.5,44496.5,0,719
2025-07-02 20:00:00,44499.5,44505.1,44466.5,44491.1,0,752
2025-07-02 19:45:00,44503.1,44521.1,44490.5,44498.5,0,750
2025-07-02 19:30:00,44494.1,44514.1,44476.5,44501.1,0,806
2025-07-02 19:15:00,44503.5,44511.1,44461.5,44497.1,0,935
2025-07-02 19:00:00,44526.5,44535.1,44488.5,44505.5,0,941
2025-07-02 18:45:00,44568.5,44585.1,44516.5,44525.5,0,865
2025-07-02 18:30:00,44551.1,44590.1,44536.5,44567.5,0,1034
2025-07-02 18:15:00,44476.1,44561.1,44471.5,44543.1,0,1056
2025-07-02 18:00:00,44483.5,44513.1,44449.5,44474.1,0,1104
2025-07-02 17:45:00,44451.5,44498.5,44426.5,44482.5,0,1308
2025-07-02 17:30:00,44466.5,44517.1,44449.5,44453.5,0,1230
2025-07-02 17:15:00,44409.1,44469.1,44383.5,44467.5,0,1258
2025-07-02 17:00:00,44441.1,44463.1,44390.5,44408.1,0,1336
2025-07-02 16:45:00,44456.5,44474.1,44410.5,44444.1,0,1432
2025-07-02 16:30:00,44523.9,44551.4,44390.5,44457.5,0,1931
2025-07-02 16:15:00,44510.1,44526.4,44484.1,44521.4,0,720
2025-07-02 16:00:00,44527.9,44533.1,44491.1,44509.6,0,841
2025-07-02 15:45:00,44533.4,44551.9,44513.9,44526.9,0,667
2025-07-02 15:30:00,44581.9,44585.9,44520.1,44535.4,0,815
2025-07-02 15:15:00,44609.9,44611.9,44547.1,44582.9,0,1047
2025-07-02 15:00:00,44601.5,44615.9,44571.6,44610.9,0,601
2025-07-02 14:45:00,44643.0,44650.9,44582.1,44602.0,0,545
2025-07-02 14:30:00,44652.9,44660.1,44635.4,44644.5,0,374
2025-07-02 14:15:00,44637.6,44653.4,44634.0,44653.4,0,250
2025-07-02 14:00:00,44627.1,44641.9,44621.1,44635.6,0,374
2025-07-02 13:45:00,44623.1,44645.4,44619.1,44628.1,0,454
2025-07-02 13:30:00,44615.5,44631.9,44614.1,44624.1,0,315
2025-07-02 13:15:00,44612.0,44626.9,44611.0,44616.0,0,216
2025-07-02 13:00:00,44616.1,44618.0,44601.0,44613.0,0,231
2025-07-02 12:45:00,44610.0,44619.5,44608.0,44615.1,0,170
2025-07-02 12:30:00,44615.0,44617.0,44596.1,44609.0,0,239
2025-07-02 12:15:00,44611.4,44620.0,44606.0,44616.0,0,310
2025-07-02 12:00:00,44594.0,44617.9,44585.6,44609.9,0,348
2025-07-02 11:45:00,44589.0,44606.9,44587.0,44595.0,0,301
2025-07-02 11:30:00,44586.0,44600.1,44569.0,44588.5,0,403
2025-07-02 11:15:00,44611.9,44611.9,44569.1,44585.0,0,465
2025-07-02 11:00:00,44617.9,44630.4,44598.1,44612.9,0,712
2025-07-02 10:45:00,44619.9,44626.9,44598.1,44616.9,0,393
2025-07-02 10:30:00,44655.9,44666.0,44619.1,44620.9,0,454
2025-07-02 10:15:00,44684.5,44684.5,44654.9,44657.4,0,426
2025-07-02 10:00:00,44699.0,44699.0,44674.1,44684.0,0,556
2025-07-02 09:45:00,44681.8,44695.2,44679.0,44694.0,0,303
2025-07-02 09:30:00,44657.8,44685.8,44656.8,44683.8,0,283
2025-07-02 09:15:00,44656.8,44672.8,44649.8,44658.8,0,306
2025-07-02 09:00:00,44628.0,44662.2,44626.2,44654.8,0,338
2025-07-02 08:45:00,44619.0,44630.0,44608.8,44630.0,0,166
2025-07-02 08:30:00,44614.0,44632.0,44612.0,44620.0,0,180
2025-07-02 08:15:00,44632.0,44636.0,44612.0,44613.0,0,187
2025-07-02 08:00:00,44640.0,44640.0,44628.0,44631.0,0,161
2025-07-02 07:45:00,44639.4,44652.1,44635.4,44640.4,0,155
2025-07-02 07:30:00,44646.7,44660.1,44637.4,44640.4,0,207
2025-07-02 07:15:00,44614.4,44650.7,44611.4,44647.7,0,203
2025-07-02 07:00:00,44609.4,44618.4,44606.4,44615.4,0,109
2025-07-02 06:45:00,44609.4,44611.4,44602.1,44608.4,0,100
2025-07-02 06:30:00,44603.4,44614.7,44597.4,44608.4,0,110
2025-07-02 06:15:00,44614.4,44616.4,44600.1,44604.4,0,121
2025-07-02 06:00:00,44599.1,44614.4,44594.4,44613.4,0,166
2025-07-02 05:45:00,44575.4,44597.1,44575.4,44595.1,0,163
2025-07-02 05:30:00,44564.4,44582.7,44560.4,44573.4,0,201
2025-07-02 05:15:00,44526.4,44564.4,44526.4,44563.4,0,183
2025-07-02 05:00:00,44528.4,44531.4,44515.1,44525.4,0,157
2025-07-02 04:45:00,44546.4,44546.4,44523.1,44529.4,0,157
2025-07-02 04:30:00,44550.4,44551.4,44540.4,44547.4,0,162
2025-07-02 04:15:00,44552.4,44561.4,44545.1,44551.4,0,161
2025-07-02 04:00:00,44563.4,44567.4,44548.4,44551.4,0,137
2025-07-02 03:45:00,44564.4,44567.4,44556.4,44564.4,0,129
2025-07-02 03:30:00,44568.4,44572.4,44564.4,44565.4,0,125
2025-07-02 03:15:00,44570.4,44579.4,44560.4,44567.4,0,191
2025-07-02 03:00:00,44560.4,44578.7,44559.4,44571.4,0,340
2025-07-02 02:45:00,44557.4,44563.4,44550.4,44559.4,0,155
2025-07-02 02:30:00,44553.4,44560.4,44551.4,44556.4,0,108
2025-07-02 02:15:00,44557.4,44559.4,44547.4,44554.4,0,109
2025-07-02 02:00:00,44569.4,44573.4,44554.4,44556.4,0,118
2025-07-02 01:45:00,44566.1,44570.4,44560.1,44570.4,0,108
2025-07-02 01:30:00,44537.4,44566.4,44536.4,44564.1,0,224
2025-07-02 01:15:00,44542.4,44553.7,44531.4,44536.4,0,152
2025-07-02 01:00:00,44550.9,44567.9,44534.4,44541.4,0,220
2025-07-01 23:45:00,44538.4,44560.9,44538.4,44555.9,0,263
2025-07-01 23:30:00,44558.4,44572.9,44531.4,44538.9,0,352
2025-07-01 23:15:00,44541.4,44557.4,44531.9,44557.4,0,302
2025-07-01 23:00:00,44546.9,44562.4,44530.4,44540.9,0,722
2025-07-01 22:45:00,44604.1,44642.1,44530.9,44544.9,0,1292
2025-07-01 22:30:00,44612.5,44617.5,44567.5,44603.1,0,1099
2025-07-01 22:15:00,44579.5,44622.5,44578.5,44613.5,0,948
2025-07-01 22:00:00,44602.5,44602.5,44528.5,44578.5,0,1505
2025-07-01 21:45:00,44596.1,44635.1,44593.5,44607.5,0,733
2025-07-01 21:30:00,44570.1,44599.1,44562.3,44597.1,0,791
2025-07-01 21:15:00,44580.5,44588.1,44539.5,44569.1,0,847
2025-07-01 21:00:00,44612.3,44617.3,44559.5,44579.5,0,909
2025-07-01 20:45:00,44599.5,44618.1,44575.5,44610.3,0,900
2025-07-01 20:30:00,44576.1,44603.1,44556.5,44598.5,0,944
2025-07-01 20:15:00,44524.5,44580.1,44510.5,44577.1,0,1080
2025-07-01 20:00:00,44474.1,44530.1,44451.5,44522.5,0,1121
2025-07-01 19:45:00,44529.1,44563.1,44470.5,44473.1,0,1265
2025-07-01 19:30:00,44587.1,44609.1,44515.5,44527.1,0,1118
2025-07-01 19:15:00,44634.1,44655.1,44569.5,44588.1,0,1238
2025-07-01 19:00:00,44563.5,44641.1,44560.5,44632.1,0,1187
2025-07-01 18:45:00,44515.5,44573.1,44510.5,44562.5,0,1209
2025-07-01 18:30:00,44566.5,44593.1,44506.5,44519.1,0,1412
2025-07-01 18:15:00,44431.1,44584.1,44417.5,44564.5,0,1400
2025-07-01 18:00:00,44393.5,44465.5,44388.5,44434.1,0,1476
2025-07-01 17:45:00,44375.5,44416.1,44353.5,44394.5,0,1346
2025-07-01 17:30:00,44355.1,44420.1,44347.5,44378.1,0,1417
2025-07-01 17:15:00,44291.1,44367.1,44285.5,44357.1,0,1407
2025-07-01 17:00:00,44197.5,44309.1,44194.5,44292.1,0,1402
2025-07-01 16:45:00,44183.9,44283.1,44182.5,44221.5,0,1365
2025-07-01 16:30:00,44065.5,44188.5,44043.2,44182.9,0,1641
2025-07-01 16:15:00,44095.0,44097.5,44048.2,44064.5,0,584
2025-07-01 16:00:00,44078.0,44099.9,44077.5,44094.0,0,425
2025-07-01 15:45:00,44072.9,44088.9,44068.0,44079.0,0,335
2025-07-01 15:30:00,44038.9,44092.4,44035.9,44073.9,0,623
2025-07-01 15:15:00,44068.6,44073.0,44020.1,44037.9,0,562
2025-07-01 15:00:00,44096.9,44103.4,44066.1,44071.1,0,484
2025-07-01 14:45:00,44091.1,44104.9,44080.1,44098.9,0,389
2025-07-01 14:30:00,44087.0,44097.5,44086.0,44092.1,0,243
2025-07-01 14:15:00,44086.9,44093.9,44075.0,44086.0,0,230
2025-07-01 14:00:00,44082.4,44094.9,44078.6,44085.4,0,346
2025-07-01 13:45:00,44074.9,44084.9,44062.6,44083.4,0,259
2025-07-01 13:30:00,44088.6,44092.9,44073.1,44074.4,0,223
2025-07-01 13:15:00,44105.5,44106.0,44087.6,44087.6,0,205
2025-07-01 13:00:00,44093.6,44106.4,44091.1,44104.5,0,282
2025-07-01 12:45:00,44072.5,44094.9,44053.6,44092.6,0,371
2025-07-01 12:30:00,44080.0,44087.9,44066.1,44074.0,0,266
2025-07-01 12:15:00,44076.5,44094.0,44075.0,44081.0,0,308
2025-07-01 12:00:00,44096.5,44102.9,44075.6,44077.0,0,302
2025-07-01 11:45:00,44084.9,44098.9,44080.0,44097.0,0,303
2025-07-01 11:30:00,44103.4,44114.4,44080.1,44083.9,0,421
2025-07-01 11:15:00,44089.9,44102.9,44086.0,44102.9,0,413
2025-07-01 11:00:00,44096.1,44103.9,44062.1,44087.9,0,596
2025-07-01 10:45:00,44076.0,44097.9,44060.9,44096.9,0,380
2025-07-01 10:30:00,44085.0,44101.9,44070.1,44075.0,0,422
2025-07-01 10:15:00,44088.1,44102.0,44078.1,44083.0,0,400
2025-07-01 10:00:00,44084.9,44135.9,44084.9,44087.1,0,572
2025-07-01 09:45:00,44077.0,44094.2,44061.0,44085.2,0,278
2025-07-01 09:30:00,44080.0,44089.0,44070.8,44076.0,0,225
2025-07-01 09:15:00,44086.2,44090.0,44077.0,44079.0,0,157
2025-07-01 09:00:00,44083.2,44091.2,44066.8,44084.8,0,312
2025-07-01 08:45:00,44075.0,44099.8,44070.2,44081.2,0,173
2025-07-01 08:30:00,44073.0,44081.2,44064.8,44076.0,0,170
2025-07-01 08:15:00,44067.0,44078.0,44065.0,44074.0,0,152
2025-07-01 08:00:00,44071.0,44078.0,44062.2,44066.0,0,191
2025-07-01 07:45:00,44075.4,44081.7,44068.4,44070.4,0,142
2025-07-01 07:30:00,44082.4,44087.4,44073.4,44074.4,0,109
2025-07-01 07:15:00,44092.4,44092.4,44077.1,44081.4,0,139
2025-07-01 07:00:00,44084.4,44100.4,44082.1,44091.4,0,123
2025-07-01 06:45:00,44096.4,44096.4,44081.4,44086.4,0,126
2025-07-01 06:30:00,44096.4,44098.4,44091.4,44097.4,0,121
2025-07-01 06:15:00,44094.4,44099.4,44089.4,44097.4,0,136
2025-07-01 06:00:00,44099.4,44109.4,44093.4,44095.4,0,174
2025-07-01 05:45:00,44125.4,44129.4,44096.4,44098.4,0,157
2025-07-01 05:30:00,44150.4,44150.4,44123.4,44126.4,0,136
2025-07-01 05:15:00,44157.4,44159.4,44148.4,44151.4,0,121
2025-07-01 05:00:00,44163.1,44164.4,44151.4,44158.4,0,151
2025-07-01 04:45:00,44151.4,44168.4,44151.4,44164.1,0,190
2025-07-01 04:30:00,44146.4,44160.4,44146.4,44152.4,0,162
2025-07-01 04:15:00,44164.4,44166.4,44141.4,44145.4,0,204
2025-07-01 04:00:00,44161.4,44168.7,44157.4,44163.4,0,180
2025-07-01 03:45:00,44162.1,44167.4,44149.4,44160.4,0,231
2025-07-01 03:30:00,44158.4,44163.4,44149.1,44161.1,0,212
2025-07-01 03:15:00,44159.4,44164.7,44147.4,44159.4,0,242
2025-07-01 03:00:00,44117.7,44161.4,44117.7,44157.4,0,375
2025-07-01 02:45:00,44105.4,44115.7,44100.4,44115.7,0,169
2025-07-01 02:30:00,44072.4,44108.7,44062.4,44104.4,0,201
2025-07-01 02:15:00,44074.4,44082.4,44070.4,44071.4,0,85
2025-07-01 02:00:00,44073.4,44086.4,44073.4,44075.4,0,114
2025-07-01 01:45:00,44085.4,44085.4,44065.4,44072.4,0,78
2025-07-01 01:30:00,44097.4,44101.4,44079.4,44084.4,0,99
2025-07-01 01:15:00,44095.4,44098.4,44082.4,44096.4,0,133
2025-07-01 01:00:00,44060.9,44096.4,44059.9,44096.4,0,194
2025-06-30 23:45:00,44090.9,44093.9,44070.4,44077.9,0,228
2025-06-30 23:30:00,44092.9,44099.9,44086.9,44089.9,0,205
2025-06-30 23:15:00,44082.9,44093.9,44071.4,44093.9,0,379
2025-06-30 23:00:00,44110.9,44128.9,44066.9,44081.4,0,850
2025-06-30 22:45:00,44081.1,44172.1,44076.1,44105.9,0,1486
2025-06-30 22:30:00,44083.1,44102.1,44047.1,44080.1,0,1059
2025-06-30 22:15:00,44042.1,44104.1,44024.5,44085.1,0,1014
2025-06-30 22:00:00,44039.5,44057.1,44029.5,44044.1,0,898
2025-06-30 21:45:00,43986.1,44042.1,43986.1,44038.5,0,957
2025-06-30 21:30:00,43986.1,43993.1,43950.5,43984.1,0,956
2025-06-30 21:15:00,43982.1,44008.1,43975.3,43987.1,0,742
2025-06-30 21:00:00,43974.1,44016.5,43961.1,43980.1,0,1029
2025-06-30 20:45:00,44004.1,44021.1,43918.5,43977.1,0,889
2025-06-30 20:30:00,44038.5,44039.5,44001.5,44003.1,0,764
2025-06-30 20:15:00,44033.5,44049.1,44007.5,44037.5,0,728
2025-06-30 20:00:00,44028.5,44048.1,44018.5,44034.5,0,699
2025-06-30 19:45:00,44050.1,44066.1,44022.5,44027.5,0,680
2025-06-30 19:30:00,44000.5,44060.1,43997.5,44051.1,0,748
2025-06-30 19:15:00,44033.5,44043.1,43988.5,44001.5,0,868
2025-06-30 19:00:00,44037.1,44056.1,44017.5,44032.5,0,761
2025-06-30 18:45:00,44092.5,44100.1,44033.1,44036.1,0,826
2025-06-30 18:30:00,44044.5,44095.1,44036.5,44091.5,0,941
2025-06-30 18:15:00,43980.1,44052.1,43966.5,44043.5,0,967
2025-06-30 18:00:00,43964.1,44011.1,43930.5,43982.1,0,1027
2025-06-30 17:45:00,43973.1,43983.1,43953.1,43965.1,0,934
2025-06-30 17:30:00,44020.5,44029.1,43947.5,43975.1,0,1105
2025-06-30 17:15:00,44005.5,44028.1,43962.5,44019.5,0,1203
2025-06-30 17:00:00,44045.1,44049.5,43984.5,44004.5,0,1320
2025-06-30 16:45:00,44044.5,44077.1,44029.5,44044.1,0,1353
2025-06-30 16:30:00,44093.1,44093.1,43995.5,44045.5,0,1738
2025-06-30 16:15:00,44083.6,44114.9,44076.1,44100.6,0,524
2025-06-30 16:00:00,44080.4,44101.9,44070.6,44085.9,0,392
2025-06-30 15:45:00,44076.5,44080.4,44048.6,44079.4,0,353
2025-06-30 15:30:00,44082.9,44093.4,44066.6,44075.5,0,330
2025-06-30 15:15:00,44101.5,44107.9,44071.1,44083.9,0,324
2025-06-30 15:00:00,44090.0,44114.4,44088.5,44102.0,0,299
2025-06-30 14:45:00,44098.6,44116.4,44089.0,44090.5,0,254
2025-06-30 14:30:00,44111.4,44112.9,44087.4,44098.1,0,276
2025-06-30 14:15:00,44094.0,44111.4,44092.5,44110.9,0,256
2025-06-30 14:00:00,44068.0,44096.4,44068.0,44093.5,0,312
2025-06-30 13:45:00,44068.0,44074.0,44064.5,44067.5,0,197
2025-06-30 13:30:00,44071.0,44071.0,44053.6,44067.0,0,173
2025-06-30 13:15:00,44069.5,44077.0,44065.6,44070.0,0,161
2025-06-30 13:00:00,44049.0,44069.5,44047.0,44069.0,0,247
2025-06-30 12:45:00,44073.1,44073.9,44036.9,44050.5,0,308
2025-06-30 12:30:00,44070.6,44085.0,44065.6,44072.6,0,263
2025-06-30 12:15:00,44075.5,44078.9,44050.6,44071.6,0,285
2025-06-30 12:00:00,44073.0,44081.0,44065.1,44076.5,0,219
2025-06-30 11:45:00,44087.5,44094.0,44071.5,44072.5,0,246
2025-06-30 11:30:00,44078.0,44098.9,44074.6,44087.0,0,258
2025-06-30 11:15:00,44075.0,44083.9,44069.6,44078.5,0,323
2025-06-30 11:00:00,44098.0,44114.1,44065.1,44074.0,0,553
2025-06-30 10:45:00,44105.1,44116.0,44087.5,44095.0,0,232
2025-06-30 10:30:00,44101.0,44107.0,44087.0,44107.0,0,307
2025-06-30 10:15:00,44096.0,44115.9,44085.6,44099.0,0,442
2025-06-30 10:00:00,44139.9,44140.9,44089.9,44097.0,0,491
2025-06-30 09:45:00,44125.8,44141.2,44117.0,44141.2,0,196
2025-06-30 09:30:00,44156.0,44159.0,44123.8,44124.8,0,257
2025-06-30 09:15:00,44155.0,44164.2,44148.0,44155.0,0,264
2025-06-30 09:00:00,44133.8,44156.8,44131.8,44154.0,0,294
2025-06-30 08:45:00,44126.8,44140.8,44126.8,44135.8,0,165
2025-06-30 08:30:00,44100.0,44128.2,44095.0,44125.8,0,182
2025-06-30 08:15:00,44107.0,44110.0,44097.0,44101.0,0,147
2025-06-30 08:00:00,44097.0,44108.0,44091.0,44108.0,0,148
2025-06-30 07:45:00,44105.4,44107.4,44092.4,44096.4,0,98
2025-06-30 07:30:00,44101.4,44110.4,44098.4,44106.4,0,95
2025-06-30 07:15:00,44106.4,44106.4,44099.4,44100.4,0,63
2025-06-30 07:00:00,44098.4,44110.4,44097.4,44105.4,0,121
2025-06-30 06:45:00,44108.4,44110.4,44098.4,44099.4,0,94
2025-06-30 06:30:00,44094.4,44107.4,44093.4,44107.4,0,132
2025-06-30 06:15:00,44093.4,44105.4,44088.4,44093.4,0,110
2025-06-30 06:00:00,44095.4,44103.4,44092.4,44094.4,0,124
2025-06-30 05:45:00,44111.4,44114.4,44092.4,44096.4,0,174
2025-06-30 05:30:00,44092.4,44111.7,44091.4,44110.4,0,173
2025-06-30 05:15:00,44107.1,44108.1,44093.4,44093.4,0,129
2025-06-30 05:00:00,44066.4,44111.7,44062.4,44106.1,0,219
2025-06-30 04:45:00,44071.4,44074.4,44054.4,44067.4,0,208
2025-06-30 04:30:00,44064.4,44082.4,44063.4,44072.4,0,236
2025-06-30 04:15:00,44060.4,44067.4,44054.4,44063.4,0,193
2025-06-30 04:00:00,44069.4,44072.4,44056.4,44059.4,0,182
2025-06-30 03:45:00,44068.4,44074.4,44065.4,44070.4,0,178
2025-06-30 03:30:00,44049.4,44074.4,44047.4,44069.4,0,173
2025-06-30 03:15:00,44050.4,44054.4,44036.4,44048.4,0,241
2025-06-30 03:00:00,44040.4,44053.1,44035.4,44048.4,0,393
2025-06-30 02:45:00,44062.5,44072.5,44039.5,44043.5,0,296
2025-06-30 02:30:00,44080.5,44085.5,44061.5,44061.5,0,229
2025-06-30 02:15:00,44082.5,44089.5,44072.5,44079.5,0,187
2025-06-30 02:00:00,44055.5,44090.5,44053.5,44083.5,0,249
2025-06-30 01:45:00,44060.5,44088.8,44048.5,44056.5,0,309
2025-06-30 01:30:00,44064.5,44075.5,44059.5,44062.5,0,182
2025-06-30 01:15:00,44016.5,44063.5,44011.8,44062.5,0,277
2025-06-30 01:00:00,43971.0,44019.2,43970.0,44017.5,0,347
2025-06-27 23:45:00,43945.0,43984.1,43932.1,43970.5,0,266
2025-06-27 23:30:00,43805.2,43973.6,43804.7,43945.5,0,606
2025-06-27 23:15:00,43820.0,43832.3,43804.3,43805.7,0,320
2025-06-27 23:00:00,43842.1,43842.6,43792.5,43821.0,0,882
2025-06-27 22:45:00,43733.1,43870.1,43729.3,43841.1,0,1456
2025-06-27 22:30:00,43676.5,43736.3,43676.5,43732.1,0,941
2025-06-27 22:15:00,43678.1,43693.1,43645.5,43673.5,0,1002
2025-06-27 22:00:00,43627.1,43679.1,43610.1,43675.5,0,1214
2025-06-27 21:45:00,43646.5,43684.1,43590.5,43626.1,0,1446
2025-06-27 21:30:00,43654.1,43689.5,43589.9,43645.5,0,1620
2025-06-27 21:15:00,43750.1,43753.1,43652.1,43655.1,0,1383
2025-06-27 21:00:00,43781.5,43809.1,43735.1,43752.1,0,1105
2025-06-27 20:45:00,43855.1,43855.1,43723.5,43779.5,0,1567
2025-06-27 20:30:00,43906.1,43914.1,43825.5,43857.1,0,876
2025-06-27 20:15:00,43930.1,43931.1,43891.5,43905.1,0,787
2025-06-27 20:00:00,43952.1,43952.1,43917.5,43929.1,0,733
2025-06-27 19:45:00,43971.8,43986.6,43933.5,43954.1,0,894
2025-06-27 19:30:00,43977.5,44005.8,43968.2,43970.8,0,770
2025-06-27 19:15:00,43957.1,43989.1,43941.5,43978.5,0,767
2025-06-27 19:00:00,43912.1,43955.1,43894.5,43952.5,0,773
2025-06-27 18:45:00,43891.5,43921.1,43878.5,43910.1,0,810
2025-06-27 18:30:00,43812.5,43902.1,43811.5,43890.5,0,1014
2025-06-27 18:15:00,43813.1,43827.1,43786.5,43811.5,0,880
2025-06-27 18:00:00,43778.1,43819.1,43763.5,43812.1,0,901
2025-06-27 17:45:00,43761.5,43810.1,43756.5,43776.1,0,1072
2025-06-27 17:30:00,43731.5,43775.1,43714.5,43759.5,0,1204
2025-06-27 17:15:00,43720.5,43742.1,43692.5,43730.5,0,1140
2025-06-27 17:00:00,43676.5,43762.1,43676.5,43722.5,0,1331
2025-06-27 16:45:00,43640.1,43702.1,43621.5,43668.5,0,1212
2025-06-27 16:30:00,43554.2,43650.1,43541.2,43638.1,0,1667
2025-06-27 16:15:00,43554.0,43582.4,43545.7,43550.2,0,521
2025-06-27 16:00:00,43564.2,43574.9,43546.7,43553.0,0,470
2025-06-27 15:45:00,43571.1,43587.9,43562.7,43565.2,0,420
2025-06-27 15:30:00,43592.2,43593.0,43552.0,43570.6,0,686
2025-06-27 15:15:00,43572.1,43597.5,43567.7,43589.2,0,372
2025-06-27 15:00:00,43591.6,43608.9,43570.6,43571.6,0,412
2025-06-27 14:45:00,43585.0,43593.9,43575.6,43591.1,0,228
2025-06-27 14:30:00,43566.1,43598.9,43565.0,43585.9,0,336
2025-06-27 14:15:00,43556.6,43577.4,43548.0,43567.6,0,258
2025-06-27 14:00:00,43551.1,43568.9,43550.1,43556.1,0,339
2025-06-27 13:45:00,43542.1,43553.0,43537.6,43549.6,0,156
2025-06-27 13:30:00,43540.1,43548.5,43538.1,43541.6,0,251
2025-06-27 13:15:00,43536.1,43550.6,43532.1,43539.1,0,232
2025-06-27 13:00:00,43543.0,43548.1,43525.2,43535.1,0,243
2025-06-27 12:45:00,43541.1,43545.1,43527.2,43542.0,0,208
2025-06-27 12:30:00,43543.7,43550.5,43532.6,43542.1,0,218
2025-06-27 12:15:00,43534.0,43546.1,43533.0,43543.2,0,163
2025-06-27 12:00:00,43554.2,43557.1,43530.7,43532.2,0,269
2025-06-27 11:45:00,43543.1,43559.0,43537.1,43552.7,0,222
2025-06-27 11:30:00,43537.7,43555.5,43533.7,43542.1,0,263
2025-06-27 11:15:00,43565.5,43567.2,43538.2,43538.2,0,298
2025-06-27 11:00:00,43575.0,43575.0,43547.2,43566.0,0,473
2025-06-27 10:45:00,43572.0,43588.1,43571.0,43573.1,0,261
2025-06-27 10:30:00,43583.4,43584.0,43557.2,43573.0,0,386
2025-06-27 10:15:00,43570.0,43589.9,43560.1,43582.9,0,450
2025-06-27 10:00:00,43580.9,43586.9,43560.1,43569.0,0,393
2025-06-27 09:45:00,43603.9,43603.9,43565.9,43580.2,0,307
2025-06-27 09:30:00,43556.2,43603.2,43554.2,43602.9,0,338
2025-06-27 09:15:00,43546.1,43559.2,43543.1,43553.2,0,186
2025-06-27 09:00:00,43522.1,43550.2,43519.1,43544.1,0,245
2025-06-27 08:45:00,43524.1,43533.1,43524.1,43526.1,0,131
2025-06-27 08:30:00,43509.1,43526.1,43507.1,43525.1,0,136
2025-06-27 08:15:00,43513.9,43514.1,43500.1,43508.1,0,126
2025-06-27 08:00:00,43497.1,43516.1,43496.1,43514.9,0,92
2025-06-27 07:45:00,43510.5,43511.5,43496.2,43496.5,0,53
2025-06-27 07:30:00,43507.5,43514.5,43505.5,43509.5,0,54
2025-06-27 07:15:00,43509.5,43514.5,43503.5,43506.5,0,89
2025-06-27 07:00:00,43514.5,43517.2,43502.5,43508.5,0,91
2025-06-27 06:45:00,43524.5,43524.5,43509.5,43509.5,0,93
2025-06-27 06:30:00,43520.2,43526.5,43515.5,43523.5,0,102
2025-06-27 06:15:00,43516.5,43523.5,43515.5,43521.2,0,93
2025-06-27 06:00:00,43517.5,43527.5,43514.5,43515.5,0,133
2025-06-27 05:45:00,43508.5,43519.5,43505.5,43518.5,0,75
2025-06-27 05:30:00,43507.5,43514.5,43499.2,43507.5,0,98
2025-06-27 05:15:00,43504.5,43510.5,43500.5,43508.5,0,136
2025-06-27 05:00:00,43493.5,43503.5,43487.5,43503.5,0,136
2025-06-27 04:45:00,43479.5,43505.5,43478.2,43492.5,0,144
2025-06-27 04:30:00,43481.5,43481.5,43467.5,43478.5,0,180
2025-06-27 04:15:00,43475.5,43483.2,43473.5,43482.5,0,151
2025-06-27 04:00:00,43476.8,43489.5,43473.5,43476.5,0,176
2025-06-27 03:45:00,43491.5,43501.5,43476.5,43478.8,0,205
2025-06-27 03:30:00,43501.5,43504.5,43485.5,43492.5,0,180
2025-06-27 03:15:00,43477.5,43506.5,43477.5,43502.5,0,328
2025-06-27 03:00:00,43482.5,43498.5,43474.5,43476.5,0,350
2025-06-27 02:45:00,43489.8,43493.8,43475.5,43483.5,0,198
2025-06-27 02:30:00,43492.5,43494.5,43482.5,43490.8,0,147
2025-06-27 02:15:00,43490.5,43497.5,43485.5,43493.5,0,152
2025-06-27 02:00:00,43506.5,43511.5,43491.5,43491.5,0,196
2025-06-27 01:45:00,43507.5,43517.5,43504.5,43505.5,0,95
2025-06-27 01:30:00,43521.8,43523.5,43506.5,43506.5,0,142
2025-06-27 01:15:00,43489.2,43535.2,43487.2,43517.8,0,361
2025-06-27 01:00:00,43470.0,43507.8,43459.0,43490.5,0,402
2025-06-26 23:45:00,43431.5,43445.0,43428.5,43436.0,0,207
2025-06-26 23:30:00,43428.0,43439.0,43418.5,43432.0,0,205
2025-06-26 23:15:00,43413.5,43433.0,43409.5,43429.0,0,344
2025-06-26 23:00:00,43440.5,43443.0,43403.0,43413.0,0,669
2025-06-26 22:45:00,43390.6,43470.0,43383.2,43442.0,0,1175
2025-06-26 22:30:00,43398.4,43409.4,43385.2,43389.6,0,720
2025-06-26 22:15:00,43395.4,43417.4,43380.6,43399.4,0,660
2025-06-26 22:00:00,43400.6,43416.2,43392.4,43394.4,0,622
2025-06-26 21:45:00,43398.2,43410.2,43363.6,43399.6,0,615
2025-06-26 21:30:00,43410.2,43424.2,43386.6,43397.2,0,461
2025-06-26 21:15:00,43404.2,43439.2,43400.6,43409.2,0,560
2025-06-26 21:00:00,43372.6,43423.2,43365.6,43405.2,0,726
2025-06-26 20:45:00,43418.6,43419.6,43368.6,43373.6,0,594
2025-06-26 20:30:00,43366.6,43421.2,43366.6,43417.6,0,688
2025-06-26 20:15:00,43371.6,43379.2,43339.6,43363.6,0,697
2025-06-26 20:00:00,43363.4,43379.6,43354.4,43370.6,0,600
2025-06-26 19:45:00,43372.2,43380.2,43352.6,43364.4,0,601
2025-06-26 19:30:00,43352.6,43388.2,43351.6,43371.2,0,662
2025-06-26 19:15:00,43341.2,43381.2,43336.6,43354.6,0,730
2025-06-26 19:00:00,43291.6,43355.2,43288.6,43342.2,0,787
2025-06-26 18:45:00,43288.6,43315.2,43270.6,43293.6,0,766
2025-06-26 18:30:00,43287.6,43321.2,43275.6,43289.6,0,940
2025-06-26 18:15:00,43312.6,43328.2,43290.6,43291.6,0,950
2025-06-26 18:00:00,43304.6,43345.2,43294.6,43310.6,0,927
2025-06-26 17:45:00,43271.2,43310.2,43264.6,43303.6,0,961
2025-06-26 17:30:00,43229.5,43316.2,43229.5,43270.2,0,1168
2025-06-26 17:15:00,43179.6,43242.6,43167.6,43230.5,0,1064
2025-06-26 17:00:00,43178.6,43215.2,43148.2,43178.6,0,1202
2025-06-26 16:45:00,43261.6,43266.6,43167.6,43175.6,0,1297
2025-06-26 16:30:00,43131.0,43274.2,43124.0,43259.6,0,1668
2025-06-26 16:15:00,43121.1,43139.2,43110.2,43123.0,0,479
2025-06-26 16:00:00,43134.0,43135.0,43103.7,43122.1,0,510
2025-06-26 15:45:00,43124.0,43138.0,43116.2,43135.0,0,483
2025-06-26 15:30:00,43118.3,43125.0,43068.2,43125.0,0,717
2025-06-26 15:15:00,43114.2,43122.0,43103.1,43112.3,0,351
2025-06-26 15:00:00,43129.2,43131.0,43111.2,43112.2,0,348
2025-06-26 14:45:00,43116.1,43133.5,43112.6,43128.2,0,266
2025-06-26 14:30:00,43135.5,43137.1,43116.6,43116.6,0,255
2025-06-26 14:15:00,43147.1,43152.5,43123.1,43136.5,0,336
2025-06-26 14:00:00,43114.6,43156.5,43114.1,43148.1,0,353
2025-06-26 13:45:00,43130.7,43138.1,43112.6,43114.1,0,276
2025-06-26 13:30:00,43138.6,43147.2,43128.7,43129.7,0,227
2025-06-26 13:15:00,43121.1,43146.0,43118.1,43138.1,0,282
2025-06-26 13:00:00,43100.6,43122.0,43092.1,43120.1,0,293
2025-06-26 12:45:00,43099.5,43110.1,43098.6,43102.1,0,229
2025-06-26 12:30:00,43113.1,43115.0,43095.1,43097.5,0,364
2025-06-26 12:15:00,43109.6,43122.5,43107.6,43112.6,0,296
2025-06-26 12:00:00,43117.2,43120.1,43105.6,43110.1,0,233
2025-06-26 11:45:00,43130.1,43135.6,43116.2,43116.7,0,245
2025-06-26 11:30:00,43125.2,43141.2,43119.2,43132.1,0,345
2025-06-26 11:15:00,43104.1,43142.0,43102.1,43124.2,0,371
2025-06-26 11:00:00,43092.1,43122.5,43090.6,43105.1,0,482
2025-06-26 10:45:00,43099.2,43108.1,43090.1,43091.1,0,222
2025-06-26 10:30:00,43106.1,43117.0,43088.1,43098.2,0,327
2025-06-26 10:15:00,43113.1,43136.5,43101.1,43103.6,0,362
2025-06-26 10:00:00,43095.2,43119.5,43095.2,43112.1,0,390
2025-06-26 09:45:00,43086.1,43110.9,43085.1,43096.9,0,260
2025-06-26 09:30:00,43081.1,43088.1,43074.1,43087.1,0,205
2025-06-26 09:15:00,43073.1,43086.3,43070.1,43082.1,0,182
2025-06-26 09:00:00,43073.1,43089.1,43071.3,43074.1,0,265
2025-06-26 08:45:00,43066.1,43077.1,43064.9,43075.1,0,127
2025-06-26 08:30:00,43065.3,43075.3,43060.9,43065.1,0,143
2025-06-26 08:15:00,43058.1,43066.1,43058.1,43064.3,0,87
2025-06-26 08:00:00,43064.1,43065.1,43052.9,43059.1,0,122
2025-06-26 07:45:00,43060.5,43065.2,43050.5,43063.5,0,89
2025-06-26 07:30:00,43051.5,43064.5,43051.2,43062.5,0,74
2025-06-26 07:15:00,43056.5,43056.5,43042.5,43050.5,0,93
2025-06-26 07:00:00,43057.5,43063.5,43049.5,43057.5,0,99
2025-06-26 06:45:00,43059.5,43059.5,43050.5,43056.5,0,108
2025-06-26 06:30:00,43058.5,43073.5,43058.5,43060.5,0,115
2025-06-26 06:15:00,43052.5,43063.2,43047.5,43059.5,0,132
2025-06-26 06:00:00,43039.5,43055.5,43039.5,43051.5,0,132
2025-06-26 05:45:00,43029.5,43045.5,43027.5,43038.5,0,97
2025-06-26 05:30:00,43039.5,43042.5,43026.5,43030.5,0,106
2025-06-26 05:15:00,43045.5,43045.5,43031.5,43036.5,0,99
2025-06-26 05:00:00,43016.5,43046.5,43016.5,43044.5,0,122
2025-06-26 04:45:00,43007.5,43020.5,43003.5,43015.5,0,104
2025-06-26 04:30:00,43014.5,43014.5,43003.5,43006.5,0,125
2025-06-26 04:15:00,43021.5,43026.5,43010.5,43015.5,0,137
2025-06-26 04:00:00,43030.5,43033.5,43017.5,43022.5,0,167
2025-06-26 03:45:00,43036.5,43045.5,43028.5,43031.5,0,106
2025-06-26 03:30:00,43036.5,43040.8,43025.5,43037.5,0,162
2025-06-26 03:15:00,43031.5,43037.5,43021.5,43035.5,0,182
2025-06-26 03:00:00,43027.5,43035.5,43016.2,43030.5,0,309
2025-06-26 02:45:00,43009.5,43033.5,43007.5,43028.5,0,195
2025-06-26 02:30:00,43000.5,43023.5,42988.5,43010.5,0,185
2025-06-26 02:15:00,43022.5,43024.5,42992.5,43002.5,0,234
2025-06-26 02:00:00,43022.5,43030.5,42994.5,43023.5,0,311
2025-06-26 01:45:00,43013.5,43022.5,43008.5,43021.5,0,94
2025-06-26 01:30:00,43012.5,43027.8,43010.5,43012.5,0,111
2025-06-26 01:15:00,43032.5,43032.5,43007.5,43011.5,0,165
2025-06-26 01:00:00,43002.0,43040.5,43002.0,43033.5,0,157
2025-06-25 23:45:00,42989.0,43007.0,42986.0,43003.5,0,210
2025-06-25 23:30:00,42992.5,42997.0,42988.0,42989.5,0,180
2025-06-25 23:15:00,42991.5,42999.0,42984.5,42992.0,0,213
2025-06-25 23:00:00,43020.5,43025.0,42967.5,42992.0,0,660
2025-06-25 22:45:00,42997.4,43034.0,42975.6,43018.0,0,1116
2025-06-25 22:30:00,43000.4,43007.4,42966.4,42998.4,0,885
2025-06-25 22:15:00,42997.6,43022.2,42988.6,43003.4,0,716
2025-06-25 22:00:00,42953.2,43006.6,42945.6,42996.6,0,789
2025-06-25 21:45:00,42938.6,42960.2,42933.6,42954.2,0,682
2025-06-25 21:30:00,42926.2,42945.2,42904.6,42937.6,0,721
2025-06-25 21:15:00,42924.2,42948.2,42917.6,42924.2,0,756
2025-06-25 21:00:00,42943.2,42951.2,42915.6,42923.2,0,847
2025-06-25 20:45:00,42927.2,42984.2,42921.6,42941.2,0,914
2025-06-25 20:30:00,42986.2,42992.2,42886.6,42928.2,0,1053
2025-06-25 20:15:00,42962.2,42995.2,42949.2,42987.2,0,752
2025-06-25 20:00:00,42977.2,42984.2,42930.6,42957.6,0,782
2025-06-25 19:45:00,43009.2,43017.2,42970.6,42976.2,0,883
2025-06-25 19:30:00,43037.6,43047.2,43009.2,43010.2,0,705
2025-06-25 19:15:00,43060.2,43072.2,43014.6,43036.6,0,740
2025-06-25 19:00:00,43020.4,43063.2,43014.4,43058.2,0,762
2025-06-25 18:45:00,43013.6,43031.2,42993.6,43019.4,0,871
2025-06-25 18:30:00,43027.6,43033.2,42987.6,43014.6,0,990
2025-06-25 18:15:00,43043.2,43044.2,43010.6,43026.6,0,918
2025-06-25 18:00:00,43061.2,43062.6,43021.6,43044.2,0,1055
2025-06-25 17:45:00,43060.6,43095.2,43053.6,43063.2,0,1041
2025-06-25 17:30:00,43049.2,43069.2,43021.6,43061.6,0,1071
2025-06-25 17:15:00,43075.2,43080.2,43027.6,43048.2,0,1185
2025-06-25 17:00:00,43088.0,43112.2,43046.6,43074.2,0,1279
2025-06-25 16:45:00,43078.2,43101.2,43032.6,43089.0,0,1318
2025-06-25 16:30:00,43116.5,43132.2,43053.6,43077.2,0,1669
2025-06-25 16:15:00,43120.2,43136.0,43107.7,43117.0,0,483
2025-06-25 16:00:00,43137.1,43138.1,43112.2,43121.2,0,415
2025-06-25 15:45:00,43132.7,43144.5,43122.1,43135.6,0,361
2025-06-25 15:30:00,43141.1,43146.0,43116.1,43134.5,0,387
2025-06-25 15:15:00,43142.6,43147.1,43126.7,43140.6,0,348
2025-06-25 15:00:00,43139.2,43149.6,43130.2,43143.6,0,330
2025-06-25 14:45:00,43113.6,43149.1,43111.7,43136.7,0,390
2025-06-25 14:30:00,43092.6,43118.5,43091.6,43114.6,0,283
2025-06-25 14:15:00,43088.5,43097.6,43082.7,43091.6,0,205
2025-06-25 14:00:00,43103.6,43110.6,43084.7,43089.5,0,285
2025-06-25 13:45:00,43110.7,43116.5,43099.5,43102.6,0,200
2025-06-25 13:30:00,43103.6,43114.7,43096.7,43109.7,0,250
2025-06-25 13:15:00,43089.6,43111.6,43088.6,43104.6,0,246
2025-06-25 13:00:00,43111.6,43111.6,43084.7,43087.6,0,193
2025-06-25 12:45:00,43107.5,43119.6,43099.7,43110.6,0,194
2025-06-25 12:30:00,43125.6,43130.5,43105.7,43108.5,0,135
2025-06-25 12:15:00,43145.6,43154.5,43121.6,43126.6,0,208
2025-06-25 12:00:00,43145.6,43162.5,43136.6,43144.6,0,242
2025-06-25 11:45:00,43140.7,43146.6,43134.7,43146.6,0,165
2025-06-25 11:30:00,43120.6,43142.7,43083.7,43139.7,0,444
2025-06-25 11:15:00,43134.7,43147.7,43105.6,43122.6,0,327
2025-06-25 11:00:00,43144.6,43153.5,43104.2,43139.7,0,554
2025-06-25 10:45:00,43135.2,43154.6,43130.2,43143.6,0,318
2025-06-25 10:30:00,43165.0,43168.1,43135.1,43136.2,0,364
2025-06-25 10:15:00,43155.1,43167.0,43139.1,43164.0,0,293
2025-06-25 10:00:00,43132.2,43159.5,43132.2,43154.1,0,491
2025-06-25 09:45:00,43155.1,43156.1,43130.9,43132.9,0,161
2025-06-25 09:30:00,43161.1,43163.1,43151.1,43157.1,0,125
2025-06-25 09:15:00,43172.1,43172.1,43149.1,43162.1,0,194
2025-06-25 09:00:00,43165.1,43177.9,43162.1,43173.1,0,204
2025-06-25 08:45:00,43165.1,43168.1,43157.1,43166.1,0,99
2025-06-25 08:30:00,43161.1,43167.1,43157.1,43164.1,0,87
2025-06-25 08:15:00,43166.1,43168.1,43159.1,43162.1,0,127
2025-06-25 08:00:00,43159.1,43167.3,43151.9,43167.1,0,103
2025-06-25 07:45:00,43149.5,43159.8,43148.5,43158.5,0,56
2025-06-25 07:30:00,43151.5,43153.5,43147.5,43150.5,0,49
2025-06-25 07:15:00,43146.5,43152.5,43143.5,43152.5,0,45
2025-06-25 07:00:00,43130.5,43146.5,43130.5,43145.5,0,46
2025-06-25 06:45:00,43134.5,43134.5,43126.5,43131.5,0,85
2025-06-25 06:30:00,43140.5,43147.5,43132.5,43135.5,0,102
2025-06-25 06:15:00,43135.5,43140.5,43130.5,43139.5,0,73
2025-06-25 06:00:00,43120.5,43142.5,43120.5,43136.5,0,86
2025-06-25 05:45:00,43127.5,43128.5,43116.5,43119.5,0,84
2025-06-25 05:30:00,43118.5,43130.5,43118.5,43128.5,0,92
2025-06-25 05:15:00,43119.5,43122.5,43110.5,43119.5,0,123
2025-06-25 05:00:00,43121.5,43123.5,43113.5,43120.5,0,120
2025-06-25 04:45:00,43131.5,43133.5,43115.5,43120.5,0,191
2025-06-25 04:30:00,43119.5,43136.5,43114.5,43130.5,0,199
2025-06-25 04:15:00,43142.5,43143.5,43120.5,43120.5,0,148
2025-06-25 04:00:00,43148.5,43148.5,43129.5,43143.5,0,201
2025-06-25 03:45:00,43146.5,43151.5,43135.5,43150.5,0,159
2025-06-25 03:30:00,43154.5,43157.5,43125.5,43145.5,0,194
2025-06-25 03:15:00,43140.5,43155.5,43138.5,43153.5,0,229
2025-06-25 03:00:00,43131.8,43146.5,43120.5,43139.5,0,371
2025-06-25 02:45:00,43105.5,43134.8,43098.5,43126.8,0,211
2025-06-25 02:30:00,43098.5,43107.5,43090.5,43104.5,0,121
2025-06-25 02:15:00,43099.5,43102.5,43084.5,43097.5,0,130
2025-06-25 02:00:00,43104.5,43124.5,43099.5,43100.5,0,144
2025-06-25 01:45:00,43107.5,43112.5,43099.5,43105.5,0,80
2025-06-25 01:30:00,43107.5,43110.5,43092.5,43106.5,0,166
2025-06-25 01:15:00,43099.5,43111.5,43085.5,43106.5,0,262
2025-06-25 01:00:00,43103.0,43106.0,43080.0,43100.5,0,284
2025-06-24 23:45:00,43112.5,43130.0,43111.0,43113.0,0,247
2025-06-24 23:30:00,43117.0,43120.5,43109.0,43112.0,0,145
2025-06-24 23:15:00,43118.0,43122.5,43105.0,43118.0,0,283
2025-06-24 23:00:00,43117.0,43135.0,43115.0,43118.5,0,631
2025-06-24 22:45:00,43213.6,43220.2,43116.0,43116.0,0,1053
2025-06-24 22:30:00,43169.4,43225.2,43158.6,43212.6,0,772
2025-06-24 22:15:00,43153.4,43173.2,43145.6,43170.4,0,612
2025-06-24 22:00:00,43152.2,43168.2,43137.6,43154.4,0,703
2025-06-24 21:45:00,43127.4,43153.2,43120.6,43151.2,0,582
2025-06-24 21:30:00,43123.4,43148.2,43112.4,43126.4,0,610
2025-06-24 21:15:00,43113.4,43134.4,43112.4,43122.4,0,563
2025-06-24 21:00:00,43130.4,43147.4,43109.6,43112.4,0,651
2025-06-24 20:45:00,43095.2,43149.2,43085.4,43129.4,0,670
2025-06-24 20:30:00,43075.6,43102.2,43065.6,43096.2,0,656
2025-06-24 20:15:00,43117.6,43125.4,43073.6,43074.6,0,797
2025-06-24 20:00:00,43101.6,43128.2,43087.6,43116.6,0,694
2025-06-24 19:45:00,43148.2,43150.2,43087.2,43100.6,0,811
2025-06-24 19:30:00,43099.2,43150.2,43085.6,43146.2,0,834
2025-06-24 19:15:00,43052.4,43119.2,43048.4,43100.2,0,723
2025-06-24 19:00:00,43054.6,43070.4,43028.6,43051.4,0,751
2025-06-24 18:45:00,43044.2,43075.2,43025.6,43053.6,0,771
2025-06-24 18:30:00,43016.6,43052.6,43006.6,43039.6,0,778
2025-06-24 18:15:00,42998.4,43032.2,42985.6,43014.6,0,812
2025-06-24 18:00:00,42977.2,43013.2,42961.6,42999.4,0,964
2025-06-24 17:45:00,42967.6,42996.2,42946.6,42975.2,0,989
2025-06-24 17:30:00,42923.2,42980.2,42913.2,42966.6,0,1050
2025-06-24 17:15:00,42869.6,42941.2,42856.6,42920.6,0,1277
2025-06-24 17:00:00,42869.6,42906.2,42814.2,42868.6,0,1420
2025-06-24 16:45:00,42968.6,42993.2,42851.6,42878.6,0,1402
2025-06-24 16:30:00,42901.0,43016.2,42878.7,42969.6,0,1781
2025-06-24 16:15:00,42903.6,42950.7,42893.0,42893.2,0,740
2025-06-24 16:00:00,42884.0,42904.6,42876.1,42903.1,0,449
2025-06-24 15:45:00,42896.1,42908.0,42871.2,42885.0,0,491
2025-06-24 15:30:00,42877.1,42902.7,42833.2,42894.1,0,652
2025-06-24 15:15:00,42876.1,42882.1,42856.0,42878.1,0,533
2025-06-24 15:00:00,42887.2,42903.1,42872.6,42875.1,0,492
2025-06-24 14:45:00,42874.1,42898.1,42874.1,42888.2,0,427
2025-06-24 14:30:00,42900.1,42913.0,42864.1,42875.1,0,545
2025-06-24 14:15:00,42872.1,42907.1,42843.2,42902.1,0,548
2025-06-24 14:00:00,42905.1,42920.1,42862.2,42870.1,0,532
2025-06-24 13:45:00,42907.1,42924.1,42896.2,42906.1,0,342
2025-06-24 13:30:00,42895.1,42922.0,42877.7,42904.1,0,496
2025-06-24 13:15:00,42897.1,42913.2,42891.1,42893.1,0,372
2025-06-24 13:00:00,42921.0,42940.6,42889.1,42895.2,0,465
2025-06-24 12:45:00,42956.2,42958.2,42913.1,42923.0,0,288
2025-06-24 12:30:00,42948.2,42967.1,42941.2,42955.2,0,336
2025-06-24 12:15:00,42916.1,42952.0,42903.1,42947.2,0,358
2025-06-24 12:00:00,42915.1,42928.1,42902.1,42915.1,0,409
2025-06-24 11:45:00,42909.1,42924.2,42902.1,42916.1,0,379
2025-06-24 11:30:00,42930.1,42930.1,42887.2,42910.1,0,523
2025-06-24 11:15:00,42892.5,42936.0,42846.5,42933.1,0,880
2025-06-24 11:00:00,42936.0,42943.6,42851.5,42891.5,0,898
2025-06-24 10:45:00,42935.7,42955.5,42845.9,42937.6,0,809
2025-06-24 10:30:00,42943.7,42943.7,42867.7,42933.7,0,920
2025-06-24 10:15:00,42985.7,43008.7,42936.7,42936.7,0,594
2025-06-24 10:00:00,43003.1,43042.5,42968.7,42984.7,0,905
2025-06-24 09:45:00,42986.1,43015.1,42981.1,43001.1,0,369
2025-06-24 09:30:00,43008.3,43009.3,42972.1,42985.1,0,483
2025-06-24 09:15:00,42947.3,43010.3,42918.9,43007.3,0,616
2025-06-24 09:00:00,42911.1,42955.9,42910.1,42946.3,0,530
2025-06-24 08:45:00,42918.1,42923.9,42901.3,42908.1,0,323
2025-06-24 08:30:00,42839.1,42919.1,42837.1,42919.1,0,423
2025-06-24 08:15:00,42833.1,42841.1,42827.1,42840.1,0,145
2025-06-24 08:00:00,42829.1,42835.1,42826.1,42832.1,0,156
2025-06-24 07:45:00,42828.5,42833.5,42822.5,42828.5,0,99
2025-06-24 07:30:00,42821.5,42834.5,42820.5,42829.5,0,104
2025-06-24 07:15:00,42805.5,42827.5,42795.5,42822.5,0,233
2025-06-24 07:00:00,42831.5,42837.5,42809.5,42810.5,0,190
2025-06-24 06:45:00,42828.5,42839.5,42821.5,42833.5,0,152
2025-06-24 06:30:00,42818.5,42832.5,42815.5,42827.5,0,153
2025-06-24 06:15:00,42810.5,42819.5,42801.5,42816.5,0,131
2025-06-24 06:00:00,42800.5,42810.5,42797.5,42809.5,0,189
2025-06-24 05:45:00,42797.8,42809.5,42790.5,42802.5,0,187
2025-06-24 05:30:00,42812.5,42815.5,42784.5,42798.8,0,231
2025-06-24 05:15:00,42813.5,42816.5,42792.5,42813.5,0,271
2025-06-24 05:00:00,42850.5,42850.5,42785.5,42815.5,0,444
2025-06-24 04:45:00,42828.5,42855.5,42825.5,42851.5,0,274
2025-06-24 04:30:00,42824.5,42831.5,42814.5,42827.5,0,256
2025-06-24 04:15:00,42827.5,42836.5,42819.5,42825.5,0,331
2025-06-24 04:00:00,42809.5,42842.8,42782.5,42826.5,0,474
2025-06-24 03:45:00,42796.5,42826.8,42760.5,42808.5,0,650
2025-06-24 03:30:00,42801.5,42808.5,42783.5,42795.5,0,318
2025-06-24 03:15:00,42784.5,42806.5,42767.5,42802.5,0,426
2025-06-24 03:00:00,42794.5,42811.5,42775.5,42785.5,0,438
2025-06-24 02:45:00,42817.5,42821.8,42791.5,42796.5,0,333
2025-06-24 02:30:00,42800.5,42817.5,42776.5,42816.5,0,367
2025-06-24 02:15:00,42783.5,42818.5,42778.2,42801.5,0,512
2025-06-24 02:00:00,42757.5,42793.8,42751.5,42782.5,0,449
2025-06-24 01:45:00,42733.8,42758.5,42714.2,42758.5,0,378
2025-06-24 01:30:00,42754.8,42772.5,42729.2,42734.8,0,528
2025-06-24 01:15:00,42741.8,42791.8,42728.5,42753.8,0,676
2025-06-24 01:00:00,42614.0,42739.8,42609.0,42739.8,0,763
2025-06-23 23:45:00,42624.5,42632.5,42613.0,42631.0,0,233
2025-06-23 23:30:00,42608.5,42631.0,42605.5,42625.0,0,217
2025-06-23 23:15:00,42618.0,42618.0,42601.5,42609.0,0,251
2025-06-23 23:00:00,42615.5,42625.0,42593.0,42617.0,0,749
2025-06-23 22:45:00,42543.4,42645.0,42529.6,42617.0,0,1285
2025-06-23 22:30:00,42555.4,42563.4,42530.6,42544.4,0,830
2025-06-23 22:15:00,42529.4,42560.4,42518.4,42557.4,0,911
2025-06-23 22:00:00,42510.2,42572.2,42505.2,42532.4,0,1090
2025-06-23 21:45:00,42491.4,42511.2,42432.6,42511.2,0,971
2025-06-23 21:30:00,42522.2,42551.6,42466.4,42494.4,0,1225
2025-06-23 21:15:00,42537.4,42555.6,42517.6,42521.2,0,1063
2025-06-23 21:00:00,42511.4,42559.2,42497.6,42535.4,0,1166
2025-06-23 20:45:00,42517.6,42540.6,42484.6,42510.4,0,1267
2025-06-23 20:30:00,42427.6,42549.2,42427.6,42516.6,0,1611
2025-06-23 20:15:00,42265.6,42444.6,42265.6,42426.6,0,1614
2025-06-23 20:00:00,42098.5,42286.2,42073.7,42263.6,0,1974
2025-06-23 19:45:00,42162.6,42235.6,42092.7,42099.5,0,2022
2025-06-23 19:30:00,42158.6,42175.6,41999.3,42165.6,0,2143
2025-06-23 19:15:00,42245.4,42267.6,42151.2,42161.6,0,1304
2025-06-23 19:00:00,42249.2,42262.2,42213.2,42243.4,0,1148
2025-06-23 18:45:00,42278.2,42282.2,42216.2,42250.2,0,1167
2025-06-23 18:30:00,42293.2,42317.2,42261.6,42279.2,0,1208
2025-06-23 18:15:00,42344.6,42363.6,42294.2,42295.2,0,1072
2025-06-23 18:00:00,42273.2,42357.2,42271.2,42343.6,0,1065
2025-06-23 17:45:00,42322.2,42346.2,42270.2,42272.2,0,1173
2025-06-23 17:30:00,42389.4,42405.6,42304.2,42316.2,0,1291
2025-06-23 17:15:00,42423.6,42455.2,42381.2,42388.4,0,1306
2025-06-23 17:00:00,42367.6,42433.6,42364.6,42422.6,0,1471
2025-06-23 16:45:00,42293.6,42368.2,42264.2,42363.6,0,1364
2025-06-23 16:30:00,42238.0,42299.6,42145.0,42261.6,0,1819
2025-06-23 16:15:00,42222.1,42265.0,42213.1,42237.0,0,649
2025-06-23 16:00:00,42255.1,42256.2,42199.2,42221.1,0,654
2025-06-23 15:45:00,42224.0,42258.1,42217.0,42253.1,0,430
2025-06-23 15:30:00,42172.1,42230.0,42168.1,42225.0,0,542
2025-06-23 15:15:00,42180.7,42188.1,42160.1,42172.6,0,567
2025-06-23 15:00:00,42152.6,42181.2,42139.3,42178.2,0,615
2025-06-23 14:45:00,42124.7,42154.5,42089.6,42151.6,0,731
2025-06-23 14:30:00,42143.0,42157.0,42120.1,42125.2,0,590
2025-06-23 14:15:00,42178.1,42178.1,42129.6,42142.5,0,590
2025-06-23 14:00:00,42214.6,42223.1,42171.0,42179.1,0,587
2025-06-23 13:45:00,42214.6,42227.1,42210.1,42214.1,0,423
2025-06-23 13:30:00,42226.1,42240.5,42211.2,42215.1,0,446
2025-06-23 13:15:00,42257.1,42261.1,42223.2,42227.1,0,414
2025-06-23 13:00:00,42263.2,42300.0,42237.2,42256.1,0,639
2025-06-23 12:45:00,42265.1,42278.1,42262.1,42264.2,0,242
2025-06-23 12:30:00,42270.1,42278.1,42257.6,42264.1,0,294
2025-06-23 12:15:00,42262.1,42294.1,42260.1,42268.1,0,474
2025-06-23 12:00:00,42283.6,42304.0,42228.7,42260.1,0,596
2025-06-23 11:45:00,42284.1,42289.6,42267.1,42281.6,0,385
2025-06-23 11:30:00,42280.1,42286.1,42265.1,42283.1,0,414
2025-06-23 11:15:00,42288.1,42302.2,42268.1,42281.1,0,514
2025-06-23 11:00:00,42254.1,42320.1,42232.6,42289.1,0,759
2025-06-23 10:45:00,42239.1,42266.1,42227.2,42255.1,0,484
2025-06-23 10:30:00,42210.1,42254.1,42195.7,42238.6,0,759
2025-06-23 10:15:00,42210.1,42213.6,42155.1,42211.1,0,637
2025-06-23 10:00:00,42128.2,42230.1,42123.2,42214.1,0,739
2025-06-23 09:45:00,42121.2,42160.3,42117.2,42123.2,0,383
2025-06-23 09:30:00,42114.2,42126.2,42103.2,42120.2,0,302
2025-06-23 09:15:00,42132.2,42136.2,42101.2,42113.2,0,324
2025-06-23 09:00:00,42132.2,42155.3,42125.2,42130.2,0,418
2025-06-23 08:45:00,42132.2,42135.2,42114.2,42134.2,0,291
2025-06-23 08:30:00,42124.2,42136.2,42115.2,42133.2,0,239
2025-06-23 08:15:00,42138.2,42153.1,42119.2,42125.2,0,285
2025-06-23 08:00:00,42089.2,42149.0,42087.2,42137.2,0,328
2025-06-23 07:45:00,42089.6,42093.6,42081.6,42088.6,0,95
2025-06-23 07:30:00,42096.6,42097.6,42085.6,42090.6,0,97
2025-06-23 07:15:00,42089.6,42106.6,42088.6,42095.6,0,164
2025-06-23 07:00:00,42094.6,42099.6,42087.6,42091.6,0,151
2025-06-23 06:45:00,42100.6,42105.6,42081.6,42092.6,0,133
2025-06-23 06:30:00,42085.6,42104.6,42084.6,42099.6,0,131
2025-06-23 06:15:00,42082.6,42095.6,42079.6,42084.6,0,153
2025-06-23 06:00:00,42083.6,42093.6,42079.6,42081.6,0,165
2025-06-23 05:45:00,42087.6,42088.6,42074.6,42084.6,0,176
2025-06-23 05:30:00,42078.6,42097.3,42076.6,42088.6,0,207
2025-06-23 05:15:00,42081.9,42090.6,42076.6,42079.6,0,147
2025-06-23 05:00:00,42073.6,42087.6,42064.6,42082.9,0,263
2025-06-23 04:45:00,42049.6,42073.6,42049.6,42072.6,0,242
2025-06-23 04:30:00,42040.6,42056.6,42035.6,42050.6,0,300
2025-06-23 04:15:00,42066.6,42066.6,42037.6,42042.6,0,331
2025-06-23 04:00:00,42051.6,42082.3,42040.6,42065.6,0,428
2025-06-23 03:45:00,42051.9,42064.6,42043.6,42052.6,0,336
2025-06-23 03:30:00,42044.6,42059.6,42034.6,42052.9,0,375
2025-06-23 03:15:00,42070.6,42076.6,42037.6,42045.6,0,467
2025-06-23 03:00:00,42098.6,42104.6,42053.6,42068.6,0,694
2025-06-23 02:45:00,42088.5,42114.5,42080.5,42101.5,0,307
2025-06-23 02:30:00,42104.5,42118.5,42085.5,42089.5,0,328
2025-06-23 02:15:00,42086.5,42107.5,42073.5,42105.5,0,406
2025-06-23 02:00:00,42116.5,42118.5,42066.5,42087.5,0,406
2025-06-23 01:45:00,42132.5,42133.5,42095.5,42118.5,0,226
2025-06-23 01:30:00,42080.5,42167.2,42080.2,42131.5,0,444
2025-06-23 01:15:00,42051.2,42095.2,42033.8,42079.5,0,450
2025-06-23 01:00:00,41950.0,42097.2,41947.0,42048.2,0,1151
2025-06-20 23:45:00,42256.4,42275.4,42255.9,42266.6,0,147
2025-06-20 23:30:00,42246.4,42268.4,42246.2,42255.4,0,339
2025-06-20 23:15:00,42230.9,42253.4,42220.4,42247.4,0,431
2025-06-20 23:00:00,42203.4,42296.6,42203.4,42232.4,0,983
2025-06-20 22:45:00,42178.4,42273.2,42168.4,42211.4,0,1457
2025-06-20 22:30:00,42154.4,42199.4,42152.4,42179.4,0,1110
2025-06-20 22:15:00,42164.4,42196.2,42139.5,42150.4,0,994
2025-06-20 22:00:00,42157.4,42181.6,42139.5,42165.4,0,1210
2025-06-20 21:45:00,42202.4,42218.4,42128.5,42156.4,0,994
2025-06-20 21:30:00,42220.6,42244.4,42198.4,42203.4,0,874
2025-06-20 21:15:00,42185.4,42252.6,42178.4,42218.6,0,973
2025-06-20 21:00:00,42152.4,42191.4,42145.4,42186.4,0,894
2025-06-20 20:45:00,42132.3,42158.6,42108.5,42153.4,0,975
2025-06-20 20:30:00,42148.2,42172.2,42098.7,42133.3,0,1379
2025-06-20 20:15:00,42280.4,42308.4,42156.2,42156.2,0,1139
2025-06-20 20:00:00,42280.4,42324.4,42253.6,42278.6,0,1041
2025-06-20 19:45:00,42277.6,42313.2,42248.6,42282.4,0,989
2025-06-20 19:30:00,42269.4,42310.4,42259.4,42275.6,0,1028
2025-06-20 19:15:00,42221.6,42280.4,42209.6,42270.4,0,1177
2025-06-20 19:00:00,42257.2,42286.2,42216.6,42222.6,0,1245
2025-06-20 18:45:00,42356.4,42359.4,42252.2,42258.2,0,1233
2025-06-20 18:30:00,42280.6,42366.6,42279.6,42358.4,0,1154
2025-06-20 18:15:00,42276.2,42320.4,42264.6,42283.6,0,1248
2025-06-20 18:00:00,42232.6,42278.2,42176.2,42277.2,0,1549
2025-06-20 17:45:00,42296.2,42296.2,42222.2,42233.6,0,1666
2025-06-20 17:30:00,42305.2,42338.2,42228.2,42297.2,0,1684
2025-06-20 17:15:00,42317.4,42382.2,42251.6,42303.2,0,1601
2025-06-20 17:00:00,42329.4,42347.4,42295.6,42318.6,0,1483
2025-06-20 16:45:00,42450.2,42456.2,42306.2,42325.4,0,1673
2025-06-20 16:30:00,42377.0,42450.2,42313.1,42446.2,0,1917
2025-06-20 16:15:00,42362.1,42436.7,42347.2,42379.0,0,764
2025-06-20 16:00:00,42343.1,42374.1,42343.1,42362.6,0,581
2025-06-20 15:45:00,42310.6,42378.1,42308.1,42342.1,0,571
2025-06-20 15:30:00,42282.1,42349.2,42275.1,42310.1,0,903
2025-06-20 15:15:00,42265.1,42288.1,42249.1,42283.1,0,576
2025-06-20 15:00:00,42233.1,42276.6,42230.1,42266.1,0,707
2025-06-20 14:45:00,42249.0,42310.2,42227.1,42234.1,0,1175
2025-06-20 14:30:00,42128.2,42249.0,42122.2,42241.0,0,376
2025-06-20 14:15:00,42129.7,42154.1,42124.2,42127.2,0,350
2025-06-20 14:00:00,42139.7,42156.1,42126.2,42129.2,0,462
2025-06-20 13:45:00,42142.1,42157.2,42127.2,42140.1,0,340
2025-06-20 13:30:00,42107.2,42147.1,42102.2,42143.1,0,348
2025-06-20 13:15:00,42124.2,42125.2,42100.7,42108.2,0,342
2025-06-20 13:00:00,42151.1,42161.1,42124.2,42125.2,0,335
2025-06-20 12:45:00,42119.2,42165.1,42106.2,42153.1,0,383
2025-06-20 12:30:00,42108.2,42121.2,42098.2,42118.2,0,307
2025-06-20 12:15:00,42109.2,42130.7,42103.2,42110.2,0,291
2025-06-20 12:00:00,42079.2,42112.1,42073.2,42110.2,0,434
2025-06-20 11:45:00,42116.2,42120.2,42072.2,42078.2,0,504
2025-06-20 11:30:00,42182.0,42182.0,42114.3,42114.3,0,436
2025-06-20 11:15:00,42194.7,42203.1,42176.1,42181.0,0,355
2025-06-20 11:00:00,42144.1,42212.1,42142.1,42194.2,0,668
2025-06-20 10:45:00,42126.7,42158.6,42116.2,42145.1,0,417
2025-06-20 10:30:00,42128.2,42141.1,42110.2,42126.2,0,420
2025-06-20 10:15:00,42091.7,42133.2,42090.2,42127.2,0,441
2025-06-20 10:00:00,42084.2,42106.1,42064.2,42092.2,0,603
2025-06-20 09:45:00,42117.2,42117.2,42079.2,42088.2,0,377
2025-06-20 09:30:00,42145.1,42147.1,42110.2,42116.2,0,343
2025-06-20 09:15:00,42146.1,42165.1,42136.2,42143.1,0,376
2025-06-20 09:00:00,42130.2,42146.1,42120.0,42145.1,0,385
2025-06-20 08:45:00,42098.2,42130.3,42097.2,42129.2,0,263
2025-06-20 08:30:00,42080.2,42101.2,42073.2,42097.2,0,252
2025-06-20 08:15:00,42086.2,42092.2,42073.2,42078.2,0,252
2025-06-20 08:00:00,42107.2,42108.2,42083.0,42085.2,0,224
2025-06-20 07:45:00,42105.6,42118.6,42101.6,42106.6,0,149
2025-06-20 07:30:00,42099.6,42106.6,42097.6,42104.6,0,106
2025-06-20 07:15:00,42088.6,42102.6,42086.6,42098.6,0,153
2025-06-20 07:00:00,42096.6,42101.6,42083.6,42087.6,0,147
2025-06-20 06:45:00,42104.6,42112.6,42092.6,42095.6,0,193
2025-06-20 06:30:00,42089.6,42104.6,42084.6,42103.6,0,198
2025-06-20 06:15:00,42072.6,42091.6,42057.6,42090.6,0,225
2025-06-20 06:00:00,42061.6,42071.6,42051.6,42070.6,0,184
2025-06-20 05:45:00,42062.6,42065.6,42049.6,42060.6,0,186
2025-06-20 05:30:00,42048.6,42073.6,42048.6,42060.6,0,226
2025-06-20 05:15:00,42037.6,42055.6,42035.6,42049.6,0,209
2025-06-20 05:00:00,42029.6,42044.6,42018.6,42036.6,0,258
2025-06-20 04:45:00,42022.6,42037.6,42016.6,42027.6,0,327
2025-06-20 04:30:00,42021.6,42034.6,41994.6,42021.6,0,397
2025-06-20 04:15:00,42015.6,42057.6,42013.6,42020.6,0,397
2025-06-20 04:00:00,42079.6,42093.6,42003.6,42016.6,0,516
2025-06-20 03:45:00,42070.6,42092.6,42064.6,42078.6,0,305
2025-06-20 03:30:00,42086.6,42090.6,42064.6,42069.6,0,310
2025-06-20 03:15:00,42105.6,42108.6,42077.3,42087.6,0,406
2025-06-20 03:00:00,42050.6,42118.3,42049.6,42106.6,0,528
2025-06-20 02:45:00,42055.6,42064.6,42031.6,42051.6,0,322
2025-06-20 02:30:00,42037.6,42060.6,42031.6,42056.6,0,269
2025-06-20 02:15:00,42043.6,42076.6,42031.6,42036.6,0,383
2025-06-20 02:00:00,42059.6,42067.6,42039.6,42044.6,0,415
2025-06-20 01:45:00,42060.6,42091.9,42048.6,42056.6,0,508
2025-06-20 01:30:00,41998.6,42075.3,41989.6,42059.6,0,593
2025-06-20 01:15:00,41978.6,42000.6,41969.6,41999.6,0,390
2025-06-20 01:00:00,41993.1,42022.1,41969.6,41977.6,0,668
2025-06-19 19:45:00,41847.5,41855.5,41796.5,41811.5,0,542
2025-06-19 19:30:00,41859.5,41863.5,41834.5,41848.5,0,433
2025-06-19 19:15:00,41839.5,41873.3,41834.5,41858.5,0,252
2025-06-19 19:00:00,41791.7,41845.5,41790.7,41840.5,0,393
2025-06-19 18:45:00,41845.5,41859.3,41784.7,41790.7,0,681
2025-06-19 18:30:00,41855.5,41867.3,41798.7,41846.5,0,676
2025-06-19 18:15:00,41886.5,41894.5,41839.7,41856.5,0,523
2025-06-19 18:00:00,41870.5,41901.5,41866.5,41884.5,0,527
2025-06-19 17:45:00,41831.5,41895.3,41828.5,41868.5,0,577
2025-06-19 17:30:00,41861.7,41867.5,41822.5,41830.5,0,647
2025-06-19 17:15:00,41861.5,41881.3,41851.3,41860.7,0,529
2025-06-19 17:00:00,41838.3,41877.3,41819.5,41860.5,0,631
2025-06-19 16:45:00,41881.3,41889.3,41781.3,41835.3,0,993
2025-06-19 16:30:00,41957.2,41957.2,41871.7,41882.3,0,759
2025-06-19 16:15:00,41928.2,41960.1,41928.1,41958.2,0,359
2025-06-19 16:00:00,41921.2,41936.3,41893.3,41929.2,0,601
2025-06-19 15:45:00,41936.1,41936.1,41902.3,41922.2,0,615
2025-06-19 15:30:00,41982.3,41999.2,41935.8,41938.1,0,445
2025-06-19 15:15:00,42014.3,42015.3,41971.1,41983.3,0,376
2025-06-19 15:00:00,41998.1,42015.3,41966.1,42013.3,0,345
2025-06-19 14:45:00,41999.2,42017.2,41986.2,41999.1,0,264
2025-06-19 14:30:00,42005.2,42011.2,41993.2,41998.2,0,283
2025-06-19 14:15:00,41983.7,42012.2,41975.3,42006.2,0,294
2025-06-19 14:00:00,42058.2,42065.2,41982.2,41982.2,0,451
2025-06-19 13:45:00,42025.2,42075.1,42001.7,42056.2,0,420
2025-06-19 13:30:00,42020.2,42035.2,42017.2,42026.2,0,293
2025-06-19 13:15:00,42003.2,42041.1,41999.2,42018.2,0,324
2025-06-19 13:00:00,42034.1,42044.2,42001.2,42004.2,0,289
2025-06-19 12:45:00,42054.2,42066.2,42027.2,42034.2,0,212
2025-06-19 12:30:00,42053.2,42061.2,42041.2,42055.2,0,227
2025-06-19 12:15:00,42044.2,42067.2,42033.2,42051.2,0,303
2025-06-19 12:00:00,42036.2,42063.2,42033.2,42045.2,0,313
2025-06-19 11:45:00,42020.2,42043.2,42018.2,42037.2,0,318
2025-06-19 11:30:00,42029.2,42033.2,42004.7,42022.2,0,370
2025-06-19 11:15:00,42002.2,42030.2,41990.2,42030.2,0,405
2025-06-19 11:00:00,41975.2,42082.7,41974.2,42004.2,0,758
2025-06-19 10:45:00,42011.2,42027.3,41957.3,41974.2,0,675
2025-06-19 10:30:00,42021.3,42039.2,42002.7,42010.2,0,600
2025-06-19 10:15:00,42059.2,42065.2,41988.3,42020.3,0,649
2025-06-19 10:00:00,42103.2,42106.2,42052.2,42060.7,0,629
2025-06-19 09:45:00,42069.2,42107.2,42051.2,42105.2,0,354
2025-06-19 09:30:00,42079.2,42089.2,42057.2,42070.2,0,510
2025-06-19 09:15:00,42058.2,42087.3,42057.2,42080.2,0,401
2025-06-19 09:00:00,42089.2,42108.2,42052.2,42059.2,0,495
2025-06-19 08:45:00,42121.2,42126.2,42083.2,42088.2,0,257
2025-06-19 08:30:00,42136.2,42137.2,42118.2,42123.2,0,169
2025-06-19 08:15:00,42146.1,42155.1,42134.2,42134.2,0,144
2025-06-19 08:00:00,42166.1,42167.1,42140.1,42144.1,0,164
2025-06-19 07:45:00,42158.5,42170.5,42157.5,42165.5,0,140
2025-06-19 07:30:00,42144.5,42162.5,42137.6,42156.5,0,127
2025-06-19 07:15:00,42164.5,42167.5,42141.5,42143.5,0,127
2025-06-19 07:00:00,42151.5,42163.5,42150.5,42162.5,0,127
2025-06-19 06:45:00,42136.6,42157.5,42126.6,42152.5,0,172
2025-06-19 06:30:00,42147.5,42148.5,42130.6,42137.6,0,113
2025-06-19 06:15:00,42147.8,42151.5,42138.6,42146.5,0,141
2025-06-19 06:00:00,42104.6,42149.8,42103.6,42146.8,0,194
2025-06-19 05:45:00,42119.6,42122.6,42100.6,42100.6,0,210
2025-06-19 05:30:00,42099.6,42129.6,42099.6,42120.6,0,205
2025-06-19 05:15:00,42091.6,42109.6,42089.6,42100.6,0,183
2025-06-19 05:00:00,42081.6,42095.6,42065.6,42090.6,0,312
2025-06-19 04:45:00,42061.6,42084.6,42060.6,42082.6,0,271
2025-06-19 04:30:00,42098.6,42109.6,42059.6,42062.6,0,388
2025-06-19 04:15:00,42094.6,42103.9,42080.9,42097.6,0,444
2025-06-19 04:00:00,42138.6,42138.6,41987.3,42095.6,0,882
2025-06-19 03:45:00,42133.6,42145.5,42128.6,42136.6,0,279
2025-06-19 03:30:00,42129.6,42142.5,42120.6,42131.6,0,268
2025-06-19 03:15:00,42144.5,42151.5,42078.3,42131.6,0,598
2025-06-19 03:00:00,42192.5,42197.5,42135.6,42143.5,0,394
2025-06-19 02:45:00,42165.5,42200.5,42165.5,42193.5,0,294
2025-06-19 02:30:00,42171.5,42180.5,42161.5,42166.5,0,191
2025-06-19 02:15:00,42170.5,42175.5,42162.5,42172.5,0,90
2025-06-19 02:00:00,42169.5,42189.5,42165.5,42171.5,0,178
2025-06-19 01:45:00,42156.5,42172.5,42153.5,42170.5,0,135
2025-06-19 01:30:00,42180.5,42187.5,42152.5,42155.5,0,187
2025-06-19 01:15:00,42175.5,42188.5,42146.5,42181.5,0,165
2025-06-19 01:00:00,42195.5,42219.0,42173.5,42176.5,0,228
2025-06-18 23:45:00,42214.0,42229.5,42210.5,42214.0,0,312
2025-06-18 23:30:00,42216.0,42226.5,42205.0,42215.0,0,276
2025-06-18 23:15:00,42218.0,42235.0,42202.0,42217.0,0,321
2025-06-18 23:00:00,42212.0,42252.0,42209.5,42219.0,0,719
2025-06-18 22:45:00,42273.6,42279.6,42175.0,42214.0,0,1582
2025-06-18 22:30:00,42155.2,42277.4,42136.7,42276.6,0,1454
2025-06-18 22:15:00,42258.2,42300.4,42153.2,42157.2,0,1717
2025-06-18 22:00:00,42210.4,42299.2,42161.4,42263.2,0,1991
2025-06-18 21:45:00,42434.6,42434.6,42181.2,42207.4,0,1821
2025-06-18 21:30:00,42368.0,42463.6,42332.6,42437.4,0,1681
2025-06-18 21:15:00,42380.4,42400.2,42335.6,42369.0,0,1368
2025-06-18 21:00:00,42366.8,42474.2,42317.6,42379.4,0,1820
2025-06-18 20:45:00,42362.4,42405.2,42354.4,42370.8,0,799
2025-06-18 20:30:00,42348.4,42370.2,42288.6,42363.4,0,1156
2025-06-18 20:15:00,42345.4,42365.4,42334.6,42347.4,0,889
2025-06-18 20:00:00,42341.6,42377.4,42336.6,42343.4,0,861
2025-06-18 19:45:00,42375.2,42409.2,42344.6,42345.6,0,956
2025-06-18 19:30:00,42341.6,42376.2,42331.4,42376.2,0,912
2025-06-18 19:15:00,42432.4,42437.4,42334.6,42342.6,0,881
2025-06-18 19:00:00,42381.6,42435.4,42367.6,42433.4,0,1046
2025-06-18 18:45:00,42407.2,42447.4,42370.2,42380.6,0,995
2025-06-18 18:30:00,42452.9,42462.2,42383.2,42408.2,0,1112
2025-06-18 18:15:00,42470.6,42487.2,42404.6,42444.4,0,979
2025-06-18 18:00:00,42514.4,42526.4,42464.4,42471.6,0,968
2025-06-18 17:45:00,42525.6,42548.2,42500.2,42513.4,0,956
2025-06-18 17:30:00,42490.6,42546.2,42483.6,42526.6,0,1196
2025-06-18 17:15:00,42410.6,42517.2,42404.6,42489.6,0,1217
2025-06-18 17:00:00,42348.4,42420.6,42325.2,42412.6,0,1415
2025-06-18 16:45:00,42279.2,42369.2,42270.6,42346.4,0,1317
2025-06-18 16:30:00,42287.2,42316.2,42207.2,42278.2,0,1740
2025-06-18 16:15:00,42271.0,42303.5,42266.1,42284.2,0,583
2025-06-18 16:00:00,42246.2,42279.2,42243.0,42272.0,0,469
2025-06-18 15:45:00,42263.6,42280.0,42243.2,42243.2,0,546
2025-06-18 15:30:00,42284.1,42289.0,42243.0,42263.1,0,526
2025-06-18 15:15:00,42288.6,42303.0,42269.2,42283.1,0,421
2025-06-18 15:00:00,42287.6,42290.0,42266.2,42289.1,0,442
2025-06-18 14:45:00,42271.2,42318.0,42271.2,42286.1,0,488
2025-06-18 14:30:00,42237.2,42277.0,42228.2,42272.2,0,383
2025-06-18 14:15:00,42215.2,42250.0,42203.6,42235.2,0,471
2025-06-18 14:00:00,42206.1,42221.0,42187.2,42214.2,0,525
2025-06-18 13:45:00,42264.1,42279.1,42198.6,42205.1,0,569
2025-06-18 13:30:00,42274.0,42284.1,42243.7,42265.1,0,537
2025-06-18 13:15:00,42304.0,42319.5,42254.2,42273.0,0,490
2025-06-18 13:00:00,42329.6,42332.1,42284.6,42305.0,0,306
2025-06-18 12:45:00,42334.6,42345.0,42322.2,42330.1,0,267
2025-06-18 12:30:00,42340.1,42353.2,42324.7,42334.1,0,298
2025-06-18 12:15:00,42343.6,42355.5,42330.2,42339.1,0,260
2025-06-18 12:00:00,42306.2,42359.0,42306.2,42343.1,0,387
2025-06-18 11:45:00,42279.1,42311.1,42277.1,42305.2,0,356
2025-06-18 11:30:00,42281.2,42285.2,42270.1,42278.6,0,317
2025-06-18 11:15:00,42308.0,42309.6,42262.2,42279.2,0,619
2025-06-18 11:00:00,42316.1,42325.5,42284.2,42308.5,0,626
2025-06-18 10:45:00,42343.7,42345.1,42298.2,42314.1,0,443
2025-06-18 10:30:00,42309.6,42346.0,42309.6,42343.2,0,410
2025-06-18 10:15:00,42304.1,42328.1,42299.1,42308.1,0,456
2025-06-18 10:00:00,42289.2,42321.0,42285.2,42305.1,0,617
2025-06-18 09:45:00,42324.3,42328.3,42289.0,42290.0,0,275
2025-06-18 09:30:00,42323.0,42351.0,42315.3,42321.1,0,391
2025-06-18 09:15:00,42302.1,42325.0,42287.0,42324.0,0,367
2025-06-18 09:00:00,42266.1,42304.3,42259.1,42301.1,0,431
2025-06-18 08:45:00,42263.1,42274.1,42257.1,42269.1,0,161
2025-06-18 08:30:00,42267.1,42281.1,42259.1,42264.1,0,199
2025-06-18 08:15:00,42268.1,42278.1,42264.1,42266.1,0,146
2025-06-18 08:00:00,42254.1,42279.1,42252.1,42267.1,0,205
2025-06-18 07:45:00,42251.8,42266.8,42245.5,42253.5,0,157
2025-06-18 07:30:00,42237.5,42253.8,42233.5,42250.8,0,164
2025-06-18 07:15:00,42262.5,42264.5,42227.5,42235.5,0,199
2025-06-18 07:00:00,42248.5,42264.5,42248.5,42263.5,0,151
2025-06-18 06:45:00,42252.5,42261.5,42248.5,42249.5,0,126
2025-06-18 06:30:00,42246.5,42254.5,42243.5,42253.5,0,134
2025-06-18 06:15:00,42254.5,42262.5,42243.5,42247.5,0,193
2025-06-18 06:00:00,42262.5,42270.5,42249.5,42253.5,0,194
2025-06-18 05:45:00,42285.5,42296.5,42261.5,42263.5,0,164
2025-06-18 05:30:00,42276.5,42286.5,42270.5,42284.5,0,196
2025-06-18 05:15:00,42255.5,42281.5,42253.5,42277.5,0,174
2025-06-18 05:00:00,42255.5,42261.5,42247.5,42256.5,0,207
2025-06-18 04:45:00,42268.5,42268.5,42244.5,42253.5,0,277
2025-06-18 04:30:00,42251.5,42278.5,42249.5,42267.5,0,333
2025-06-18 04:15:00,42265.5,42268.5,42246.5,42250.5,0,250
2025-06-18 04:00:00,42252.2,42285.2,42250.2,42264.5,0,430
2025-06-18 03:45:00,42254.5,42255.2,42223.5,42253.2,0,309
2025-06-18 03:30:00,42229.5,42268.5,42225.5,42255.5,0,354
2025-06-18 03:15:00,42237.5,42251.2,42216.2,42230.5,0,499
2025-06-18 03:00:00,42146.5,42238.5,42146.5,42234.5,0,763
2025-06-18 02:45:00,42161.5,42177.8,42133.6,42147.5,0,493
2025-06-18 02:30:00,42142.5,42171.5,42130.6,42164.5,0,272
2025-06-18 02:15:00,42128.6,42154.5,42127.6,42145.5,0,306
2025-06-18 02:00:00,42122.6,42158.8,42115.6,42127.6,0,466
2025-06-18 01:45:00,42147.2,42153.8,42114.3,42124.6,0,350
2025-06-18 01:30:00,42169.8,42174.5,42135.3,42146.2,0,373
2025-06-18 01:15:00,42202.5,42203.5,42166.8,42168.8,0,303
2025-06-18 01:00:00,42232.0,42232.0,42175.0,42201.5,0,421
2025-06-17 23:45:00,42265.5,42269.5,42230.0,42261.0,0,377
2025-06-17 23:30:00,42259.0,42269.0,42256.0,42263.5,0,212
2025-06-17 23:15:00,42248.0,42270.0,42228.5,42258.0,0,321
2025-06-17 23:00:00,42253.0,42269.0,42237.0,42249.0,0,748
2025-06-17 22:45:00,42240.2,42289.2,42217.0,42245.0,0,1399
2025-06-17 22:30:00,42264.6,42271.2,42214.6,42239.2,0,1007
2025-06-17 22:15:00,42245.6,42276.2,42229.6,42263.6,0,868
2025-06-17 22:00:00,42249.4,42264.6,42201.2,42247.6,0,1013
2025-06-17 21:45:00,42192.2,42251.4,42177.6,42248.4,0,1004
2025-06-17 21:30:00,42214.2,42246.2,42162.6,42193.2,0,1190
2025-06-17 21:15:00,42248.6,42265.2,42183.6,42215.2,0,1197
2025-06-17 21:00:00,42276.2,42285.2,42223.6,42249.6,0,1300
2025-06-17 20:45:00,42331.2,42342.2,42255.2,42284.2,0,1469
2025-06-17 20:30:00,42342.2,42402.2,42316.6,42333.2,0,1135
2025-06-17 20:15:00,42420.6,42428.2,42337.6,42343.2,0,1063
2025-06-17 20:00:00,42421.2,42454.2,42404.6,42421.6,0,1073
2025-06-17 19:45:00,42472.6,42507.4,42400.6,42423.2,0,1337
2025-06-17 19:30:00,42503.4,42541.2,42462.2,42474.6,0,707
2025-06-17 19:15:00,42529.2,42541.2,42504.2,42504.4,0,797
2025-06-17 19:00:00,42476.4,42531.2,42459.2,42530.2,0,980
2025-06-17 18:45:00,42488.6,42512.2,42463.6,42475.4,0,872
2025-06-17 18:30:00,42471.2,42499.2,42436.6,42487.6,0,969
2025-06-17 18:15:00,42571.6,42571.6,42459.6,42469.2,0,1029
2025-06-17 18:00:00,42468.6,42576.6,42456.6,42572.6,0,998
2025-06-17 17:45:00,42464.2,42501.2,42453.6,42469.6,0,1025
2025-06-17 17:30:00,42510.6,42537.2,42448.6,42463.2,0,1055
2025-06-17 17:15:00,42505.6,42534.2,42480.6,42509.6,0,1019
2025-06-17 17:00:00,42473.6,42513.2,42424.6,42503.6,0,1230
2025-06-17 16:45:00,42427.2,42454.2,42390.6,42445.6,0,1353
2025-06-17 16:30:00,42374.2,42450.0,42355.0,42430.2,0,1741
2025-06-17 16:15:00,42310.1,42379.2,42295.2,42376.2,0,678
2025-06-17 16:00:00,42315.0,42325.0,42301.2,42311.1,0,552
2025-06-17 15:45:00,42376.1,42381.1,42306.2,42314.0,0,623
2025-06-17 15:30:00,42374.1,42394.0,42340.1,42375.1,0,747
2025-06-17 15:15:00,42385.0,42395.0,42359.2,42373.1,0,456
2025-06-17 15:00:00,42374.6,42398.2,42365.0,42383.0,0,506
2025-06-17 14:45:00,42344.1,42379.5,42337.2,42375.1,0,390
2025-06-17 14:30:00,42350.1,42368.0,42337.2,42342.1,0,456
2025-06-17 14:15:00,42337.7,42360.2,42335.2,42352.1,0,383
2025-06-17 14:00:00,42304.2,42347.2,42296.2,42339.2,0,420
2025-06-17 13:45:00,42248.0,42308.2,42244.5,42306.2,0,493
2025-06-17 13:30:00,42306.1,42315.2,42247.2,42249.0,0,485
2025-06-17 13:15:00,42320.1,42324.1,42301.2,42307.1,0,373
2025-06-17 13:00:00,42290.1,42334.0,42278.1,42321.1,0,384
2025-06-17 12:45:00,42298.0,42306.1,42271.6,42291.1,0,374
2025-06-17 12:30:00,42290.1,42301.0,42269.0,42299.0,0,422
2025-06-17 12:15:00,42290.2,42302.0,42258.0,42291.1,0,584
2025-06-17 12:00:00,42325.1,42363.5,42281.2,42288.2,0,592
2025-06-17 11:45:00,42299.1,42354.0,42272.2,42322.1,0,670
2025-06-17 11:30:00,42319.1,42328.1,42291.2,42298.1,0,468
2025-06-17 11:15:00,42313.2,42338.5,42295.7,42320.1,0,567
2025-06-17 11:00:00,42273.0,42330.1,42259.2,42314.2,0,809
2025-06-17 10:45:00,42244.6,42284.0,42234.2,42272.0,0,669
2025-06-17 10:30:00,42255.0,42283.0,42235.1,42243.1,0,822
2025-06-17 10:15:00,42336.1,42345.0,42218.2,42250.0,0,1062
2025-06-17 10:00:00,42359.0,42393.2,42330.0,42337.1,0,1005
2025-06-17 09:45:00,42403.1,42411.1,42348.0,42358.3,0,542
2025-06-17 09:30:00,42423.1,42430.1,42397.3,42402.1,0,470
2025-06-17 09:15:00,42416.1,42439.3,42413.1,42422.1,0,351
2025-06-17 09:00:00,42399.1,42427.1,42386.1,42417.1,0,439
2025-06-17 08:45:00,42406.3,42407.3,42369.1,42397.1,0,349
2025-06-17 08:30:00,42398.1,42415.3,42394.1,42405.3,0,283
2025-06-17 08:15:00,42402.1,42402.1,42369.3,42397.1,0,368
2025-06-17 08:00:00,42396.1,42402.1,42382.1,42401.1,0,317
2025-06-17 07:45:00,42388.5,42404.8,42385.5,42395.5,0,257
2025-06-17 07:30:00,42405.5,42405.5,42376.5,42387.5,0,274
2025-06-17 07:15:00,42412.5,42428.5,42405.5,42406.5,0,283
2025-06-17 07:00:00,42415.5,42435.8,42406.5,42414.5,0,276
2025-06-17 06:45:00,42418.5,42427.5,42406.5,42413.5,0,328
2025-06-17 06:30:00,42399.5,42426.5,42398.5,42417.5,0,399
2025-06-17 06:15:00,42416.5,42422.5,42390.5,42398.5,0,377
2025-06-17 06:00:00,42449.8,42453.8,42377.5,42415.5,0,599
2025-06-17 05:45:00,42347.5,42457.8,42343.5,42451.8,0,583
2025-06-17 05:30:00,42341.5,42362.5,42324.5,42345.5,0,331
2025-06-17 05:15:00,42349.5,42375.5,42336.5,42342.5,0,385
2025-06-17 05:00:00,42403.5,42408.5,42340.8,42352.5,0,589
2025-06-17 04:45:00,42389.5,42426.5,42383.5,42404.5,0,471
2025-06-17 04:30:00,42395.5,42408.5,42368.2,42388.5,0,551
2025-06-17 04:15:00,42388.8,42398.5,42360.5,42394.5,0,560
2025-06-17 04:00:00,42421.5,42444.2,42364.8,42389.8,0,679
2025-06-17 03:45:00,42363.5,42426.8,42354.2,42423.5,0,555
2025-06-17 03:30:00,42401.5,42403.2,42346.5,42364.2,0,617
2025-06-17 03:15:00,42359.5,42414.2,42350.5,42402.5,0,708
2025-06-17 03:00:00,42312.2,42371.8,42303.8,42360.5,0,882
2025-06-17 02:45:00,42397.5,42407.5,42310.2,42311.2,0,975
2025-06-17 02:30:00,42425.8,42428.8,42374.2,42396.5,0,816
2025-06-17 02:15:00,42460.5,42492.2,42416.8,42427.8,0,594
2025-06-17 02:00:00,42449.5,42482.5,42442.5,42459.5,0,491
2025-06-17 01:45:00,42478.5,42480.5,42418.5,42450.5,0,771
2025-06-17 01:30:00,42540.5,42540.5,42460.5,42476.5,0,597
2025-06-17 01:15:00,42556.5,42556.5,42538.2,42541.5,0,150
2025-06-17 01:00:00,42586.0,42598.0,42547.8,42557.5,0,263
2025-06-16 23:45:00,42574.0,42574.5,42552.0,42556.5,0,259
2025-06-16 23:30:00,42573.0,42586.0,42567.5,42573.0,0,183
2025-06-16 23:15:00,42580.0,42584.0,42560.5,42574.0,0,180
2025-06-16 23:00:00,42557.0,42600.0,42555.0,42580.5,0,684
2025-06-16 22:45:00,42519.6,42556.0,42491.0,42553.0,0,1321
2025-06-16 22:30:00,42501.2,42523.4,42481.4,42521.6,0,817
2025-06-16 22:15:00,42500.4,42531.2,42476.6,42498.2,0,902
2025-06-16 22:00:00,42543.4,42546.6,42484.6,42502.2,0,841
2025-06-16 21:45:00,42525.2,42560.2,42499.6,42542.4,0,777
2025-06-16 21:30:00,42556.6,42566.4,42520.6,42526.2,0,751
2025-06-16 21:15:00,42579.2,42581.2,42543.6,42555.6,0,652
2025-06-16 21:00:00,42544.6,42590.2,42541.6,42578.2,0,742
2025-06-16 20:45:00,42602.4,42614.2,42539.2,42545.6,0,843
2025-06-16 20:30:00,42630.2,42652.6,42599.4,42600.4,0,869
2025-06-16 20:15:00,42554.6,42640.2,42553.6,42629.2,0,904
2025-06-16 20:00:00,42587.2,42598.2,42554.6,42555.6,0,829
2025-06-16 19:45:00,42574.2,42614.2,42563.6,42588.2,0,759
2025-06-16 19:30:00,42597.2,42615.2,42568.2,42575.2,0,821
2025-06-16 19:15:00,42606.2,42650.2,42588.6,42599.2,0,840
2025-06-16 19:00:00,42593.6,42619.2,42568.6,42607.2,0,864
2025-06-16 18:45:00,42629.6,42657.2,42575.6,42592.6,0,966
2025-06-16 18:30:00,42623.2,42654.2,42590.6,42628.6,0,1010
2025-06-16 18:15:00,42641.2,42675.2,42612.6,42621.2,0,1090
2025-06-16 18:00:00,42699.2,42705.2,42623.6,42642.2,0,1098
2025-06-16 17:45:00,42729.6,42746.2,42681.6,42700.2,0,1094
2025-06-16 17:30:00,42702.6,42740.2,42679.6,42730.6,0,1248
2025-06-16 17:15:00,42693.6,42747.2,42684.6,42701.6,0,1301
2025-06-16 17:00:00,42648.6,42707.2,42642.6,42692.6,0,1343
2025-06-16 16:45:00,42503.6,42668.2,42503.6,42642.6,0,1648
2025-06-16 16:30:00,42432.0,42531.6,42409.7,42500.6,0,1860
2025-06-16 16:15:00,42453.7,42456.0,42429.2,42430.0,0,516
2025-06-16 16:00:00,42472.1,42473.1,42432.0,42453.2,0,472
2025-06-16 15:45:00,42467.1,42480.0,42461.2,42469.1,0,333
2025-06-16 15:30:00,42486.0,42496.1,42458.2,42468.1,0,486
2025-06-16 15:15:00,42455.1,42500.0,42452.2,42485.0,0,467
2025-06-16 15:00:00,42450.6,42467.0,42439.2,42456.1,0,452
2025-06-16 14:45:00,42428.7,42459.0,42428.7,42451.1,0,428
2025-06-16 14:30:00,42386.1,42427.2,42384.1,42426.2,0,417
2025-06-16 14:15:00,42369.2,42387.1,42368.1,42385.1,0,378
2025-06-16 14:00:00,42403.2,42405.7,42364.2,42368.7,0,455
2025-06-16 13:45:00,42352.2,42410.5,42352.2,42409.2,0,368
2025-06-16 13:30:00,42375.2,42382.1,42348.2,42350.7,0,364
2025-06-16 13:15:00,42364.0,42380.0,42364.0,42377.0,0,235
2025-06-16 13:00:00,42356.0,42371.0,42342.6,42366.5,0,359
2025-06-16 12:45:00,42340.7,42364.6,42338.2,42357.0,0,340
2025-06-16 12:30:00,42366.1,42369.0,42335.2,42341.2,0,377
2025-06-16 12:15:00,42359.2,42378.1,42359.0,42365.1,0,330
2025-06-16 12:00:00,42400.1,42413.1,42357.2,42360.2,0,405
2025-06-16 11:45:00,42406.1,42411.1,42386.7,42402.1,0,358
2025-06-16 11:30:00,42377.1,42410.2,42367.2,42405.1,0,467
2025-06-16 11:15:00,42354.0,42380.0,42349.1,42375.1,0,438
2025-06-16 11:00:00,42418.2,42422.2,42344.7,42353.0,0,765
2025-06-16 10:45:00,42421.1,42440.6,42411.0,42426.2,0,486
2025-06-16 10:30:00,42410.7,42443.0,42405.2,42423.1,0,584
2025-06-16 10:15:00,42405.6,42415.5,42368.2,42409.2,0,595
2025-06-16 10:00:00,42347.1,42407.1,42347.0,42406.6,0,742
2025-06-16 09:45:00,42339.1,42361.1,42338.0,42348.1,0,367
2025-06-16 09:30:00,42317.1,42341.3,42301.0,42340.1,0,419
2025-06-16 09:15:00,42303.3,42323.3,42295.3,42318.1,0,399
2025-06-16 09:00:00,42275.1,42307.3,42270.1,42304.3,0,418
2025-06-16 08:45:00,42284.0,42284.0,42265.3,42276.1,0,254
2025-06-16 08:30:00,42268.3,42295.3,42259.0,42283.0,0,284
2025-06-16 08:15:00,42246.1,42271.1,42245.1,42266.3,0,227
2025-06-16 08:00:00,42224.1,42247.1,42224.1,42247.1,0,186
2025-06-16 07:45:00,42224.5,42227.5,42221.5,42223.5,0,90
2025-06-16 07:30:00,42224.5,42230.5,42219.5,42222.5,0,164
2025-06-16 07:15:00,42229.8,42232.5,42217.2,42223.5,0,156
2025-06-16 07:00:00,42225.5,42236.5,42221.5,42228.8,0,126
2025-06-16 06:45:00,42225.5,42231.5,42222.5,42226.5,0,108
2025-06-16 06:30:00,42241.5,42241.5,42219.2,42226.5,0,191
2025-06-16 06:15:00,42257.5,42257.5,42238.5,42240.5,0,114
2025-06-16 06:00:00,42256.5,42261.5,42252.5,42255.5,0,133
2025-06-16 05:45:00,42269.5,42269.5,42249.5,42258.5,0,125
2025-06-16 05:30:00,42252.5,42269.5,42250.5,42268.5,0,202
2025-06-16 05:15:00,42253.5,42276.8,42249.5,42251.5,0,290
2025-06-16 05:00:00,42240.5,42253.5,42225.5,42252.5,0,237
2025-06-16 04:45:00,42247.5,42253.5,42235.5,42239.5,0,215
2025-06-16 04:30:00,42233.5,42256.5,42231.2,42248.5,0,273
2025-06-16 04:15:00,42241.5,42252.8,42227.8,42232.5,0,329
2025-06-16 04:00:00,42250.5,42263.5,42239.5,42243.5,0,352
2025-06-16 03:45:00,42244.5,42256.5,42225.8,42251.5,0,320
2025-06-16 03:30:00,42213.5,42246.5,42204.8,42246.5,0,417
2025-06-16 03:15:00,42237.5,42244.2,42207.5,42214.5,0,568
2025-06-16 03:00:00,42231.5,42245.5,42218.5,42236.5,0,575
2025-06-16 02:45:00,42227.8,42237.5,42211.5,42233.5,0,478
2025-06-16 02:30:00,42169.5,42248.8,42154.5,42225.8,0,521
2025-06-16 02:15:00,42159.5,42186.5,42147.5,42171.5,0,443
2025-06-16 02:00:00,42168.5,42197.8,42149.8,42161.5,0,441
2025-06-16 01:45:00,42187.5,42196.5,42164.5,42166.5,0,235
2025-06-16 01:30:00,42148.8,42203.5,42142.5,42186.5,0,399
2025-06-16 01:15:00,42124.5,42156.5,42115.8,42147.8,0,586
2025-06-16 01:00:00,42046.0,42134.0,42012.0,42125.5,0,923
2025-06-13 23:45:00,42228.2,42232.2,42208.4,42209.6,0,245
2025-06-13 23:30:00,42215.4,42234.2,42203.6,42230.2,0,489
2025-06-13 23:15:00,42239.2,42239.2,42207.6,42214.4,0,614
2025-06-13 23:00:00,42215.6,42238.2,42177.2,42238.2,0,1104
2025-06-13 22:45:00,42140.4,42218.6,42095.7,42211.6,0,1666
2025-06-13 22:30:00,42137.3,42197.3,42117.7,42142.4,0,1281
2025-06-13 22:15:00,42194.6,42201.6,42115.7,42138.3,0,1373
2025-06-13 22:00:00,42185.2,42212.2,42122.7,42191.6,0,1447
2025-06-13 21:45:00,42116.3,42192.6,42107.7,42184.6,0,1568
2025-06-13 21:30:00,42172.6,42190.2,42084.7,42115.3,0,1832
2025-06-13 21:15:00,42291.2,42291.2,42166.6,42175.2,0,1591
2025-06-13 21:00:00,42374.2,42402.2,42285.6,42290.2,0,1466
2025-06-13 20:45:00,42366.2,42397.2,42339.6,42372.2,0,1184
2025-06-13 20:30:00,42374.2,42417.2,42334.2,42365.2,0,1183
2025-06-13 20:15:00,42432.2,42454.6,42372.6,42375.2,0,1279
2025-06-13 20:00:00,42506.2,42514.2,42406.6,42434.2,0,1218
2025-06-13 19:45:00,42492.6,42546.2,42453.6,42507.2,0,1041
2025-06-13 19:30:00,42524.2,42568.2,42481.6,42493.6,0,1046
2025-06-13 19:15:00,42594.2,42610.2,42513.6,42523.2,0,1073
2025-06-13 19:00:00,42571.6,42605.2,42554.6,42595.2,0,1066
2025-06-13 18:45:00,42560.6,42626.2,42548.6,42573.6,0,1151
2025-06-13 18:30:00,42532.2,42572.2,42505.6,42558.6,0,1206
2025-06-13 18:15:00,42477.6,42531.6,42467.6,42530.6,0,1307
2025-06-13 18:00:00,42437.6,42487.6,42410.6,42476.6,0,1441
2025-06-13 17:45:00,42313.2,42445.2,42274.6,42433.6,0,1603
2025-06-13 17:30:00,42279.2,42378.2,42265.6,42312.2,0,1549
2025-06-13 17:15:00,42355.6,42389.6,42275.2,42280.2,0,1610
2025-06-13 17:00:00,42403.6,42436.1,42311.6,42354.6,0,1805
2025-06-13 16:45:00,42491.2,42491.2,42357.0,42360.6,0,1724
2025-06-13 16:30:00,42543.2,42601.0,42447.2,42495.2,0,1982
2025-06-13 16:15:00,42528.0,42556.0,42469.2,42543.7,0,937
2025-06-13 16:00:00,42553.1,42555.0,42515.7,42529.0,0,568
2025-06-13 15:45:00,42576.0,42586.0,42549.2,42552.1,0,648
2025-06-13 15:30:00,42596.1,42623.0,42570.0,42574.0,0,723
2025-06-13 15:15:00,42567.1,42616.5,42561.6,42595.6,0,672
2025-06-13 15:00:00,42582.0,42589.0,42561.0,42566.1,0,546
2025-06-13 14:45:00,42577.1,42596.0,42568.1,42583.0,0,530
2025-06-13 14:30:00,42531.2,42577.1,42528.2,42575.1,0,633
2025-06-13 14:15:00,42539.6,42556.0,42524.2,42533.2,0,663
2025-06-13 14:00:00,42536.0,42585.2,42531.0,42540.1,0,835
2025-06-13 13:45:00,42503.1,42545.0,42502.1,42535.0,0,570
2025-06-13 13:30:00,42517.2,42517.2,42493.0,42502.1,0,532
2025-06-13 13:15:00,42491.2,42537.0,42469.5,42518.2,0,744
2025-06-13 13:00:00,42489.1,42508.2,42456.2,42492.2,0,760
2025-06-13 12:45:00,42491.1,42521.0,42468.0,42486.1,0,736
2025-06-13 12:30:00,42522.2,42527.7,42485.1,42492.1,0,705
2025-06-13 12:15:00,42473.2,42541.0,42461.2,42523.2,0,936
2025-06-13 12:00:00,42485.0,42532.0,42430.0,42475.2,0,885
2025-06-13 11:45:00,42492.6,42513.0,42453.2,42483.5,0,808
2025-06-13 11:30:00,42499.2,42509.1,42471.7,42491.6,0,743
2025-06-13 11:15:00,42516.5,42534.0,42472.2,42498.2,0,866
2025-06-13 11:00:00,42507.0,42544.2,42480.0,42516.0,0,950
2025-06-13 10:45:00,42504.2,42525.0,42463.2,42508.0,0,779
2025-06-13 10:30:00,42438.2,42508.2,42425.1,42505.2,0,759
2025-06-13 10:15:00,42477.7,42477.7,42417.1,42439.2,0,914
2025-06-13 10:00:00,42495.2,42520.5,42433.0,42477.2,0,1167
2025-06-13 09:45:00,42425.9,42499.9,42410.0,42496.9,0,797
2025-06-13 09:30:00,42415.1,42439.9,42389.0,42426.9,0,743
2025-06-13 09:15:00,42459.1,42479.3,42393.0,42413.1,0,823
2025-06-13 09:00:00,42446.3,42498.3,42434.1,42460.3,0,879
2025-06-13 08:45:00,42395.3,42445.3,42381.1,42445.3,0,563
2025-06-13 08:30:00,42418.1,42425.3,42379.3,42397.3,0,519
2025-06-13 08:15:00,42407.3,42419.3,42383.1,42417.1,0,541
2025-06-13 08:00:00,42385.0,42413.3,42353.1,42408.3,0,684
2025-06-13 07:45:00,42373.5,42404.5,42369.5,42385.2,0,429
2025-06-13 07:30:00,42338.5,42398.2,42336.5,42374.5,0,551
2025-06-13 07:15:00,42355.2,42363.8,42331.5,42339.5,0,475
2025-06-13 07:00:00,42423.8,42427.8,42357.2,42357.2,0,511
2025-06-13 06:45:00,42374.5,42435.8,42371.5,42424.8,0,539
2025-06-13 06:30:00,42370.2,42397.2,42362.2,42373.5,0,540
2025-06-13 06:15:00,42385.5,42404.8,42359.2,42371.2,0,581
2025-06-13 06:00:00,42349.5,42387.8,42315.2,42386.5,0,811
2025-06-13 05:45:00,42258.8,42348.5,42258.8,42348.5,0,857
2025-06-13 05:30:00,42318.5,42327.8,42208.2,42256.8,0,1100
2025-06-13 05:15:00,42404.2,42413.5,42317.2,42319.5,0,915
2025-06-13 05:00:00,42462.2,42464.5,42390.8,42406.2,0,769
2025-06-13 04:45:00,42381.8,42465.8,42379.8,42464.2,0,932
2025-06-13 04:30:00,42356.2,42416.8,42292.2,42379.8,0,1272
2025-06-13 04:15:00,42337.8,42413.8,42332.8,42355.2,0,1132
2025-06-13 04:00:00,42441.8,42450.8,42292.2,42336.8,0,1302
2025-06-13 03:45:00,42476.8,42526.2,42377.8,42442.8,0,1473
2025-06-13 03:30:00,42496.5,42528.2,42397.2,42474.8,0,1619
2025-06-13 03:15:00,42664.8,42671.8,42470.8,42499.5,0,1797
2025-06-13 03:00:00,42777.8,42779.8,42500.8,42662.8,0,2074
2025-06-13 02:45:00,42907.5,42911.5,42773.8,42778.8,0,391
2025-06-13 02:30:00,42919.5,42925.5,42894.2,42909.5,0,229
2025-06-13 02:15:00,42921.5,42928.5,42917.5,42918.5,0,105
2025-06-13 02:00:00,42924.5,42926.5,42911.5,42920.5,0,182
2025-06-13 01:45:00,42907.5,42929.5,42907.5,42925.5,0,147
2025-06-13 01:30:00,42917.5,42917.5,42896.2,42906.5,0,280
2025-06-13 01:15:00,42932.8,42933.8,42911.2,42918.5,0,143
2025-06-13 01:00:00,42936.0,42945.0,42917.5,42933.5,0,293
2025-06-12 23:45:00,42951.5,42955.0,42939.5,42954.0,0,163
2025-06-12 23:30:00,42956.5,42965.0,42949.0,42952.0,0,237
2025-06-12 23:15:00,42984.0,42985.0,42955.5,42958.0,0,315
2025-06-12 23:00:00,42994.5,43001.0,42975.0,42983.5,0,748
2025-06-12 22:45:00,42947.2,43000.0,42923.6,42997.0,0,1070
2025-06-12 22:30:00,42968.6,42980.6,42947.2,42948.2,0,772
2025-06-12 22:15:00,42969.6,42987.2,42950.2,42969.6,0,685
2025-06-12 22:00:00,42986.2,42997.2,42969.6,42971.6,0,653
2025-06-12 21:45:00,42957.4,42990.2,42947.6,42987.2,0,699
2025-06-12 21:30:00,42952.4,42978.2,42921.6,42959.4,0,866
2025-06-12 21:15:00,42965.2,42980.4,42920.6,42951.4,0,827
2025-06-12 21:00:00,42964.4,42993.2,42955.6,42966.2,0,722
2025-06-12 20:45:00,42973.6,42979.4,42954.6,42963.4,0,737
2025-06-12 20:30:00,42943.6,42982.2,42938.6,42971.6,0,792
2025-06-12 20:15:00,42950.6,42979.2,42923.6,42944.6,0,743
2025-06-12 20:00:00,42905.2,42966.2,42899.6,42951.6,0,893
2025-06-12 19:45:00,42941.2,42954.2,42897.6,42903.2,0,976
2025-06-12 19:30:00,42904.6,42949.2,42845.6,42940.2,0,1047
2025-06-12 19:15:00,42927.2,42933.2,42846.6,42905.6,0,1082
2025-06-12 19:00:00,42884.2,42944.6,42835.2,42923.6,0,1174
2025-06-12 18:45:00,42861.2,42887.2,42821.6,42882.2,0,1092
2025-06-12 18:30:00,42870.6,42891.2,42835.6,42862.2,0,1187
2025-06-12 18:15:00,42922.6,42923.2,42806.2,42874.6,0,1491
2025-06-12 18:00:00,42873.6,42938.2,42872.6,42923.6,0,1164
2025-06-12 17:45:00,42910.6,42934.2,42871.6,42872.6,0,1023
2025-06-12 17:30:00,42886.2,42934.2,42871.6,42909.6,0,1194
2025-06-12 17:15:00,42815.6,42902.2,42811.6,42885.2,0,1255
2025-06-12 17:00:00,42748.2,42822.2,42722.6,42814.6,0,1305
2025-06-12 16:45:00,42711.6,42765.2,42674.6,42749.2,0,1457
2025-06-12 16:30:00,42758.0,42778.0,42641.6,42712.6,0,1835
2025-06-12 16:15:00,42746.0,42778.5,42740.7,42756.0,0,582
2025-06-12 16:00:00,42764.0,42803.0,42742.2,42745.0,0,710
2025-06-12 15:45:00,42733.7,42767.0,42717.7,42763.0,0,708
2025-06-12 15:30:00,42629.8,42735.5,42617.8,42735.5,0,1003
2025-06-12 15:15:00,42633.2,42640.1,42618.2,42637.3,0,578
2025-06-12 15:00:00,42604.6,42643.0,42604.6,42634.2,0,555
2025-06-12 14:45:00,42631.0,42638.0,42598.2,42605.1,0,564
2025-06-12 14:30:00,42618.0,42632.0,42588.2,42630.0,0,619
2025-06-12 14:15:00,42628.0,42644.0,42609.0,42615.0,0,443
2025-06-12 14:00:00,42635.5,42661.0,42612.2,42629.5,0,567
2025-06-12 13:45:00,42629.2,42651.0,42622.7,42637.0,0,450
2025-06-12 13:30:00,42616.2,42637.2,42606.1,42630.2,0,534
2025-06-12 13:15:00,42635.2,42662.0,42599.7,42617.2,0,556
2025-06-12 13:00:00,42624.2,42644.5,42594.7,42634.2,0,632
2025-06-12 12:45:00,42664.0,42676.0,42623.2,42623.2,0,577
2025-06-12 12:30:00,42650.0,42694.0,42631.2,42663.0,0,541
2025-06-12 12:15:00,42676.5,42685.0,42631.2,42652.5,0,450
2025-06-12 12:00:00,42690.1,42708.5,42674.7,42677.0,0,378
2025-06-12 11:45:00,42683.1,42717.0,42672.2,42688.1,0,450
2025-06-12 11:30:00,42676.1,42689.0,42652.0,42685.1,0,590
2025-06-12 11:15:00,42688.2,42698.5,42664.2,42674.1,0,719
2025-06-12 11:00:00,42687.0,42707.0,42633.2,42690.2,0,958
2025-06-12 10:45:00,42762.0,42762.2,42678.2,42693.0,0,829
2025-06-12 10:30:00,42798.6,42798.6,42761.2,42764.0,0,578
2025-06-12 10:15:00,42815.1,42827.1,42798.1,42799.1,0,468
2025-06-12 10:00:00,42809.2,42846.5,42809.2,42814.6,0,618
2025-06-12 09:45:00,42777.1,42809.9,42766.1,42808.9,0,311
2025-06-12 09:30:00,42762.3,42783.3,42752.3,42776.1,0,319
2025-06-12 09:15:00,42773.1,42783.3,42757.9,42761.3,0,276
2025-06-12 09:00:00,42774.1,42775.1,42744.9,42772.1,0,420
2025-06-12 08:45:00,42749.9,42785.1,42745.1,42775.1,0,302
2025-06-12 08:30:00,42782.1,42784.1,42741.9,42746.9,0,219
2025-06-12 08:15:00,42767.1,42785.3,42763.1,42781.1,0,179
2025-06-12 08:00:00,42777.1,42777.1,42761.1,42765.1,0,163
2025-06-12 07:45:00,42759.2,42777.8,42759.2,42777.5,0,137
2025-06-12 07:30:00,42766.5,42767.5,42745.2,42760.2,0,119
2025-06-12 07:15:00,42756.5,42768.5,42756.5,42765.5,0,133
2025-06-12 07:00:00,42758.8,42772.8,42751.2,42755.5,0,176
2025-06-12 06:45:00,42771.5,42773.5,42753.8,42757.8,0,160
2025-06-12 06:30:00,42772.2,42778.5,42768.5,42772.5,0,109
2025-06-12 06:15:00,42744.5,42776.2,42744.5,42774.2,0,213
2025-06-12 06:00:00,42727.5,42745.5,42722.5,42745.5,0,229
2025-06-12 05:45:00,42731.5,42731.5,42715.5,42726.5,0,204
2025-06-12 05:30:00,42736.5,42742.8,42725.5,42732.5,0,190
2025-06-12 05:15:00,42738.5,42747.8,42726.5,42738.5,0,285
2025-06-12 05:00:00,42741.5,42752.8,42717.2,42739.5,0,316
2025-06-12 04:45:00,42719.5,42741.5,42699.5,42740.5,0,377
2025-06-12 04:30:00,42730.2,42739.5,42688.8,42720.5,0,542
2025-06-12 04:15:00,42790.2,42806.5,42720.8,42729.2,0,523
2025-06-12 04:00:00,42767.8,42792.5,42766.8,42789.2,0,334
2025-06-12 03:45:00,42806.5,42811.5,42750.2,42766.8,0,435
2025-06-12 03:30:00,42797.5,42831.5,42783.8,42807.5,0,421
2025-06-12 03:15:00,42815.5,42827.5,42783.2,42798.5,0,427
2025-06-12 03:00:00,42843.5,42851.8,42801.8,42816.5,0,494
2025-06-12 02:45:00,42862.5,42863.5,42837.5,42840.5,0,187
2025-06-12 02:30:00,42829.5,42874.5,42829.5,42863.5,0,254
2025-06-12 02:15:00,42836.5,42839.5,42821.5,42828.5,0,255
2025-06-12 02:00:00,42830.5,42850.5,42818.8,42837.5,0,399
2025-06-12 01:45:00,42889.5,42893.5,42820.2,42838.5,0,435
2025-06-12 01:30:00,42902.5,42913.5,42885.8,42890.5,0,222
2025-06-12 01:15:00,42880.5,42902.8,42874.5,42900.5,0,206
2025-06-12 01:00:00,42851.0,42883.5,42840.0,42882.5,0,206
2025-06-11 23:45:00,42883.0,42886.5,42869.0,42886.5,0,195
2025-06-11 23:30:00,42895.0,42898.0,42872.0,42881.0,0,305
2025-06-11 23:15:00,42902.0,42917.0,42893.0,42897.0,0,417
2025-06-11 23:00:00,42907.0,42912.5,42888.0,42901.0,0,766
2025-06-11 22:45:00,42860.6,42917.0,42829.6,42904.0,0,1585
2025-06-11 22:30:00,42837.6,42877.2,42793.6,42858.6,0,1446
2025-06-11 22:15:00,42870.6,42891.6,42819.6,42841.6,0,1494
2025-06-11 22:00:00,42871.6,42887.2,42806.2,42871.6,0,1516
2025-06-11 21:45:00,42942.6,42970.2,42862.6,42870.6,0,1386
2025-06-11 21:30:00,42853.2,42954.6,42791.6,42943.6,0,1561
2025-06-11 21:15:00,42850.2,42880.2,42761.2,42850.2,0,1897
2025-06-11 21:00:00,43021.2,43038.2,42853.2,42853.2,0,1883
2025-06-11 20:45:00,43089.6,43092.2,43010.6,43023.2,0,1215
2025-06-11 20:30:00,43134.6,43151.2,43052.6,43087.6,0,1011
2025-06-11 20:15:00,43091.6,43147.2,43079.6,43133.6,0,860
2025-06-11 20:00:00,43042.6,43112.2,43030.6,43089.6,0,993
2025-06-11 19:45:00,43023.4,43059.2,43014.2,43041.6,0,878
2025-06-11 19:30:00,43018.6,43059.2,42982.6,43022.4,0,1059
2025-06-11 19:15:00,42984.6,43030.2,42958.6,43020.6,0,1173
2025-06-11 19:00:00,43039.2,43061.2,42953.2,42988.2,0,1367
2025-06-11 18:45:00,43045.6,43084.2,43014.2,43038.2,0,1152
2025-06-11 18:30:00,43050.2,43076.6,43033.6,43047.6,0,1128
2025-06-11 18:15:00,43037.6,43078.2,43033.6,43053.2,0,1028
2025-06-11 18:00:00,43050.2,43083.2,42993.6,43035.6,0,1180
2025-06-11 17:45:00,43041.6,43085.6,43031.6,43051.2,0,929
2025-06-11 17:30:00,43035.6,43043.2,43008.6,43039.6,0,1095
2025-06-11 17:15:00,42949.6,43045.2,42943.6,43034.6,0,1235
2025-06-11 17:00:00,42960.6,42982.2,42916.6,42948.6,0,1421
2025-06-11 16:45:00,42903.6,42985.2,42853.6,42963.6,0,1709
2025-06-11 16:30:00,42934.0,42934.0,42831.2,42902.6,0,2005
2025-06-11 16:15:00,42944.2,42952.2,42912.7,42931.0,0,810
2025-06-11 16:00:00,42956.2,42976.0,42917.2,42945.7,0,974
2025-06-11 15:45:00,42993.5,43005.2,42941.7,42957.2,0,1216
2025-06-11 15:30:00,42828.8,43125.8,42828.8,42992.0,0,1711
2025-06-11 15:15:00,42822.2,42843.1,42788.7,42831.6,0,856
2025-06-11 15:00:00,42819.2,42931.0,42757.0,42824.2,0,1224
2025-06-11 14:45:00,42803.6,42830.5,42796.2,42818.2,0,339
2025-06-11 14:30:00,42787.2,42810.0,42780.5,42804.1,0,387
2025-06-11 14:15:00,42787.5,42787.5,42745.2,42785.2,0,580
2025-06-11 14:00:00,42821.2,42822.2,42787.7,42788.0,0,320
2025-06-11 13:45:00,42826.2,42833.5,42815.0,42822.2,0,289
2025-06-11 13:30:00,42822.0,42836.0,42796.0,42829.0,0,250
2025-06-11 13:15:00,42820.0,42828.1,42812.1,42821.0,0,233
2025-06-11 13:00:00,42814.0,42839.7,42805.2,42820.5,0,320
2025-06-11 12:45:00,42832.2,42837.0,42810.5,42813.0,0,224
2025-06-11 12:30:00,42845.7,42857.0,42826.7,42831.7,0,267
2025-06-11 12:15:00,42831.2,42848.6,42831.2,42847.2,0,239
2025-06-11 12:00:00,42856.5,42859.5,42830.2,42833.2,0,321
2025-06-11 11:45:00,42856.1,42865.1,42849.7,42856.0,0,249
2025-06-11 11:30:00,42830.6,42874.2,42827.5,42857.6,0,411
2025-06-11 11:15:00,42828.1,42837.0,42813.1,42831.1,0,337
2025-06-11 11:00:00,42828.2,42832.6,42810.7,42829.1,0,489
2025-06-11 10:45:00,42796.1,42834.5,42795.6,42827.2,0,387
2025-06-11 10:30:00,42796.2,42805.0,42777.2,42795.6,0,410
2025-06-11 10:15:00,42823.0,42824.1,42795.2,42795.2,0,443
2025-06-11 10:00:00,42809.0,42840.0,42796.2,42821.0,0,625
2025-06-11 09:45:00,42792.3,42809.9,42790.1,42808.3,0,286
2025-06-11 09:30:00,42812.1,42812.1,42780.9,42790.3,0,315
2025-06-11 09:15:00,42790.1,42816.3,42786.1,42811.1,0,331
2025-06-11 09:00:00,42800.3,42804.1,42784.9,42792.1,0,355
2025-06-11 08:45:00,42806.1,42816.3,42793.3,42798.3,0,244
2025-06-11 08:30:00,42811.9,42815.9,42795.9,42805.1,0,236
2025-06-11 08:15:00,42811.1,42818.1,42794.3,42810.9,0,268
2025-06-11 08:00:00,42783.1,42814.3,42768.9,42812.1,0,281
2025-06-11 07:45:00,42793.5,42797.5,42777.2,42782.5,0,174
2025-06-11 07:30:00,42802.8,42807.8,42790.2,42792.5,0,127
2025-06-11 07:15:00,42808.5,42824.8,42800.2,42801.8,0,175
2025-06-11 07:00:00,42800.5,42816.5,42799.5,42810.5,0,186
2025-06-11 06:45:00,42796.5,42804.8,42789.5,42801.5,0,113
2025-06-11 06:30:00,42792.5,42799.5,42782.5,42797.5,0,121
2025-06-11 06:15:00,42787.5,42800.5,42779.5,42791.5,0,155
2025-06-11 06:00:00,42790.5,42797.5,42779.2,42788.5,0,236
2025-06-11 05:45:00,42800.5,42801.5,42789.5,42791.5,0,98
2025-06-11 05:30:00,42792.5,42808.5,42788.5,42799.5,0,123
2025-06-11 05:15:00,42795.5,42797.5,42783.5,42794.5,0,152
2025-06-11 05:00:00,42801.5,42805.5,42790.5,42797.5,0,222
2025-06-11 04:45:00,42805.5,42811.8,42794.5,42800.5,0,280
2025-06-11 04:30:00,42805.8,42807.5,42772.5,42804.5,0,364
2025-06-11 04:15:00,42825.5,42827.5,42786.2,42806.8,0,352
2025-06-11 04:00:00,42821.5,42838.5,42816.8,42824.5,0,278
2025-06-11 03:45:00,42843.5,42844.5,42819.5,42822.5,0,286
2025-06-11 03:30:00,42847.5,42853.5,42831.5,42841.5,0,276
2025-06-11 03:15:00,42861.2,42879.5,42846.5,42846.5,0,355
2025-06-11 03:00:00,42874.5,42890.5,42833.2,42860.2,0,569
2025-06-11 02:45:00,42881.5,42886.5,42860.2,42879.5,0,333
2025-06-11 02:30:00,42907.5,42907.5,42874.5,42882.5,0,261
2025-06-11 02:15:00,42880.5,42935.2,42879.5,42906.5,0,498
2025-06-11 02:00:00,42899.5,42899.5,42814.5,42881.5,0,551
2025-06-11 01:45:00,42875.5,42908.8,42873.5,42900.5,0,238
2025-06-11 01:30:00,42870.5,42880.8,42864.5,42876.5,0,106
2025-06-11 01:15:00,42876.5,42887.5,42871.5,42871.5,0,95
2025-06-11 01:00:00,42881.0,42883.0,42870.5,42877.5,0,129
2025-06-10 23:45:00,42877.5,42881.0,42868.0,42876.0,0,155
2025-06-10 23:30:00,42871.0,42884.0,42863.0,42878.0,0,220
2025-06-10 23:15:00,42845.5,42895.0,42845.5,42873.0,0,375
2025-06-10 23:00:00,42896.0,42902.0,42845.5,42846.0,0,691
2025-06-10 22:45:00,42852.6,42915.0,42831.2,42901.0,0,1207
2025-06-10 22:30:00,42870.6,42877.2,42817.6,42853.6,0,959
2025-06-10 22:15:00,42896.6,42901.2,42869.6,42871.6,0,877
2025-06-10 22:00:00,42873.6,42943.2,42873.6,42897.6,0,1016
2025-06-10 21:45:00,42818.2,42897.6,42805.6,42872.6,0,893
2025-06-10 21:30:00,42781.2,42827.2,42777.2,42817.2,0,778
2025-06-10 21:15:00,42783.6,42801.2,42761.6,42782.2,0,853
2025-06-10 21:00:00,42845.9,42845.9,42767.2,42785.6,0,1310
2025-06-10 20:45:00,42885.2,42885.2,42837.6,42844.9,0,727
2025-06-10 20:30:00,42902.6,42913.2,42880.6,42886.2,0,825
2025-06-10 20:15:00,42944.6,42952.6,42895.6,42901.6,0,842
2025-06-10 20:00:00,42905.6,42959.2,42876.6,42943.6,0,783
2025-06-10 19:45:00,42872.2,42911.2,42872.2,42903.6,0,678
2025-06-10 19:30:00,42854.6,42890.2,42852.6,42871.2,0,748
2025-06-10 19:15:00,42828.6,42866.2,42822.6,42857.2,0,690
2025-06-10 19:00:00,42810.6,42851.2,42810.6,42829.6,0,889
2025-06-10 18:45:00,42804.6,42820.2,42790.6,42811.6,0,871
2025-06-10 18:30:00,42842.2,42843.2,42729.2,42806.6,0,1466
2025-06-10 18:15:00,42825.2,42851.2,42817.6,42843.2,0,879
2025-06-10 18:00:00,42818.6,42855.2,42800.6,42826.2,0,1033
2025-06-10 17:45:00,42853.6,42859.2,42807.6,42815.6,0,1104
2025-06-10 17:30:00,42812.2,42861.2,42778.6,42851.6,0,1033
2025-06-10 17:15:00,42774.2,42816.2,42764.6,42811.2,0,1012
2025-06-10 17:00:00,42775.6,42798.2,42757.6,42773.2,0,937
2025-06-10 16:45:00,42790.2,42790.6,42749.6,42776.6,0,1007
2025-06-10 16:30:00,42774.0,42834.0,42760.2,42789.2,0,1699
2025-06-10 16:15:00,42796.2,42820.5,42769.2,42776.0,0,667
2025-06-10 16:00:00,42792.2,42806.0,42781.7,42795.2,0,515
2025-06-10 15:45:00,42805.7,42819.0,42785.2,42791.2,0,377
2025-06-10 15:30:00,42801.1,42817.5,42786.2,42806.7,0,380
2025-06-10 15:15:00,42810.2,42817.0,42788.7,42802.1,0,477
2025-06-10 15:00:00,42795.2,42817.0,42787.2,42808.2,0,496
2025-06-10 14:45:00,42764.1,42795.7,42763.1,42795.7,0,368
2025-06-10 14:30:00,42768.0,42798.5,42763.2,42765.1,0,447
2025-06-10 14:15:00,42742.2,42774.5,42741.2,42769.0,0,463
2025-06-10 14:00:00,42780.5,42792.5,42738.2,42741.2,0,564
2025-06-10 13:45:00,42773.0,42782.5,42761.7,42780.0,0,386
2025-06-10 13:30:00,42767.7,42773.1,42758.0,42772.0,0,341
2025-06-10 13:15:00,42771.1,42781.0,42760.2,42765.2,0,285
2025-06-10 13:00:00,42742.1,42778.0,42742.1,42770.1,0,417
2025-06-10 12:45:00,42753.0,42757.0,42740.6,42742.6,0,299
2025-06-10 12:30:00,42738.1,42753.1,42735.1,42752.0,0,311
2025-06-10 12:15:00,42746.1,42747.1,42732.2,42739.1,0,375
2025-06-10 12:00:00,42733.1,42745.1,42714.2,42745.1,0,432
2025-06-10 11:45:00,42739.0,42749.0,42717.2,42735.1,0,538
2025-06-10 11:30:00,42714.2,42752.0,42702.2,42738.0,0,511
2025-06-10 11:15:00,42677.0,42718.0,42676.0,42710.7,0,718
2025-06-10 11:00:00,42740.2,42749.0,42671.2,42677.5,0,773
2025-06-10 10:45:00,42685.0,42746.2,42662.2,42743.2,0,818
2025-06-10 10:30:00,42755.1,42786.0,42682.2,42682.2,0,770
2025-06-10 10:15:00,42767.2,42794.0,42755.2,42757.1,0,748
2025-06-10 10:00:00,42768.1,42791.1,42751.2,42764.7,0,932
2025-06-10 09:45:00,42784.1,42792.1,42753.9,42769.1,0,511
2025-06-10 09:30:00,42788.9,42792.3,42773.3,42783.1,0,375
2025-06-10 09:15:00,42776.9,42803.3,42771.3,42789.9,0,519
2025-06-10 09:00:00,42790.1,42805.9,42770.9,42774.9,0,651
2025-06-10 08:45:00,42802.3,42808.1,42767.9,42788.1,0,606
2025-06-10 08:30:00,42736.3,42808.9,42691.3,42801.3,0,1065
2025-06-10 08:15:00,42884.1,42884.1,42713.3,42733.3,0,952
2025-06-10 08:00:00,42884.1,42900.3,42882.1,42885.1,0,178
2025-06-10 07:45:00,42892.5,42896.5,42882.5,42883.5,0,91
2025-06-10 07:30:00,42886.8,42894.8,42883.8,42891.5,0,130
2025-06-10 07:15:00,42904.5,42909.5,42884.2,42885.8,0,136
2025-06-10 07:00:00,42910.5,42919.5,42903.5,42905.5,0,126
2025-06-10 06:45:00,42918.5,42922.5,42908.5,42911.5,0,87
2025-06-10 06:30:00,42913.5,42922.2,42911.5,42919.5,0,106
2025-06-10 06:15:00,42920.5,42921.5,42910.5,42912.5,0,90
2025-06-10 06:00:00,42935.5,42943.5,42912.5,42919.5,0,187
2025-06-10 05:45:00,42918.5,42948.8,42908.5,42934.5,0,234
2025-06-10 05:30:00,42902.5,42918.5,42902.5,42917.5,0,137
2025-06-10 05:15:00,42900.5,42908.5,42893.5,42903.5,0,182
2025-06-10 05:00:00,42919.5,42921.5,42891.5,42901.5,0,226
2025-06-10 04:45:00,42912.5,42933.5,42907.2,42918.5,0,305
2025-06-10 04:30:00,42911.5,42944.2,42904.5,42911.5,0,528
2025-06-10 04:15:00,42843.5,42917.5,42843.5,42910.5,0,462
2025-06-10 04:00:00,42826.5,42842.5,42825.5,42842.5,0,172
2025-06-10 03:45:00,42828.8,42838.5,42823.5,42827.5,0,224
2025-06-10 03:30:00,42803.8,42829.8,42796.5,42829.8,0,181
2025-06-10 03:15:00,42769.5,42806.5,42767.5,42802.8,0,205
2025-06-10 03:00:00,42797.5,42798.5,42767.5,42768.5,0,283
2025-06-10 02:45:00,42800.5,42806.5,42797.5,42801.5,0,141
2025-06-10 02:30:00,42803.5,42805.5,42797.5,42799.5,0,73
2025-06-10 02:15:00,42795.5,42806.5,42794.5,42802.5,0,73
2025-06-10 02:00:00,42797.5,42803.5,42792.5,42794.5,0,93
2025-06-10 01:45:00,42807.5,42808.5,42795.5,42796.5,0,113
2025-06-10 01:30:00,42810.5,42815.5,42805.5,42808.5,0,118
2025-06-10 01:15:00,42817.5,42822.5,42811.5,42811.5,0,104
2025-06-10 01:00:00,42790.0,42817.5,42790.0,42816.5,0,236
2025-06-09 23:45:00,42798.5,42805.5,42791.0,42802.0,0,156
2025-06-09 23:30:00,42789.0,42801.5,42786.0,42799.0,0,188
2025-06-09 23:15:00,42781.5,42795.5,42774.0,42788.5,0,264
2025-06-09 23:00:00,42788.5,42801.5,42766.0,42781.0,0,712
2025-06-09 22:45:00,42846.2,42875.2,42778.0,42786.0,0,1172
2025-06-09 22:30:00,42860.2,42879.2,42829.6,42849.2,0,891
2025-06-09 22:15:00,42865.6,42880.2,42847.6,42861.2,0,727
2025-06-09 22:00:00,42880.6,42897.2,42863.6,42866.6,0,649
2025-06-09 21:45:00,42871.2,42897.2,42862.6,42879.6,0,629
2025-06-09 21:30:00,42903.2,42915.2,42848.6,42870.2,0,783
2025-06-09 21:15:00,42914.6,42928.2,42898.6,42904.2,0,581
2025-06-09 21:00:00,42887.4,42926.2,42879.6,42915.6,0,715
2025-06-09 20:45:00,42888.6,42911.2,42876.6,42889.4,0,674
2025-06-09 20:30:00,42890.6,42900.2,42866.6,42887.6,0,814
2025-06-09 20:15:00,42855.6,42902.2,42822.0,42891.6,0,900
2025-06-09 20:00:00,42825.6,42866.2,42822.6,42856.6,0,785
2025-06-09 19:45:00,42806.2,42863.2,42796.6,42824.6,0,892
2025-06-09 19:30:00,42780.6,42805.6,42773.6,42805.2,0,694
2025-06-09 19:15:00,42773.6,42792.2,42766.6,42781.6,0,742
2025-06-09 19:00:00,42752.6,42779.2,42721.6,42774.6,0,833
2025-06-09 18:45:00,42740.6,42775.2,42740.6,42753.6,0,805
2025-06-09 18:30:00,42684.2,42748.2,42675.6,42738.6,0,922
2025-06-09 18:15:00,42672.6,42722.2,42668.6,42682.2,0,981
2025-06-09 18:00:00,42675.6,42707.2,42667.6,42674.6,0,999
2025-06-09 17:45:00,42620.2,42675.2,42587.6,42673.6,0,1183
2025-06-09 17:30:00,42677.6,42721.6,42604.6,42618.6,0,1275
2025-06-09 17:15:00,42660.2,42702.2,42644.6,42676.6,0,1104
2025-06-09 17:00:00,42675.2,42693.2,42640.6,42661.2,0,1340
2025-06-09 16:45:00,42713.2,42755.2,42664.6,42668.6,0,1444
2025-06-09 16:30:00,42808.5,42822.0,42675.6,42715.2,0,1865
2025-06-09 16:15:00,42831.2,42840.0,42801.5,42809.0,0,566
2025-06-09 16:00:00,42828.0,42846.0,42823.2,42833.7,0,404
2025-06-09 15:45:00,42848.2,42850.1,42824.2,42827.0,0,387
2025-06-09 15:30:00,42845.6,42852.0,42833.6,42847.7,0,376
2025-06-09 15:15:00,42836.2,42857.5,42826.2,42845.1,0,419
2025-06-09 15:00:00,42848.2,42858.6,42835.2,42837.2,0,444
2025-06-09 14:45:00,42851.0,42866.0,42838.2,42848.7,0,378
2025-06-09 14:30:00,42839.6,42873.2,42835.1,42849.2,0,547
2025-06-09 14:15:00,42833.5,42855.1,42825.7,42839.1,0,430
2025-06-09 14:00:00,42813.0,42845.0,42812.0,42831.5,0,398
2025-06-09 13:45:00,42813.1,42818.1,42798.7,42813.5,0,296
2025-06-09 13:30:00,42812.1,42831.0,42812.1,42812.1,0,208
2025-06-09 13:15:00,42831.0,42834.0,42812.1,42813.1,0,268
2025-06-09 13:00:00,42820.0,42835.0,42815.1,42829.5,0,246
2025-06-09 12:45:00,42835.7,42837.2,42816.1,42819.0,0,253
2025-06-09 12:30:00,42849.2,42851.1,42833.7,42833.7,0,231
2025-06-09 12:15:00,42840.6,42851.0,42829.2,42849.7,0,313
2025-06-09 12:00:00,42850.7,42858.0,42832.7,42840.1,0,351
2025-06-09 11:45:00,42809.1,42857.0,42807.1,42850.2,0,381
2025-06-09 11:30:00,42819.1,42820.2,42798.2,42810.1,0,344
2025-06-09 11:15:00,42825.1,42840.0,42818.1,42820.1,0,471
2025-06-09 11:00:00,42826.0,42837.5,42815.0,42824.1,0,518
2025-06-09 10:45:00,42813.0,42826.5,42805.0,42826.5,0,364
2025-06-09 10:30:00,42789.7,42812.0,42789.1,42811.5,0,473
2025-06-09 10:15:00,42771.1,42796.0,42752.0,42790.2,0,511
2025-06-09 10:00:00,42789.0,42806.0,42766.2,42773.1,0,498
2025-06-09 09:45:00,42755.1,42790.1,42754.3,42789.3,0,336
2025-06-09 09:30:00,42740.1,42755.1,42732.1,42754.1,0,232
2025-06-09 09:15:00,42727.1,42743.1,42724.1,42741.1,0,162
2025-06-09 09:00:00,42740.1,42745.1,42722.3,42728.1,0,222
2025-06-09 08:45:00,42727.1,42740.1,42719.1,42739.1,0,158
2025-06-09 08:30:00,42732.1,42737.9,42719.1,42726.1,0,189
2025-06-09 08:15:00,42728.1,42735.1,42719.1,42733.1,0,144
2025-06-09 08:00:00,42741.3,42742.3,42717.1,42727.1,0,208
2025-06-09 07:45:00,42728.5,42744.5,42725.5,42739.8,0,111
2025-06-09 07:30:00,42722.5,42731.8,42716.5,42726.5,0,125
2025-06-09 07:15:00,42738.5,42739.5,42720.5,42721.5,0,140
2025-06-09 07:00:00,42727.5,42741.5,42720.5,42739.5,0,133
2025-06-09 06:45:00,42714.5,42730.2,42714.5,42729.5,0,119
2025-06-09 06:30:00,42708.5,42719.8,42707.5,42715.5,0,123
2025-06-09 06:15:00,42719.5,42721.5,42705.5,42707.5,0,123
2025-06-09 06:00:00,42740.5,42740.5,42714.2,42718.5,0,202
2025-06-09 05:45:00,42738.5,42747.5,42730.5,42742.5,0,108
2025-06-09 05:30:00,42733.5,42742.5,42725.2,42737.5,0,174
2025-06-09 05:15:00,42744.5,42746.5,42728.5,42735.5,0,179
2025-06-09 05:00:00,42751.5,42765.5,42742.5,42746.5,0,217
2025-06-09 04:45:00,42742.5,42755.5,42742.5,42748.5,0,168
2025-06-09 04:30:00,42751.5,42758.5,42737.2,42743.5,0,192
2025-06-09 04:15:00,42761.5,42761.5,42744.5,42752.5,0,140
2025-06-09 04:00:00,42771.5,42772.5,42754.5,42762.5,0,215
2025-06-09 03:45:00,42769.5,42779.5,42767.5,42770.5,0,199
2025-06-09 03:30:00,42773.5,42785.5,42764.5,42768.5,0,284
2025-06-09 03:15:00,42791.5,42793.5,42762.5,42769.5,0,262
2025-06-09 03:00:00,42784.8,42799.8,42776.8,42790.5,0,316
2025-06-09 02:45:00,42786.5,42799.2,42780.5,42787.8,0,248
2025-06-09 02:30:00,42772.5,42789.8,42767.5,42787.5,0,164
2025-06-09 02:15:00,42761.5,42776.5,42759.2,42770.5,0,175
2025-06-09 02:00:00,42756.5,42770.5,42746.5,42760.5,0,311
2025-06-09 01:45:00,42760.5,42764.5,42744.8,42755.5,0,286
2025-06-09 01:30:00,42772.2,42774.5,42748.8,42759.5,0,436
2025-06-09 01:15:00,42782.2,42786.2,42750.2,42773.2,0,541
2025-06-09 01:00:00,42858.0,42862.0,42783.2,42783.2,0,296
2025-06-06 23:45:00,42794.6,42809.2,42794.6,42809.2,0,140
2025-06-06 23:30:00,42802.9,42807.9,42795.6,42795.6,0,171
2025-06-06 23:15:00,42797.4,42818.2,42794.1,42802.4,0,250
2025-06-06 23:00:00,42783.7,42799.4,42773.4,42795.9,0,626
2025-06-06 22:45:00,42785.6,42829.6,42775.2,42778.2,0,1231
2025-06-06 22:30:00,42790.4,42813.2,42767.6,42786.6,0,893
2025-06-06 22:15:00,42786.2,42823.2,42777.6,42792.4,0,948
2025-06-06 22:00:00,42774.6,42806.2,42768.6,42788.2,0,907
2025-06-06 21:45:00,42786.2,42806.2,42758.6,42776.6,0,903
2025-06-06 21:30:00,42766.2,42829.2,42763.6,42785.2,0,1023
2025-06-06 21:15:00,42764.6,42799.2,42757.6,42765.2,0,857
2025-06-06 21:00:00,42709.4,42784.2,42709.4,42763.6,0,1024
2025-06-06 20:45:00,42700.4,42725.2,42693.6,42710.4,0,754
2025-06-06 20:30:00,42669.6,42709.2,42667.6,42702.4,0,861
2025-06-06 20:15:00,42633.2,42702.2,42614.6,42668.6,0,1034
2025-06-06 20:00:00,42652.2,42656.2,42608.6,42634.2,0,1201
2025-06-06 19:45:00,42667.2,42688.2,42598.6,42651.2,0,1332
2025-06-06 19:30:00,42725.6,42756.2,42645.2,42665.2,0,1190
2025-06-06 19:15:00,42733.6,42739.2,42699.6,42726.6,0,1143
2025-06-06 19:00:00,42715.2,42757.2,42710.6,42732.6,0,1002
2025-06-06 18:45:00,42698.6,42759.2,42685.6,42714.2,0,1120
2025-06-06 18:30:00,42704.2,42719.2,42656.6,42697.6,0,1362
2025-06-06 18:15:00,42803.2,42806.2,42614.6,42706.2,0,1757
2025-06-06 18:00:00,42787.2,42862.2,42784.2,42804.2,0,1272
2025-06-06 17:45:00,42837.2,42840.4,42781.6,42786.2,0,989
2025-06-06 17:30:00,42849.2,42863.2,42804.2,42836.2,0,1210
2025-06-06 17:15:00,42880.2,42897.2,42829.6,42851.2,0,1454
2025-06-06 17:00:00,42904.2,42913.2,42839.6,42875.6,0,1549
2025-06-06 16:45:00,42935.2,42956.2,42854.6,42906.2,0,1664
2025-06-06 16:30:00,42726.0,42942.2,42696.2,42934.2,0,1956
2025-06-06 16:15:00,42702.2,42761.2,42697.2,42722.0,0,982
2025-06-06 16:00:00,42651.2,42713.5,42636.2,42701.2,0,929
2025-06-06 15:45:00,42651.2,42668.0,42627.2,42652.2,0,957
2025-06-06 15:30:00,42512.1,42662.2,42512.1,42650.2,0,1505
2025-06-06 15:15:00,42520.0,42521.0,42488.2,42513.1,0,552
2025-06-06 15:00:00,42476.2,42523.0,42474.7,42521.0,0,524
2025-06-06 14:45:00,42473.1,42488.0,42463.2,42477.2,0,379
2025-06-06 14:30:00,42462.0,42478.1,42449.0,42474.1,0,543
2025-06-06 14:15:00,42437.0,42467.0,42431.7,42461.0,0,495
2025-06-06 14:00:00,42457.2,42461.5,42430.0,42437.5,0,555
2025-06-06 13:45:00,42476.1,42482.0,42455.2,42458.7,0,362
2025-06-06 13:30:00,42490.1,42496.1,42464.2,42476.6,0,313
2025-06-06 13:15:00,42488.1,42502.0,42477.2,42491.1,0,253
2025-06-06 13:00:00,42489.7,42498.2,42476.2,42487.1,0,297
2025-06-06 12:45:00,42489.1,42506.0,42487.1,42489.2,0,265
2025-06-06 12:30:00,42500.2,42514.5,42482.2,42487.6,0,290
2025-06-06 12:15:00,42495.1,42509.0,42492.0,42503.0,0,327
2025-06-06 12:00:00,42509.0,42517.0,42476.2,42492.6,0,432
2025-06-06 11:45:00,42508.0,42510.1,42495.1,42508.5,0,361
2025-06-06 11:30:00,42498.6,42510.0,42482.2,42507.0,0,426
2025-06-06 11:15:00,42505.0,42516.2,42480.2,42499.1,0,478
2025-06-06 11:00:00,42518.6,42526.5,42494.7,42506.5,0,535
2025-06-06 10:45:00,42526.1,42540.6,42510.2,42515.6,0,369
2025-06-06 10:30:00,42518.0,42535.1,42510.2,42525.1,0,447
2025-06-06 10:15:00,42527.5,42541.0,42510.2,42519.0,0,446
2025-06-06 10:00:00,42533.2,42555.0,42521.2,42528.0,0,593
2025-06-06 09:45:00,42512.9,42535.3,42500.9,42534.3,0,259
2025-06-06 09:30:00,42496.3,42533.9,42493.3,42511.9,0,357
2025-06-06 09:15:00,42485.3,42499.3,42476.1,42497.3,0,298
2025-06-06 09:00:00,42495.1,42497.1,42477.9,42486.3,0,310
2025-06-06 08:45:00,42507.1,42511.1,42487.9,42494.1,0,212
2025-06-06 08:30:00,42491.9,42508.1,42489.1,42508.1,0,149
2025-06-06 08:15:00,42500.1,42504.1,42483.1,42492.9,0,225
2025-06-06 08:00:00,42492.3,42508.3,42488.3,42499.1,0,282
2025-06-06 07:45:00,42478.5,42491.8,42472.5,42490.8,0,196
2025-06-06 07:30:00,42472.5,42477.5,42453.5,42477.5,0,200
2025-06-06 07:15:00,42462.5,42471.5,42451.8,42470.5,0,141
2025-06-06 07:00:00,42464.5,42469.5,42453.5,42460.5,0,178
2025-06-06 06:45:00,42468.5,42476.5,42460.5,42463.5,0,189
2025-06-06 06:30:00,42450.5,42469.5,42438.5,42469.5,0,203
2025-06-06 06:15:00,42438.5,42463.8,42438.5,42449.5,0,177
2025-06-06 06:00:00,42446.5,42449.2,42435.5,42439.5,0,180
2025-06-06 05:45:00,42443.5,42451.5,42436.5,42445.5,0,181
2025-06-06 05:30:00,42449.5,42453.5,42432.5,42442.5,0,235
2025-06-06 05:15:00,42448.5,42456.8,42439.5,42450.5,0,206
2025-06-06 05:00:00,42453.5,42458.5,42440.5,42447.5,0,214
2025-06-06 04:45:00,42480.2,42480.2,42446.5,42451.5,0,226
2025-06-06 04:30:00,42446.5,42477.2,42431.5,42477.2,0,297
2025-06-06 04:15:00,42461.5,42471.5,42436.5,42447.5,0,313
2025-06-06 04:00:00,42450.5,42464.5,42439.5,42462.5,0,322
2025-06-06 03:45:00,42438.5,42453.5,42417.5,42451.5,0,341
2025-06-06 03:30:00,42435.5,42450.5,42424.5,42439.5,0,316
2025-06-06 03:15:00,42461.2,42464.2,42417.8,42434.5,0,425
2025-06-06 03:00:00,42407.5,42466.8,42407.5,42458.2,0,492
2025-06-06 02:45:00,42400.5,42424.8,42389.5,42404.5,0,375
2025-06-06 02:30:00,42387.5,42405.5,42375.5,42401.5,0,267
2025-06-06 02:15:00,42403.5,42403.5,42380.8,42385.5,0,303
2025-06-06 02:00:00,42400.5,42408.8,42385.5,42402.5,0,287
2025-06-06 01:45:00,42371.5,42402.5,42368.5,42401.5,0,266
2025-06-06 01:30:00,42377.5,42383.5,42369.5,42370.5,0,203
2025-06-06 01:15:00,42371.5,42380.5,42359.5,42376.5,0,249
2025-06-06 01:00:00,42339.0,42372.5,42332.0,42372.5,0,246
2025-06-05 23:45:00,42376.5,42398.0,42362.5,42366.0,0,453
2025-06-05 23:30:00,42385.0,42399.0,42354.0,42375.0,0,504
2025-06-05 23:15:00,42390.0,42415.0,42365.0,42387.0,0,745
2025-06-05 23:00:00,42359.5,42411.0,42352.0,42391.0,0,949
2025-06-05 22:45:00,42401.6,42448.2,42300.0,42356.0,0,2032
2025-06-05 22:30:00,42298.2,42450.6,42295.2,42400.6,0,1837
2025-06-05 22:15:00,42435.2,42460.2,42238.2,42297.2,0,2211
2025-06-05 22:00:00,42508.6,42528.2,42422.6,42436.2,0,1365
2025-06-05 21:45:00,42508.6,42539.2,42498.6,42503.6,0,1057
2025-06-05 21:30:00,42477.6,42531.2,42467.6,42510.6,0,1190
2025-06-05 21:15:00,42450.2,42486.2,42340.2,42476.6,0,1379
2025-06-05 21:00:00,42521.2,42534.2,42424.6,42451.2,0,1513
2025-06-05 20:45:00,42579.6,42597.2,42510.6,42520.2,0,1188
2025-06-05 20:30:00,42539.6,42586.2,42539.6,42578.6,0,861
2025-06-05 20:15:00,42510.6,42555.2,42506.6,42541.6,0,1035
2025-06-05 20:00:00,42429.2,42510.6,42404.6,42509.6,0,1389
2025-06-05 19:45:00,42541.6,42541.6,42388.6,42431.2,0,1916
2025-06-05 19:30:00,42591.6,42602.2,42538.6,42540.6,0,1027
2025-06-05 19:15:00,42600.2,42611.2,42542.6,42592.6,0,1295
2025-06-05 19:00:00,42603.2,42641.2,42593.6,42602.2,0,938
2025-06-05 18:45:00,42595.2,42616.2,42560.6,42598.6,0,969
2025-06-05 18:30:00,42593.2,42616.2,42575.6,42593.2,0,1025
2025-06-05 18:15:00,42536.2,42600.2,42521.6,42596.2,0,1257
2025-06-05 18:00:00,42504.6,42545.2,42501.6,42532.2,0,1296
2025-06-05 17:45:00,42456.6,42521.2,42424.6,42502.6,0,1566
2025-06-05 17:30:00,42422.6,42529.2,42297.6,42459.6,0,1951
2025-06-05 17:15:00,42332.6,42424.6,42304.6,42421.6,0,1470
2025-06-05 17:00:00,42290.2,42361.6,42287.2,42330.6,0,1758
2025-06-05 16:45:00,42400.6,42411.2,42266.6,42289.2,0,1959
2025-06-05 16:30:00,42560.0,42560.0,42384.3,42401.6,0,2102
2025-06-05 16:15:00,42548.0,42555.0,42511.7,42551.0,0,993
2025-06-05 16:00:00,42555.2,42581.0,42542.0,42547.2,0,1005
2025-06-05 15:45:00,42482.2,42708.0,42477.2,42553.2,0,1504
2025-06-05 15:30:00,42499.0,42504.0,42432.2,42483.2,0,886
2025-06-05 15:15:00,42506.2,42511.0,42491.2,42502.0,0,453
2025-06-05 15:00:00,42485.1,42511.2,42473.2,42507.2,0,449
2025-06-05 14:45:00,42478.0,42506.1,42476.0,42486.1,0,311
2025-06-05 14:30:00,42474.2,42500.0,42465.2,42476.0,0,380
2025-06-05 14:15:00,42471.0,42487.0,42468.7,42471.2,0,392
2025-06-05 14:00:00,42485.7,42502.2,42469.5,42469.5,0,453
2025-06-05 13:45:00,42482.0,42495.0,42473.2,42486.2,0,360
2025-06-05 13:30:00,42516.1,42528.0,42472.2,42481.0,0,426
2025-06-05 13:15:00,42526.0,42533.1,42517.1,42517.1,0,222
2025-06-05 13:00:00,42511.0,42532.0,42506.1,42529.0,0,337
2025-06-05 12:45:00,42529.0,42530.0,42499.2,42510.0,0,318
2025-06-05 12:30:00,42523.0,42532.0,42516.1,42527.5,0,270
2025-06-05 12:15:00,42520.2,42540.0,42512.2,42524.0,0,421
2025-06-05 12:00:00,42540.0,42551.5,42521.2,42521.2,0,457
2025-06-05 11:45:00,42559.7,42560.2,42521.5,42541.0,0,459
2025-06-05 11:30:00,42563.1,42580.5,42551.2,42558.2,0,407
2025-06-05 11:15:00,42544.0,42569.0,42540.1,42562.2,0,442
2025-06-05 11:00:00,42540.2,42575.5,42539.2,42545.0,0,591
2025-06-05 10:45:00,42542.2,42550.0,42518.0,42541.2,0,506
2025-06-05 10:30:00,42539.2,42545.6,42515.2,42541.7,0,508
2025-06-05 10:15:00,42488.0,42546.0,42472.0,42540.2,0,533
2025-06-05 10:00:00,42449.0,42491.5,42448.0,42489.0,0,438
2025-06-05 09:45:00,42446.1,42451.1,42441.1,42449.3,0,132
2025-06-05 09:30:00,42458.1,42462.1,42443.9,42444.1,0,226
2025-06-05 09:15:00,42449.1,42461.1,42438.1,42457.1,0,160
2025-06-05 09:00:00,42458.1,42462.1,42445.1,42448.1,0,251
2025-06-05 08:45:00,42463.1,42463.1,42450.1,42459.1,0,125
2025-06-05 08:30:00,42456.1,42461.3,42440.9,42461.1,0,177
2025-06-05 08:15:00,42459.1,42464.1,42453.1,42455.1,0,133
2025-06-05 08:00:00,42467.1,42468.1,42442.1,42458.1,0,218
2025-06-05 07:45:00,42463.8,42467.5,42459.5,42465.5,0,58
2025-06-05 07:30:00,42453.5,42465.8,42449.5,42464.8,0,83
2025-06-05 07:15:00,42450.5,42463.5,42450.5,42455.5,0,133
2025-06-05 07:00:00,42447.5,42450.8,42443.5,42450.8,0,67
2025-06-05 06:45:00,42447.5,42451.5,42441.5,42448.5,0,112
2025-06-05 06:30:00,42450.5,42455.5,42444.5,42448.5,0,139
2025-06-05 06:15:00,42446.5,42451.5,42443.5,42448.5,0,88
2025-06-05 06:00:00,42439.5,42452.5,42432.5,42447.5,0,109
2025-06-05 05:45:00,42431.5,42442.5,42431.5,42438.5,0,86
2025-06-05 05:30:00,42432.5,42445.5,42426.5,42432.5,0,163
2025-06-05 05:15:00,42441.5,42446.5,42433.5,42434.5,0,128
2025-06-05 05:00:00,42463.2,42465.5,42437.5,42440.5,0,155
2025-06-05 04:45:00,42446.5,42462.5,42444.5,42462.2,0,146
2025-06-05 04:30:00,42441.5,42450.5,42434.5,42447.5,0,196
2025-06-05 04:15:00,42450.5,42455.8,42435.2,42442.5,0,221
2025-06-05 04:00:00,42451.5,42456.5,42445.5,42451.5,0,195
2025-06-05 03:45:00,42465.5,42469.5,42446.5,42450.5,0,223
2025-06-05 03:30:00,42465.5,42474.5,42462.5,42467.5,0,192
2025-06-05 03:15:00,42449.2,42467.5,42446.5,42466.5,0,199
2025-06-05 03:00:00,42433.5,42453.5,42430.5,42450.2,0,284
2025-06-05 02:45:00,42434.5,42440.5,42424.5,42432.5,0,214
2025-06-05 02:30:00,42431.5,42433.8,42424.2,42433.5,0,120
2025-06-05 02:15:00,42436.5,42439.5,42423.5,42434.5,0,165
2025-06-05 02:00:00,42446.5,42454.5,42429.5,42434.5,0,167
2025-06-05 01:45:00,42447.5,42453.8,42442.2,42445.5,0,138
2025-06-05 01:30:00,42464.5,42472.5,42446.5,42448.5,0,193
2025-06-05 01:15:00,42452.5,42462.8,42444.2,42461.5,0,197
2025-06-05 01:00:00,42441.0,42453.8,42428.0,42450.5,0,232
2025-06-04 23:45:00,42455.0,42465.0,42443.0,42447.5,0,177
2025-06-04 23:30:00,42453.0,42458.0,42442.5,42455.5,0,152
2025-06-04 23:15:00,42462.0,42474.0,42446.0,42454.0,0,241
2025-06-04 23:00:00,42461.0,42473.5,42445.5,42461.0,0,673
2025-06-04 22:45:00,42527.2,42542.2,42462.0,42462.0,0,1143
2025-06-04 22:30:00,42554.2,42564.6,42506.6,42526.2,0,901
2025-06-04 22:15:00,42547.2,42554.2,42517.6,42553.2,0,820
2025-06-04 22:00:00,42546.6,42555.2,42531.6,42548.2,0,782
2025-06-04 21:45:00,42583.2,42583.2,42538.6,42551.2,0,823
2025-06-04 21:30:00,42596.6,42608.2,42561.6,42582.2,0,707
2025-06-04 21:15:00,42599.4,42613.2,42583.6,42597.6,0,701
2025-06-04 21:00:00,42612.4,42641.2,42595.6,42600.4,0,724
2025-06-04 20:45:00,42600.4,42625.2,42595.4,42610.4,0,527
2025-06-04 20:30:00,42597.4,42620.2,42588.6,42599.4,0,744
2025-06-04 20:15:00,42602.2,42610.2,42585.6,42596.4,0,644
2025-06-04 20:00:00,42576.6,42617.2,42576.6,42601.2,0,795
2025-06-04 19:45:00,42563.6,42583.2,42554.6,42575.6,0,833
2025-06-04 19:30:00,42520.2,42567.2,42519.2,42565.6,0,962
2025-06-04 19:15:00,42526.6,42568.2,42517.6,42521.2,0,1114
2025-06-04 19:00:00,42580.2,42587.2,42523.6,42525.6,0,1165
2025-06-04 18:45:00,42561.2,42612.2,42553.6,42579.6,0,1209
2025-06-04 18:30:00,42590.6,42608.2,42546.6,42560.2,0,1170
2025-06-04 18:15:00,42620.2,42632.2,42589.6,42589.6,0,1137
2025-06-04 18:00:00,42628.6,42657.2,42603.6,42621.2,0,1030
2025-06-04 17:45:00,42589.2,42631.2,42569.6,42624.6,0,1207
2025-06-04 17:30:00,42624.2,42647.2,42578.6,42588.2,0,1237
2025-06-04 17:15:00,42591.2,42643.2,42575.6,42623.2,0,1389
2025-06-04 17:00:00,42604.6,42627.2,42525.6,42590.2,0,1817
2025-06-04 16:45:00,42617.2,42657.2,42592.0,42613.6,0,1363
2025-06-04 16:30:00,42614.2,42687.0,42594.7,42616.2,0,1605
2025-06-04 16:15:00,42574.5,42613.2,42569.7,42607.7,0,743
2025-06-04 16:00:00,42559.2,42574.0,42548.2,42574.0,0,655
2025-06-04 15:45:00,42532.5,42562.2,42532.5,42558.2,0,626
2025-06-04 15:30:00,42558.2,42577.0,42517.7,42532.0,0,850
2025-06-04 15:15:00,42641.2,42641.2,42532.0,42557.2,0,1187
2025-06-04 15:00:00,42638.2,42657.0,42636.1,42642.2,0,341
2025-06-04 14:45:00,42639.0,42649.2,42635.7,42637.2,0,276
2025-06-04 14:30:00,42619.2,42640.0,42613.0,42640.0,0,326
2025-06-04 14:15:00,42637.2,42641.1,42612.7,42618.2,0,293
2025-06-04 14:00:00,42642.2,42653.5,42631.7,42638.2,0,371
2025-06-04 13:45:00,42624.1,42644.2,42622.2,42642.7,0,304
2025-06-04 13:30:00,42630.1,42631.1,42613.1,42626.1,0,260
2025-06-04 13:15:00,42636.1,42644.1,42610.2,42628.6,0,379
2025-06-04 13:00:00,42624.2,42646.2,42621.1,42637.1,0,392
2025-06-04 12:45:00,42647.0,42648.0,42619.7,42626.7,0,318
2025-06-04 12:30:00,42641.1,42647.1,42633.2,42646.1,0,305
2025-06-04 12:15:00,42633.2,42649.0,42628.2,42642.1,0,330
2025-06-04 12:00:00,42623.0,42649.0,42611.7,42631.7,0,373
2025-06-04 11:45:00,42650.2,42653.0,42616.7,42622.0,0,307
2025-06-04 11:30:00,42642.2,42659.1,42637.1,42649.7,0,394
2025-06-04 11:15:00,42657.1,42669.2,42642.0,42643.2,0,466
2025-06-04 11:00:00,42627.2,42660.0,42623.7,42658.1,0,671
2025-06-04 10:45:00,42593.1,42630.0,42585.2,42626.2,0,398
2025-06-04 10:30:00,42580.1,42595.5,42577.1,42589.1,0,342
2025-06-04 10:15:00,42565.2,42580.1,42554.1,42577.1,0,456
2025-06-04 10:00:00,42581.0,42592.0,42553.2,42569.2,0,652
2025-06-04 09:45:00,42551.1,42580.3,42545.9,42580.3,0,287
2025-06-04 09:30:00,42548.3,42558.3,42540.1,42552.1,0,255
2025-06-04 09:15:00,42576.1,42576.1,42539.1,42547.3,0,282
2025-06-04 09:00:00,42556.1,42590.1,42556.1,42575.1,0,301
2025-06-04 08:45:00,42549.1,42558.1,42544.9,42555.1,0,121
2025-06-04 08:30:00,42557.3,42562.3,42545.3,42548.1,0,172
2025-06-04 08:15:00,42549.1,42558.3,42538.1,42558.3,0,141
2025-06-04 08:00:00,42533.1,42549.1,42529.9,42548.1,0,165
2025-06-04 07:45:00,42540.8,42542.5,42532.5,42532.5,0,81
2025-06-04 07:30:00,42550.5,42552.5,42532.2,42539.8,0,108
2025-06-04 07:15:00,42556.8,42558.8,42548.5,42551.5,0,103
2025-06-04 07:00:00,42543.5,42556.8,42533.5,42555.8,0,141
2025-06-04 06:45:00,42543.5,42549.8,42539.5,42544.5,0,115
2025-06-04 06:30:00,42537.5,42543.5,42527.5,42542.5,0,150
2025-06-04 06:15:00,42547.5,42548.5,42533.5,42536.5,0,121
2025-06-04 06:00:00,42536.5,42548.5,42536.2,42546.5,0,138
2025-06-04 05:45:00,42557.5,42563.5,42537.5,42537.5,0,150
2025-06-04 05:30:00,42554.5,42567.5,42547.5,42556.5,0,160
2025-06-04 05:15:00,42546.5,42557.5,42540.5,42553.5,0,152
2025-06-04 05:00:00,42562.5,42562.5,42540.8,42547.5,0,210
2025-06-04 04:45:00,42568.5,42578.5,42550.5,42560.5,0,290
2025-06-04 04:30:00,42594.5,42594.5,42564.2,42569.5,0,289
2025-06-04 04:15:00,42591.5,42600.5,42587.5,42592.5,0,221
2025-06-04 04:00:00,42585.5,42600.5,42583.5,42592.5,0,263
2025-06-04 03:45:00,42597.5,42610.5,42582.5,42584.5,0,254
2025-06-04 03:30:00,42581.2,42599.5,42576.5,42598.5,0,278
2025-06-04 03:15:00,42579.5,42591.5,42579.5,42582.2,0,293
2025-06-04 03:00:00,42596.8,42618.8,42576.5,42580.5,0,479
2025-06-04 02:45:00,42592.5,42598.5,42574.5,42595.8,0,249
2025-06-04 02:30:00,42605.5,42608.5,42579.2,42593.5,0,217
2025-06-04 02:15:00,42596.5,42606.5,42585.5,42603.5,0,159
2025-06-04 02:00:00,42586.5,42603.5,42570.5,42595.5,0,262
2025-06-04 01:45:00,42605.2,42606.5,42587.5,42587.5,0,170
2025-06-04 01:30:00,42595.5,42612.8,42595.5,42603.2,0,126
2025-06-04 01:15:00,42583.5,42597.2,42575.5,42593.5,0,75
2025-06-04 01:00:00,42580.0,42586.5,42568.5,42582.5,0,97
2025-06-03 23:45:00,42566.5,42569.0,42550.0,42562.5,0,208
2025-06-03 23:30:00,42545.5,42570.0,42540.0,42567.0,0,204
2025-06-03 23:15:00,42548.0,42559.5,42537.0,42546.0,0,207
2025-06-03 23:00:00,42569.5,42569.5,42536.0,42547.0,0,750
2025-06-03 22:45:00,42555.6,42591.0,42515.2,42570.0,0,1278
2025-06-03 22:30:00,42555.6,42598.2,42544.6,42556.6,0,882
2025-06-03 22:15:00,42554.4,42571.2,42535.2,42554.6,0,839
2025-06-03 22:00:00,42577.2,42584.4,42533.6,42553.4,0,875
2025-06-03 21:45:00,42597.2,42611.2,42563.6,42576.2,0,799
2025-06-03 21:30:00,42578.6,42599.2,42569.6,42595.2,0,827
2025-06-03 21:15:00,42529.6,42582.2,42510.6,42579.6,0,997
2025-06-03 21:00:00,42552.2,42563.2,42492.2,42532.6,0,1369
2025-06-03 20:45:00,42594.2,42596.2,42545.2,42550.2,0,866
2025-06-03 20:30:00,42570.2,42603.2,42555.6,42593.2,0,709
2025-06-03 20:15:00,42578.2,42592.2,42563.6,42569.2,0,647
2025-06-03 20:00:00,42533.6,42577.2,42519.2,42577.2,0,736
2025-06-03 19:45:00,42524.2,42539.2,42499.6,42532.6,0,689
2025-06-03 19:30:00,42526.4,42550.2,42505.6,42525.2,0,834
2025-06-03 19:15:00,42506.6,42548.2,42503.6,42525.4,0,792
2025-06-03 19:00:00,42509.2,42513.2,42466.6,42507.6,0,744
2025-06-03 18:45:00,42475.6,42512.2,42461.6,42510.2,0,853
2025-06-03 18:30:00,42450.6,42500.2,42446.6,42474.6,0,938
2025-06-03 18:15:00,42422.6,42460.2,42405.6,42451.6,0,971
2025-06-03 18:00:00,42389.6,42436.2,42387.6,42421.6,0,1052
2025-06-03 17:45:00,42365.6,42400.2,42358.6,42392.2,0,1134
2025-06-03 17:30:00,42365.6,42377.2,42319.6,42366.6,0,1248
2025-06-03 17:15:00,42275.2,42367.6,42264.6,42367.6,0,1341
2025-06-03 17:00:00,42259.2,42304.7,42212.6,42274.2,0,1575
2025-06-03 16:45:00,42368.6,42378.2,42252.6,42261.2,0,1422
2025-06-03 16:30:00,42278.2,42404.2,42275.2,42370.6,0,1970
2025-06-03 16:15:00,42282.2,42291.0,42261.2,42274.2,0,530
2025-06-03 16:00:00,42266.1,42299.2,42251.2,42280.7,0,422
2025-06-03 15:45:00,42255.1,42276.0,42254.1,42264.1,0,512
2025-06-03 15:30:00,42290.1,42290.1,42247.0,42254.1,0,485
2025-06-03 15:15:00,42258.1,42293.0,42252.1,42289.1,0,491
2025-06-03 15:00:00,42255.6,42279.0,42239.2,42260.1,0,513
2025-06-03 14:45:00,42249.7,42259.0,42231.2,42256.1,0,392
2025-06-03 14:30:00,42230.1,42261.0,42219.2,42249.2,0,440
2025-06-03 14:15:00,42212.1,42229.1,42204.6,42229.1,0,291
2025-06-03 14:00:00,42216.2,42219.1,42195.2,42213.1,0,463
2025-06-03 13:45:00,42188.1,42219.0,42174.2,42214.7,0,392
2025-06-03 13:30:00,42199.1,42199.1,42169.7,42187.1,0,416
2025-06-03 13:15:00,42173.1,42200.1,42166.1,42198.1,0,331
2025-06-03 13:00:00,42189.1,42201.0,42161.2,42172.1,0,420
2025-06-03 12:45:00,42189.0,42201.0,42161.7,42188.1,0,388
2025-06-03 12:30:00,42154.1,42201.0,42145.2,42188.2,0,366
2025-06-03 12:15:00,42166.6,42179.0,42148.2,42153.1,0,309
2025-06-03 12:00:00,42162.1,42172.0,42150.2,42166.1,0,426
2025-06-03 11:45:00,42157.1,42164.1,42139.2,42163.1,0,374
2025-06-03 11:30:00,42120.2,42162.0,42120.2,42156.1,0,498
2025-06-03 11:15:00,42120.2,42131.3,42092.2,42122.2,0,636
2025-06-03 11:00:00,42138.2,42149.0,42105.1,42119.2,0,601
2025-06-03 10:45:00,42126.3,42143.0,42122.3,42139.2,0,483
2025-06-03 10:30:00,42109.1,42166.0,42105.3,42125.3,0,756
2025-06-03 10:15:00,42197.1,42203.1,42086.1,42108.1,0,826
2025-06-03 10:00:00,42190.1,42208.6,42184.2,42196.6,0,467
2025-06-03 09:45:00,42192.0,42209.1,42191.1,42191.1,0,234
2025-06-03 09:30:00,42170.1,42197.3,42169.1,42191.0,0,221
2025-06-03 09:15:00,42180.1,42188.1,42166.1,42171.1,0,252
2025-06-03 09:00:00,42208.1,42215.1,42176.0,42181.1,0,285
2025-06-03 08:45:00,42191.1,42208.1,42190.1,42206.1,0,140
2025-06-03 08:30:00,42190.1,42203.3,42188.1,42192.1,0,154
2025-06-03 08:15:00,42192.1,42195.1,42186.1,42191.1,0,127
2025-06-03 08:00:00,42181.1,42200.1,42176.1,42191.1,0,154
2025-06-03 07:45:00,42173.8,42184.5,42169.5,42180.5,0,103
2025-06-03 07:30:00,42176.5,42178.5,42167.5,42174.8,0,93
2025-06-03 07:15:00,42189.5,42189.5,42174.5,42175.5,0,83
2025-06-03 07:00:00,42193.5,42195.5,42185.5,42188.5,0,106
2025-06-03 06:45:00,42199.5,42203.5,42184.2,42195.5,0,141
2025-06-03 06:30:00,42171.5,42203.5,42170.5,42198.5,0,208
2025-06-03 06:15:00,42187.5,42193.5,42166.2,42172.5,0,143
2025-06-03 06:00:00,42205.5,42205.5,42185.5,42188.5,0,154
2025-06-03 05:45:00,42210.5,42210.8,42202.5,42206.5,0,116
2025-06-03 05:30:00,42188.5,42215.5,42172.5,42208.5,0,357
2025-06-03 05:15:00,42221.2,42222.5,42186.5,42189.5,0,264
2025-06-03 05:00:00,42241.5,42247.5,42218.2,42220.2,0,208
2025-06-03 04:45:00,42257.5,42258.5,42237.5,42240.5,0,203
2025-06-03 04:30:00,42257.5,42261.5,42241.2,42259.5,0,263
2025-06-03 04:15:00,42263.5,42267.5,42252.5,42258.5,0,229
2025-06-03 04:00:00,42257.5,42264.5,42249.5,42264.5,0,203
2025-06-03 03:45:00,42265.5,42270.5,42250.5,42256.5,0,174
2025-06-03 03:30:00,42250.5,42271.5,42247.5,42266.5,0,212
2025-06-03 03:15:00,42259.5,42271.5,42245.5,42249.5,0,226
2025-06-03 03:00:00,42256.5,42267.5,42248.5,42260.5,0,347
2025-06-03 02:45:00,42293.5,42296.5,42252.5,42257.5,0,282
2025-06-03 02:30:00,42336.5,42337.8,42278.5,42291.5,0,335
2025-06-03 02:15:00,42307.5,42336.2,42245.8,42335.5,0,368
2025-06-03 02:00:00,42304.5,42323.5,42300.5,42308.5,0,227
2025-06-03 01:45:00,42314.8,42318.5,42303.5,42303.5,0,34
2025-06-03 01:30:00,42315.5,42320.5,42312.5,42314.5,0,59
2025-06-03 01:15:00,42321.5,42331.5,42309.2,42313.5,0,147
2025-06-03 01:00:00,42337.0,42338.0,42317.5,42322.5,0,133
2025-06-02 23:45:00,42353.0,42353.0,42340.0,42340.0,0,187
2025-06-02 23:30:00,42364.0,42364.0,42343.0,42355.0,0,201
2025-06-02 23:15:00,42364.0,42384.5,42361.0,42365.0,0,388
2025-06-02 23:00:00,42338.0,42373.0,42337.0,42362.5,0,883
2025-06-02 22:45:00,42299.2,42351.0,42276.6,42337.0,0,1149
2025-06-02 22:30:00,42311.4,42314.2,42279.6,42300.2,0,908
2025-06-02 22:15:00,42278.4,42333.6,42275.6,42313.4,0,839
2025-06-02 22:00:00,42275.6,42303.2,42269.6,42280.4,0,852
2025-06-02 21:45:00,42251.4,42278.4,42232.2,42276.6,0,725
2025-06-02 21:30:00,42255.2,42267.2,42228.6,42252.4,0,932
2025-06-02 21:15:00,42169.2,42274.2,42165.6,42253.2,0,1110
2025-06-02 21:00:00,42130.3,42175.2,42110.7,42168.2,0,959
2025-06-02 20:45:00,42103.7,42140.4,42090.7,42131.3,0,883
2025-06-02 20:30:00,42093.3,42124.3,42087.7,42100.7,0,929
2025-06-02 20:15:00,42131.7,42153.6,42083.3,42094.3,0,1003
2025-06-02 20:00:00,42143.6,42172.2,42130.7,42130.7,0,1014
2025-06-02 19:45:00,42088.3,42147.2,42074.7,42142.6,0,957
2025-06-02 19:30:00,42080.7,42112.3,42073.3,42086.3,0,995
2025-06-02 19:15:00,42103.7,42111.3,42044.7,42078.7,0,1017
2025-06-02 19:00:00,42136.3,42140.2,42073.7,42102.7,0,1138
2025-06-02 18:45:00,42078.3,42155.2,42068.7,42134.3,0,1233
2025-06-02 18:30:00,42062.7,42088.3,42026.7,42080.3,0,1272
2025-06-02 18:15:00,42129.7,42144.2,42056.7,42063.7,0,1194
2025-06-02 18:00:00,42147.2,42160.2,42102.7,42130.7,0,1318
2025-06-02 17:45:00,42094.3,42154.2,42091.3,42144.2,0,1298
2025-06-02 17:30:00,42104.3,42155.6,42065.7,42097.3,0,1568
2025-06-02 17:15:00,41981.7,42106.3,41968.7,42106.3,0,1693
2025-06-02 17:00:00,41943.7,42007.3,41869.7,41980.7,0,2074
2025-06-02 16:45:00,42150.2,42156.2,41975.7,41982.7,0,1843
2025-06-02 16:30:00,42098.1,42186.0,42087.7,42149.2,0,2016
2025-06-02 16:15:00,42135.3,42152.0,42089.1,42109.6,0,741
2025-06-02 16:00:00,42165.1,42182.5,42132.1,42136.3,0,717
2025-06-02 15:45:00,42187.2,42194.0,42146.6,42167.1,0,497
2025-06-02 15:30:00,42144.0,42195.0,42132.3,42188.2,0,515
2025-06-02 15:15:00,42168.1,42176.0,42122.1,42145.0,0,543
2025-06-02 15:00:00,42147.0,42175.1,42142.0,42169.6,0,491
2025-06-02 14:45:00,42152.1,42177.0,42144.2,42146.0,0,432
2025-06-02 14:30:00,42158.0,42192.0,42148.2,42153.1,0,521
2025-06-02 14:15:00,42146.2,42161.0,42133.3,42159.0,0,420
2025-06-02 14:00:00,42111.2,42149.0,42088.2,42145.2,0,543
2025-06-02 13:45:00,42111.3,42123.1,42090.7,42112.2,0,433
2025-06-02 13:30:00,42100.1,42131.1,42086.8,42112.8,0,444
2025-06-02 13:15:00,42111.1,42112.1,42074.3,42099.1,0,567
2025-06-02 13:00:00,42051.2,42118.8,42038.1,42112.1,0,622
2025-06-02 12:45:00,42032.1,42051.2,42008.3,42050.2,0,633
2025-06-02 12:30:00,42051.1,42073.3,42031.1,42034.1,0,538
2025-06-02 12:15:00,42042.3,42066.1,42027.3,42053.1,0,574
2025-06-02 12:00:00,42091.1,42100.1,42031.2,42043.3,0,693
2025-06-02 11:45:00,42092.1,42110.2,42066.3,42092.1,0,560
2025-06-02 11:30:00,42115.3,42122.3,42075.1,42091.1,0,606
2025-06-02 11:15:00,42096.3,42120.6,42059.3,42114.3,0,692
2025-06-02 11:00:00,42037.1,42098.3,42015.1,42095.3,0,969
2025-06-02 10:45:00,42022.3,42050.2,42014.2,42038.1,0,882
2025-06-02 10:30:00,41950.3,42067.1,41944.3,42023.3,0,939
2025-06-02 10:15:00,42110.2,42118.1,41943.6,41955.3,0,824
2025-06-02 10:00:00,42041.2,42115.2,42032.2,42109.2,0,726
2025-06-02 09:45:00,42088.2,42090.2,42042.2,42043.2,0,334
2025-06-02 09:30:00,42055.2,42089.2,42047.2,42089.2,0,435
2025-06-02 09:15:00,42031.2,42074.2,42024.2,42056.2,0,490
2025-06-02 09:00:00,42082.2,42084.2,42028.0,42032.2,0,386
2025-06-02 08:45:00,42088.2,42095.2,42071.2,42084.2,0,266
2025-06-02 08:30:00,42092.2,42094.2,42065.2,42089.2,0,332
2025-06-02 08:15:00,42110.2,42112.2,42091.2,42095.2,0,256
2025-06-02 08:00:00,42102.2,42125.2,42102.2,42111.2,0,203
2025-06-02 07:45:00,42126.6,42126.6,42089.6,42101.6,0,215
2025-06-02 07:30:00,42128.6,42135.6,42118.6,42125.6,0,144
2025-06-02 07:15:00,42121.6,42134.6,42118.6,42129.6,0,118
2025-06-02 07:00:00,42107.6,42121.6,42101.6,42120.6,0,187
2025-06-02 06:45:00,42119.6,42120.6,42103.6,42106.6,0,264
2025-06-02 06:30:00,42115.6,42126.6,42108.6,42117.6,0,177
2025-06-02 06:15:00,42105.6,42131.6,42101.6,42114.6,0,279
2025-06-02 06:00:00,42146.5,42147.5,42096.6,42106.6,0,397
2025-06-02 05:45:00,42161.5,42170.5,42143.5,42145.5,0,203
2025-06-02 05:30:00,42134.6,42165.5,42134.6,42160.5,0,174
2025-06-02 05:15:00,42125.6,42142.5,42114.6,42135.6,0,224
2025-06-02 05:00:00,42145.5,42150.5,42122.6,42126.6,0,375
2025-06-02 04:45:00,42128.6,42151.5,42125.6,42144.5,0,316
2025-06-02 04:30:00,42162.5,42164.5,42126.6,42127.6,0,389
2025-06-02 04:15:00,42179.5,42186.5,42160.5,42161.5,0,290
2025-06-02 04:00:00,42162.5,42184.5,42157.5,42180.5,0,332
2025-06-02 03:45:00,42167.5,42178.5,42145.5,42161.5,0,369
2025-06-02 03:30:00,42167.5,42174.5,42147.5,42166.5,0,403
2025-06-02 03:15:00,42184.5,42195.5,42163.5,42166.5,0,381
2025-06-02 03:00:00,42150.5,42185.5,42140.5,42183.5,0,473
2025-06-02 02:45:00,42155.5,42160.5,42138.5,42153.5,0,226
2025-06-02 02:30:00,42128.5,42163.5,42116.5,42154.5,0,313
2025-06-02 02:15:00,42145.5,42151.5,42128.5,42129.5,0,270
2025-06-02 02:00:00,42158.5,42160.5,42132.5,42146.5,0,258
2025-06-02 01:45:00,42173.5,42178.5,42154.5,42159.5,0,213
2025-06-02 01:30:00,42182.5,42190.5,42164.5,42172.5,0,247
2025-06-02 01:15:00,42199.5,42206.5,42161.5,42183.5,0,280
2025-06-02 01:00:00,42163.0,42207.5,42159.0,42198.5,0,425
2025-05-30 23:45:00,42233.2,42234.2,42218.6,42226.6,0,180
2025-05-30 23:30:00,42235.6,42242.4,42227.6,42234.2,0,281
2025-05-30 23:15:00,42265.6,42271.6,42225.6,42237.6,0,452
2025-05-30 23:00:00,42246.2,42314.2,42201.1,42266.6,0,1388
2025-05-30 22:45:00,42315.2,42362.2,42243.2,42254.2,0,1920
2025-05-30 22:30:00,42377.6,42403.2,42284.6,42317.2,0,1533
2025-05-30 22:15:00,42305.6,42401.6,42305.6,42379.6,0,1327
2025-05-30 22:00:00,42262.2,42339.2,42258.2,42306.6,0,1415
2025-05-30 21:45:00,42220.2,42273.2,42219.2,42263.2,0,1140
2025-05-30 21:30:00,42248.2,42262.2,42210.6,42221.2,0,1170
2025-05-30 21:15:00,42201.2,42276.2,42175.6,42249.2,0,1427
2025-05-30 21:00:00,42090.3,42216.2,42085.7,42200.2,0,1266
2025-05-30 20:45:00,42081.3,42150.2,42072.7,42089.3,0,1266
2025-05-30 20:30:00,42100.7,42125.3,42078.7,42080.7,0,1155
2025-05-30 20:15:00,42071.7,42113.3,42057.7,42102.7,0,1385
2025-05-30 20:00:00,42001.7,42108.3,41983.7,42073.7,0,1582
2025-05-30 19:45:00,42009.3,42028.3,41973.7,42003.7,0,1725
2025-05-30 19:30:00,42030.3,42072.3,41921.7,42010.3,0,2151
2025-05-30 19:15:00,42214.6,42231.2,42006.7,42026.7,0,1666
2025-05-30 19:00:00,42178.4,42249.2,42157.6,42216.6,0,1205
2025-05-30 18:45:00,42143.2,42214.2,42127.7,42177.4,0,1330
2025-05-30 18:30:00,42236.2,42260.2,42136.7,42144.2,0,1519
2025-05-30 18:15:00,42207.4,42259.2,42167.6,42244.2,0,1276
2025-05-30 18:00:00,42196.2,42237.2,42188.6,42208.4,0,1274
2025-05-30 17:45:00,42241.6,42256.2,42178.6,42195.2,0,1439
2025-05-30 17:30:00,42278.6,42305.2,42239.6,42240.6,0,1263
2025-05-30 17:15:00,42281.6,42291.2,42248.6,42281.6,0,1357
2025-05-30 17:00:00,42167.6,42308.2,42167.6,42279.6,0,1703
2025-05-30 16:45:00,42168.6,42226.2,42115.7,42166.6,0,1719
2025-05-30 16:30:00,42192.2,42192.2,42079.3,42167.6,0,1879
2025-05-30 16:15:00,42108.3,42189.2,42108.3,42184.2,0,1039
2025-05-30 16:00:00,42101.1,42126.1,42077.3,42106.3,0,993
2025-05-30 15:45:00,42114.3,42139.1,42093.3,42099.1,0,981
2025-05-30 15:30:00,42064.2,42137.1,42060.1,42113.3,0,1277
2025-05-30 15:15:00,42036.1,42115.1,42024.3,42065.2,0,1442
2025-05-30 15:00:00,42192.1,42234.0,41960.3,42038.1,0,1259
2025-05-30 14:45:00,42203.2,42221.5,42184.2,42190.1,0,397
2025-05-30 14:30:00,42219.0,42224.0,42195.2,42202.2,0,395
2025-05-30 14:15:00,42229.5,42236.2,42213.7,42222.0,0,319
2025-05-30 14:00:00,42208.0,42236.0,42201.1,42230.0,0,456
2025-05-30 13:45:00,42212.6,42221.1,42191.1,42208.5,0,408
2025-05-30 13:30:00,42213.2,42229.0,42207.7,42213.1,0,267
2025-05-30 13:15:00,42177.7,42214.5,42174.7,42212.2,0,320
2025-05-30 13:00:00,42178.1,42216.1,42160.2,42179.0,0,462
2025-05-30 12:45:00,42209.1,42220.0,42175.1,42176.1,0,416
2025-05-30 12:30:00,42220.1,42232.1,42200.1,42210.1,0,352
2025-05-30 12:15:00,42196.1,42223.0,42184.0,42219.1,0,396
2025-05-30 12:00:00,42188.1,42222.1,42179.2,42194.1,0,433
2025-05-30 11:45:00,42188.2,42214.5,42182.1,42189.1,0,415
2025-05-30 11:30:00,42204.1,42211.0,42169.7,42187.2,0,496
2025-05-30 11:15:00,42220.1,42225.1,42190.2,42203.1,0,439
2025-05-30 11:00:00,42197.0,42235.2,42189.1,42218.1,0,659
2025-05-30 10:45:00,42202.1,42222.0,42173.2,42201.0,0,555
2025-05-30 10:30:00,42183.0,42205.1,42179.5,42201.1,0,475
2025-05-30 10:15:00,42156.0,42190.1,42153.2,42182.0,0,649
2025-05-30 10:00:00,42148.2,42188.2,42128.1,42152.0,0,815
2025-05-30 09:45:00,42166.1,42176.3,42148.0,42151.0,0,421
2025-05-30 09:30:00,42185.1,42189.3,42161.3,42167.1,0,544
2025-05-30 09:15:00,42218.1,42223.3,42186.0,42186.1,0,446
2025-05-30 09:00:00,42220.1,42235.0,42198.0,42216.1,0,474
2025-05-30 08:45:00,42243.3,42244.3,42214.1,42219.1,0,334
2025-05-30 08:30:00,42203.1,42245.3,42200.1,42245.3,0,302
2025-05-30 08:15:00,42189.1,42210.3,42187.1,42202.1,0,219
2025-05-30 08:00:00,42185.1,42196.1,42178.1,42188.1,0,234
2025-05-30 07:45:00,42170.5,42185.5,42167.5,42185.5,0,104
2025-05-30 07:30:00,42180.5,42186.5,42167.5,42171.5,0,166
2025-05-30 07:15:00,42193.5,42196.5,42179.5,42179.5,0,131
2025-05-30 07:00:00,42182.5,42195.5,42176.5,42192.5,0,178
2025-05-30 06:45:00,42170.5,42183.5,42170.5,42183.5,0,127
2025-05-30 06:30:00,42165.5,42175.5,42159.5,42171.5,0,194
2025-05-30 06:15:00,42176.5,42178.5,42160.5,42164.5,0,232
2025-05-30 06:00:00,42191.8,42196.8,42177.5,42177.5,0,186
2025-05-30 05:45:00,42199.5,42201.5,42182.5,42192.8,0,169
2025-05-30 05:30:00,42181.5,42205.8,42179.5,42200.5,0,213
2025-05-30 05:15:00,42180.5,42192.5,42173.5,42179.5,0,174
2025-05-30 05:00:00,42179.2,42193.5,42171.5,42181.5,0,373
2025-05-30 04:45:00,42176.5,42182.5,42162.5,42180.2,0,265
2025-05-30 04:30:00,42153.5,42181.5,42144.2,42177.5,0,365
2025-05-30 04:15:00,42133.6,42157.5,42100.6,42152.5,0,563
2025-05-30 04:00:00,42161.5,42174.5,42059.9,42134.6,0,731
2025-05-30 03:45:00,42190.5,42190.5,42145.5,42160.5,0,408
2025-05-30 03:30:00,42185.5,42189.5,42160.2,42189.5,0,346
2025-05-30 03:15:00,42174.5,42197.2,42166.5,42187.5,0,424
2025-05-30 03:00:00,42152.2,42192.5,42152.2,42175.5,0,534
2025-05-30 02:45:00,42167.5,42170.5,42151.2,42154.2,0,390
2025-05-30 02:30:00,42196.5,42205.5,42164.5,42166.5,0,285
2025-05-30 02:15:00,42191.5,42207.5,42183.5,42197.5,0,217
2025-05-30 02:00:00,42183.5,42198.5,42172.5,42192.5,0,318
2025-05-30 01:45:00,42158.5,42186.5,42148.2,42184.5,0,361
2025-05-30 01:30:00,42169.5,42196.5,42156.5,42157.5,0,314
2025-05-30 01:15:00,42210.5,42215.5,42166.5,42170.5,0,278
2025-05-30 01:00:00,42184.0,42226.5,42167.5,42212.5,0,382
2025-05-29 23:45:00,42217.5,42228.5,42202.0,42215.5,0,271
2025-05-29 23:30:00,42233.0,42243.0,42213.0,42217.0,0,219
2025-05-29 23:15:00,42220.0,42248.0,42217.0,42234.0,0,272
2025-05-29 23:00:00,42249.0,42265.0,42198.0,42218.5,0,815
2025-05-29 22:45:00,42223.2,42301.2,42185.6,42251.0,0,1613
2025-05-29 22:30:00,42172.6,42230.2,42172.6,42226.2,0,1161
2025-05-29 22:15:00,42165.2,42233.2,42157.6,42175.6,0,1131
2025-05-29 22:00:00,42180.2,42211.4,42156.6,42164.2,0,1382
2025-05-29 21:45:00,42193.6,42220.2,42146.6,42177.2,0,1072
2025-05-29 21:30:00,42108.7,42208.2,42108.7,42194.6,0,1199
2025-05-29 21:15:00,42154.2,42155.2,42056.7,42109.7,0,1399
2025-05-29 21:00:00,42116.3,42166.6,42108.7,42153.2,0,1246
2025-05-29 20:45:00,42159.2,42177.2,42107.7,42115.3,0,1329
2025-05-29 20:30:00,42149.4,42192.2,42139.7,42157.2,0,1277
2025-05-29 20:15:00,42156.6,42193.2,42128.7,42151.4,0,1271
2025-05-29 20:00:00,42129.7,42194.2,42126.7,42157.6,0,1194
2025-05-29 19:45:00,42113.3,42158.2,42070.7,42133.7,0,1248
2025-05-29 19:30:00,42063.7,42121.3,42063.7,42115.3,0,1228
2025-05-29 19:15:00,42025.7,42085.3,42025.7,42067.7,0,1410
2025-05-29 19:00:00,41930.3,42034.3,41850.7,42027.7,0,1942
2025-05-29 18:45:00,42076.3,42106.3,41887.7,41929.3,0,1594
2025-05-29 18:30:00,42192.6,42198.6,42047.7,42077.3,0,1630
2025-05-29 18:15:00,42105.3,42204.2,42103.7,42191.6,0,1412
2025-05-29 18:00:00,42200.2,42210.2,42097.7,42101.7,0,1564
2025-05-29 17:45:00,42150.6,42218.2,42136.7,42201.2,0,1474
2025-05-29 17:30:00,42189.6,42237.2,42122.7,42148.6,0,1810
2025-05-29 17:15:00,42160.6,42215.2,42106.7,42192.6,0,1809
2025-05-29 17:00:00,42217.6,42248.2,42090.7,42163.2,0,1936
2025-05-29 16:45:00,42170.6,42274.2,42146.6,42218.6,0,1723
2025-05-29 16:30:00,42245.2,42253.2,42149.2,42169.6,0,2022
2025-05-29 16:15:00,42222.0,42305.0,42220.0,42247.2,0,924
2025-05-29 16:00:00,42234.0,42255.0,42208.2,42221.5,0,854
2025-05-29 15:45:00,42198.0,42256.0,42198.0,42233.0,0,822
2025-05-29 15:30:00,42240.6,42273.0,42182.2,42199.0,0,669
2025-05-29 15:15:00,42241.2,42260.5,42207.2,42241.6,0,874
2025-05-29 15:00:00,42286.0,42320.0,42220.2,42242.2,0,1171
2025-05-29 14:45:00,42353.2,42356.0,42282.2,42287.0,0,761
2025-05-29 14:30:00,42306.0,42361.0,42286.0,42354.2,0,694
2025-05-29 14:15:00,42363.2,42382.2,42300.2,42307.0,0,522
2025-05-29 14:00:00,42390.0,42394.0,42345.2,42362.2,0,609
2025-05-29 13:45:00,42356.0,42394.0,42338.2,42389.0,0,690
2025-05-29 13:30:00,42366.2,42407.0,42353.0,42353.0,0,567
2025-05-29 13:15:00,42417.7,42423.0,42351.7,42365.2,0,665
2025-05-29 13:00:00,42501.0,42504.0,42415.7,42418.7,0,736
2025-05-29 12:45:00,42549.0,42557.0,42496.2,42502.0,0,497
2025-05-29 12:30:00,42586.5,42596.0,42543.2,42550.0,0,509
2025-05-29 12:15:00,42617.7,42618.2,42575.2,42589.0,0,488
2025-05-29 12:00:00,42614.5,42622.1,42598.2,42617.2,0,382
2025-05-29 11:45:00,42620.1,42622.0,42601.2,42614.0,0,376
2025-05-29 11:30:00,42622.2,42628.0,42599.7,42621.1,0,514
2025-05-29 11:15:00,42680.2,42692.6,42620.7,42624.7,0,516
2025-05-29 11:00:00,42706.0,42721.0,42676.2,42683.2,0,626
2025-05-29 10:45:00,42694.7,42711.0,42689.2,42702.7,0,402
2025-05-29 10:30:00,42681.2,42699.0,42665.2,42696.2,0,452
2025-05-29 10:15:00,42644.0,42682.2,42610.2,42679.2,0,550
2025-05-29 10:00:00,42656.0,42675.0,42621.2,42646.0,0,686
2025-05-29 09:45:00,42682.3,42693.3,42646.3,42654.3,0,438
2025-05-29 09:30:00,42699.1,42714.1,42668.9,42681.3,0,398
2025-05-29 09:15:00,42664.1,42704.3,42644.9,42700.1,0,390
2025-05-29 09:00:00,42713.9,42713.9,42660.3,42662.1,0,431
2025-05-29 08:45:00,42739.1,42750.1,42707.3,42715.9,0,285
2025-05-29 08:30:00,42732.9,42750.3,42723.1,42738.1,0,336
2025-05-29 08:15:00,42717.1,42747.9,42717.1,42731.9,0,301
2025-05-29 08:00:00,42715.1,42725.9,42698.1,42716.1,0,248
2025-05-29 07:45:00,42711.8,42719.5,42696.2,42714.5,0,196
2025-05-29 07:30:00,42694.5,42717.8,42680.2,42712.8,0,197
2025-05-29 07:15:00,42691.5,42698.5,42675.5,42695.5,0,198
2025-05-29 07:00:00,42673.5,42691.8,42673.5,42690.5,0,213
2025-05-29 06:45:00,42674.2,42676.5,42664.2,42674.5,0,203
2025-05-29 06:30:00,42700.8,42705.5,42669.5,42675.2,0,284
2025-05-29 06:15:00,42733.5,42742.8,42692.5,42702.8,0,373
2025-05-29 06:00:00,42695.2,42735.5,42695.2,42731.5,0,334
2025-05-29 05:45:00,42728.8,42729.8,42691.2,42697.2,0,465
2025-05-29 05:30:00,42701.2,42732.8,42695.5,42729.8,0,405
2025-05-29 05:15:00,42681.5,42726.2,42674.2,42703.2,0,482
2025-05-29 05:00:00,42683.2,42703.8,42674.5,42682.5,0,457
2025-05-29 04:45:00,42636.5,42686.8,42614.5,42682.2,0,516
2025-05-29 04:30:00,42631.5,42647.5,42618.5,42637.5,0,576
2025-05-29 04:15:00,42609.2,42632.5,42580.2,42630.5,0,626
2025-05-29 04:00:00,42656.5,42656.5,42590.5,42608.2,0,668
2025-05-29 03:45:00,42634.5,42672.5,42625.2,42655.5,0,792
2025-05-29 03:30:00,42591.5,42645.5,42578.5,42632.5,0,644
2025-05-29 03:15:00,42570.8,42639.2,42556.5,42593.5,0,942
2025-05-29 03:00:00,42632.5,42652.2,42541.2,42571.8,0,1111
2025-05-29 02:45:00,42642.2,42644.2,42556.8,42633.5,0,1093
2025-05-29 02:30:00,42548.8,42679.8,42540.8,42644.2,0,1161
2025-05-29 02:15:00,42551.8,42673.8,42533.5,42550.8,0,1562
2025-05-29 02:00:00,42314.2,42561.8,42314.2,42553.8,0,1585
2025-05-29 01:45:00,42206.2,42324.5,42206.2,42310.2,0,665
2025-05-29 01:30:00,42143.5,42219.8,42138.6,42204.2,0,376
2025-05-29 01:15:00,42151.5,42164.8,42132.3,42145.5,0,329
2025-05-29 01:00:00,42128.1,42158.5,42115.1,42152.5,0,377
2025-05-28 23:45:00,42156.0,42168.0,42126.6,42150.0,0,578
2025-05-28 23:30:00,42174.0,42180.0,42118.1,42155.0,0,849
2025-05-28 23:15:00,42181.0,42206.0,42109.6,42175.0,0,1253
2025-05-28 23:00:00,42137.1,42227.0,42096.1,42186.0,0,1167
2025-05-28 22:45:00,42180.2,42200.2,42071.7,42135.1,0,1587
2025-05-28 22:30:00,42206.6,42219.2,42139.7,42179.2,0,1338
2025-05-28 22:15:00,42227.6,42241.2,42194.6,42204.6,0,1403
2025-05-28 22:00:00,42221.6,42288.2,42197.6,42228.6,0,1289
2025-05-28 21:45:00,42260.2,42261.4,42101.7,42222.6,0,1415
2025-05-28 21:30:00,42261.6,42278.2,42250.6,42261.2,0,694
2025-05-28 21:15:00,42256.2,42265.2,42229.6,42263.6,0,777
2025-05-28 21:00:00,42228.0,42265.2,42228.0,42254.2,0,769
2025-05-28 20:45:00,42235.6,42260.2,42221.6,42229.0,0,727
2025-05-28 20:30:00,42282.4,42287.4,42225.6,42234.6,0,836
2025-05-28 20:15:00,42284.6,42311.2,42266.2,42283.4,0,779
2025-05-28 20:00:00,42272.2,42305.2,42258.6,42287.2,0,776
2025-05-28 19:45:00,42286.2,42291.2,42243.6,42270.2,0,811
2025-05-28 19:30:00,42260.2,42287.2,42244.6,42287.2,0,790
2025-05-28 19:15:00,42253.6,42274.2,42238.6,42262.2,0,828
2025-05-28 19:00:00,42216.2,42279.2,42216.2,42252.6,0,958
2025-05-28 18:45:00,42206.2,42260.2,42203.6,42215.2,0,948
2025-05-28 18:30:00,42228.2,42241.2,42193.6,42207.2,0,1025
2025-05-28 18:15:00,42228.0,42277.2,42221.6,42230.2,0,1099
2025-05-28 18:00:00,42271.2,42313.2,42223.6,42226.6,0,1244
2025-05-28 17:45:00,42300.6,42306.2,42253.6,42273.2,0,1268
2025-05-28 17:30:00,42339.6,42346.2,42274.6,42299.6,0,1339
2025-05-28 17:15:00,42320.6,42371.2,42313.6,42340.6,0,1388
2025-05-28 17:00:00,42389.2,42406.2,42322.6,42322.6,0,1447
2025-05-28 16:45:00,42467.2,42482.2,42358.6,42390.2,0,1604
2025-05-28 16:30:00,42370.7,42484.2,42369.2,42465.2,0,1704
2025-05-28 16:15:00,42387.0,42389.0,42342.0,42370.2,0,708
2025-05-28 16:00:00,42359.7,42389.0,42350.7,42386.0,0,676
2025-05-28 15:45:00,42405.7,42409.5,42356.7,42358.2,0,553
2025-05-28 15:30:00,42371.7,42411.0,42364.2,42406.2,0,471
2025-05-28 15:15:00,42375.1,42394.5,42371.2,42372.2,0,385
2025-05-28 15:00:00,42373.0,42380.0,42361.2,42376.6,0,442
2025-05-28 14:45:00,42360.0,42380.0,42352.2,42374.0,0,318
2025-05-28 14:30:00,42364.2,42383.0,42357.1,42359.0,0,354
2025-05-28 14:15:00,42384.2,42390.0,42356.7,42363.2,0,422
2025-05-28 14:00:00,42400.7,42404.2,42367.2,42381.7,0,440
2025-05-28 13:45:00,42374.5,42406.0,42373.7,42401.2,0,434
2025-05-28 13:30:00,42319.1,42380.0,42319.1,42375.0,0,529
2025-05-28 13:15:00,42312.7,42327.5,42310.2,42320.1,0,255
2025-05-28 13:00:00,42298.0,42321.5,42294.0,42313.2,0,403
2025-05-28 12:45:00,42274.0,42300.5,42272.2,42300.0,0,293
2025-05-28 12:30:00,42261.6,42282.7,42251.0,42273.0,0,345
2025-05-28 12:15:00,42276.2,42287.0,42252.0,42262.1,0,388
2025-05-28 12:00:00,42282.7,42296.5,42274.2,42277.2,0,340
2025-05-28 11:45:00,42309.1,42312.1,42281.2,42282.2,0,318
2025-05-28 11:30:00,42300.1,42315.1,42294.1,42310.1,0,264
2025-05-28 11:15:00,42287.5,42308.1,42286.5,42299.1,0,310
2025-05-28 11:00:00,42292.2,42308.7,42279.0,42288.0,0,547
2025-05-28 10:45:00,42333.7,42333.7,42288.7,42295.0,0,393
2025-05-28 10:30:00,42307.0,42334.0,42302.2,42332.2,0,422
2025-05-28 10:15:00,42332.1,42338.0,42303.2,42305.0,0,330
2025-05-28 10:00:00,42322.2,42343.0,42321.2,42333.0,0,477
2025-05-28 09:45:00,42340.1,42345.3,42312.0,42323.0,0,210
2025-05-28 09:30:00,42343.0,42353.3,42333.0,42339.1,0,250
2025-05-28 09:15:00,42342.3,42360.3,42338.1,42344.0,0,273
2025-05-28 09:00:00,42345.1,42347.1,42318.3,42341.3,0,263
2025-05-28 08:45:00,42353.1,42360.1,42343.0,42347.1,0,98
2025-05-28 08:30:00,42337.0,42359.1,42334.3,42352.1,0,149
2025-05-28 08:15:00,42339.1,42366.1,42334.1,42336.0,0,198
2025-05-28 08:00:00,42346.1,42350.1,42333.1,42340.1,0,132
2025-05-28 07:45:00,42346.5,42352.5,42340.5,42345.5,0,96
2025-05-28 07:30:00,42354.8,42354.8,42344.5,42347.5,0,79
2025-05-28 07:15:00,42354.5,42358.8,42350.5,42352.8,0,73
2025-05-28 07:00:00,42354.5,42359.8,42348.5,42355.5,0,79
2025-05-28 06:45:00,42359.5,42364.5,42353.5,42355.5,0,143
2025-05-28 06:30:00,42384.5,42386.5,42358.5,42360.5,0,187
2025-05-28 06:15:00,42386.5,42386.5,42377.5,42385.5,0,96
2025-05-28 06:00:00,42369.5,42385.8,42366.5,42384.5,0,154
2025-05-28 05:45:00,42375.5,42379.5,42363.2,42368.5,0,115
2025-05-28 05:30:00,42374.5,42381.5,42370.5,42373.5,0,134
2025-05-28 05:15:00,42379.5,42384.8,42370.2,42373.5,0,150
2025-05-28 05:00:00,42379.5,42385.5,42372.5,42378.5,0,184
2025-05-28 04:45:00,42386.5,42387.5,42373.5,42378.5,0,147
2025-05-28 04:30:00,42403.5,42405.5,42379.5,42387.5,0,225
2025-05-28 04:15:00,42392.5,42407.5,42382.8,42404.5,0,228
2025-05-28 04:00:00,42391.5,42404.5,42386.5,42393.5,0,247
2025-05-28 03:45:00,42393.5,42398.5,42388.8,42390.5,0,181
2025-05-28 03:30:00,42395.5,42401.5,42392.5,42394.5,0,170
2025-05-28 03:15:00,42395.5,42408.5,42390.5,42394.5,0,221
2025-05-28 03:00:00,42407.5,42410.5,42390.5,42396.5,0,332
2025-05-28 02:45:00,42432.5,42434.5,42411.5,42411.5,0,237
2025-05-28 02:30:00,42421.5,42437.5,42417.5,42433.5,0,136
2025-05-28 02:15:00,42433.5,42446.8,42419.5,42420.5,0,175
2025-05-28 02:00:00,42424.5,42435.5,42416.5,42432.5,0,130
2025-05-28 01:45:00,42410.5,42430.8,42407.5,42424.2,0,121
2025-05-28 01:30:00,42418.5,42418.5,42404.5,42412.5,0,121
2025-05-28 01:15:00,42406.5,42426.5,42402.5,42420.5,0,164
2025-05-28 01:00:00,42428.0,42430.0,42403.2,42405.5,0,160
2025-05-27 23:45:00,42419.5,42439.5,42417.0,42434.5,0,205
2025-05-27 23:30:00,42417.5,42423.0,42412.0,42420.0,0,208
2025-05-27 23:15:00,42428.0,42433.0,42417.0,42418.0,0,301
2025-05-27 23:00:00,42386.5,42431.5,42367.0,42425.5,0,850
2025-05-27 22:45:00,42349.2,42389.0,42316.6,42384.0,0,1220
2025-05-27 22:30:00,42332.2,42356.6,42312.6,42350.2,0,937
2025-05-27 22:15:00,42338.2,42351.2,42324.6,42331.2,0,713
2025-05-27 22:00:00,42328.6,42374.2,42317.6,42337.2,0,835
2025-05-27 21:45:00,42357.2,42371.2,42328.6,42329.6,0,719
2025-05-27 21:30:00,42344.6,42381.2,42341.6,42356.2,0,746
2025-05-27 21:15:00,42381.2,42382.9,42338.6,42343.6,0,767
2025-05-27 21:00:00,42352.6,42383.2,42333.3,42380.2,0,853
2025-05-27 20:45:00,42299.2,42361.2,42288.6,42354.6,0,796
2025-05-27 20:30:00,42294.3,42306.9,42274.3,42298.2,0,748
2025-05-27 20:15:00,42285.2,42310.2,42274.6,42292.3,0,774
2025-05-27 20:00:00,42282.6,42309.2,42267.3,42284.2,0,817
2025-05-27 19:45:00,42311.6,42322.6,42271.6,42281.6,0,1012
2025-05-27 19:30:00,42263.2,42343.2,42257.6,42314.2,0,968
2025-05-27 19:15:00,42272.2,42283.6,42249.0,42262.2,0,845
2025-05-27 19:00:00,42234.6,42293.2,42230.6,42271.2,0,1005
2025-05-27 18:45:00,42237.2,42240.2,42208.6,42232.6,0,863
2025-05-27 18:30:00,42194.7,42240.2,42177.6,42233.6,0,923
2025-05-27 18:15:00,42154.2,42216.9,42127.7,42203.2,0,1037
2025-05-27 18:00:00,42151.2,42164.2,42115.7,42156.2,0,1036
2025-05-27 17:45:00,42132.7,42174.2,42130.7,42150.2,0,1146
2025-05-27 17:30:00,42109.3,42144.2,42095.7,42130.7,0,1180
2025-05-27 17:15:00,42016.7,42132.3,42009.7,42104.7,0,1286
2025-05-27 17:00:00,41997.7,42064.7,41997.7,42015.7,0,1337
2025-05-27 16:45:00,42009.3,42042.3,41958.7,42002.3,0,1523
2025-05-27 16:30:00,42068.1,42068.1,41905.7,42008.3,0,2107
2025-05-27 16:15:00,42146.2,42160.0,42058.3,42067.3,0,851
2025-05-27 16:00:00,42114.1,42156.0,42109.1,42145.2,0,589
2025-05-27 15:45:00,42106.1,42135.1,42084.8,42112.1,0,740
2025-05-27 15:30:00,42166.0,42177.1,42100.3,42105.1,0,677
2025-05-27 15:15:00,42160.0,42196.0,42135.8,42165.0,0,618
2025-05-27 15:00:00,42196.0,42196.0,42157.2,42160.5,0,565
2025-05-27 14:45:00,42207.2,42222.5,42185.2,42198.0,0,394
2025-05-27 14:30:00,42173.0,42217.5,42165.0,42206.2,0,421
2025-05-27 14:15:00,42171.0,42173.0,42141.2,42172.0,0,434
2025-05-27 14:00:00,42151.2,42171.5,42132.3,42171.5,0,565
2025-05-27 13:45:00,42202.7,42203.7,42154.2,42154.2,0,445
2025-05-27 13:30:00,42193.2,42217.0,42175.2,42200.2,0,545
2025-05-27 13:15:00,42187.0,42213.0,42186.2,42190.2,0,278
2025-05-27 13:00:00,42190.1,42192.1,42160.2,42186.0,0,306
2025-05-27 12:45:00,42178.2,42202.0,42175.1,42189.1,0,401
2025-05-27 12:30:00,42161.2,42194.0,42156.2,42177.2,0,454
2025-05-27 12:15:00,42221.7,42222.2,42156.2,42162.2,0,420
2025-05-27 12:00:00,42166.0,42222.2,42158.0,42221.2,0,465
2025-05-27 11:45:00,42174.2,42176.2,42139.3,42165.0,0,416
2025-05-27 11:30:00,42168.1,42179.2,42146.2,42171.2,0,444
2025-05-27 11:15:00,42177.0,42192.2,42154.2,42167.1,0,524
2025-05-27 11:00:00,42196.0,42203.0,42170.5,42176.5,0,845
2025-05-27 10:45:00,42158.7,42240.0,42152.7,42198.0,0,825
2025-05-27 10:30:00,42083.8,42180.0,42083.3,42159.7,0,583
2025-05-27 10:15:00,42063.6,42110.3,42058.1,42084.3,0,507
2025-05-27 10:00:00,42053.3,42074.3,42039.3,42064.1,0,669
2025-05-27 09:45:00,42055.2,42077.3,42048.2,42054.0,0,272
2025-05-27 09:30:00,42050.3,42058.3,42038.0,42053.2,0,250
2025-05-27 09:15:00,42032.2,42057.3,42031.0,42049.3,0,249
2025-05-27 09:00:00,42006.0,42036.0,42004.0,42031.2,0,343
2025-05-27 08:45:00,42014.2,42020.2,42004.2,42007.0,0,243
2025-05-27 08:30:00,41998.3,42016.2,41987.2,42015.2,0,270
2025-05-27 08:15:00,41979.2,41999.3,41971.2,41999.3,0,248
2025-05-27 08:00:00,41984.2,41985.2,41965.2,41978.2,0,258
2025-05-27 07:45:00,41981.9,41987.6,41979.6,41984.6,0,105
2025-05-27 07:30:00,41985.3,41986.6,41974.3,41982.9,0,163
2025-05-27 07:15:00,41983.6,41989.6,41979.6,41986.3,0,114
2025-05-27 07:00:00,41958.6,41988.9,41953.3,41984.6,0,206
2025-05-27 06:45:00,41961.9,41976.6,41946.3,41959.6,0,324
2025-05-27 06:30:00,41981.6,41982.6,41957.9,41960.9,0,175
2025-05-27 06:15:00,41977.6,41990.6,41967.6,41980.6,0,166
2025-05-27 06:00:00,41983.6,41995.9,41979.6,41979.6,0,176
2025-05-27 05:45:00,41980.6,41989.6,41976.6,41984.6,0,186
2025-05-27 05:30:00,41980.6,41986.6,41973.6,41979.6,0,173
2025-05-27 05:15:00,41971.6,41980.6,41962.6,41979.6,0,199
2025-05-27 05:00:00,41978.6,41984.6,41967.3,41972.6,0,304
2025-05-27 04:45:00,41988.6,41988.6,41977.6,41979.6,0,263
2025-05-27 04:30:00,41986.9,41996.9,41975.3,41987.6,0,309
2025-05-27 04:15:00,41996.6,42001.6,41980.6,41988.9,0,274
2025-05-27 04:00:00,42051.3,42051.3,41989.6,41997.6,0,395
2025-05-27 03:45:00,42005.6,42052.6,42005.6,42052.3,0,261
2025-05-27 03:30:00,42002.6,42018.6,41993.6,42003.6,0,266
2025-05-27 03:15:00,42028.3,42043.3,41990.9,42003.6,0,379
2025-05-27 03:00:00,42020.6,42030.6,42011.6,42027.3,0,371
2025-05-27 02:45:00,42015.6,42023.9,42005.6,42021.6,0,202
2025-05-27 02:30:00,42022.6,42029.6,42011.3,42014.6,0,203
2025-05-27 02:15:00,42030.9,42035.6,42011.3,42021.6,0,185
2025-05-27 02:00:00,42041.6,42052.6,42017.6,42029.9,0,273
2025-05-27 01:45:00,42038.6,42048.6,42032.6,42040.6,0,121
2025-05-27 01:30:00,42074.6,42074.6,42027.9,42037.6,0,96
2025-05-27 01:15:00,42089.3,42090.6,42072.6,42075.6,0,78
2025-05-27 01:00:00,42083.6,42099.1,42060.1,42090.6,0,164
2025-05-26 19:45:00,42063.7,42097.7,42059.7,42093.7,0,371
2025-05-26 19:30:00,42077.3,42077.3,42055.7,42062.7,0,240
2025-05-26 19:15:00,42096.7,42099.5,42057.7,42069.3,0,253
2025-05-26 19:00:00,42094.3,42109.3,42084.7,42095.7,0,272
2025-05-26 18:45:00,42073.3,42098.3,42069.7,42097.3,0,220
2025-05-26 18:30:00,42053.7,42083.3,42049.7,42069.7,0,374
2025-05-26 18:15:00,42010.3,42055.3,41998.7,42052.7,0,386
2025-05-26 18:00:00,42001.3,42009.3,41959.7,42009.3,0,503
2025-05-26 17:45:00,42026.7,42030.3,41989.7,41998.3,0,418
2025-05-26 17:30:00,42052.7,42057.3,42019.7,42028.7,0,478
2025-05-26 17:15:00,42057.3,42066.3,42032.7,42050.7,0,348
2025-05-26 17:00:00,42070.7,42079.3,42038.0,42056.3,0,511
2025-05-26 16:45:00,42131.3,42132.3,42071.3,42074.3,0,574
2025-05-26 16:30:00,42054.6,42132.3,42051.3,42132.3,0,590
2025-05-26 16:15:00,42085.2,42092.1,42033.3,42054.1,0,328
2025-05-26 16:00:00,42070.1,42091.1,42067.3,42086.2,0,307
2025-05-26 15:45:00,42089.2,42091.1,42062.3,42071.1,0,248
2025-05-26 15:30:00,42101.2,42121.6,42074.3,42088.2,0,309
2025-05-26 15:15:00,42094.1,42113.1,42094.1,42100.2,0,278
2025-05-26 15:00:00,42089.2,42100.2,42079.3,42092.3,0,183
2025-05-26 14:45:00,42095.2,42096.2,42079.2,42088.2,0,143
2025-05-26 14:30:00,42079.2,42097.2,42067.2,42094.2,0,221
2025-05-26 14:15:00,42081.1,42087.1,42068.7,42077.7,0,217
2025-05-26 14:00:00,42065.2,42083.1,42054.3,42083.1,0,177
2025-05-26 13:45:00,42081.2,42094.1,42058.3,42065.6,0,206
2025-05-26 13:30:00,42078.2,42088.8,42070.2,42082.1,0,147
2025-05-26 13:15:00,42070.2,42094.1,42070.2,42081.2,0,179
2025-05-26 13:00:00,42065.2,42086.1,42051.3,42071.2,0,255
2025-05-26 12:45:00,42061.6,42068.2,42056.2,42064.2,0,214
2025-05-26 12:30:00,42077.2,42080.2,42050.3,42061.1,0,225
2025-05-26 12:15:00,42088.1,42094.2,42068.7,42076.2,0,284
2025-05-26 12:00:00,42064.2,42093.2,42063.2,42089.1,0,289
2025-05-26 11:45:00,42107.2,42112.1,42054.3,42063.2,0,345
2025-05-26 11:30:00,42102.2,42114.2,42091.3,42106.2,0,283
2025-05-26 11:15:00,42117.2,42121.2,42086.3,42101.2,0,329
2025-05-26 11:00:00,42102.3,42135.1,42102.3,42116.2,0,382
2025-05-26 10:45:00,42085.2,42114.1,42079.2,42101.3,0,395
2025-05-26 10:30:00,42062.2,42090.3,42052.3,42084.2,0,450
2025-05-26 10:15:00,42040.3,42091.1,42027.3,42061.2,0,497
2025-05-26 10:00:00,42051.2,42085.1,42039.3,42041.3,0,576
2025-05-26 09:45:00,42037.2,42064.2,42033.2,42047.2,0,419
2025-05-26 09:30:00,42067.3,42068.3,42021.2,42036.2,0,456
2025-05-26 09:15:00,42003.2,42072.3,41999.3,42069.3,0,389
2025-05-26 09:00:00,41985.3,42033.3,41957.3,42002.2,0,520
2025-05-26 08:45:00,42004.2,42009.2,41979.0,41984.3,0,214
2025-05-26 08:30:00,41996.2,42012.3,41986.2,42005.2,0,222
2025-05-26 08:15:00,42006.0,42017.2,41988.0,41994.2,0,188
2025-05-26 08:00:00,42025.2,42027.3,42003.2,42005.0,0,188
2025-05-26 07:45:00,42016.9,42033.3,42011.6,42024.6,0,182
2025-05-26 07:30:00,41992.6,42019.3,41990.6,42017.9,0,157
2025-05-26 07:15:00,41991.6,42000.6,41988.6,41993.6,0,124
2025-05-26 07:00:00,42003.6,42007.6,41983.6,41992.6,0,105
2025-05-26 06:45:00,42013.9,42019.3,42001.3,42005.6,0,175
2025-05-26 06:30:00,41996.6,42017.9,41989.6,42014.9,0,238
2025-05-26 06:15:00,41982.6,42000.6,41982.6,41998.6,0,195
2025-05-26 06:00:00,41955.6,41983.6,41953.3,41983.6,0,250
2025-05-26 05:45:00,41960.6,41963.6,41951.6,41954.6,0,180
2025-05-26 05:30:00,41993.6,41997.6,41955.6,41958.6,0,289
2025-05-26 05:15:00,41973.6,42008.3,41963.3,41994.6,0,416
2025-05-26 05:00:00,41978.6,41982.6,41967.6,41974.6,0,275
2025-05-26 04:45:00,41968.6,41984.6,41967.6,41977.6,0,273
2025-05-26 04:30:00,41919.9,41972.9,41915.6,41969.6,0,395
2025-05-26 04:15:00,41950.6,41953.6,41916.6,41918.9,0,326
2025-05-26 04:00:00,41935.6,41954.3,41909.3,41949.6,0,375
2025-05-26 03:45:00,41945.6,41951.9,41925.6,41936.6,0,399
2025-05-26 03:30:00,41927.6,41954.6,41919.6,41947.6,0,323
2025-05-26 03:15:00,41931.6,41984.9,41920.6,41926.6,0,650
2025-05-26 03:00:00,41921.6,41950.6,41896.3,41929.6,0,618
2025-05-26 02:45:00,41971.5,41977.5,41909.8,41923.5,0,455
2025-05-26 02:30:00,41920.8,41977.2,41902.2,41969.5,0,458
2025-05-26 02:15:00,41916.5,41922.8,41893.5,41921.8,0,307
2025-05-26 02:00:00,41890.5,41935.2,41890.5,41915.5,0,466
2025-05-26 01:45:00,41901.2,41932.5,41885.5,41889.5,0,430
2025-05-26 01:30:00,41965.5,41966.8,41877.5,41900.2,0,282
2025-05-26 01:15:00,41808.2,42009.3,41791.5,41963.5,0,543
2025-05-26 01:00:00,41624.0,41834.8,41619.5,41807.7,0,773
2025-05-23 23:45:00,41559.5,41581.3,41559.5,41571.7,0,203
2025-05-23 23:30:00,41584.5,41584.5,41549.3,41558.5,0,320
2025-05-23 23:15:00,41578.3,41596.8,41568.2,41586.5,0,404
2025-05-23 23:00:00,41617.3,41619.8,41562.7,41580.3,0,891
2025-05-23 22:45:00,41709.7,41713.7,41570.7,41620.3,0,1664
2025-05-23 22:30:00,41667.3,41733.3,41648.7,41710.7,0,1365
2025-05-23 22:15:00,41769.7,41769.7,41641.3,41668.3,0,1429
2025-05-23 22:00:00,41737.7,41788.3,41704.7,41770.7,0,1263
2025-05-23 21:45:00,41751.3,41774.3,41720.3,41738.7,0,1188
2025-05-23 21:30:00,41731.7,41790.7,41728.7,41750.3,0,1274
2025-05-23 21:15:00,41777.3,41798.7,41685.7,41734.7,0,1588
2025-05-23 21:00:00,41737.7,41804.3,41733.7,41779.3,0,1207
2025-05-23 20:45:00,41701.3,41784.3,41692.7,41735.7,0,1197
2025-05-23 20:30:00,41744.7,41745.3,41676.7,41704.3,0,1177
2025-05-23 20:15:00,41675.3,41757.3,41672.7,41745.7,0,1218
2025-05-23 20:00:00,41613.7,41694.3,41596.7,41678.3,0,1210
2025-05-23 19:45:00,41626.3,41660.3,41600.7,41612.7,0,1219
2025-05-23 19:30:00,41600.3,41643.3,41548.7,41627.3,0,1322
2025-05-23 19:15:00,41565.3,41639.3,41548.7,41601.3,0,1264
2025-05-23 19:00:00,41553.7,41605.3,41522.3,41566.3,0,1561
2025-05-23 18:45:00,41633.7,41639.3,41547.7,41550.7,0,1518
2025-05-23 18:30:00,41592.5,41688.9,41587.7,41632.7,0,1542
2025-05-23 18:15:00,41528.7,41607.3,41499.7,41597.5,0,1434
2025-05-23 18:00:00,41505.3,41562.3,41485.7,41530.7,0,1738
2025-05-23 17:45:00,41614.3,41640.3,41491.7,41500.3,0,1742
2025-05-23 17:30:00,41558.3,41627.7,41549.7,41616.3,0,1762
2025-05-23 17:15:00,41578.3,41604.3,41498.7,41556.3,0,1881
2025-05-23 17:00:00,41499.3,41624.3,41499.3,41580.3,0,2061
2025-05-23 16:45:00,41515.7,41545.3,41457.7,41501.3,0,2091
2025-05-23 16:30:00,41378.3,41548.3,41361.1,41507.7,0,2474
2025-05-23 16:15:00,41306.3,41394.1,41274.3,41380.3,0,1280
2025-05-23 16:00:00,41350.1,41350.1,41300.3,41308.3,0,1256
2025-05-23 15:45:00,41393.1,41400.3,41321.3,41347.1,0,1319
2025-05-23 15:30:00,41392.3,41411.1,41347.3,41391.1,0,1464
2025-05-23 15:15:00,41248.3,41413.1,41243.3,41395.3,0,1793
2025-05-23 15:00:00,41330.1,41337.6,41182.1,41250.3,0,2092
2025-05-23 14:45:00,41500.9,41505.2,41278.3,41326.1,0,2454
2025-05-23 14:30:00,41744.3,41780.1,41398.4,41495.2,0,1214
2025-05-23 14:15:00,41834.6,41853.8,41724.3,41745.3,0,1268
2025-05-23 14:00:00,41838.1,41844.6,41815.3,41833.1,0,547
2025-05-23 13:45:00,41826.3,41846.6,41811.3,41843.1,0,491
2025-05-23 13:30:00,41828.3,41832.3,41798.1,41825.3,0,532
2025-05-23 13:15:00,41825.1,41845.6,41807.3,41826.3,0,493
2025-05-23 13:00:00,41854.8,41870.1,41818.3,41824.1,0,584
2025-05-23 12:45:00,41813.2,41869.3,41802.3,41855.3,0,495
2025-05-23 12:30:00,41754.8,41821.1,41754.8,41814.2,0,588
2025-05-23 12:15:00,41853.1,41870.6,41750.3,41756.3,0,630
2025-05-23 12:00:00,41891.7,41891.7,41853.3,41855.1,0,513
2025-05-23 11:45:00,41924.3,41926.2,41888.8,41892.7,0,420
2025-05-23 11:30:00,41941.2,41954.6,41916.8,41925.3,0,436
2025-05-23 11:15:00,41940.2,41950.1,41904.1,41940.2,0,534
2025-05-23 11:00:00,41930.2,41957.1,41923.8,41939.2,0,575
2025-05-23 10:45:00,41957.3,41961.3,41928.3,41931.2,0,347
2025-05-23 10:30:00,41966.1,41973.1,41944.6,41957.8,0,438
2025-05-23 10:15:00,41905.3,41970.1,41897.3,41965.6,0,567
2025-05-23 10:00:00,41841.3,41929.6,41841.3,41907.3,0,715
2025-05-23 09:45:00,41853.0,41858.3,41831.0,41844.0,0,409
2025-05-23 09:30:00,41825.2,41857.0,41820.0,41854.0,0,377
2025-05-23 09:15:00,41806.4,41829.2,41790.2,41824.2,0,465
2025-05-23 09:00:00,41871.2,41871.2,41801.4,41807.4,0,510
2025-05-23 08:45:00,41892.2,41894.2,41858.0,41869.2,0,265
2025-05-23 08:30:00,41897.2,41897.2,41877.2,41893.2,0,203
2025-05-23 08:15:00,41885.2,41899.0,41883.2,41898.2,0,166
2025-05-23 08:00:00,41859.2,41886.2,41859.2,41884.2,0,217
2025-05-23 07:45:00,41868.6,41869.6,41847.9,41858.6,0,190
2025-05-23 07:30:00,41885.6,41885.6,41865.6,41869.6,0,147
2025-05-23 07:15:00,41889.6,41896.6,41883.3,41884.6,0,128
2025-05-23 07:00:00,41907.6,41907.6,41885.6,41888.6,0,164
2025-05-23 06:45:00,41894.6,41917.9,41892.6,41906.6,0,188
2025-05-23 06:30:00,41925.6,41926.6,41892.6,41892.6,0,240
2025-05-23 06:15:00,41910.6,41936.6,41903.6,41924.6,0,254
2025-05-23 06:00:00,41921.6,41936.6,41905.9,41911.6,0,256
2025-05-23 05:45:00,41925.6,41927.6,41915.6,41920.6,0,158
2025-05-23 05:30:00,41963.6,41963.6,41921.6,41924.6,0,211
2025-05-23 05:15:00,41935.6,41963.6,41930.6,41962.6,0,212
2025-05-23 05:00:00,41895.6,41937.9,41890.6,41934.6,0,284
2025-05-23 04:45:00,41895.6,41903.6,41886.6,41894.6,0,293
2025-05-23 04:30:00,41906.6,41916.6,41889.6,41896.6,0,394
2025-05-23 04:15:00,41892.6,41911.6,41886.6,41905.6,0,255
2025-05-23 04:00:00,41926.6,41927.6,41888.6,41893.6,0,331
2025-05-23 03:45:00,41902.6,41927.6,41897.6,41927.6,0,280
2025-05-23 03:30:00,41904.6,41920.6,41895.6,41903.6,0,286
2025-05-23 03:15:00,41905.6,41909.6,41887.6,41903.6,0,243
2025-05-23 03:00:00,41891.6,41923.6,41891.6,41906.6,0,394
2025-05-23 02:45:00,41870.6,41898.3,41868.6,41892.6,0,227
2025-05-23 02:30:00,41881.3,41888.6,41860.3,41871.6,0,227
2025-05-23 02:15:00,41878.9,41886.6,41872.6,41880.3,0,198
2025-05-23 02:00:00,41850.9,41877.9,41838.3,41877.9,0,294
2025-05-23 01:45:00,41903.6,41904.6,41847.6,41851.9,0,348
2025-05-23 01:30:00,41913.9,41913.9,41899.6,41904.6,0,191
2025-05-23 01:15:00,41928.6,41936.6,41911.3,41912.3,0,215
2025-05-23 01:00:00,41956.1,41956.1,41921.6,41927.6,0,286
2025-05-22 23:45:00,41911.1,41950.6,41906.1,41949.6,0,247
2025-05-22 23:30:00,41876.1,41914.1,41876.1,41910.1,0,330
2025-05-22 23:15:00,41902.1,41909.1,41871.6,41874.6,0,396
2025-05-22 23:00:00,41886.1,41919.1,41886.1,41900.1,0,1122
2025-05-22 22:45:00,42032.3,42065.3,41858.1,41888.1,0,1777
2025-05-22 22:30:00,42118.3,42118.3,42030.3,42034.3,0,1382
2025-05-22 22:15:00,42069.7,42123.9,42048.7,42117.3,0,1094
2025-05-22 22:00:00,42063.7,42088.3,42042.7,42067.7,0,1177
2025-05-22 21:45:00,42025.3,42080.3,42017.7,42064.7,0,1087
2025-05-22 21:30:00,42070.7,42084.3,42002.7,42024.3,0,1146
2025-05-22 21:15:00,42061.7,42094.7,42051.7,42072.7,0,1191
2025-05-22 21:00:00,42054.3,42076.3,42028.7,42062.7,0,1217
2025-05-22 20:45:00,42045.3,42081.3,42016.7,42048.7,0,1209
2025-05-22 20:30:00,41996.7,42045.3,41977.7,42041.7,0,1189
2025-05-22 20:15:00,41879.3,42021.3,41875.3,41995.7,0,1457
2025-05-22 20:00:00,41885.3,41908.3,41854.7,41878.3,0,1189
2025-05-22 19:45:00,41945.3,41956.3,41884.3,41887.3,0,1299
2025-05-22 19:30:00,41952.7,41972.3,41919.7,41946.3,0,1344
2025-05-22 19:15:00,42007.7,42053.3,41949.7,41951.7,0,1429
2025-05-22 19:00:00,41960.3,42019.3,41938.7,42008.7,0,1352
2025-05-22 18:45:00,41935.7,41962.3,41909.7,41957.3,0,1299
2025-05-22 18:30:00,41838.3,41967.3,41825.7,41934.7,0,1584
2025-05-22 18:15:00,41824.7,41901.3,41791.7,41837.3,0,1642
2025-05-22 18:00:00,41839.3,41893.3,41822.7,41827.7,0,1578
2025-05-22 17:45:00,41774.7,41847.3,41742.7,41836.3,0,1781
2025-05-22 17:30:00,41799.3,41829.3,41760.7,41775.7,0,1778
2025-05-22 17:15:00,41883.7,41913.3,41790.7,41801.3,0,1794
2025-05-22 17:00:00,41904.3,41961.3,41882.7,41885.7,0,1753
2025-05-22 16:45:00,41859.6,41916.3,41795.7,41896.3,0,1903
2025-05-22 16:30:00,41788.6,41885.3,41768.3,41865.1,0,2112
2025-05-22 16:15:00,41822.1,41822.1,41770.3,41789.1,0,946
2025-05-22 16:00:00,41786.3,41845.1,41786.3,41820.1,0,942
2025-05-22 15:45:00,41718.3,41795.1,41708.8,41788.3,0,833
2025-05-22 15:30:00,41646.1,41737.1,41643.1,41719.3,0,995
2025-05-22 15:15:00,41671.3,41690.1,41640.3,41644.1,0,1087
2025-05-22 15:00:00,41682.3,41724.3,41664.8,41669.3,0,1148
2025-05-22 14:45:00,41810.1,41810.1,41674.3,41674.3,0,957
2025-05-22 14:30:00,41809.1,41827.6,41789.6,41809.1,0,658
2025-05-22 14:15:00,41841.1,41878.3,41810.1,41811.1,0,623
2025-05-22 14:00:00,41855.1,41915.1,41839.1,41842.1,0,725
2025-05-22 13:45:00,41855.3,41876.6,41843.3,41852.6,0,415
2025-05-22 13:30:00,41874.6,41874.6,41847.8,41854.3,0,375
2025-05-22 13:15:00,41865.6,41880.3,41858.3,41874.1,0,433
2025-05-22 13:00:00,41846.2,41865.6,41810.8,41865.1,0,551
2025-05-22 12:45:00,41848.6,41857.2,41828.2,41847.2,0,342
2025-05-22 12:30:00,41877.8,41892.1,41849.1,41849.1,0,325
2025-05-22 12:15:00,41845.6,41880.1,41836.1,41876.8,0,408
2025-05-22 12:00:00,41869.3,41873.1,41832.3,41845.1,0,437
2025-05-22 11:45:00,41882.1,41886.8,41870.3,41870.3,0,390
2025-05-22 11:30:00,41873.7,41889.3,41853.3,41883.1,0,519
2025-05-22 11:15:00,41849.8,41885.1,41849.3,41874.2,0,513
2025-05-22 11:00:00,41881.2,41899.3,41843.3,41848.3,0,631
2025-05-22 10:45:00,41868.1,41891.6,41854.1,41883.2,0,475
2025-05-22 10:30:00,41881.1,41914.1,41863.1,41869.1,0,704
2025-05-22 10:15:00,41888.1,41898.1,41865.3,41883.1,0,490
2025-05-22 10:00:00,41885.1,41936.3,41883.1,41889.1,0,606
2025-05-22 09:45:00,41904.3,41930.3,41884.0,41886.3,0,318
2025-05-22 09:30:00,41879.0,41910.2,41875.3,41905.3,0,324
2025-05-22 09:15:00,41871.3,41905.0,41867.2,41880.0,0,295
2025-05-22 09:00:00,41895.2,41898.2,41864.0,41872.3,0,362
2025-05-22 08:45:00,41889.2,41902.3,41887.2,41896.2,0,217
2025-05-22 08:30:00,41894.2,41903.2,41885.2,41890.2,0,280
2025-05-22 08:15:00,41861.2,41899.2,41858.2,41895.2,0,185
2025-05-22 08:00:00,41864.2,41873.2,41853.0,41862.2,0,196
2025-05-22 07:45:00,41876.6,41877.6,41857.6,41862.6,0,109
2025-05-22 07:30:00,41877.6,41888.6,41874.6,41877.6,0,111
2025-05-22 07:15:00,41884.6,41885.9,41878.6,41879.6,0,92
2025-05-22 07:00:00,41889.6,41891.6,41883.6,41885.6,0,96
2025-05-22 06:45:00,41897.6,41906.6,41890.6,41890.6,0,150
2025-05-22 06:30:00,41896.6,41901.6,41881.6,41898.6,0,173
2025-05-22 06:15:00,41900.6,41910.6,41892.6,41895.6,0,146
2025-05-22 06:00:00,41875.6,41903.9,41873.6,41899.6,0,188
2025-05-22 05:45:00,41881.6,41885.6,41859.6,41874.6,0,159
2025-05-22 05:30:00,41876.6,41888.9,41868.6,41880.6,0,170
2025-05-22 05:15:00,41881.6,41883.6,41870.6,41875.6,0,176
2025-05-22 05:00:00,41876.6,41911.3,41876.6,41880.6,0,260
2025-05-22 04:45:00,41912.6,41918.6,41874.6,41877.6,0,319
2025-05-22 04:30:00,41897.6,41918.6,41894.6,41910.6,0,253
2025-05-22 04:15:00,41925.6,41930.6,41891.6,41896.6,0,271
2025-05-22 04:00:00,41911.9,41935.3,41903.6,41924.6,0,323
2025-05-22 03:45:00,41879.6,41915.9,41879.3,41912.9,0,282
2025-05-22 03:30:00,41879.6,41882.6,41867.6,41878.6,0,297
2025-05-22 03:15:00,41857.6,41901.6,41856.6,41880.6,0,471
2025-05-22 03:00:00,41854.6,41892.9,41843.6,41859.6,0,484
2025-05-22 02:45:00,41853.6,41861.6,41841.6,41855.6,0,276
2025-05-22 02:30:00,41856.6,41856.6,41837.6,41852.6,0,231
2025-05-22 02:15:00,41850.6,41872.9,41848.6,41858.6,0,269
2025-05-22 02:00:00,41822.6,41854.6,41812.6,41851.6,0,184
2025-05-22 01:45:00,41815.6,41832.6,41807.6,41825.6,0,181
2025-05-22 01:30:00,41829.9,41837.6,41816.6,41817.6,0,203
2025-05-22 01:15:00,41801.9,41835.9,41795.9,41832.9,0,321
2025-05-22 01:00:00,41852.1,41870.1,41775.9,41797.9,0,557
2025-05-21 23:45:00,41812.1,41833.1,41806.1,41823.1,0,346
2025-05-21 23:30:00,41824.1,41828.6,41792.1,41811.1,0,604
2025-05-21 23:15:00,41829.1,41852.1,41798.1,41825.1,0,739
2025-05-21 23:00:00,41877.6,41884.1,41813.6,41830.6,0,1118
2025-05-21 22:45:00,41951.7,41966.3,41873.1,41876.1,0,1847
2025-05-21 22:30:00,41833.7,41971.3,41833.7,41959.7,0,1851
2025-05-21 22:15:00,41905.7,41923.3,41805.7,41830.7,0,1794
2025-05-21 22:00:00,41924.7,41964.3,41831.7,41903.7,0,1802
2025-05-21 21:45:00,42018.7,42035.3,41901.7,41916.7,0,1698
2025-05-21 21:30:00,41986.7,42054.3,41979.7,42019.7,0,1705
2025-05-21 21:15:00,41992.7,42027.3,41925.7,41988.7,0,1803
2025-05-21 21:00:00,42033.3,42058.3,41956.7,41990.7,0,1941
2025-05-21 20:45:00,42030.7,42097.3,41995.7,42034.3,0,2098
2025-05-21 20:30:00,41898.3,42098.3,41847.3,42034.7,0,2436
2025-05-21 20:15:00,42251.2,42253.2,41895.7,41905.3,0,2476
2025-05-21 20:00:00,42355.2,42366.2,42245.6,42252.2,0,1553
2025-05-21 19:45:00,42391.2,42430.2,42345.2,42354.2,0,1018
2025-05-21 19:30:00,42353.6,42400.2,42347.6,42390.2,0,874
2025-05-21 19:15:00,42377.2,42388.2,42337.6,42351.6,0,966
2025-05-21 19:00:00,42364.2,42388.2,42339.6,42378.2,0,1013
2025-05-21 18:45:00,42386.2,42402.2,42346.6,42361.6,0,1109
2025-05-21 18:30:00,42371.2,42397.6,42342.6,42385.2,0,1207
2025-05-21 18:15:00,42408.6,42418.2,42362.6,42372.2,0,1243
2025-05-21 18:00:00,42350.6,42416.2,42318.6,42407.6,0,1405
2025-05-21 17:45:00,42267.6,42357.2,42240.6,42349.6,0,1532
2025-05-21 17:30:00,42329.2,42355.2,42267.6,42269.6,0,1609
2025-05-21 17:15:00,42375.6,42410.2,42325.6,42325.6,0,1408
2025-05-21 17:00:00,42354.2,42458.2,42353.6,42373.6,0,1687
2025-05-21 16:45:00,42329.2,42417.2,42321.6,42357.2,0,1522
2025-05-21 16:30:00,42305.7,42399.0,42299.7,42325.2,0,1976
2025-05-21 16:15:00,42291.7,42328.0,42250.2,42308.7,0,1015
2025-05-21 16:00:00,42345.2,42355.5,42287.5,42291.2,0,702
2025-05-21 15:45:00,42342.0,42359.5,42316.2,42346.2,0,634
2025-05-21 15:30:00,42395.0,42395.0,42323.7,42343.0,0,688
2025-05-21 15:15:00,42369.2,42423.0,42366.2,42396.5,0,644
2025-05-21 15:00:00,42419.7,42431.7,42360.2,42371.2,0,740
2025-05-21 14:45:00,42400.7,42420.2,42372.2,42420.2,0,508
2025-05-21 14:30:00,42382.2,42404.0,42362.2,42401.2,0,512
2025-05-21 14:15:00,42324.5,42390.5,42319.5,42381.2,0,521
2025-05-21 14:00:00,42336.7,42358.0,42313.7,42324.0,0,557
2025-05-21 13:45:00,42297.0,42342.5,42266.5,42337.2,0,510
2025-05-21 13:30:00,42285.0,42308.0,42266.0,42298.0,0,584
2025-05-21 13:15:00,42325.5,42346.0,42261.2,42283.0,0,663
2025-05-21 13:00:00,42380.1,42385.1,42301.2,42329.0,0,655
2025-05-21 12:45:00,42385.0,42400.0,42370.2,42381.1,0,444
2025-05-21 12:30:00,42433.1,42433.1,42380.0,42384.0,0,551
2025-05-21 12:15:00,42432.5,42446.0,42426.0,42432.6,0,322
2025-05-21 12:00:00,42451.1,42466.0,42426.1,42432.0,0,431
2025-05-21 11:45:00,42446.1,42452.0,42433.1,42449.6,0,320
2025-05-21 11:30:00,42484.0,42487.0,42426.6,42445.1,0,458
2025-05-21 11:15:00,42490.5,42495.0,42472.7,42485.0,0,465
2025-05-21 11:00:00,42525.1,42532.1,42486.2,42491.0,0,521
2025-05-21 10:45:00,42530.2,42545.1,42526.1,42526.1,0,274
2025-05-21 10:30:00,42529.1,42532.1,42506.6,42529.2,0,379
2025-05-21 10:15:00,42524.1,42538.2,42509.2,42530.1,0,430
2025-05-21 10:00:00,42490.9,42542.0,42490.9,42523.1,0,632
2025-05-21 09:45:00,42514.1,42529.3,42489.9,42491.9,0,435
2025-05-21 09:30:00,42534.1,42546.1,42493.9,42515.1,0,483
2025-05-21 09:15:00,42530.1,42541.3,42511.9,42535.1,0,427
2025-05-21 09:00:00,42539.1,42544.3,42525.1,42531.1,0,488
2025-05-21 08:45:00,42560.1,42560.9,42534.9,42540.1,0,306
2025-05-21 08:30:00,42585.1,42586.1,42558.1,42559.1,0,211
2025-05-21 08:15:00,42588.1,42603.3,42583.1,42586.1,0,208
2025-05-21 08:00:00,42573.1,42593.3,42572.9,42587.1,0,199
2025-05-21 07:45:00,42561.5,42573.5,42559.5,42572.5,0,120
2025-05-21 07:30:00,42570.5,42582.5,42561.5,42562.5,0,153
2025-05-21 07:15:00,42588.5,42594.5,42570.2,42571.5,0,198
2025-05-21 07:00:00,42593.5,42598.5,42585.5,42590.5,0,156
2025-05-21 06:45:00,42585.5,42603.5,42584.5,42594.5,0,174
2025-05-21 06:30:00,42578.5,42590.5,42575.5,42586.5,0,208
2025-05-21 06:15:00,42605.5,42608.5,42577.5,42579.5,0,211
2025-05-21 06:00:00,42598.5,42610.5,42598.5,42606.5,0,167
2025-05-21 05:45:00,42605.5,42609.5,42597.5,42598.8,0,153
2025-05-21 05:30:00,42599.5,42622.5,42592.5,42606.5,0,271
2025-05-21 05:15:00,42617.5,42619.5,42588.2,42598.5,0,261
2025-05-21 05:00:00,42626.5,42629.5,42613.2,42616.5,0,283
2025-05-21 04:45:00,42635.5,42638.5,42621.5,42627.5,0,195
2025-05-21 04:30:00,42622.5,42636.5,42600.5,42636.5,0,313
2025-05-21 04:15:00,42653.5,42654.5,42620.5,42623.5,0,254
2025-05-21 04:00:00,42652.5,42664.5,42628.5,42652.5,0,326
2025-05-21 03:45:00,42662.5,42672.5,42649.5,42654.5,0,254
2025-05-21 03:30:00,42672.5,42677.5,42659.5,42661.5,0,281
2025-05-21 03:15:00,42645.5,42675.5,42629.5,42673.5,0,336
2025-05-21 03:00:00,42662.5,42665.5,42632.5,42644.5,0,331
2025-05-21 02:45:00,42627.5,42662.5,42626.5,42661.5,0,223
2025-05-21 02:30:00,42638.5,42642.5,42625.5,42628.5,0,135
2025-05-21 02:15:00,42641.5,42646.5,42632.5,42639.5,0,155
2025-05-21 02:00:00,42620.5,42647.5,42617.5,42642.5,0,218
2025-05-21 01:45:00,42612.5,42624.5,42598.5,42619.5,0,222
2025-05-21 01:30:00,42583.5,42619.5,42582.5,42614.5,0,373
2025-05-21 01:15:00,42567.8,42603.5,42552.2,42582.5,0,537
2025-05-21 01:00:00,42661.0,42671.0,42555.8,42569.8,0,613
2025-05-20 23:45:00,42674.0,42681.0,42659.0,42669.0,0,196
2025-05-20 23:30:00,42680.5,42687.0,42673.0,42673.0,0,147
2025-05-20 23:15:00,42671.0,42687.0,42664.0,42681.0,0,303
2025-05-20 23:00:00,42694.5,42702.0,42651.0,42669.0,0,735
2025-05-20 22:45:00,42632.6,42707.0,42602.6,42697.0,0,1275
2025-05-20 22:30:00,42601.6,42665.2,42601.6,42630.6,0,998
2025-05-20 22:15:00,42583.2,42626.2,42564.2,42602.6,0,982
2025-05-20 22:00:00,42573.4,42587.2,42499.6,42584.2,0,1359
2025-05-20 21:45:00,42568.2,42592.2,42554.4,42574.4,0,1155
2025-05-20 21:30:00,42553.2,42604.6,42532.6,42569.2,0,1469
2025-05-20 21:15:00,42710.2,42714.2,42540.6,42554.2,0,1374
2025-05-20 21:00:00,42720.2,42734.2,42705.4,42709.2,0,669
2025-05-20 20:45:00,42711.2,42727.2,42685.6,42721.2,0,783
2025-05-20 20:30:00,42719.2,42729.2,42697.6,42712.2,0,903
2025-05-20 20:15:00,42728.2,42735.2,42689.6,42720.2,0,719
2025-05-20 20:00:00,42695.2,42734.2,42689.2,42730.2,0,713
2025-05-20 19:45:00,42690.6,42700.2,42665.6,42694.2,0,710
2025-05-20 19:30:00,42663.6,42696.2,42650.6,42688.6,0,733
2025-05-20 19:15:00,42660.2,42684.2,42636.6,42664.6,0,841
2025-05-20 19:00:00,42709.2,42719.2,42633.6,42659.2,0,989
2025-05-20 18:45:00,42704.2,42725.2,42680.6,42710.2,0,927
2025-05-20 18:30:00,42773.2,42773.2,42693.6,42702.2,0,992
2025-05-20 18:15:00,42742.2,42765.2,42710.6,42750.2,0,966
2025-05-20 18:00:00,42679.6,42744.2,42648.6,42741.2,0,1181
2025-05-20 17:45:00,42770.6,42781.2,42677.6,42681.6,0,1104
2025-05-20 17:30:00,42716.2,42772.2,42697.6,42767.6,0,1307
2025-05-20 17:15:00,42731.2,42754.2,42688.6,42717.2,0,1346
2025-05-20 17:00:00,42733.6,42785.2,42698.6,42733.2,0,1559
2025-05-20 16:45:00,42716.2,42771.2,42663.6,42736.6,0,1717
2025-05-20 16:30:00,42736.7,42822.0,42703.6,42715.2,0,1948
2025-05-20 16:15:00,42813.0,42831.0,42731.2,42740.0,0,800
2025-05-20 16:00:00,42793.1,42817.6,42789.1,42812.0,0,573
2025-05-20 15:45:00,42775.2,42800.6,42770.2,42792.1,0,502
2025-05-20 15:30:00,42820.1,42821.1,42766.7,42776.2,0,579
2025-05-20 15:15:00,42823.1,42835.1,42811.2,42821.1,0,450
2025-05-20 15:00:00,42796.7,42829.5,42796.2,42824.1,0,445
2025-05-20 14:45:00,42813.2,42831.0,42799.2,42799.2,0,286
2025-05-20 14:30:00,42823.1,42839.0,42813.1,42813.1,0,305
2025-05-20 14:15:00,42816.1,42828.0,42811.0,42824.1,0,269
2025-05-20 14:00:00,42833.7,42837.5,42813.1,42817.1,0,470
2025-05-20 13:45:00,42805.2,42841.5,42802.1,42838.2,0,361
2025-05-20 13:30:00,42807.1,42816.0,42791.2,42804.2,0,375
2025-05-20 13:15:00,42804.1,42826.0,42802.1,42806.1,0,311
2025-05-20 13:00:00,42731.2,42811.0,42697.0,42802.1,0,570
2025-05-20 12:45:00,42730.1,42733.0,42716.6,42733.0,0,290
2025-05-20 12:30:00,42729.2,42744.0,42726.1,42731.1,0,343
2025-05-20 12:15:00,42747.2,42761.0,42728.2,42730.2,0,322
2025-05-20 12:00:00,42748.1,42776.1,42744.1,42746.2,0,346
2025-05-20 11:45:00,42760.1,42779.0,42741.1,42747.1,0,334
2025-05-20 11:30:00,42757.6,42767.1,42736.1,42761.6,0,365
2025-05-20 11:15:00,42745.2,42779.2,42741.2,42758.1,0,451
2025-05-20 11:00:00,42753.1,42779.1,42740.1,42746.2,0,617
2025-05-20 10:45:00,42731.5,42760.6,42716.2,42754.1,0,396
2025-05-20 10:30:00,42779.0,42784.7,42725.6,42731.0,0,435
2025-05-20 10:15:00,42736.1,42785.0,42735.1,42778.0,0,534
2025-05-20 10:00:00,42741.0,42752.5,42707.1,42735.1,0,538
2025-05-20 09:45:00,42734.1,42738.1,42724.9,42738.1,0,242
2025-05-20 09:30:00,42716.3,42738.3,42712.1,42733.1,0,349
2025-05-20 09:15:00,42730.1,42732.3,42703.9,42715.3,0,337
2025-05-20 09:00:00,42722.1,42740.1,42706.9,42729.1,0,494
2025-05-20 08:45:00,42766.1,42766.1,42722.9,42725.1,0,277
2025-05-20 08:30:00,42795.1,42800.1,42766.1,42767.1,0,285
2025-05-20 08:15:00,42790.1,42804.1,42790.1,42794.1,0,203
2025-05-20 08:00:00,42772.1,42790.1,42770.1,42789.1,0,221
2025-05-20 07:45:00,42771.5,42777.5,42765.5,42772.5,0,163
2025-05-20 07:30:00,42769.5,42777.5,42761.5,42772.5,0,223
2025-05-20 07:15:00,42759.5,42772.5,42758.5,42768.5,0,138
2025-05-20 07:00:00,42762.5,42771.5,42756.5,42761.5,0,174
2025-05-20 06:45:00,42775.5,42776.5,42761.5,42761.5,0,173
2025-05-20 06:30:00,42777.5,42788.8,42760.5,42776.5,0,261
2025-05-20 06:15:00,42765.5,42779.5,42759.5,42776.5,0,120
2025-05-20 06:00:00,42773.5,42776.5,42763.5,42764.5,0,141
2025-05-20 05:45:00,42792.5,42792.5,42769.5,42774.5,0,169
2025-05-20 05:30:00,42772.5,42796.2,42758.5,42793.5,0,230
2025-05-20 05:15:00,42782.5,42785.5,42760.5,42771.5,0,223
2025-05-20 05:00:00,42760.5,42783.5,42755.5,42780.5,0,316
2025-05-20 04:45:00,42740.5,42775.5,42731.5,42761.5,0,318
2025-05-20 04:30:00,42792.5,42792.5,42729.8,42741.5,0,349
2025-05-20 04:15:00,42803.5,42806.8,42786.5,42793.5,0,336
2025-05-20 04:00:00,42837.5,42837.5,42798.5,42804.5,0,414
2025-05-20 03:45:00,42866.5,42866.5,42838.5,42838.5,0,243
2025-05-20 03:30:00,42861.5,42871.5,42847.5,42867.5,0,267
2025-05-20 03:15:00,42869.5,42873.5,42853.5,42862.5,0,256
2025-05-20 03:00:00,42866.5,42887.5,42861.5,42868.5,0,336
2025-05-20 02:45:00,42874.5,42881.5,42848.5,42867.5,0,223
2025-05-20 02:30:00,42866.5,42899.5,42866.5,42875.5,0,287
2025-05-20 02:15:00,42850.5,42870.8,42844.5,42868.5,0,210
2025-05-20 02:00:00,42829.5,42861.8,42820.5,42851.5,0,207
2025-05-20 01:45:00,42824.8,42828.5,42819.5,42828.5,0,94
2025-05-20 01:30:00,42818.5,42828.5,42807.5,42823.8,0,148
2025-05-20 01:15:00,42816.5,42827.5,42813.5,42816.5,0,120
2025-05-20 01:00:00,42799.0,42824.5,42793.0,42815.5,0,193
2025-05-19 23:45:00,42785.0,42807.0,42784.0,42803.5,0,190
2025-05-19 23:30:00,42767.0,42790.0,42759.0,42786.0,0,234
2025-05-19 23:15:00,42761.5,42770.0,42742.0,42769.5,0,239
2025-05-19 23:00:00,42800.5,42807.5,42741.5,42762.0,0,690
2025-05-19 22:45:00,42741.2,42818.0,42738.6,42798.0,0,1304
2025-05-19 22:30:00,42727.2,42760.2,42724.4,42745.2,0,974
2025-05-19 22:15:00,42735.6,42749.2,42699.2,42728.2,0,1001
2025-05-19 22:00:00,42772.6,42793.2,42730.6,42736.6,0,992
2025-05-19 21:45:00,42762.4,42775.2,42741.4,42769.6,0,893
2025-05-19 21:30:00,42742.2,42789.2,42727.2,42763.4,0,907
2025-05-19 21:15:00,42755.6,42762.2,42700.2,42740.2,0,1112
2025-05-19 21:00:00,42767.2,42783.2,42747.6,42754.6,0,910
2025-05-19 20:45:00,42814.6,42817.2,42760.6,42766.2,0,996
2025-05-19 20:30:00,42827.6,42852.2,42800.6,42812.6,0,984
2025-05-19 20:15:00,42839.6,42846.2,42804.6,42828.6,0,1010
2025-05-19 20:00:00,42788.0,42859.2,42783.0,42838.6,0,1096
2025-05-19 19:45:00,42753.2,42815.6,42736.6,42789.0,0,967
2025-05-19 19:30:00,42744.0,42769.2,42723.0,42754.2,0,936
2025-05-19 19:15:00,42693.9,42758.6,42671.3,42745.0,0,996
2025-05-19 19:00:00,42659.6,42698.9,42644.6,42694.9,0,1057
2025-05-19 18:45:00,42654.2,42672.2,42620.3,42657.6,0,1190
2025-05-19 18:30:00,42574.2,42669.6,42566.6,42651.2,0,1275
2025-05-19 18:15:00,42557.2,42621.2,42546.6,42573.2,0,1275
2025-05-19 18:00:00,42602.2,42662.2,42537.6,42558.2,0,1287
2025-05-19 17:45:00,42642.2,42660.7,42590.6,42601.2,0,1338
2025-05-19 17:30:00,42621.6,42670.6,42600.6,42639.2,0,1328
2025-05-19 17:15:00,42638.6,42669.6,42567.6,42623.6,0,1372
2025-05-19 17:00:00,42599.6,42700.2,42581.6,42636.6,0,1657
2025-05-19 16:45:00,42500.6,42614.6,42483.6,42601.6,0,1615
2025-05-19 16:30:00,42365.2,42510.2,42363.2,42503.6,0,1950
2025-05-19 16:15:00,42370.0,42387.0,42333.2,42361.2,0,973
2025-05-19 16:00:00,42423.1,42436.5,42344.5,42365.0,0,686
2025-05-19 15:45:00,42423.0,42430.0,42407.2,42422.1,0,498
2025-05-19 15:30:00,42400.0,42428.5,42383.2,42424.0,0,575
2025-05-19 15:15:00,42426.0,42426.0,42395.0,42399.0,0,482
2025-05-19 15:00:00,42424.7,42448.2,42409.2,42428.0,0,617
2025-05-19 14:45:00,42386.1,42438.0,42385.1,42425.2,0,560
2025-05-19 14:30:00,42386.2,42391.1,42368.2,42385.1,0,341
2025-05-19 14:15:00,42357.2,42402.0,42350.2,42388.2,0,410
2025-05-19 14:00:00,42361.0,42375.1,42349.2,42359.2,0,454
2025-05-19 13:45:00,42356.0,42375.0,42350.2,42359.5,0,357
2025-05-19 13:30:00,42325.1,42358.5,42297.6,42355.0,0,400
2025-05-19 13:15:00,42298.1,42364.5,42282.1,42324.1,0,506
2025-05-19 13:00:00,42316.0,42319.0,42279.0,42299.1,0,417
2025-05-19 12:45:00,42325.2,42325.2,42298.6,42315.5,0,336
2025-05-19 12:30:00,42315.2,42334.5,42304.2,42325.7,0,406
2025-05-19 12:15:00,42283.5,42316.2,42279.0,42316.2,0,404
2025-05-19 12:00:00,42280.0,42285.0,42254.7,42283.0,0,487
2025-05-19 11:45:00,42274.1,42293.0,42268.1,42281.0,0,492
2025-05-19 11:30:00,42294.0,42299.1,42263.2,42275.1,0,589
2025-05-19 11:15:00,42303.1,42327.0,42289.2,42293.0,0,561
2025-05-19 11:00:00,42269.2,42323.0,42269.2,42304.1,0,716
2025-05-19 10:45:00,42301.1,42314.0,42267.5,42268.2,0,466
2025-05-19 10:30:00,42302.2,42310.0,42291.0,42300.1,0,551
2025-05-19 10:15:00,42294.1,42321.0,42279.0,42304.7,0,588
2025-05-19 10:00:00,42291.2,42326.0,42285.2,42293.1,0,739
2025-05-19 09:45:00,42291.0,42309.1,42271.0,42294.0,0,428
2025-05-19 09:30:00,42328.0,42329.0,42290.0,42292.0,0,450
2025-05-19 09:15:00,42352.0,42353.0,42324.1,42326.0,0,390
2025-05-19 09:00:00,42335.1,42358.3,42324.1,42355.0,0,474
2025-05-19 08:45:00,42330.1,42343.1,42316.1,42336.1,0,294
2025-05-19 08:30:00,42333.1,42336.1,42312.0,42332.1,0,306
2025-05-19 08:15:00,42321.1,42344.3,42314.0,42332.1,0,300
2025-05-19 08:00:00,42320.1,42331.1,42306.1,42322.1,0,324
2025-05-19 07:45:00,42338.5,42340.5,42309.5,42320.5,0,197
2025-05-19 07:30:00,42320.5,42345.8,42318.5,42337.5,0,235
2025-05-19 07:15:00,42335.8,42336.8,42308.8,42318.5,0,274
2025-05-19 07:00:00,42326.8,42336.5,42317.2,42334.8,0,275
2025-05-19 06:45:00,42337.5,42340.5,42313.2,42325.8,0,345
2025-05-19 06:30:00,42378.5,42379.8,42336.5,42338.5,0,381
2025-05-19 06:15:00,42383.2,42388.5,42364.2,42377.5,0,315
2025-05-19 06:00:00,42404.5,42413.5,42378.2,42382.2,0,289
2025-05-19 05:45:00,42436.5,42439.2,42405.5,42405.5,0,246
2025-05-19 05:30:00,42447.5,42460.5,42438.5,42438.5,0,239
2025-05-19 05:15:00,42404.5,42446.5,42404.5,42446.5,0,227
2025-05-19 05:00:00,42417.5,42421.5,42400.2,42402.5,0,312
2025-05-19 04:45:00,42415.5,42428.5,42413.5,42419.5,0,262
2025-05-19 04:30:00,42431.5,42449.2,42405.5,42414.5,0,383
2025-05-19 04:15:00,42404.5,42437.5,42402.5,42430.5,0,300
2025-05-19 04:00:00,42403.5,42417.2,42397.5,42402.5,0,325
2025-05-19 03:45:00,42376.2,42405.5,42362.5,42401.5,0,424
2025-05-19 03:30:00,42369.8,42388.5,42358.8,42377.2,0,474
2025-05-19 03:15:00,42380.5,42409.5,42367.5,42370.8,0,401
2025-05-19 03:00:00,42395.8,42402.8,42370.8,42381.5,0,475
2025-05-19 02:45:00,42440.2,42441.2,42394.5,42398.8,0,312
2025-05-19 02:30:00,42412.2,42447.2,42403.5,42439.2,0,305
2025-05-19 02:15:00,42399.5,42413.2,42390.8,42413.2,0,178
2025-05-19 02:00:00,42400.5,42404.5,42378.5,42400.5,0,270
2025-05-19 01:45:00,42352.8,42404.5,42351.8,42399.5,0,239
2025-05-19 01:30:00,42365.5,42383.5,42346.5,42351.2,0,188
2025-05-19 01:15:00,42352.2,42383.8,42342.2,42366.5,0,223
2025-05-19 01:00:00,42381.0,42421.8,42337.0,42353.2,0,622
2025-05-16 23:45:00,42610.4,42611.4,42395.2,42399.7,0,623
2025-05-16 23:30:00,42625.2,42626.9,42597.6,42611.4,0,148
2025-05-16 23:15:00,42619.6,42629.2,42615.4,42623.4,0,183
2025-05-16 23:00:00,42650.2,42650.2,42605.6,42620.6,0,640
2025-05-16 22:45:00,42605.6,42658.2,42590.6,42648.2,0,1246
2025-05-16 22:30:00,42634.2,42642.2,42600.6,42606.6,0,1056
2025-05-16 22:15:00,42661.6,42664.6,42615.6,42635.2,0,832
2025-05-16 22:00:00,42618.6,42674.2,42618.0,42660.6,0,839
2025-05-16 21:45:00,42628.6,42656.2,42612.6,42619.6,0,805
2025-05-16 21:30:00,42603.2,42640.2,42590.6,42627.6,0,825
2025-05-16 21:15:00,42566.6,42607.2,42566.6,42601.2,0,722
2025-05-16 21:00:00,42543.2,42575.2,42535.2,42567.6,0,761
2025-05-16 20:45:00,42560.2,42566.2,42523.6,42544.2,0,803
2025-05-16 20:30:00,42551.2,42586.2,42546.6,42561.2,0,919
2025-05-16 20:15:00,42533.4,42591.2,42532.4,42549.2,0,974
2025-05-16 20:00:00,42524.6,42577.2,42513.6,42531.4,0,951
2025-05-16 19:45:00,42482.6,42533.2,42455.6,42526.6,0,992
2025-05-16 19:30:00,42436.6,42506.2,42435.6,42481.6,0,997
2025-05-16 19:15:00,42416.6,42453.2,42406.6,42437.6,0,967
2025-05-16 19:00:00,42324.6,42421.2,42318.6,42415.6,0,1007
2025-05-16 18:45:00,42369.4,42378.2,42323.6,42325.6,0,1041
2025-05-16 18:30:00,42346.6,42385.2,42341.6,42367.4,0,1050
2025-05-16 18:15:00,42355.2,42364.2,42318.2,42345.6,0,1107
2025-05-16 18:00:00,42349.2,42378.2,42344.6,42356.2,0,1133
2025-05-16 17:45:00,42274.6,42370.2,42271.6,42347.2,0,1242
2025-05-16 17:30:00,42368.2,42368.2,42263.6,42275.6,0,1368
2025-05-16 17:15:00,42320.6,42399.6,42307.6,42367.2,0,1272
2025-05-16 17:00:00,42359.5,42375.2,42281.0,42321.2,0,1591
2025-05-16 16:45:00,42267.2,42363.6,42244.6,42363.0,0,1506
2025-05-16 16:30:00,42357.2,42366.2,42240.2,42264.2,0,1956
2025-05-16 16:15:00,42408.0,42413.0,42299.2,42360.2,0,934
2025-05-16 16:00:00,42403.2,42407.0,42386.2,42404.0,0,550
2025-05-16 15:45:00,42424.0,42434.5,42402.7,42403.7,0,496
2025-05-16 15:30:00,42448.2,42464.0,42416.2,42423.0,0,501
2025-05-16 15:15:00,42450.5,42463.0,42443.7,42449.2,0,357
2025-05-16 15:00:00,42460.7,42464.1,42440.1,42451.0,0,401
2025-05-16 14:45:00,42444.2,42472.0,42441.2,42461.2,0,288
2025-05-16 14:30:00,42445.0,42451.0,42425.6,42445.2,0,277
2025-05-16 14:15:00,42414.2,42446.5,42411.2,42444.2,0,282
2025-05-16 14:00:00,42426.0,42436.0,42401.7,42415.6,0,433
2025-05-16 13:45:00,42451.1,42456.1,42425.0,42427.0,0,283
2025-05-16 13:30:00,42449.1,42461.5,42441.7,42450.1,0,264
2025-05-16 13:15:00,42438.2,42453.0,42434.2,42448.1,0,324
2025-05-16 13:00:00,42433.2,42444.0,42421.2,42437.2,0,277
2025-05-16 12:45:00,42445.0,42448.2,42422.2,42434.2,0,396
2025-05-16 12:30:00,42428.1,42453.0,42421.1,42443.0,0,255
2025-05-16 12:15:00,42438.1,42440.1,42423.7,42429.1,0,285
2025-05-16 12:00:00,42441.2,42443.1,42428.2,42440.1,0,278
2025-05-16 11:45:00,42437.1,42462.0,42432.2,42439.2,0,337
2025-05-16 11:30:00,42431.7,42445.0,42421.2,42438.1,0,332
2025-05-16 11:15:00,42421.1,42443.0,42402.7,42432.7,0,321
2025-05-16 11:00:00,42391.2,42426.0,42387.2,42420.1,0,581
2025-05-16 10:45:00,42347.1,42395.0,42339.2,42392.2,0,450
2025-05-16 10:30:00,42354.2,42363.5,42345.2,42348.1,0,376
2025-05-16 10:15:00,42331.1,42369.5,42330.1,42353.7,0,328
2025-05-16 10:00:00,42318.0,42335.1,42306.2,42330.1,0,423
2025-05-16 09:45:00,42310.0,42318.3,42299.0,42317.3,0,182
2025-05-16 09:30:00,42315.3,42330.1,42309.1,42311.0,0,213
2025-05-16 09:15:00,42336.1,42352.1,42314.3,42316.3,0,255
2025-05-16 09:00:00,42303.1,42345.3,42303.1,42335.1,0,262
2025-05-16 08:45:00,42308.1,42310.1,42298.1,42304.1,0,92
2025-05-16 08:30:00,42314.1,42314.1,42300.1,42309.1,0,161
2025-05-16 08:15:00,42302.1,42318.1,42301.1,42315.1,0,114
2025-05-16 08:00:00,42302.1,42304.1,42297.1,42303.1,0,88
2025-05-16 07:45:00,42298.5,42305.5,42294.5,42301.5,0,115
2025-05-16 07:30:00,42296.5,42303.5,42295.5,42299.5,0,80
2025-05-16 07:15:00,42310.5,42311.5,42294.5,42294.5,0,87
2025-05-16 07:00:00,42300.5,42315.2,42300.5,42311.5,0,125
2025-05-16 06:45:00,42299.5,42311.5,42298.5,42302.5,0,88
2025-05-16 06:30:00,42316.5,42318.5,42296.5,42300.5,0,142
2025-05-16 06:15:00,42307.5,42315.5,42303.5,42315.5,0,81
2025-05-16 06:00:00,42303.5,42311.5,42302.5,42308.5,0,97
2025-05-16 05:45:00,42301.2,42306.5,42298.2,42304.5,0,99
2025-05-16 05:30:00,42294.5,42308.5,42291.2,42302.2,0,158
2025-05-16 05:15:00,42274.5,42293.5,42273.5,42292.5,0,191
2025-05-16 05:00:00,42271.5,42276.5,42264.5,42275.5,0,200
2025-05-16 04:45:00,42276.5,42279.5,42261.2,42272.5,0,180
2025-05-16 04:30:00,42280.5,42288.5,42268.5,42277.5,0,258
2025-05-16 04:15:00,42278.5,42283.5,42266.5,42279.5,0,251
2025-05-16 04:00:00,42282.8,42287.5,42270.2,42277.5,0,300
2025-05-16 03:45:00,42333.5,42334.5,42280.5,42283.8,0,317
2025-05-16 03:30:00,42322.5,42337.5,42320.5,42334.5,0,189
2025-05-16 03:15:00,42341.5,42341.5,42320.5,42323.5,0,224
2025-05-16 03:00:00,42331.5,42347.5,42319.5,42339.5,0,315
2025-05-16 02:45:00,42342.5,42346.5,42320.5,42329.5,0,213
2025-05-16 02:30:00,42326.5,42346.8,42322.5,42341.5,0,149
2025-05-16 02:15:00,42321.5,42330.5,42320.5,42325.5,0,89
2025-05-16 02:00:00,42324.5,42331.5,42317.5,42320.5,0,132
2025-05-16 01:45:00,42342.5,42342.5,42321.5,42322.5,0,140
2025-05-16 01:30:00,42348.5,42356.5,42337.8,42340.5,0,203
2025-05-16 01:15:00,42350.5,42360.5,42341.5,42347.5,0,133
2025-05-16 01:00:00,42332.0,42354.8,42327.0,42351.5,0,213
2025-05-15 23:45:00,42375.0,42385.0,42355.5,42362.0,0,247
2025-05-15 23:30:00,42354.0,42383.0,42353.0,42374.0,0,294
2025-05-15 23:15:00,42359.5,42368.5,42348.0,42355.0,0,344
2025-05-15 23:00:00,42343.5,42371.5,42320.5,42359.0,0,912
2025-05-15 22:45:00,42322.2,42369.2,42286.0,42345.0,0,1549
2025-05-15 22:30:00,42310.2,42352.2,42300.6,42324.2,0,1254
2025-05-15 22:15:00,42319.6,42349.2,42277.2,42303.2,0,1401
2025-05-15 22:00:00,42320.6,42348.2,42291.6,42321.6,0,1202
2025-05-15 21:45:00,42318.2,42339.2,42298.6,42319.6,0,1093
2025-05-15 21:30:00,42256.2,42327.2,42251.2,42319.2,0,1171
2025-05-15 21:15:00,42210.2,42256.2,42190.6,42255.2,0,1257
2025-05-15 21:00:00,42217.2,42249.2,42187.6,42211.2,0,1183
2025-05-15 20:45:00,42253.6,42259.6,42204.6,42216.2,0,974
2025-05-15 20:30:00,42266.2,42266.2,42209.6,42254.6,0,1039
2025-05-15 20:15:00,42239.2,42279.2,42226.4,42265.2,0,974
2025-05-15 20:00:00,42255.6,42296.9,42216.6,42240.2,0,1064
2025-05-15 19:45:00,42189.6,42257.6,42189.6,42253.6,0,924
2025-05-15 19:30:00,42184.2,42204.2,42166.6,42188.6,0,995
2025-05-15 19:15:00,42228.6,42232.6,42155.6,42187.2,0,1074
2025-05-15 19:00:00,42200.6,42264.2,42188.6,42227.6,0,1195
2025-05-15 18:45:00,42216.2,42218.2,42157.6,42198.6,0,1174
2025-05-15 18:30:00,42157.2,42223.2,42134.7,42213.2,0,1263
2025-05-15 18:15:00,42106.3,42207.2,42105.7,42155.2,0,1365
2025-05-15 18:00:00,41994.7,42109.3,41981.7,42109.3,0,1323
2025-05-15 17:45:00,41940.3,41995.3,41918.7,41993.7,0,1384
2025-05-15 17:30:00,41940.7,41962.3,41897.7,41942.3,0,1549
2025-05-15 17:15:00,41954.3,41995.3,41919.7,41939.7,0,1559
2025-05-15 17:00:00,41917.3,41990.3,41907.7,41953.3,0,1634
2025-05-15 16:45:00,41936.7,41959.3,41850.7,41914.3,0,1772
2025-05-15 16:30:00,41850.3,41962.3,41844.1,41939.7,0,2102
2025-05-15 16:15:00,41886.1,41898.1,41831.3,41844.3,0,779
2025-05-15 16:00:00,41908.2,41922.1,41883.3,41885.1,0,648
2025-05-15 15:45:00,41963.1,41964.3,41886.3,41906.3,0,787
2025-05-15 15:30:00,41875.2,41970.3,41857.4,41964.1,0,1015
2025-05-15 15:15:00,41894.3,41904.1,41869.3,41877.2,0,447
2025-05-15 15:00:00,41929.1,41929.1,41880.8,41895.3,0,555
2025-05-15 14:45:00,41910.3,41946.1,41894.3,41931.1,0,478
2025-05-15 14:30:00,41917.3,41929.1,41909.3,41909.3,0,416
2025-05-15 14:15:00,41896.7,41917.3,41882.3,41916.3,0,425
2025-05-15 14:00:00,41908.3,41933.1,41886.3,41896.2,0,583
2025-05-15 13:45:00,41886.1,41924.3,41882.1,41909.3,0,379
2025-05-15 13:30:00,41897.3,41901.1,41880.3,41887.1,0,361
2025-05-15 13:15:00,41926.6,41927.1,41896.8,41896.8,0,393
2025-05-15 13:00:00,41930.3,41931.1,41898.1,41927.1,0,508
2025-05-15 12:45:00,41918.1,41933.2,41909.1,41931.3,0,338
2025-05-15 12:30:00,41900.6,41919.6,41876.3,41919.1,0,557
2025-05-15 12:15:00,41880.2,41900.1,41877.1,41899.1,0,503
2025-05-15 12:00:00,41865.2,41884.1,41863.3,41878.2,0,605
2025-05-15 11:45:00,41870.6,41888.1,41853.6,41866.2,0,594
2025-05-15 11:30:00,41893.3,41894.8,41853.3,41871.1,0,575
2025-05-15 11:15:00,41880.8,41902.1,41874.2,41893.8,0,609
2025-05-15 11:00:00,41783.3,41884.8,41783.3,41878.3,0,837
2025-05-15 10:45:00,41788.6,41804.1,41771.8,41779.3,0,623
2025-05-15 10:30:00,41829.1,41829.6,41775.3,41789.1,0,617
2025-05-15 10:15:00,41809.1,41844.1,41782.3,41828.1,0,696
2025-05-15 10:00:00,41843.1,41864.8,41801.3,41808.1,0,678
2025-05-15 09:45:00,41850.0,41861.0,41832.0,41839.4,0,271
2025-05-15 09:30:00,41872.0,41873.2,41844.0,41849.0,0,301
2025-05-15 09:15:00,41855.2,41878.0,41848.0,41871.0,0,304
2025-05-15 09:00:00,41830.0,41858.2,41824.0,41856.2,0,350
2025-05-15 08:45:00,41833.2,41839.4,41811.4,41831.0,0,279
2025-05-15 08:30:00,41857.2,41866.2,41832.0,41834.2,0,393
2025-05-15 08:15:00,41872.2,41885.2,41852.2,41858.2,0,264
2025-05-15 08:00:00,41889.2,41894.2,41868.0,41871.2,0,191
2025-05-15 07:45:00,41880.6,41893.6,41876.6,41888.6,0,96
2025-05-15 07:30:00,41895.6,41895.6,41878.6,41881.6,0,105
2025-05-15 07:15:00,41888.6,41894.6,41888.6,41894.6,0,82
2025-05-15 07:00:00,41889.6,41895.6,41888.6,41889.6,0,103
2025-05-15 06:45:00,41887.6,41898.6,41886.6,41888.6,0,117
2025-05-15 06:30:00,41893.6,41895.6,41879.3,41888.6,0,171
2025-05-15 06:15:00,41893.6,41903.9,41892.6,41894.6,0,86
2025-05-15 06:00:00,41893.6,41896.6,41881.6,41892.6,0,137
2025-05-15 05:45:00,41904.6,41904.9,41890.6,41894.6,0,156
2025-05-15 05:30:00,41863.6,41905.6,41862.6,41903.6,0,222
2025-05-15 05:15:00,41872.6,41872.9,41861.3,41864.6,0,141
2025-05-15 05:00:00,41882.6,41883.6,41868.6,41874.6,0,154
2025-05-15 04:45:00,41885.6,41890.6,41868.6,41881.6,0,215
2025-05-15 04:30:00,41881.6,41891.6,41874.6,41886.6,0,233
2025-05-15 04:15:00,41892.6,41895.6,41880.3,41880.6,0,248
2025-05-15 04:00:00,41893.6,41906.9,41891.6,41894.6,0,251
2025-05-15 03:45:00,41906.6,41908.6,41891.6,41894.6,0,228
2025-05-15 03:30:00,41883.9,41909.9,41881.9,41909.6,0,215
2025-05-15 03:15:00,41880.6,41891.6,41869.6,41885.9,0,241
2025-05-15 03:00:00,41857.6,41886.9,41852.6,41879.6,0,315
2025-05-15 02:45:00,41847.6,41871.6,41844.6,41859.6,0,342
2025-05-15 02:30:00,41857.6,41865.6,41828.9,41848.6,0,297
2025-05-15 02:15:00,41882.9,41907.9,41842.9,41859.6,0,360
2025-05-15 02:00:00,42007.6,42007.6,41871.6,41883.9,0,489
2025-05-15 01:45:00,42007.6,42018.6,41999.3,42006.6,0,131
2025-05-15 01:30:00,42018.6,42020.6,42006.6,42008.6,0,95
2025-05-15 01:15:00,42014.9,42020.6,42008.6,42016.6,0,164
2025-05-15 01:00:00,42019.1,42033.1,42008.6,42013.9,0,225
2025-05-14 23:45:00,42058.1,42061.1,42036.1,42037.6,0,165
2025-05-14 23:30:00,42057.1,42062.1,42048.6,42058.6,0,215
2025-05-14 23:15:00,42071.1,42071.1,42049.1,42059.1,0,264
2025-05-14 23:00:00,42047.1,42081.1,42032.6,42069.1,0,758
2025-05-14 22:45:00,42051.3,42142.2,42024.7,42051.1,0,1515
2025-05-14 22:30:00,42064.3,42083.3,42035.7,42053.3,0,1136
2025-05-14 22:15:00,42103.3,42117.3,42028.7,42065.3,0,1043
2025-05-14 22:00:00,42096.5,42109.3,42068.7,42104.3,0,933
2025-05-14 21:45:00,42106.5,42109.5,42071.7,42095.5,0,979
2025-05-14 21:30:00,42038.3,42123.3,42037.7,42104.5,0,1231
2025-05-14 21:15:00,42042.7,42084.3,42014.7,42039.3,0,1031
2025-05-14 21:00:00,42064.3,42089.3,42038.7,42044.7,0,975
2025-05-14 20:45:00,42026.7,42066.3,42009.7,42062.3,0,1017
2025-05-14 20:30:00,42002.7,42059.3,42002.7,42027.7,0,1124
2025-05-14 20:15:00,42051.7,42061.3,41960.3,42001.7,0,1382
2025-05-14 20:00:00,42076.3,42087.3,42040.3,42050.7,0,1009
2025-05-14 19:45:00,42057.3,42088.3,42043.7,42077.3,0,996
2025-05-14 19:30:00,42107.3,42143.2,42038.7,42058.3,0,1155
2025-05-14 19:15:00,42131.7,42151.2,42102.3,42108.3,0,969
2025-05-14 19:00:00,42163.2,42194.2,42125.7,42130.7,0,974
2025-05-14 18:45:00,42169.6,42186.2,42148.6,42164.2,0,1003
2025-05-14 18:30:00,42160.6,42197.6,42149.6,42168.6,0,1130
2025-05-14 18:15:00,42085.7,42175.2,42068.7,42162.6,0,1278
2025-05-14 18:00:00,42163.6,42163.6,42021.7,42087.7,0,1609
2025-05-14 17:45:00,42195.6,42212.2,42152.6,42159.6,0,1342
2025-05-14 17:30:00,42225.6,42260.2,42191.6,42194.6,0,1525
2025-05-14 17:15:00,42205.6,42248.2,42182.6,42226.6,0,1496
2025-05-14 17:00:00,42205.2,42231.2,42143.6,42203.6,0,1635
2025-05-14 16:45:00,42189.6,42213.2,42125.7,42203.2,0,1792
2025-05-14 16:30:00,42208.5,42270.0,42181.6,42190.6,0,1955
2025-05-14 16:15:00,42209.2,42230.7,42204.2,42210.0,0,632
2025-05-14 16:00:00,42207.0,42216.0,42177.2,42209.7,0,644
2025-05-14 15:45:00,42208.0,42220.5,42192.2,42208.0,0,489
2025-05-14 15:30:00,42242.0,42252.0,42194.2,42209.0,0,663
2025-05-14 15:15:00,42189.1,42244.0,42189.1,42240.5,0,541
2025-05-14 15:00:00,42167.2,42198.0,42163.2,42190.1,0,529
2025-05-14 14:45:00,42184.0,42185.0,42161.0,42168.2,0,473
2025-05-14 14:30:00,42183.1,42205.0,42182.1,42185.0,0,519
2025-05-14 14:15:00,42168.6,42192.0,42162.2,42182.1,0,540
2025-05-14 14:00:00,42150.2,42183.0,42150.2,42168.1,0,480
2025-05-14 13:45:00,42161.1,42162.1,42138.2,42148.2,0,329
2025-05-14 13:30:00,42142.0,42167.7,42139.1,42162.1,0,289
2025-05-14 13:15:00,42112.2,42145.0,42102.2,42140.0,0,359
2025-05-14 13:00:00,42137.2,42137.2,42100.8,42114.3,0,404
2025-05-14 12:45:00,42141.1,42157.0,42128.2,42138.2,0,402
2025-05-14 12:30:00,42172.1,42176.1,42132.7,42139.2,0,419
2025-05-14 12:15:00,42142.0,42184.0,42134.3,42171.1,0,570
2025-05-14 12:00:00,42194.2,42201.0,42119.3,42141.0,0,694
2025-05-14 11:45:00,42204.0,42223.0,42192.2,42193.2,0,502
2025-05-14 11:30:00,42188.6,42204.0,42181.1,42203.5,0,480
2025-05-14 11:15:00,42202.2,42209.0,42178.0,42188.1,0,540
2025-05-14 11:00:00,42195.0,42210.0,42167.2,42201.2,0,735
2025-05-14 10:45:00,42176.1,42199.7,42173.1,42197.0,0,460
2025-05-14 10:30:00,42157.0,42185.0,42154.5,42175.6,0,490
2025-05-14 10:15:00,42212.2,42215.5,42152.0,42156.5,0,625
2025-05-14 10:00:00,42181.1,42218.0,42179.2,42209.7,0,632
2025-05-14 09:45:00,42159.1,42193.0,42142.0,42179.1,0,321
2025-05-14 09:30:00,42176.1,42177.1,42150.1,42160.1,0,263
2025-05-14 09:15:00,42153.0,42179.1,42152.1,42177.1,0,234
2025-05-14 09:00:00,42174.1,42179.3,42151.0,42152.0,0,311
2025-05-14 08:45:00,42180.1,42184.3,42172.0,42173.1,0,194
2025-05-14 08:30:00,42172.1,42184.1,42171.1,42181.1,0,178
2025-05-14 08:15:00,42194.1,42200.1,42168.0,42173.1,0,228
2025-05-14 08:00:00,42184.1,42199.1,42180.1,42195.1,0,203
2025-05-14 07:45:00,42196.5,42199.5,42182.2,42183.5,0,129
2025-05-14 07:30:00,42175.5,42200.5,42173.5,42195.5,0,183
2025-05-14 07:15:00,42162.5,42178.8,42161.5,42174.5,0,122
2025-05-14 07:00:00,42170.2,42171.8,42153.5,42163.5,0,129
2025-05-14 06:45:00,42168.5,42172.5,42159.5,42170.5,0,150
2025-05-14 06:30:00,42170.5,42178.5,42166.5,42169.5,0,167
2025-05-14 06:15:00,42167.5,42173.5,42165.5,42172.5,0,152
2025-05-14 06:00:00,42151.5,42176.5,42149.5,42169.5,0,213
2025-05-14 05:45:00,42152.5,42155.5,42138.3,42150.5,0,159
2025-05-14 05:30:00,42154.5,42155.5,42144.2,42153.5,0,136
2025-05-14 05:15:00,42142.5,42165.5,42142.5,42155.5,0,208
2025-05-14 05:00:00,42160.5,42163.5,42130.6,42143.5,0,260
2025-05-14 04:45:00,42172.5,42173.8,42152.5,42161.5,0,255
2025-05-14 04:30:00,42161.5,42181.8,42147.5,42173.5,0,309
2025-05-14 04:15:00,42147.5,42169.5,42142.5,42163.5,0,271
2025-05-14 04:00:00,42166.5,42167.5,42138.3,42145.5,0,383
2025-05-14 03:45:00,42169.5,42174.5,42160.5,42167.5,0,209
2025-05-14 03:30:00,42166.5,42172.5,42152.2,42168.5,0,252
2025-05-14 03:15:00,42179.5,42183.5,42163.5,42167.5,0,289
2025-05-14 03:00:00,42188.5,42194.5,42172.5,42177.5,0,387
2025-05-14 02:45:00,42196.5,42204.5,42187.5,42187.5,0,232
2025-05-14 02:30:00,42174.5,42211.8,42174.5,42195.5,0,194
2025-05-14 02:15:00,42187.5,42188.5,42174.5,42175.5,0,171
2025-05-14 02:00:00,42185.5,42194.5,42172.8,42188.5,0,251
2025-05-14 01:45:00,42188.5,42196.5,42185.5,42186.5,0,135
2025-05-14 01:30:00,42183.5,42187.5,42179.5,42187.5,0,129
2025-05-14 01:15:00,42187.8,42194.8,42176.5,42182.5,0,198
2025-05-14 01:00:00,42195.0,42204.0,42163.5,42188.8,0,184
2025-05-13 23:45:00,42149.0,42168.0,42146.0,42158.0,0,169
2025-05-13 23:30:00,42137.1,42164.0,42137.1,42149.5,0,214
2025-05-13 23:15:00,42151.0,42154.0,42135.1,42138.1,0,361
2025-05-13 23:00:00,42142.0,42165.0,42124.1,42152.0,0,806
2025-05-13 22:45:00,42284.6,42285.6,42145.0,42145.0,0,1418
2025-05-13 22:30:00,42251.6,42310.6,42250.6,42283.6,0,985
2025-05-13 22:15:00,42267.2,42278.2,42234.6,42252.6,0,917
2025-05-13 22:00:00,42257.6,42271.2,42233.6,42266.2,0,922
2025-05-13 21:45:00,42207.2,42265.6,42197.6,42258.6,0,904
2025-05-13 21:30:00,42228.6,42238.2,42191.6,42208.2,0,865
2025-05-13 21:15:00,42260.4,42274.2,42227.6,42227.6,0,876
2025-05-13 21:00:00,42255.6,42280.2,42228.6,42259.4,0,1045
2025-05-13 20:45:00,42280.2,42308.2,42250.6,42253.6,0,947
2025-05-13 20:30:00,42287.6,42344.2,42275.6,42281.2,0,1034
2025-05-13 20:15:00,42229.2,42296.2,42220.6,42288.6,0,858
2025-05-13 20:00:00,42221.4,42238.2,42205.6,42227.2,0,929
2025-05-13 19:45:00,42232.2,42262.2,42211.6,42219.4,0,800
2025-05-13 19:30:00,42230.2,42242.2,42193.6,42231.2,0,906
2025-05-13 19:15:00,42254.2,42259.2,42201.6,42229.2,0,1071
2025-05-13 19:00:00,42263.6,42269.2,42215.6,42255.2,0,1137
2025-05-13 18:45:00,42318.6,42345.2,42251.6,42262.6,0,1133
2025-05-13 18:30:00,42258.6,42323.2,42257.6,42317.6,0,1060
2025-05-13 18:15:00,42232.6,42305.2,42230.6,42270.6,0,1162
2025-05-13 18:00:00,42240.6,42269.2,42227.6,42233.6,0,1287
2025-05-13 17:45:00,42244.2,42281.6,42224.6,42248.6,0,1442
2025-05-13 17:30:00,42298.2,42319.2,42241.6,42242.2,0,1468
2025-05-13 17:15:00,42352.6,42396.2,42291.6,42292.6,0,1618
2025-05-13 17:00:00,42277.6,42357.6,42237.6,42354.6,0,1553
2025-05-13 16:45:00,42269.6,42294.2,42220.6,42274.6,0,1626
2025-05-13 16:30:00,42266.0,42318.2,42200.2,42268.6,0,2091
2025-05-13 16:15:00,42282.2,42289.5,42226.2,42258.0,0,757
2025-05-13 16:00:00,42241.0,42289.0,42235.0,42283.2,0,758
2025-05-13 15:45:00,42242.0,42263.0,42214.2,42240.0,0,875
2025-05-13 15:30:00,42266.1,42371.2,42238.0,42241.0,0,1538
2025-05-13 15:15:00,42235.0,42260.1,42225.2,42260.1,0,560
2025-05-13 15:00:00,42201.0,42234.2,42187.2,42234.0,0,606
2025-05-13 14:45:00,42176.5,42206.2,42144.2,42200.0,0,479
2025-05-13 14:30:00,42172.0,42184.2,42151.0,42174.7,0,450
2025-05-13 14:15:00,42206.2,42238.0,42167.2,42173.0,0,513
2025-05-13 14:00:00,42212.0,42240.0,42192.2,42207.2,0,496
2025-05-13 13:45:00,42237.0,42288.5,42210.0,42210.0,0,517
2025-05-13 13:30:00,42373.2,42375.2,42191.0,42238.0,0,986
2025-05-13 13:15:00,42389.1,42390.1,42372.1,42375.2,0,323
2025-05-13 13:00:00,42390.2,42394.0,42364.2,42390.1,0,507
2025-05-13 12:45:00,42372.1,42393.5,42370.2,42391.2,0,337
2025-05-13 12:30:00,42347.0,42375.0,42346.2,42371.1,0,277
2025-05-13 12:15:00,42329.1,42350.0,42321.1,42348.0,0,323
2025-05-13 12:00:00,42326.1,42341.5,42319.2,42328.1,0,426
2025-05-13 11:45:00,42337.7,42341.1,42317.7,42325.1,0,366
2025-05-13 11:30:00,42341.1,42366.5,42334.1,42338.2,0,464
2025-05-13 11:15:00,42334.0,42357.5,42329.0,42340.1,0,477
2025-05-13 11:00:00,42302.1,42356.7,42302.1,42333.0,0,682
2025-05-13 10:45:00,42312.0,42315.0,42297.2,42301.1,0,400
2025-05-13 10:30:00,42327.0,42348.0,42305.1,42311.0,0,526
2025-05-13 10:15:00,42325.1,42342.0,42289.2,42329.5,0,635
2025-05-13 10:00:00,42323.2,42330.0,42293.1,42325.6,0,680
2025-05-13 09:45:00,42354.1,42354.1,42317.1,42319.0,0,367
2025-05-13 09:30:00,42329.0,42357.1,42324.0,42353.1,0,326
2025-05-13 09:15:00,42353.1,42355.1,42323.0,42328.0,0,372
2025-05-13 09:00:00,42327.0,42358.3,42321.0,42352.1,0,413
2025-05-13 08:45:00,42332.3,42332.3,42318.0,42326.0,0,198
2025-05-13 08:30:00,42322.1,42331.3,42311.1,42331.3,0,220
2025-05-13 08:15:00,42303.1,42323.3,42288.0,42321.1,0,284
2025-05-13 08:00:00,42300.1,42325.3,42295.1,42304.1,0,294
2025-05-13 07:45:00,42293.5,42310.5,42292.5,42297.5,0,185
2025-05-13 07:30:00,42291.2,42298.2,42269.8,42292.5,0,306
2025-05-13 07:15:00,42309.5,42318.5,42291.8,42292.2,0,197
2025-05-13 07:00:00,42308.5,42317.8,42295.5,42310.5,0,250
2025-05-13 06:45:00,42323.5,42324.5,42306.5,42307.5,0,195
2025-05-13 06:30:00,42320.5,42325.5,42308.8,42322.5,0,231
2025-05-13 06:15:00,42324.5,42327.5,42315.5,42319.5,0,203
2025-05-13 06:00:00,42341.5,42348.5,42310.8,42325.5,0,239
2025-05-13 05:45:00,42335.2,42343.5,42322.2,42343.5,0,273
2025-05-13 05:30:00,42347.5,42347.5,42329.5,42334.2,0,276
2025-05-13 05:15:00,42367.5,42368.5,42337.8,42346.5,0,334
2025-05-13 05:00:00,42353.5,42380.5,42351.5,42368.5,0,299
2025-05-13 04:45:00,42343.5,42356.5,42341.5,42354.5,0,273
2025-05-13 04:30:00,42340.5,42362.5,42333.2,42345.5,0,400
2025-05-13 04:15:00,42333.8,42351.5,42330.5,42342.5,0,350
2025-05-13 04:00:00,42336.5,42345.5,42323.5,42332.8,0,398
2025-05-13 03:45:00,42342.5,42354.5,42328.5,42334.5,0,389
2025-05-13 03:30:00,42354.5,42355.5,42328.8,42341.5,0,433
2025-05-13 03:15:00,42357.5,42367.8,42341.5,42355.5,0,460
2025-05-13 03:00:00,42371.5,42372.5,42343.5,42356.5,0,540
2025-05-13 02:45:00,42403.2,42405.5,42370.5,42370.5,0,292
2025-05-13 02:30:00,42446.5,42451.5,42399.5,42404.2,0,185
2025-05-13 02:15:00,42431.5,42459.8,42431.5,42447.5,0,136
2025-05-13 02:00:00,42400.5,42435.5,42399.5,42432.5,0,227
2025-05-13 01:45:00,42398.5,42403.5,42389.8,42398.5,0,166
2025-05-13 01:30:00,42417.5,42417.5,42396.5,42396.5,0,329
2025-05-13 01:15:00,42416.5,42425.5,42408.5,42418.5,0,186
2025-05-13 01:00:00,42415.0,42450.5,42404.0,42415.5,0,286
2025-05-12 23:45:00,42449.0,42457.0,42435.0,42448.0,0,150
2025-05-12 23:30:00,42441.0,42467.0,42440.5,42448.0,0,207
2025-05-12 23:15:00,42426.5,42454.5,42425.0,42442.5,0,293
2025-05-12 23:00:00,42424.5,42489.5,42422.0,42427.0,0,1039
2025-05-12 22:45:00,42322.6,42430.0,42303.2,42420.0,0,1425
2025-05-12 22:30:00,42355.2,42385.2,42317.6,42321.6,0,1267
2025-05-12 22:15:00,42362.2,42392.2,42341.6,42357.2,0,1089
2025-05-12 22:00:00,42371.2,42404.2,42337.6,42361.2,0,1047
2025-05-12 21:45:00,42401.6,42414.4,42356.6,42370.2,0,1048
2025-05-12 21:30:00,42381.6,42431.2,42381.6,42400.6,0,927
2025-05-12 21:15:00,42352.4,42397.2,42342.6,42380.6,0,1029
2025-05-12 21:00:00,42332.2,42381.2,42325.2,42355.2,0,1016
2025-05-12 20:45:00,42332.6,42363.2,42323.6,42328.2,0,963
2025-05-12 20:30:00,42317.2,42354.2,42304.6,42331.6,0,1027
2025-05-12 20:15:00,42355.6,42359.2,42296.6,42318.2,0,1115
2025-05-12 20:00:00,42293.6,42391.2,42292.6,42354.6,0,1181
2025-05-12 19:45:00,42247.2,42300.9,42235.6,42294.6,0,976
2025-05-12 19:30:00,42180.6,42251.2,42171.6,42245.6,0,955
2025-05-12 19:15:00,42165.6,42228.2,42143.6,42178.6,0,1098
2025-05-12 19:00:00,42123.7,42186.2,42106.7,42168.6,0,1200
2025-05-12 18:45:00,42163.6,42179.2,42118.7,42122.7,0,1366
2025-05-12 18:30:00,42215.2,42244.2,42154.6,42161.6,0,1387
2025-05-12 18:15:00,42235.2,42251.2,42156.6,42212.2,0,1429
2025-05-12 18:00:00,42244.2,42281.2,42216.6,42234.2,0,1499
2025-05-12 17:45:00,42267.6,42332.2,42237.6,42237.6,0,1520
2025-05-12 17:30:00,42189.2,42270.2,42109.7,42269.2,0,1753
2025-05-12 17:15:00,42299.2,42323.2,42165.6,42188.2,0,1740
2025-05-12 17:00:00,42254.6,42308.2,42233.6,42298.2,0,1722
2025-05-12 16:45:00,42304.2,42357.2,42232.2,42248.6,0,1981
2025-05-12 16:30:00,42301.0,42362.0,42204.6,42301.2,0,2396
2025-05-12 16:15:00,42292.0,42332.0,42276.2,42293.0,0,971
2025-05-12 16:00:00,42289.2,42322.5,42246.2,42294.0,0,944
2025-05-12 15:45:00,42301.2,42326.0,42281.2,42287.2,0,686
2025-05-12 15:30:00,42374.2,42378.0,42291.2,42302.2,0,717
2025-05-12 15:15:00,42288.0,42374.0,42286.7,42373.2,0,790
2025-05-12 15:00:00,42241.2,42290.0,42233.2,42289.0,0,770
2025-05-12 14:45:00,42263.2,42275.2,42197.0,42239.2,0,1096
2025-05-12 14:30:00,42273.2,42301.2,42244.2,42262.2,0,716
2025-05-12 14:15:00,42242.2,42306.0,42235.2,42275.2,0,785
2025-05-12 14:00:00,42294.0,42330.0,42240.7,42240.7,0,1064
2025-05-12 13:45:00,42202.2,42317.0,42191.7,42302.0,0,783
2025-05-12 13:30:00,42222.7,42259.5,42202.2,42204.2,0,781
2025-05-12 13:15:00,42167.0,42231.2,42165.0,42221.2,0,671
2025-05-12 13:00:00,42148.0,42177.5,42130.3,42169.0,0,651
2025-05-12 12:45:00,42117.2,42150.0,42113.1,42149.0,0,411
2025-05-12 12:30:00,42087.3,42121.1,42077.3,42116.2,0,504
2025-05-12 12:15:00,42096.1,42099.1,42054.3,42089.3,0,637
2025-05-12 12:00:00,42067.3,42111.3,42057.3,42097.1,0,664
2025-05-12 11:45:00,42067.2,42129.3,42064.3,42065.3,0,790
2025-05-12 11:30:00,42058.1,42081.1,42014.3,42065.2,0,795
2025-05-12 11:15:00,42102.3,42125.1,42007.1,42057.1,0,1101
2025-05-12 11:00:00,42037.3,42113.3,42026.1,42103.3,0,1283
2025-05-12 10:45:00,42115.1,42126.1,42002.8,42036.3,0,1088
2025-05-12 10:30:00,42243.2,42261.0,42103.3,42114.1,0,1067
2025-05-12 10:15:00,42180.0,42255.0,42114.1,42240.2,0,1076
2025-05-12 10:00:00,41718.2,42250.0,41716.2,42177.2,0,1847
2025-05-12 09:45:00,41720.2,41738.4,41718.2,41720.2,0,353
2025-05-12 09:30:00,41715.2,41721.2,41690.2,41721.2,0,309
2025-05-12 09:15:00,41692.2,41713.0,41673.2,41711.2,0,377
2025-05-12 09:00:00,41707.2,41710.2,41686.4,41691.2,0,328
2025-05-12 08:45:00,41714.0,41724.2,41703.2,41706.2,0,201
2025-05-12 08:30:00,41700.2,41716.0,41692.2,41713.0,0,201
2025-05-12 08:15:00,41697.2,41705.2,41693.2,41699.2,0,163
2025-05-12 08:00:00,41703.2,41710.2,41689.2,41699.2,0,202
2025-05-12 07:45:00,41702.6,41707.6,41698.6,41701.6,0,89
2025-05-12 07:30:00,41712.3,41722.6,41703.6,41704.6,0,144
2025-05-12 07:15:00,41716.6,41720.9,41708.6,41713.3,0,147
2025-05-12 07:00:00,41710.6,41718.9,41707.3,41717.6,0,179
2025-05-12 06:45:00,41697.6,41717.6,41694.6,41711.6,0,158
2025-05-12 06:30:00,41681.6,41699.6,41679.6,41699.6,0,191
2025-05-12 06:15:00,41667.6,41685.6,41658.3,41680.6,0,177
2025-05-12 06:00:00,41670.6,41675.6,41661.6,41666.6,0,187
2025-05-12 05:45:00,41665.6,41678.6,41665.6,41671.6,0,180
2025-05-12 05:30:00,41668.6,41671.3,41658.3,41664.6,0,214
2025-05-12 05:15:00,41662.6,41667.6,41656.6,41667.6,0,224
2025-05-12 05:00:00,41673.6,41681.6,41658.6,41660.6,0,332
2025-05-12 04:45:00,41669.6,41680.6,41658.9,41674.6,0,321
2025-05-12 04:30:00,41707.6,41707.6,41658.6,41668.6,0,384
2025-05-12 04:15:00,41692.3,41708.3,41684.6,41706.6,0,343
2025-05-12 04:00:00,41659.6,41710.9,41652.6,41693.3,0,560
2025-05-12 03:45:00,41684.6,41689.6,41652.9,41658.6,0,371
2025-05-12 03:30:00,41672.6,41694.6,41671.6,41686.6,0,413
2025-05-12 03:15:00,41666.6,41680.6,41655.6,41671.6,0,554
2025-05-12 03:00:00,41655.6,41691.6,41640.6,41665.6,0,640
2025-05-12 02:45:00,41688.2,41704.8,41632.5,41657.5,0,520
2025-05-12 02:30:00,41682.5,41695.2,41648.5,41690.2,0,467
2025-05-12 02:15:00,41660.5,41702.5,41655.5,41683.5,0,484
2025-05-12 02:00:00,41628.2,41673.2,41616.5,41659.5,0,383
2025-05-12 01:45:00,41642.8,41648.5,41620.2,41626.2,0,294
2025-05-12 01:30:00,41648.5,41663.8,41603.2,41643.8,0,604
2025-05-12 01:15:00,41737.5,41741.5,41642.2,41650.0,0,588
2025-05-12 01:00:00,41739.0,41787.0,41672.8,41738.5,0,995
2025-05-09 23:45:00,41246.5,41284.3,41245.5,41277.7,0,203
2025-05-09 23:30:00,41241.0,41250.5,41232.5,41247.5,0,207
2025-05-09 23:15:00,41241.3,41257.0,41232.7,41242.0,0,244
2025-05-09 23:00:00,41226.7,41265.3,41211.2,41240.3,0,667
2025-05-09 22:45:00,41244.7,41276.3,41208.7,41225.7,0,1387
2025-05-09 22:30:00,41277.3,41287.3,41224.7,41246.7,0,1251
2025-05-09 22:15:00,41309.7,41318.3,41268.7,41275.3,0,1076
2025-05-09 22:00:00,41275.7,41345.3,41274.7,41310.7,0,1050
2025-05-09 21:45:00,41254.5,41294.3,41251.7,41274.7,0,891
2025-05-09 21:30:00,41231.7,41273.3,41227.7,41255.5,0,1036
2025-05-09 21:15:00,41261.3,41282.3,41216.7,41232.7,0,1107
2025-05-09 21:00:00,41292.7,41303.3,41249.7,41262.3,0,951
2025-05-09 20:45:00,41267.3,41306.3,41243.7,41294.7,0,954
2025-05-09 20:30:00,41219.7,41278.3,41180.7,41268.3,0,1143
2025-05-09 20:15:00,41168.3,41247.3,41139.3,41220.7,0,1239
2025-05-09 20:00:00,41155.3,41213.3,41132.7,41164.7,0,1182
2025-05-09 19:45:00,41163.7,41189.3,41134.7,41154.3,0,1282
2025-05-09 19:30:00,41203.3,41239.3,41164.7,41164.7,0,1275
2025-05-09 19:15:00,41256.3,41266.3,41197.3,41202.3,0,1250
2025-05-09 19:00:00,41331.3,41338.3,41192.7,41255.3,0,1482
2025-05-09 18:45:00,41287.7,41338.3,41273.7,41334.3,0,1224
2025-05-09 18:30:00,41274.3,41311.3,41227.7,41289.7,0,1465
2025-05-09 18:15:00,41257.3,41290.3,41219.7,41275.3,0,1499
2025-05-09 18:00:00,41278.7,41310.3,41229.7,41260.3,0,1380
2025-05-09 17:45:00,41276.7,41295.3,41206.7,41277.7,0,1674
2025-05-09 17:30:00,41305.3,41315.3,41203.7,41278.3,0,1879
2025-05-09 17:15:00,41425.7,41431.3,41261.7,41301.7,0,1714
2025-05-09 17:00:00,41440.7,41479.3,41401.7,41427.7,0,1557
2025-05-09 16:45:00,41399.7,41455.3,41364.7,41445.7,0,1743
2025-05-09 16:30:00,41431.1,41500.3,41393.7,41396.7,0,2003
2025-05-09 16:15:00,41493.3,41501.1,41415.1,41429.1,0,818
2025-05-09 16:00:00,41469.1,41516.1,41469.1,41494.3,0,568
2025-05-09 15:45:00,41483.3,41489.1,41462.3,41468.1,0,442
2025-05-09 15:30:00,41412.1,41517.3,41408.1,41481.3,0,687
2025-05-09 15:15:00,41423.3,41438.1,41404.3,41411.1,0,653
2025-05-09 15:00:00,41418.3,41468.6,41408.3,41424.3,0,725
2025-05-09 14:45:00,41408.3,41459.3,41407.3,41420.3,0,821
2025-05-09 14:30:00,41367.1,41415.1,41331.3,41407.3,0,1214
2025-05-09 14:15:00,41448.1,41516.1,41267.3,41368.1,0,734
2025-05-09 14:00:00,41412.1,41449.1,41404.3,41447.1,0,450
2025-05-09 13:45:00,41426.2,41431.2,41405.1,41411.1,0,386
2025-05-09 13:30:00,41411.8,41436.8,41411.2,41427.2,0,377
2025-05-09 13:15:00,41399.8,41416.6,41397.2,41411.3,0,347
2025-05-09 13:00:00,41360.3,41399.3,41357.8,41399.3,0,331
2025-05-09 12:45:00,41349.3,41363.6,41344.3,41359.3,0,296
2025-05-09 12:30:00,41322.2,41351.8,41312.3,41348.3,0,327
2025-05-09 12:15:00,41336.2,41344.1,41319.3,41323.2,0,343
2025-05-09 12:00:00,41315.1,41339.1,41313.1,41337.2,0,358
2025-05-09 11:45:00,41313.3,41323.1,41297.2,41316.1,0,439
2025-05-09 11:30:00,41329.3,41343.1,41305.2,41312.3,0,465
2025-05-09 11:15:00,41305.2,41339.2,41282.3,41329.8,0,610
2025-05-09 11:00:00,41340.3,41341.3,41295.3,41303.2,0,688
2025-05-09 10:45:00,41391.1,41404.1,41339.3,41341.3,0,526
2025-05-09 10:30:00,41351.3,41395.1,41342.3,41393.1,0,604
2025-05-09 10:15:00,41339.1,41351.2,41319.3,41349.3,0,564
2025-05-09 10:00:00,41358.2,41377.1,41336.3,41340.1,0,770
2025-05-09 09:45:00,41364.2,41387.0,41355.0,41362.2,0,309
2025-05-09 09:30:00,41372.2,41385.2,41344.4,41365.2,0,387
2025-05-09 09:15:00,41382.2,41387.2,41363.2,41369.2,0,353
2025-05-09 09:00:00,41390.2,41397.4,41375.2,41383.2,0,393
2025-05-09 08:45:00,41362.2,41395.2,41352.0,41389.2,0,312
2025-05-09 08:30:00,41360.4,41392.2,41354.4,41364.2,0,468
2025-05-09 08:15:00,41378.2,41395.2,41349.2,41359.4,0,338
2025-05-09 08:00:00,41393.2,41395.2,41374.2,41377.2,0,299
2025-05-09 07:45:00,41389.6,41402.9,41387.6,41392.6,0,198
2025-05-09 07:30:00,41382.6,41388.6,41375.6,41387.6,0,189
2025-05-09 07:15:00,41387.6,41392.6,41366.3,41383.6,0,215
2025-05-09 07:00:00,41384.6,41395.3,41378.3,41388.6,0,224
2025-05-09 06:45:00,41362.6,41389.6,41359.6,41383.6,0,266
2025-05-09 06:30:00,41358.6,41373.9,41353.6,41361.6,0,309
2025-05-09 06:15:00,41376.6,41379.6,41353.6,41357.6,0,271
2025-05-09 06:00:00,41347.6,41383.3,41295.9,41378.6,0,612
2025-05-09 05:45:00,41413.6,41414.6,41343.6,41348.6,0,360
2025-05-09 05:30:00,41396.6,41421.6,41391.6,41412.6,0,233
2025-05-09 05:15:00,41353.3,41399.6,41353.3,41395.6,0,315
2025-05-09 05:00:00,41351.9,41355.9,41331.6,41354.3,0,246
2025-05-09 04:45:00,41326.9,41353.3,41320.6,41350.9,0,261
2025-05-09 04:30:00,41328.9,41332.6,41313.6,41327.9,0,285
2025-05-09 04:15:00,41293.3,41329.9,41292.6,41329.9,0,288
2025-05-09 04:00:00,41278.6,41295.3,41271.6,41292.3,0,350
2025-05-09 03:45:00,41260.6,41281.6,41245.6,41276.6,0,359
2025-05-09 03:30:00,41246.9,41276.9,41219.9,41261.6,0,440
2025-05-09 03:15:00,41281.6,41284.6,41233.3,41244.9,0,472
2025-05-09 03:00:00,41315.6,41318.6,41280.6,41280.6,0,573
2025-05-09 02:45:00,41308.6,41320.6,41299.9,41316.6,0,371
2025-05-09 02:30:00,41332.6,41339.6,41302.6,41309.6,0,352
2025-05-09 02:15:00,41359.6,41369.6,41325.9,41333.6,0,259
2025-05-09 02:00:00,41355.6,41370.6,41339.6,41361.6,0,179
2025-05-09 01:45:00,41362.6,41362.6,41352.6,41356.6,0,69
2025-05-09 01:30:00,41361.9,41363.6,41337.6,41363.6,0,159
2025-05-09 01:15:00,41364.6,41378.6,41359.6,41362.9,0,168
2025-05-09 01:00:00,41380.1,41384.1,41344.4,41363.6,0,191
2025-05-08 23:45:00,41394.1,41408.1,41387.1,41396.1,0,209
2025-05-08 23:30:00,41384.1,41402.1,41384.1,41393.1,0,257
2025-05-08 23:15:00,41389.1,41403.1,41375.1,41385.1,0,381
2025-05-08 23:00:00,41393.6,41442.1,41382.6,41387.1,0,859
2025-05-08 22:45:00,41586.7,41588.3,41363.1,41394.1,0,1749
2025-05-08 22:30:00,41672.3,41678.3,41579.3,41584.7,0,1356
2025-05-08 22:15:00,41585.3,41691.3,41573.7,41671.3,0,1494
2025-05-08 22:00:00,41626.3,41634.3,41563.7,41587.3,0,1282
2025-05-08 21:45:00,41674.3,41678.3,41621.7,41629.3,0,1140
2025-05-08 21:30:00,41603.3,41679.3,41603.3,41675.3,0,928
2025-05-08 21:15:00,41622.3,41648.3,41591.7,41604.3,0,1125
2025-05-08 21:00:00,41564.3,41631.3,41549.7,41621.3,0,1286
2025-05-08 20:45:00,41656.3,41660.3,41561.3,41566.3,0,1249
2025-05-08 20:30:00,41695.7,41711.3,41631.7,41655.3,0,1227
2025-05-08 20:15:00,41708.7,41735.3,41681.7,41694.7,0,964
2025-05-08 20:00:00,41763.7,41771.7,41689.7,41709.7,0,1218
2025-05-08 19:45:00,41749.3,41785.3,41727.7,41765.7,0,1073
2025-05-08 19:30:00,41677.7,41756.3,41673.7,41750.3,0,1126
2025-05-08 19:15:00,41695.7,41737.3,41669.7,41676.7,0,1301
2025-05-08 19:00:00,41652.7,41704.3,41650.7,41694.7,0,1430
2025-05-08 18:45:00,41690.3,41721.3,41623.7,41656.3,0,1829
2025-05-08 18:30:00,41495.7,41704.3,41446.7,41687.3,0,1807
2025-05-08 18:15:00,41332.7,41563.3,41323.7,41487.7,0,1463
2025-05-08 18:00:00,41220.3,41339.7,41188.3,41335.7,0,1527
2025-05-08 17:45:00,41311.3,41329.3,41153.7,41224.3,0,1830
2025-05-08 17:30:00,41334.3,41396.3,41267.7,41309.3,0,1786
2025-05-08 17:15:00,41197.7,41341.3,41186.7,41332.3,0,1792
2025-05-08 17:00:00,41284.7,41345.3,41164.7,41196.7,0,1745
2025-05-08 16:45:00,41336.3,41336.3,41243.7,41289.7,0,1746
2025-05-08 16:30:00,41298.3,41384.1,41291.7,41339.3,0,2083
2025-05-08 16:15:00,41306.1,41352.1,41297.3,41299.3,0,796
2025-05-08 16:00:00,41339.1,41350.1,41301.3,41308.1,0,767
2025-05-08 15:45:00,41303.1,41374.1,41295.3,41342.1,0,864
2025-05-08 15:30:00,41413.1,41439.1,41269.3,41307.1,0,1354
2025-05-08 15:15:00,41414.3,41432.3,41401.8,41414.1,0,605
2025-05-08 15:00:00,41424.3,41447.6,41409.3,41416.3,0,624
2025-05-08 14:45:00,41439.1,41439.1,41410.3,41423.3,0,612
2025-05-08 14:30:00,41474.6,41491.2,41432.3,41437.1,0,513
2025-05-08 14:15:00,41484.2,41489.3,41470.3,41474.1,0,342
2025-05-08 14:00:00,41522.1,41527.1,41485.2,41485.2,0,534
2025-05-08 13:45:00,41483.2,41521.1,41480.3,41521.1,0,319
2025-05-08 13:30:00,41474.3,41484.1,41459.3,41483.3,0,346
2025-05-08 13:15:00,41472.1,41489.1,41463.3,41475.3,0,289
2025-05-08 13:00:00,41475.2,41480.1,41454.3,41470.3,0,466
2025-05-08 12:45:00,41466.3,41488.1,41465.3,41474.2,0,332
2025-05-08 12:30:00,41439.3,41469.1,41435.3,41467.3,0,288
2025-05-08 12:15:00,41419.3,41450.1,41414.7,41437.3,0,267
2025-05-08 12:00:00,41419.3,41430.1,41413.3,41418.3,0,220
2025-05-08 11:45:00,41396.1,41421.3,41390.3,41420.3,0,243
2025-05-08 11:30:00,41382.1,41396.1,41375.3,41395.1,0,259
2025-05-08 11:15:00,41339.2,41378.1,41335.2,41378.1,0,442
2025-05-08 11:00:00,41316.2,41340.2,41310.2,41340.2,0,508
2025-05-08 10:45:00,41357.3,41360.2,41310.1,41315.2,0,460
2025-05-08 10:30:00,41356.3,41380.6,41338.3,41355.3,0,540
2025-05-08 10:15:00,41337.2,41359.1,41322.8,41355.3,0,527
2025-05-08 10:00:00,41293.3,41342.3,41282.1,41334.2,0,678
2025-05-08 09:45:00,41309.4,41318.2,41292.0,41294.0,0,248
2025-05-08 09:30:00,41298.4,41313.2,41273.0,41310.4,0,357
2025-05-08 09:15:00,41301.2,41305.4,41286.4,41297.4,0,371
2025-05-08 09:00:00,41334.0,41334.0,41296.0,41303.2,0,488
2025-05-08 08:45:00,41343.2,41355.2,41329.2,41335.4,0,280
2025-05-08 08:30:00,41367.4,41371.0,41340.2,41344.2,0,331
2025-05-08 08:15:00,41362.2,41374.4,41352.2,41369.4,0,248
2025-05-08 08:00:00,41364.2,41368.2,41352.0,41361.2,0,270
2025-05-08 07:45:00,41373.3,41376.6,41361.6,41363.6,0,195
2025-05-08 07:30:00,41344.3,41376.9,41341.3,41372.3,0,217
2025-05-08 07:15:00,41362.3,41368.6,41336.6,41343.3,0,219
2025-05-08 07:00:00,41357.9,41369.6,41342.6,41363.3,0,230
2025-05-08 06:45:00,41333.6,41367.3,41333.6,41356.9,0,304
2025-05-08 06:30:00,41329.6,41339.9,41313.6,41332.6,0,320
2025-05-08 06:15:00,41287.3,41343.6,41283.3,41328.6,0,376
2025-05-08 06:00:00,41256.3,41299.9,41247.6,41289.3,0,339
2025-05-08 05:45:00,41249.6,41262.6,41246.6,41253.3,0,231
2025-05-08 05:30:00,41229.6,41265.9,41227.6,41251.6,0,375
2025-05-08 05:15:00,41206.6,41231.6,41206.6,41228.6,0,323
2025-05-08 05:00:00,41190.6,41218.6,41190.6,41207.6,0,424
2025-05-08 04:45:00,41206.6,41214.9,41177.3,41189.6,0,624
2025-05-08 04:30:00,41238.3,41246.6,41196.6,41207.6,0,636
2025-05-08 04:15:00,41232.6,41277.3,41220.3,41237.3,0,776
2025-05-08 04:00:00,41180.6,41267.3,41159.6,41235.6,0,1052
2025-05-08 03:45:00,41045.6,41218.9,41041.9,41179.6,0,714
2025-05-08 03:30:00,41103.6,41109.6,41043.3,41046.6,0,417
2025-05-08 03:15:00,41084.6,41103.6,41057.6,41102.6,0,396
2025-05-08 03:00:00,41075.6,41111.6,41075.6,41083.6,0,485
2025-05-08 02:45:00,41069.9,41081.9,41063.6,41073.6,0,249
2025-05-08 02:30:00,41106.6,41111.6,41068.9,41070.9,0,178
2025-05-08 02:15:00,41091.3,41103.6,41085.6,41103.6,0,150
2025-05-08 02:00:00,41080.6,41101.3,41072.6,41092.3,0,262
2025-05-08 01:45:00,41080.6,41089.6,41073.6,41079.6,0,157
2025-05-08 01:30:00,41075.9,41084.6,41075.9,41079.6,0,82
2025-05-08 01:15:00,41054.6,41074.9,41027.9,41074.9,0,125
2025-05-08 01:00:00,41065.1,41067.6,41029.1,41055.6,0,257
2025-05-07 23:45:00,41070.1,41097.1,41056.6,41086.1,0,331
2025-05-07 23:30:00,41091.1,41092.1,41062.1,41069.1,0,459
2025-05-07 23:15:00,41115.1,41136.1,41082.1,41093.1,0,613
2025-05-07 23:00:00,41096.6,41168.1,41091.1,41116.1,0,1143
2025-05-07 22:45:00,41159.3,41211.3,41008.7,41097.1,0,2236
2025-05-07 22:30:00,40947.3,41277.7,40925.7,41161.3,0,2200
2025-05-07 22:15:00,41116.3,41144.3,40937.7,40949.3,0,2035
2025-05-07 22:00:00,41176.7,41180.3,41061.3,41115.3,0,2061
2025-05-07 21:45:00,41079.7,41200.3,40920.7,41175.7,0,2211
2025-05-07 21:30:00,40954.7,41132.7,40924.7,41075.7,0,2110
2025-05-07 21:15:00,40854.3,40981.7,40821.3,40955.7,0,1837
2025-05-07 21:00:00,41036.2,41115.2,40817.7,40855.3,0,1868
2025-05-07 20:45:00,41110.3,41140.3,40992.7,41033.6,0,1220
2025-05-07 20:30:00,41191.7,41200.3,41107.7,41109.3,0,1142
2025-05-07 20:15:00,41227.7,41236.3,41173.7,41192.7,0,983
2025-05-07 20:00:00,41201.7,41240.3,41188.7,41226.7,0,935
2025-05-07 19:45:00,41133.7,41209.3,41109.7,41200.7,0,1069
2025-05-07 19:30:00,41049.3,41140.3,41047.3,41134.7,0,1137
2025-05-07 19:15:00,41101.7,41135.3,41036.7,41047.3,0,1306
2025-05-07 19:00:00,41083.7,41106.3,41055.7,41100.7,0,1251
2025-05-07 18:45:00,41077.3,41089.3,40994.7,41084.7,0,1424
2025-05-07 18:30:00,41029.3,41091.3,41007.7,41076.3,0,1414
2025-05-07 18:15:00,40965.3,41041.3,40953.7,41031.3,0,1510
2025-05-07 18:00:00,40978.3,41027.3,40939.7,40964.3,0,1749
2025-05-07 17:45:00,41056.3,41069.3,40932.7,40979.3,0,1695
2025-05-07 17:30:00,41062.3,41072.3,41027.7,41055.3,0,1157
2025-05-07 17:15:00,41030.7,41073.3,41005.7,41061.3,0,1297
2025-05-07 17:00:00,41072.3,41077.3,41013.7,41028.7,0,1450
2025-05-07 16:45:00,41071.3,41080.3,40966.7,41069.3,0,1794
2025-05-07 16:30:00,40980.1,41082.3,40945.3,41068.3,0,2206
2025-05-07 16:15:00,40952.1,40989.1,40940.3,40975.1,0,918
2025-05-07 16:00:00,41013.1,41014.1,40946.3,40951.1,0,1022
2025-05-07 15:45:00,41028.3,41049.1,41006.3,41014.1,0,698
2025-05-07 15:30:00,41014.1,41038.1,41004.1,41027.3,0,660
2025-05-07 15:15:00,40998.3,41041.1,40996.3,41013.1,0,780
2025-05-07 15:00:00,41089.3,41098.1,40994.1,41000.3,0,837
2025-05-07 14:45:00,41061.1,41095.8,41061.1,41090.3,0,394
2025-05-07 14:30:00,41112.2,41115.1,41052.8,41059.6,0,403
2025-05-07 14:15:00,41131.1,41137.2,41107.3,41111.2,0,397
2025-05-07 14:00:00,41112.2,41138.6,41098.3,41132.1,0,458
2025-05-07 13:45:00,41087.8,41132.8,41083.3,41110.2,0,480
2025-05-07 13:30:00,41071.8,41088.3,41058.2,41087.3,0,384
2025-05-07 13:15:00,41081.1,41082.2,41065.3,41071.3,0,368
2025-05-07 13:00:00,41032.7,41084.1,41001.3,41082.1,0,549
2025-05-07 12:45:00,41049.2,41074.1,41032.2,41032.2,0,459
2025-05-07 12:30:00,41035.3,41052.3,41016.6,41050.2,0,465
2025-05-07 12:15:00,41062.2,41070.1,41029.3,41036.3,0,440
2025-05-07 12:00:00,41054.2,41070.1,41034.2,41061.2,0,392
2025-05-07 11:45:00,41038.2,41054.2,41011.3,41053.2,0,438
2025-05-07 11:30:00,41027.3,41055.1,41027.3,41037.2,0,439
2025-05-07 11:15:00,41025.2,41038.1,41002.3,41025.3,0,402
2025-05-07 11:00:00,41038.2,41064.6,41007.3,41024.7,0,654
2025-05-07 10:45:00,41018.1,41052.1,41013.1,41039.2,0,417
2025-05-07 10:30:00,41036.3,41041.1,41010.3,41017.1,0,393
2025-05-07 10:15:00,41005.2,41047.1,41002.2,41037.3,0,508
2025-05-07 10:00:00,40998.1,41015.1,40985.8,41003.2,0,733
2025-05-07 09:45:00,40984.2,41012.4,40981.2,40998.4,0,318
2025-05-07 09:30:00,40980.2,40999.4,40974.1,40985.2,0,416
2025-05-07 09:15:00,41019.4,41021.2,40974.1,40981.2,0,421
2025-05-07 09:00:00,41014.2,41038.4,41001.2,41018.4,0,500
2025-05-07 08:45:00,41014.4,41022.2,41006.0,41015.2,0,298
2025-05-07 08:30:00,41032.4,41053.2,41003.0,41013.4,0,404
2025-05-07 08:15:00,41046.4,41050.4,41019.0,41033.4,0,305
2025-05-07 08:00:00,41052.2,41056.2,41023.2,41044.4,0,349
2025-05-07 07:45:00,41053.6,41057.6,41043.6,41051.6,0,175
2025-05-07 07:30:00,41081.3,41084.6,41048.3,41052.6,0,221
2025-05-07 07:15:00,41077.9,41091.3,41076.9,41081.6,0,213
2025-05-07 07:00:00,41049.6,41085.9,41046.6,41078.9,0,252
2025-05-07 06:45:00,41058.6,41061.6,41045.9,41048.6,0,241
2025-05-07 06:30:00,41044.6,41069.6,41039.9,41054.6,0,354
2025-05-07 06:15:00,41070.6,41071.6,41038.6,41043.6,0,309
2025-05-07 06:00:00,41041.6,41072.9,41038.6,41069.6,0,293
2025-05-07 05:45:00,41016.6,41040.6,41009.6,41039.6,0,338
2025-05-07 05:30:00,41033.6,41057.6,41010.6,41018.6,0,484
2025-05-07 05:15:00,41059.6,41062.6,41009.3,41032.6,0,487
2025-05-07 05:00:00,41103.6,41103.6,41053.6,41058.6,0,502
2025-05-07 04:45:00,41089.9,41105.6,41078.6,41100.6,0,494
2025-05-07 04:30:00,41110.6,41110.6,41077.6,41090.9,0,568
2025-05-07 04:15:00,41127.6,41129.6,41098.3,41112.6,0,517
2025-05-07 04:00:00,41129.6,41159.3,41120.6,41126.6,0,595
2025-05-07 03:45:00,41144.6,41156.9,41125.9,41130.6,0,448
2025-05-07 03:30:00,41129.6,41166.9,41129.6,41145.6,0,525
2025-05-07 03:15:00,41054.6,41129.6,41051.6,41128.6,0,657
2025-05-07 03:00:00,41101.3,41110.6,41034.9,41058.6,0,790
2025-05-07 02:45:00,41089.3,41109.6,41070.3,41102.3,0,549
2025-05-07 02:30:00,41089.9,41099.6,41060.6,41090.3,0,417
2025-05-07 02:15:00,41077.6,41102.6,41069.6,41088.9,0,362
2025-05-07 02:00:00,41102.6,41119.6,41060.3,41078.6,0,595
2025-05-07 01:45:00,41057.3,41111.3,41044.3,41103.6,0,685
2025-05-07 01:30:00,41130.9,41149.9,41026.3,41054.3,0,826
2025-05-07 01:15:00,41090.6,41144.3,41053.9,41129.9,0,714
2025-05-07 01:00:00,40940.6,41235.9,40923.1,41089.6,0,1495
2025-05-06 23:45:00,40715.1,40749.1,40715.1,40732.6,0,334
2025-05-06 23:30:00,40675.2,40729.1,40675.2,40716.1,0,737
2025-05-06 23:15:00,40802.1,40814.1,40661.2,40672.2,0,740
2025-05-06 23:00:00,40820.1,40830.1,40795.6,40803.6,0,739
2025-05-06 22:45:00,40938.3,40954.3,40808.1,40818.1,0,1487
2025-05-06 22:30:00,40917.7,40958.3,40904.7,40941.3,0,1145
2025-05-06 22:15:00,40907.7,40929.3,40875.7,40916.7,0,1014
2025-05-06 22:00:00,40943.7,40953.3,40853.7,40910.3,0,1163
2025-05-06 21:45:00,40901.3,40947.7,40867.7,40945.7,0,1063
2025-05-06 21:30:00,40915.3,40936.3,40885.3,40900.3,0,1116
2025-05-06 21:15:00,40822.3,40920.3,40817.7,40918.3,0,1216
2025-05-06 21:00:00,40792.3,40865.7,40789.3,40821.3,0,1331
2025-05-06 20:45:00,40813.3,40825.3,40781.7,40790.3,0,1205
2025-05-06 20:30:00,40899.3,40929.3,40802.7,40816.3,0,1348
2025-05-06 20:15:00,40941.7,40966.3,40867.7,40900.3,0,1312
2025-05-06 20:00:00,40880.3,40956.4,40870.7,40937.7,0,1455
2025-05-06 19:45:00,40936.7,40941.3,40874.3,40882.3,0,1509
2025-05-06 19:30:00,40994.3,41042.3,40924.7,40939.3,0,1412
2025-05-06 19:15:00,41152.3,41153.3,40983.7,40998.3,0,1654
2025-05-06 19:00:00,40973.3,41169.7,40965.7,41147.3,0,1382
2025-05-06 18:45:00,41004.7,41037.3,40965.7,40974.3,0,1202
2025-05-06 18:30:00,41068.7,41099.3,41000.7,41005.7,0,1222
2025-05-06 18:15:00,41046.7,41094.3,41014.7,41073.3,0,1239
2025-05-06 18:00:00,41051.7,41088.3,41020.7,41045.7,0,1254
2025-05-06 17:45:00,41046.7,41086.3,41018.7,41049.7,0,1402
2025-05-06 17:30:00,41045.7,41098.3,41025.7,41043.7,0,1374
2025-05-06 17:15:00,40950.7,41066.3,40946.7,41046.7,0,1573
2025-05-06 17:00:00,40834.3,40974.7,40811.7,40948.7,0,1752
2025-05-06 16:45:00,40898.7,40923.7,40744.7,40831.3,0,1744
2025-05-06 16:30:00,40836.3,40969.3,40820.3,40895.7,0,2020
2025-05-06 16:15:00,40925.3,40926.3,40804.3,40844.1,0,887
2025-05-06 16:00:00,40961.3,40981.1,40922.3,40924.8,0,620
2025-05-06 15:45:00,40920.1,40977.1,40918.3,40962.3,0,578
2025-05-06 15:30:00,40945.1,40946.1,40910.3,40921.1,0,581
2025-05-06 15:15:00,40965.3,40968.1,40935.1,40947.1,0,584
2025-05-06 15:00:00,40937.3,40975.1,40930.3,40966.3,0,631
2025-05-06 14:45:00,40974.1,40978.1,40888.1,40935.3,0,801
2025-05-06 14:30:00,40959.3,40997.1,40943.1,40972.1,0,597
2025-05-06 14:15:00,41039.3,41039.3,40946.3,40957.3,0,651
2025-05-06 14:00:00,41036.1,41059.3,41035.1,41041.3,0,446
2025-05-06 13:45:00,40996.3,41035.1,40992.8,41035.1,0,420
2025-05-06 13:30:00,40984.2,41027.1,40983.2,40996.8,0,436
2025-05-06 13:15:00,40977.1,40993.3,40974.1,40985.2,0,323
2025-05-06 13:00:00,40974.1,40985.1,40952.3,40976.1,0,456
2025-05-06 12:45:00,40929.3,40975.3,40917.3,40973.1,0,598
2025-05-06 12:30:00,40941.3,40962.1,40927.3,40928.3,0,588
2025-05-06 12:15:00,40949.1,40954.1,40922.3,40939.3,0,601
2025-05-06 12:00:00,40994.1,41002.1,40939.3,40950.1,0,662
2025-05-06 11:45:00,40996.3,41009.1,40972.3,40995.1,0,533
2025-05-06 11:30:00,40946.8,40998.8,40940.1,40997.3,0,635
2025-05-06 11:15:00,41020.1,41024.1,40947.3,40949.3,0,724
2025-05-06 11:00:00,41063.3,41063.3,41015.3,41021.1,0,825
2025-05-06 10:45:00,41076.1,41100.3,41063.3,41066.3,0,501
2025-05-06 10:30:00,41126.3,41131.1,41070.3,41072.6,0,532
2025-05-06 10:15:00,41134.3,41151.1,41120.3,41125.3,0,420
2025-05-06 10:00:00,41189.3,41196.3,41130.1,41135.3,0,558
2025-05-06 09:45:00,41159.0,41192.0,41157.0,41190.0,0,209
2025-05-06 09:30:00,41156.2,41175.0,41149.2,41160.0,0,267
2025-05-06 09:15:00,41139.2,41157.2,41134.0,41155.2,0,300
2025-05-06 09:00:00,41121.4,41145.4,41114.4,41139.4,0,369
2025-05-06 08:45:00,41142.2,41143.2,41105.0,41120.4,0,239
2025-05-06 08:30:00,41150.4,41159.4,41139.0,41141.2,0,175
2025-05-06 08:15:00,41166.4,41169.2,41150.0,41150.0,0,156
2025-05-06 08:00:00,41188.2,41188.2,41165.2,41166.2,0,198
2025-05-06 07:45:00,41173.6,41187.6,41171.6,41187.6,0,85
2025-05-06 07:30:00,41173.6,41176.9,41164.6,41172.6,0,112
2025-05-06 07:15:00,41191.3,41198.6,41175.6,41176.6,0,127
2025-05-06 07:00:00,41201.6,41204.6,41190.6,41191.6,0,98
2025-05-06 06:45:00,41195.6,41200.6,41191.6,41200.6,0,69
2025-05-06 06:30:00,41182.6,41199.3,41179.6,41194.6,0,181
2025-05-06 06:15:00,41166.6,41190.9,41166.6,41183.6,0,131
2025-05-06 06:00:00,41182.6,41182.6,41152.3,41165.6,0,222
2025-05-06 05:45:00,41189.3,41195.6,41180.6,41183.6,0,164
2025-05-06 05:30:00,41171.6,41193.9,41168.6,41188.3,0,167
2025-05-06 05:15:00,41176.6,41182.6,41166.6,41172.6,0,253
2025-05-06 05:00:00,41187.6,41196.6,41164.6,41177.6,0,322
2025-05-06 04:45:00,41178.9,41197.6,41172.6,41189.6,0,339
2025-05-06 04:30:00,41212.6,41218.6,41170.3,41177.9,0,426
2025-05-06 04:15:00,41219.6,41236.6,41213.6,41213.6,0,286
2025-05-06 04:00:00,41216.6,41222.6,41201.6,41221.6,0,354
2025-05-06 03:45:00,41199.6,41215.6,41193.6,41215.6,0,251
2025-05-06 03:30:00,41214.6,41224.6,41193.3,41198.6,0,303
2025-05-06 03:15:00,41230.6,41233.6,41196.6,41213.6,0,311
2025-05-06 03:00:00,41208.6,41241.3,41201.6,41229.6,0,277
2025-05-06 02:45:00,41219.6,41224.6,41204.6,41209.6,0,207
2025-05-06 02:30:00,41217.6,41222.6,41205.6,41218.6,0,169
2025-05-06 02:15:00,41219.6,41231.9,41217.6,41219.6,0,133
2025-05-06 02:00:00,41217.6,41227.9,41214.3,41220.6,0,136
2025-05-06 01:45:00,41227.6,41228.6,41215.3,41218.6,0,103
2025-05-06 01:30:00,41229.6,41237.6,41221.3,41228.6,0,76
2025-05-06 01:15:00,41229.6,41244.9,41222.6,41228.6,0,91
2025-05-06 01:00:00,41223.1,41232.1,41204.6,41228.6,0,138
2025-05-05 23:45:00,41209.1,41223.1,41207.1,41220.1,0,207
2025-05-05 23:30:00,41206.1,41218.1,41196.1,41208.1,0,282
2025-05-05 23:15:00,41197.1,41217.1,41190.1,41205.1,0,311
2025-05-05 23:00:00,41233.6,41236.6,41187.1,41199.6,0,713
2025-05-05 22:45:00,41286.7,41297.3,41208.1,41235.1,0,1589
2025-05-05 22:30:00,41292.7,41341.7,41270.7,41289.7,0,1128
2025-05-05 22:15:00,41350.3,41370.3,41280.7,41293.7,0,1158
2025-05-05 22:00:00,41387.3,41390.3,41337.7,41351.3,0,1047
2025-05-05 21:45:00,41425.3,41429.3,41370.7,41388.3,0,753
2025-05-05 21:30:00,41420.7,41443.3,41417.7,41427.3,0,666
2025-05-05 21:15:00,41437.7,41449.3,41419.7,41421.7,0,698
2025-05-05 21:00:00,41406.7,41444.3,41395.7,41438.7,0,783
2025-05-05 20:45:00,41390.7,41444.3,41390.7,41405.7,0,757
2025-05-05 20:30:00,41346.3,41400.3,41339.7,41393.7,0,907
2025-05-05 20:15:00,41378.7,41388.3,41340.7,41347.3,0,988
2025-05-05 20:00:00,41412.3,41423.3,41379.7,41379.7,0,909
2025-05-05 19:45:00,41418.3,41427.3,41400.7,41413.3,0,799
2025-05-05 19:30:00,41423.3,41424.3,41384.7,41416.3,0,925
2025-05-05 19:15:00,41408.3,41440.3,41390.7,41424.3,0,946
2025-05-05 19:00:00,41381.5,41438.3,41367.7,41404.7,0,1164
2025-05-05 18:45:00,41340.7,41389.3,41337.7,41380.5,0,1092
2025-05-05 18:30:00,41337.7,41355.3,41286.7,41338.7,0,1258
2025-05-05 18:15:00,41339.3,41385.3,41321.7,41336.7,0,1204
2025-05-05 18:00:00,41353.7,41378.7,41330.7,41340.3,0,1322
2025-05-05 17:45:00,41304.7,41365.3,41301.7,41355.7,0,1357
2025-05-05 17:30:00,41267.7,41336.7,41225.7,41306.7,0,1561
2025-05-05 17:15:00,41211.7,41270.3,41208.7,41269.3,0,1662
2025-05-05 17:00:00,41177.8,41279.3,41162.7,41210.7,0,1841
2025-05-05 16:45:00,41135.7,41184.3,41069.7,41175.8,0,1630
2025-05-05 16:30:00,41085.1,41165.3,41044.3,41136.7,0,2031
2025-05-05 16:15:00,41072.3,41100.1,41056.3,41087.1,0,666
2025-05-05 16:00:00,41087.3,41117.1,41073.1,41073.1,0,646
2025-05-05 15:45:00,41051.3,41092.1,41041.3,41086.3,0,478
2025-05-05 15:30:00,41072.1,41077.1,41049.8,41052.3,0,455
2025-05-05 15:15:00,41079.2,41089.1,41061.8,41070.1,0,473
2025-05-05 15:00:00,41054.7,41085.1,41036.3,41078.2,0,490
2025-05-05 14:45:00,41045.1,41060.1,41041.3,41054.2,0,345
2025-05-05 14:30:00,41059.1,41079.8,41026.3,41044.1,0,477
2025-05-05 14:15:00,41081.2,41085.1,41052.1,41061.1,0,355
2025-05-05 14:00:00,41079.1,41090.1,41065.3,41082.2,0,426
2025-05-05 13:45:00,41055.3,41087.6,41051.3,41082.1,0,376
2025-05-05 13:30:00,41060.6,41070.2,41042.3,41058.1,0,392
2025-05-05 13:15:00,41073.1,41077.1,41048.3,41061.1,0,343
2025-05-05 13:00:00,41050.2,41074.1,41040.8,41072.1,0,489
2025-05-05 12:45:00,41048.3,41073.1,41041.8,41051.2,0,397
2025-05-05 12:30:00,41048.7,41068.1,41039.3,41047.3,0,545
2025-05-05 12:15:00,41015.1,41060.1,41009.1,41049.7,0,435
2025-05-05 12:00:00,41032.1,41043.1,40996.8,41014.1,0,467
2025-05-05 11:45:00,41063.1,41064.1,41014.1,41031.1,0,560
2025-05-05 11:30:00,41098.1,41098.6,41046.3,41062.1,0,525
2025-05-05 11:15:00,41103.2,41114.1,41093.3,41097.6,0,481
2025-05-05 11:00:00,41081.3,41118.1,41080.3,41104.2,0,557
2025-05-05 10:45:00,41074.1,41088.1,41064.1,41081.8,0,348
2025-05-05 10:30:00,41068.1,41090.1,41054.8,41075.1,0,453
2025-05-05 10:15:00,41070.6,41084.1,41037.3,41069.1,0,543
2025-05-05 10:00:00,41086.1,41086.1,41058.3,41071.1,0,586
2025-05-05 09:45:00,41105.0,41107.0,41071.2,41085.4,0,334
2025-05-05 09:30:00,41086.2,41121.0,41084.2,41106.0,0,357
2025-05-05 09:15:00,41066.4,41089.2,41062.4,41087.2,0,335
2025-05-05 09:00:00,41048.4,41080.4,41048.4,41065.4,0,462
2025-05-05 08:45:00,41035.2,41050.2,41031.2,41046.4,0,260
2025-05-05 08:30:00,41038.4,41053.4,41033.2,41034.2,0,318
2025-05-05 08:15:00,41051.2,41052.2,41036.4,41037.4,0,235
2025-05-05 08:00:00,41009.2,41065.4,41009.2,41052.2,0,380
2025-05-05 07:45:00,41029.6,41034.6,41002.3,41008.6,0,196
2025-05-05 07:30:00,41029.6,41041.6,41024.6,41028.6,0,203
2025-05-05 07:15:00,41036.9,41038.6,41020.6,41028.6,0,216
2025-05-05 07:00:00,41056.6,41059.6,41019.6,41037.9,0,334
2025-05-05 06:45:00,41057.6,41062.9,41044.6,41057.6,0,215
2025-05-05 06:30:00,41022.9,41070.6,41016.6,41058.6,0,306
2025-05-05 06:15:00,41042.6,41044.6,41018.3,41023.9,0,219
2025-05-05 06:00:00,41047.3,41056.6,41037.6,41041.6,0,249
2025-05-05 05:45:00,41035.6,41055.6,41034.6,41046.3,0,225
2025-05-05 05:30:00,41048.6,41048.6,41027.6,41034.6,0,221
2025-05-05 05:15:00,41041.6,41060.9,41033.6,41047.6,0,300
2025-05-05 05:00:00,41024.6,41045.6,41021.3,41043.6,0,327
2025-05-05 04:45:00,41053.6,41059.9,41020.3,41026.6,0,444
2025-05-05 04:30:00,41074.6,41078.6,41040.3,41052.6,0,378
2025-05-05 04:15:00,41093.6,41100.6,41075.3,41075.6,0,313
2025-05-05 04:00:00,41120.6,41123.6,41084.9,41092.6,0,393
2025-05-05 03:45:00,41121.6,41137.6,41115.6,41121.6,0,295
2025-05-05 03:30:00,41129.6,41134.6,41115.6,41120.6,0,239
2025-05-05 03:15:00,41123.6,41135.6,41112.6,41130.6,0,393
2025-05-05 03:00:00,41126.6,41143.9,41113.6,41122.6,0,430
2025-05-05 02:45:00,41130.2,41136.2,41082.8,41129.5,0,551
2025-05-05 02:30:00,41176.5,41190.5,41125.2,41129.2,0,366
2025-05-05 02:15:00,41210.5,41213.5,41170.5,41175.5,0,329
2025-05-05 02:00:00,41200.5,41210.5,41186.5,41209.5,0,294
2025-05-05 01:45:00,41192.5,41209.5,41181.5,41199.5,0,253
2025-05-05 01:30:00,41219.5,41235.5,41181.8,41190.5,0,474
2025-05-05 01:15:00,41234.5,41243.5,41203.2,41217.5,0,326
2025-05-05 01:00:00,41243.0,41266.5,41212.0,41235.5,0,449
2025-05-02 23:45:00,41308.3,41313.5,41294.7,41312.3,0,118
2025-05-02 23:30:00,41317.3,41317.3,41294.5,41309.3,0,206
2025-05-02 23:15:00,41321.3,41322.3,41302.7,41315.3,0,201
2025-05-02 23:00:00,41288.7,41340.3,41285.7,41323.3,0,785
2025-05-02 22:45:00,41344.7,41362.5,41252.7,41287.7,0,1673
2025-05-02 22:30:00,41346.7,41361.3,41305.7,41345.7,0,1334
2025-05-02 22:15:00,41272.5,41363.7,41269.5,41347.7,0,1181
2025-05-02 22:00:00,41286.7,41301.3,41239.7,41270.5,0,1368
2025-05-02 21:45:00,41339.5,41344.5,41235.7,41289.7,0,1305
2025-05-02 21:30:00,41327.7,41373.3,41324.5,41338.5,0,889
2025-05-02 21:15:00,41349.3,41359.3,41323.7,41325.7,0,874
2025-05-02 21:00:00,41300.5,41354.3,41295.5,41348.3,0,888
2025-05-02 20:45:00,41316.3,41337.3,41278.7,41302.5,0,1057
2025-05-02 20:30:00,41303.3,41322.3,41275.7,41315.3,0,1141
2025-05-02 20:15:00,41311.5,41333.3,41263.7,41304.3,0,1180
2025-05-02 20:00:00,41355.7,41369.3,41294.7,41310.5,0,1264
2025-05-02 19:45:00,41366.7,41373.5,41332.7,41354.7,0,1118
2025-05-02 19:30:00,41342.3,41386.3,41335.7,41365.7,0,1251
2025-05-02 19:15:00,41384.3,41386.3,41330.7,41343.3,0,1354
2025-05-02 19:00:00,41239.3,41387.3,41229.3,41383.3,0,1737
2025-05-02 18:45:00,41184.7,41244.3,41180.7,41237.3,0,1040
2025-05-02 18:30:00,41096.8,41201.3,41073.7,41186.7,0,1242
2025-05-02 18:15:00,41166.3,41189.3,41063.7,41083.3,0,1323
2025-05-02 18:00:00,41208.3,41227.3,41147.7,41165.3,0,1409
2025-05-02 17:45:00,41162.3,41213.3,41127.7,41206.3,0,1568
2025-05-02 17:30:00,41245.7,41247.7,41146.7,41163.3,0,1684
2025-05-02 17:15:00,41169.3,41257.3,41137.7,41246.7,0,1630
2025-05-02 17:00:00,41085.7,41173.3,41054.3,41168.3,0,1757
2025-05-02 16:45:00,41186.5,41206.7,41025.3,41083.7,0,1994
2025-05-02 16:30:00,41169.1,41258.3,41144.3,41183.5,0,2236
2025-05-02 16:15:00,41214.3,41219.3,41157.3,41166.1,0,906
2025-05-02 16:00:00,41199.1,41245.1,41185.3,41216.3,0,1113
2025-05-02 15:45:00,41080.2,41200.1,41070.3,41197.1,0,936
2025-05-02 15:30:00,40933.9,41126.1,40933.9,41081.2,0,995
2025-05-02 15:15:00,40914.3,40943.7,40912.2,40936.4,0,514
2025-05-02 15:00:00,40915.2,40942.2,40901.2,40915.3,0,607
2025-05-02 14:45:00,40917.2,40928.3,40891.2,40916.2,0,588
2025-05-02 14:30:00,40924.2,40928.2,40890.3,40916.2,0,543
2025-05-02 14:15:00,40918.2,40955.3,40918.2,40922.2,0,513
2025-05-02 14:00:00,40916.7,40938.2,40897.3,40919.2,0,481
2025-05-02 13:45:00,40909.2,40934.1,40904.2,40919.2,0,560
2025-05-02 13:30:00,40940.2,40952.2,40903.3,40908.2,0,590
2025-05-02 13:15:00,40951.2,40974.1,40922.7,40939.2,0,418
2025-05-02 13:00:00,40937.2,40965.2,40924.2,40952.2,0,511
2025-05-02 12:45:00,40929.2,40958.2,40916.2,40935.2,0,565
2025-05-02 12:30:00,40900.2,40929.1,40886.2,40928.2,0,490
2025-05-02 12:15:00,40910.3,40929.1,40886.3,40901.2,0,498
2025-05-02 12:00:00,40878.1,40915.1,40849.3,40909.3,0,695
2025-05-02 11:45:00,40970.2,40983.2,40875.3,40879.1,0,655
2025-05-02 11:30:00,40987.2,41009.7,40964.2,40971.2,0,561
2025-05-02 11:15:00,40952.2,40993.2,40945.3,40986.2,0,565
2025-05-02 11:00:00,40988.2,40988.2,40895.2,40951.2,0,876
2025-05-02 10:45:00,41014.2,41049.2,40983.3,40987.2,0,693
2025-05-02 10:30:00,41063.2,41066.2,41000.2,41016.2,0,700
2025-05-02 10:15:00,41051.2,41086.2,41048.2,41065.2,0,698
2025-05-02 10:00:00,41008.2,41068.1,41000.2,41053.2,0,1042
2025-05-02 09:45:00,41009.2,41016.2,40991.2,41005.2,0,446
2025-05-02 09:30:00,41024.2,41035.2,40990.1,41010.2,0,545
2025-05-02 09:15:00,41027.2,41033.2,40991.4,41022.2,0,614
2025-05-02 09:00:00,41042.2,41047.2,40997.2,41026.2,0,650
2025-05-02 08:45:00,41035.2,41058.2,41034.2,41043.2,0,383
2025-05-02 08:30:00,41059.2,41083.2,41027.2,41036.2,0,328
2025-05-02 08:15:00,41078.2,41078.2,41038.0,41057.2,0,312
2025-05-02 08:00:00,41092.2,41099.2,41068.2,41077.2,0,318
2025-05-02 07:45:00,41097.6,41106.6,41087.6,41091.6,0,174
2025-05-02 07:30:00,41079.6,41107.6,41072.6,41096.6,0,277
2025-05-02 07:15:00,41107.6,41120.6,41071.3,41080.6,0,265
2025-05-02 07:00:00,41093.6,41132.9,41058.6,41106.6,0,403
2025-05-02 06:45:00,41085.6,41100.6,41084.6,41092.6,0,219
2025-05-02 06:30:00,41092.6,41109.6,41084.6,41084.6,0,339
2025-05-02 06:15:00,41087.6,41100.6,41085.6,41091.6,0,197
2025-05-02 06:00:00,41096.6,41105.6,41086.6,41091.6,0,228
2025-05-02 05:45:00,41104.6,41116.6,41094.6,41095.6,0,298
2025-05-02 05:30:00,41086.6,41105.6,41063.6,41103.6,0,425
2025-05-02 05:15:00,41065.6,41094.6,41033.3,41085.6,0,602
2025-05-02 05:00:00,41078.6,41095.6,41058.6,41063.6,0,571
2025-05-02 04:45:00,41096.6,41102.9,41062.6,41079.6,0,664
2025-05-02 04:30:00,41084.6,41129.6,41075.6,41097.6,0,764
2025-05-02 04:15:00,41060.6,41137.6,41027.6,41082.6,0,832
2025-05-02 04:00:00,41041.6,41062.9,41014.6,41061.6,0,679
2025-05-02 03:45:00,40943.6,41058.9,40939.6,41042.6,0,1091
2025-05-02 03:30:00,40876.9,40950.6,40876.6,40942.6,0,986
2025-05-02 03:15:00,40737.6,40884.9,40729.6,40884.9,0,841
2025-05-02 03:00:00,40712.6,40741.6,40688.7,40736.6,0,708
2025-05-02 02:45:00,40714.6,40730.6,40683.7,40708.7,0,375
2025-05-02 02:30:00,40738.6,40740.6,40711.6,40715.6,0,283
2025-05-02 02:15:00,40709.7,40748.9,40709.7,40740.6,0,294
2025-05-02 02:00:00,40706.7,40720.6,40698.7,40708.7,0,296
2025-05-02 01:45:00,40716.6,40718.6,40698.7,40707.7,0,134
2025-05-02 01:30:00,40719.6,40732.6,40698.7,40717.6,0,151
2025-05-02 01:15:00,40704.7,40727.6,40702.7,40716.6,0,162
2025-05-02 01:00:00,40717.1,40718.1,40650.7,40703.7,0,297
2025-05-01 23:45:00,40669.2,40718.1,40657.2,40697.2,0,302
2025-05-01 23:30:00,40706.2,40746.6,40662.2,40670.2,0,833
2025-05-01 23:15:00,40648.7,40719.1,40645.7,40704.2,0,604
2025-05-01 23:00:00,40742.1,40817.1,40611.2,40651.7,0,1302
2025-05-01 22:45:00,40918.7,40976.3,40700.2,40739.1,0,1810
2025-05-01 22:30:00,40949.5,40960.3,40897.7,40919.7,0,1289
2025-05-01 22:15:00,40912.3,40952.3,40891.3,40948.5,0,1229
2025-05-01 22:00:00,40912.3,40943.3,40860.7,40911.3,0,1361
2025-05-01 21:45:00,40941.3,40972.3,40894.7,40911.3,0,1197
2025-05-01 21:30:00,40929.3,40957.3,40918.7,40942.3,0,1177
2025-05-01 21:15:00,40929.7,40960.3,40866.7,40931.3,0,1330
2025-05-01 21:00:00,40852.3,40936.3,40839.7,40930.7,0,1205
2025-05-01 20:45:00,40833.7,40888.3,40818.7,40854.3,0,1304
2025-05-01 20:30:00,40920.7,40954.3,40823.7,40834.7,0,1336
2025-05-01 20:15:00,40912.5,40950.5,40892.7,40921.7,0,1166
2025-05-01 20:00:00,40798.3,40921.3,40796.3,40910.5,0,1377
2025-05-01 19:45:00,40838.3,40839.3,40771.7,40797.3,0,1488
2025-05-01 19:30:00,40839.3,40881.3,40798.7,40839.3,0,1428
2025-05-01 19:15:00,40859.7,40862.3,40777.7,40837.3,0,1675
2025-05-01 19:00:00,40877.3,40932.3,40846.7,40857.7,0,1590
2025-05-01 18:45:00,40992.3,41008.3,40835.7,40878.3,0,1458
2025-05-01 18:30:00,41070.3,41079.3,40990.7,40991.3,0,1332
2025-05-01 18:15:00,41048.7,41097.3,41042.7,41069.3,0,1364
2025-05-01 18:00:00,41042.3,41061.3,40990.7,41047.7,0,1339
2025-05-01 17:45:00,40957.7,41047.3,40955.7,41041.3,0,1421
2025-05-01 17:30:00,40986.7,41011.3,40899.7,40959.7,0,1615
2025-05-01 17:15:00,40911.7,41008.3,40902.7,40984.7,0,1625
2025-05-01 17:00:00,40891.3,40955.3,40815.0,40907.7,0,2109
2025-05-01 16:45:00,40862.1,40952.3,40794.7,40807.8,0,1910
2025-05-01 16:30:00,40857.3,40926.3,40757.3,40861.1,0,2373
2025-05-01 16:15:00,40860.3,40883.1,40845.8,40855.3,0,871
2025-05-01 16:00:00,40829.3,40876.1,40811.1,40861.3,0,890
2025-05-01 15:45:00,40892.3,40906.1,40829.3,40830.3,0,758
2025-05-01 15:30:00,40886.1,40920.1,40861.1,40893.3,0,1037
2025-05-01 15:15:00,40974.3,40985.1,40915.3,40926.1,0,780
2025-05-01 15:00:00,40967.3,40995.1,40947.3,40973.3,0,718
2025-05-01 14:45:00,40973.3,41001.8,40965.3,40969.3,0,545
2025-05-01 14:30:00,40940.1,40980.3,40939.1,40972.3,0,586
2025-05-01 14:15:00,40989.3,40994.3,40920.3,40941.1,0,675
2025-05-01 14:00:00,40963.3,41009.1,40930.3,40990.3,0,661
2025-05-01 13:45:00,40982.1,40989.1,40957.3,40980.8,0,494
2025-05-01 13:30:00,40981.7,40994.6,40967.3,40981.1,0,432
2025-05-01 13:15:00,41005.3,41021.1,40977.8,40982.2,0,467
2025-05-01 13:00:00,40993.3,41015.1,40978.8,41007.1,0,554
2025-05-01 12:45:00,40977.1,41004.6,40976.1,40994.3,0,353
2025-05-01 12:30:00,40956.1,40995.1,40954.1,40978.1,0,484
2025-05-01 12:15:00,40948.2,40962.1,40928.8,40954.1,0,401
2025-05-01 12:00:00,40924.1,40966.1,40921.3,40947.2,0,389
2025-05-01 11:45:00,40890.7,40926.1,40886.3,40925.1,0,385
2025-05-01 11:30:00,40869.1,40896.1,40857.3,40890.2,0,378
2025-05-01 11:15:00,40833.3,40869.1,40831.3,40868.1,0,430
2025-05-01 11:00:00,40845.8,40851.6,40806.3,40831.3,0,580
2025-05-01 10:45:00,40872.1,40875.6,40846.2,40846.3,0,308
2025-05-01 10:30:00,40869.6,40879.1,40854.3,40873.1,0,356
2025-05-01 10:15:00,40845.2,40875.1,40823.3,40870.1,0,409
2025-05-01 10:00:00,40840.3,40850.2,40811.3,40844.2,0,589
2025-05-01 09:45:00,40872.1,40876.2,40839.1,40839.1,0,288
2025-05-01 09:30:00,40884.4,40896.4,40870.1,40873.1,0,334
2025-05-01 09:15:00,40854.1,40884.4,40852.2,40882.4,0,356
2025-05-01 09:00:00,40871.1,40888.4,40846.1,40852.1,0,433
2025-05-01 08:45:00,40893.2,40904.4,40863.4,40870.1,0,352
2025-05-01 08:30:00,40906.2,40937.4,40891.2,40895.2,0,352
2025-05-01 08:15:00,40919.4,40925.1,40875.1,40907.2,0,371
2025-05-01 08:00:00,40892.2,40922.1,40887.2,40922.1,0,171
2025-05-01 07:45:00,40873.3,40892.9,40866.6,40891.6,0,134
2025-05-01 07:30:00,40872.6,40879.6,40865.3,40872.3,0,173
2025-05-01 07:15:00,40893.6,40895.9,40870.6,40871.6,0,212
2025-05-01 07:00:00,40893.6,40902.3,40886.3,40894.6,0,205
2025-05-01 06:45:00,40887.6,40896.9,40879.6,40892.6,0,225
2025-05-01 06:30:00,40873.6,40892.9,40862.6,40886.6,0,292
2025-05-01 06:15:00,40855.6,40878.6,40847.3,40874.6,0,234
2025-05-01 06:00:00,40836.6,40864.6,40827.6,40853.6,0,277
2025-05-01 05:45:00,40874.6,40874.6,40832.6,40837.6,0,250
2025-05-01 05:30:00,40877.3,40889.6,40874.6,40875.6,0,179
2025-05-01 05:15:00,40862.6,40890.3,40861.6,40878.3,0,202
2025-05-01 05:00:00,40865.6,40873.6,40860.6,40861.6,0,172
2025-05-01 04:45:00,40869.6,40869.6,40848.3,40866.6,0,207
2025-05-01 04:30:00,40854.6,40884.9,40853.6,40870.6,0,249
2025-05-01 04:15:00,40842.6,40866.9,40842.6,40853.6,0,352
2025-05-01 04:00:00,40832.6,40849.6,40820.6,40843.6,0,400
2025-05-01 03:45:00,40831.9,40839.6,40816.6,40830.6,0,343
2025-05-01 03:30:00,40831.3,40837.6,40805.3,40832.9,0,377
2025-05-01 03:15:00,40832.3,40864.9,40819.6,40833.3,0,475
2025-05-01 03:00:00,40803.1,40839.9,40794.1,40831.3,0,545
2025-05-01 02:45:00,40778.6,40807.9,40772.3,40801.1,0,339
2025-05-01 02:30:00,40789.6,40796.6,40771.6,40777.6,0,313
2025-05-01 02:15:00,40749.6,40795.9,40748.6,40790.6,0,414
2025-05-01 02:00:00,40779.9,40793.6,40742.6,40750.6,0,442
2025-05-01 01:45:00,40741.3,40781.9,40740.3,40780.9,0,309
2025-05-01 01:30:00,40757.6,40809.3,40741.3,40742.3,0,305
2025-05-01 01:15:00,40808.3,40813.9,40748.3,40755.6,0,310
2025-05-01 01:00:00,40764.1,40843.9,40746.1,40809.3,0,754
2025-04-30 23:45:00,40714.1,40744.6,40679.7,40709.2,0,572
2025-04-30 23:30:00,40753.1,40764.1,40713.1,40713.1,0,778
2025-04-30 23:15:00,40679.2,40769.1,40658.2,40754.1,0,672
2025-04-30 23:00:00,40641.7,40806.6,40553.2,40680.2,0,1779
2025-04-30 22:45:00,40416.4,40783.1,40411.4,40630.2,0,2217
2025-04-30 22:30:00,40316.4,40416.4,40282.8,40414.4,0,1634
2025-04-30 22:15:00,40385.8,40394.4,40305.8,40315.4,0,1434
2025-04-30 22:00:00,40289.8,40392.4,40289.8,40384.8,0,1415
2025-04-30 21:45:00,40291.4,40385.4,40282.8,40290.8,0,1490
2025-04-30 21:30:00,40387.4,40425.8,40278.4,40289.4,0,1626
2025-04-30 21:15:00,40442.4,40492.4,40345.8,40391.4,0,1724
2025-04-30 21:00:00,40394.8,40561.4,40347.8,40438.4,0,1976
2025-04-30 20:45:00,40411.8,40427.4,40371.8,40396.8,0,1309
2025-04-30 20:30:00,40365.8,40435.4,40346.8,40412.8,0,1503
2025-04-30 20:15:00,40231.4,40373.4,40231.4,40366.8,0,1479
2025-04-30 20:00:00,40338.8,40359.4,40180.8,40230.4,0,1532
2025-04-30 19:45:00,40309.8,40362.4,40295.8,40336.8,0,1349
2025-04-30 19:30:00,40237.4,40333.4,40193.8,40308.8,0,1557
2025-04-30 19:15:00,40296.8,40325.4,40216.8,40235.4,0,1544
2025-04-30 19:00:00,40305.8,40374.4,40296.8,40298.8,0,1541
2025-04-30 18:45:00,40314.4,40330.4,40257.8,40312.8,0,1512
2025-04-30 18:30:00,40266.4,40330.9,40245.8,40312.4,0,1674
2025-04-30 18:15:00,40242.8,40314.4,40219.8,40268.4,0,1706
2025-04-30 18:00:00,40133.4,40263.8,40126.8,40238.8,0,1807
2025-04-30 17:45:00,40108.4,40172.4,40041.8,40136.4,0,1982
2025-04-30 17:30:00,40058.8,40122.4,40009.8,40110.4,0,1942
2025-04-30 17:15:00,39949.4,40070.4,39906.8,40060.8,0,1894
2025-04-30 17:00:00,39769.4,39953.4,39741.8,39950.4,0,2219
2025-04-30 16:45:00,39896.4,39956.4,39741.8,39774.4,0,2203
2025-04-30 16:30:00,40244.4,40244.4,39847.8,39898.4,0,2477
2025-04-30 16:15:00,40162.2,40249.2,40146.4,40246.4,0,1303
2025-04-30 16:00:00,40216.4,40217.2,40127.4,40163.4,0,1121
2025-04-30 15:45:00,40228.2,40230.2,40149.4,40215.4,0,783
2025-04-30 15:30:00,40461.0,40503.3,40204.2,40227.2,0,1442
2025-04-30 15:15:00,40539.2,40539.2,40429.4,40457.5,0,1063
2025-04-30 15:00:00,40566.4,40587.2,40530.4,40542.2,0,688
2025-04-30 14:45:00,40570.2,40587.2,40558.4,40567.4,0,598
2025-04-30 14:30:00,40566.4,40579.2,40547.4,40571.2,0,531
2025-04-30 14:15:00,40587.4,40624.7,40560.4,40564.4,0,590
2025-04-30 14:00:00,40590.9,40598.2,40572.7,40586.4,0,569
2025-04-30 13:45:00,40544.9,40597.2,40540.9,40591.4,0,570
2025-04-30 13:30:00,40550.8,40559.2,40398.9,40543.9,0,879
2025-04-30 13:15:00,40556.3,40564.2,40542.4,40550.3,0,300
2025-04-30 13:00:00,40551.2,40564.2,40547.2,40557.3,0,307
2025-04-30 12:45:00,40568.3,40573.3,40545.4,40550.2,0,290
2025-04-30 12:30:00,40561.4,40574.2,40561.4,40569.3,0,268
2025-04-30 12:15:00,40548.3,40563.2,40534.4,40561.9,0,352
2025-04-30 12:00:00,40507.4,40554.2,40507.4,40549.3,0,393
2025-04-30 11:45:00,40538.2,40557.2,40510.4,40510.4,0,374
2025-04-30 11:30:00,40545.2,40545.2,40517.3,40537.2,0,494
2025-04-30 11:15:00,40562.4,40587.7,40535.4,40543.2,0,569
2025-04-30 11:00:00,40535.2,40565.2,40512.2,40561.4,0,660
2025-04-30 10:45:00,40525.8,40548.2,40513.2,40539.2,0,351
2025-04-30 10:30:00,40535.2,40538.3,40497.4,40524.3,0,485
2025-04-30 10:15:00,40549.4,40554.2,40530.4,40536.2,0,495
2025-04-30 10:00:00,40522.2,40556.2,40514.4,40548.4,0,561
2025-04-30 09:45:00,40485.1,40523.4,40477.1,40522.4,0,309
2025-04-30 09:30:00,40504.4,40514.4,40485.1,40492.1,0,310
2025-04-30 09:15:00,40495.4,40505.3,40487.3,40503.4,0,313
2025-04-30 09:00:00,40458.4,40500.1,40452.4,40494.4,0,458
2025-04-30 08:45:00,40448.4,40458.4,40436.3,40457.4,0,196
2025-04-30 08:30:00,40428.3,40454.4,40424.1,40447.4,0,276
2025-04-30 08:15:00,40446.3,40446.3,40422.1,40426.3,0,229
2025-04-30 08:00:00,40447.3,40458.3,40441.4,40447.3,0,224
2025-04-30 07:45:00,40443.7,40449.7,40440.7,40446.7,0,154
2025-04-30 07:30:00,40446.7,40449.7,40437.7,40444.7,0,168
2025-04-30 07:15:00,40438.0,40462.0,40435.7,40447.7,0,223
2025-04-30 07:00:00,40435.7,40441.0,40427.7,40437.6,0,132
2025-04-30 06:45:00,40421.7,40445.7,40421.7,40436.7,0,137
2025-04-30 06:30:00,40412.7,40432.0,40407.7,40422.7,0,252
2025-04-30 06:15:00,40401.7,40413.7,40391.7,40411.7,0,275
2025-04-30 06:00:00,40431.7,40433.7,40391.0,40402.7,0,312
2025-04-30 05:45:00,40451.7,40455.7,40431.4,40432.7,0,165
2025-04-30 05:30:00,40444.7,40452.7,40433.4,40449.7,0,223
2025-04-30 05:15:00,40456.7,40466.7,40439.4,40443.7,0,272
2025-04-30 05:00:00,40459.7,40472.7,40444.0,40455.7,0,301
2025-04-30 04:45:00,40469.7,40469.7,40445.7,40460.7,0,348
2025-04-30 04:30:00,40479.7,40496.0,40457.4,40468.7,0,464
2025-04-30 04:15:00,40485.7,40491.0,40472.7,40480.7,0,293
2025-04-30 04:00:00,40480.0,40486.7,40472.7,40484.7,0,326
2025-04-30 03:45:00,40519.7,40520.7,40470.0,40481.0,0,423
2025-04-30 03:30:00,40513.7,40531.7,40497.4,40518.7,0,288
2025-04-30 03:15:00,40540.7,40541.7,40512.7,40512.7,0,371
2025-04-30 03:00:00,40524.7,40553.0,40505.4,40539.7,0,547
2025-04-30 02:45:00,40533.7,40536.7,40519.7,40527.7,0,196
2025-04-30 02:30:00,40529.7,40545.7,40528.7,40535.7,0,192
2025-04-30 02:15:00,40526.7,40552.0,40524.7,40530.7,0,208
2025-04-30 02:00:00,40533.7,40540.7,40517.4,40525.7,0,216
2025-04-30 01:45:00,40559.7,40563.7,40536.7,40536.7,0,86
2025-04-30 01:30:00,40566.0,40571.7,40554.7,40560.7,0,122
2025-04-30 01:15:00,40590.7,40597.7,40554.0,40567.0,0,183
2025-04-30 01:00:00,40579.2,40592.7,40567.2,40591.7,0,220
2025-04-29 23:45:00,40591.7,40617.2,40589.2,40607.2,0,378
2025-04-29 23:30:00,40617.2,40629.2,40583.2,40590.7,0,719
2025-04-29 23:15:00,40566.2,40618.2,40552.2,40618.2,0,448
2025-04-29 23:00:00,40524.2,40576.2,40524.2,40563.2,0,839
2025-04-29 22:45:00,40564.4,40627.8,40512.2,40525.2,0,1399
2025-04-29 22:30:00,40598.8,40605.4,40545.8,40563.4,0,1173
2025-04-29 22:15:00,40598.8,40616.4,40570.8,40595.8,0,1196
2025-04-29 22:00:00,40562.4,40620.4,40550.8,40597.8,0,1355
2025-04-29 21:45:00,40602.4,40602.4,40543.8,40561.4,0,1185
2025-04-29 21:30:00,40589.8,40617.4,40564.8,40601.4,0,1131
2025-04-29 21:15:00,40585.8,40615.4,40542.8,40587.8,0,1265
2025-04-29 21:00:00,40607.4,40645.4,40573.8,40586.8,0,1229
2025-04-29 20:45:00,40551.8,40630.4,40529.8,40605.4,0,1316
2025-04-29 20:30:00,40476.4,40555.4,40466.8,40549.8,0,1135
2025-04-29 20:15:00,40395.8,40489.4,40389.8,40478.4,0,1334
2025-04-29 20:00:00,40366.8,40400.4,40343.8,40394.8,0,1435
2025-04-29 19:45:00,40481.8,40485.4,40335.8,40367.8,0,1711
2025-04-29 19:30:00,40519.8,40538.4,40458.8,40483.8,0,1267
2025-04-29 19:15:00,40530.8,40541.4,40484.8,40521.8,0,1295
2025-04-29 19:00:00,40420.4,40545.4,40416.8,40529.8,0,1311
2025-04-29 18:45:00,40503.4,40506.4,40406.8,40416.8,0,1375
2025-04-29 18:30:00,40495.4,40506.4,40384.8,40505.4,0,1599
2025-04-29 18:15:00,40477.4,40508.4,40399.8,40492.4,0,1589
2025-04-29 18:00:00,40514.8,40533.4,40443.8,40476.4,0,1610
2025-04-29 17:45:00,40397.8,40522.4,40393.8,40517.8,0,1597
2025-04-29 17:30:00,40243.8,40427.4,40238.8,40395.8,0,1777
2025-04-29 17:15:00,40400.4,40400.4,40226.8,40245.8,0,1876
2025-04-29 17:00:00,40373.8,40476.4,40308.3,40401.4,0,1952
2025-04-29 16:45:00,40355.4,40446.8,40348.8,40371.3,0,1843
2025-04-29 16:30:00,40244.4,40390.8,40238.2,40352.4,0,2277
2025-04-29 16:15:00,40215.4,40269.4,40197.4,40243.4,0,795
2025-04-29 16:00:00,40308.2,40310.2,40195.4,40213.4,0,1364
2025-04-29 15:45:00,40405.2,40412.2,40294.4,40304.2,0,877
2025-04-29 15:30:00,40352.4,40406.2,40345.4,40406.2,0,419
2025-04-29 15:15:00,40411.2,40412.2,40327.4,40353.4,0,838
2025-04-29 15:00:00,40388.2,40415.2,40371.3,40413.2,0,740
2025-04-29 14:45:00,40379.4,40402.4,40372.4,40390.2,0,627
2025-04-29 14:30:00,40392.2,40424.2,40374.4,40380.4,0,670
2025-04-29 14:15:00,40369.2,40424.4,40368.2,40393.2,0,565
2025-04-29 14:00:00,40348.2,40369.2,40322.4,40368.2,0,762
2025-04-29 13:45:00,40373.4,40377.4,40276.2,40350.2,0,978
2025-04-29 13:30:00,40432.4,40436.4,40358.4,40369.4,0,811
2025-04-29 13:15:00,40414.4,40440.2,40401.4,40430.4,0,387
2025-04-29 13:00:00,40336.3,40431.2,40328.9,40416.4,0,596
2025-04-29 12:45:00,40354.4,40367.2,40332.4,40335.3,0,399
2025-04-29 12:30:00,40340.2,40357.7,40322.2,40352.4,0,466
2025-04-29 12:15:00,40327.3,40340.2,40307.4,40339.2,0,439
2025-04-29 12:00:00,40339.4,40349.2,40305.4,40326.3,0,615
2025-04-29 11:45:00,40335.4,40357.7,40330.4,40338.4,0,401
2025-04-29 11:30:00,40318.2,40340.4,40296.4,40336.2,0,486
2025-04-29 11:15:00,40278.2,40319.7,40270.4,40317.7,0,531
2025-04-29 11:00:00,40335.4,40338.4,40268.2,40276.2,0,714
2025-04-29 10:45:00,40322.2,40360.2,40319.4,40334.4,0,417
2025-04-29 10:30:00,40329.4,40346.2,40310.4,40320.9,0,493
2025-04-29 10:15:00,40296.3,40336.2,40293.2,40330.4,0,549
2025-04-29 10:00:00,40257.2,40303.2,40239.4,40293.3,0,813
2025-04-29 09:45:00,40290.3,40294.5,40254.5,40254.5,0,310
2025-04-29 09:30:00,40253.3,40291.5,40249.3,40289.3,0,295
2025-04-29 09:15:00,40255.3,40267.5,40239.1,40256.3,0,355
2025-04-29 09:00:00,40259.3,40264.3,40245.3,40254.3,0,506
2025-04-29 08:45:00,40265.1,40292.3,40257.3,40257.3,0,319
2025-04-29 08:30:00,40258.3,40280.5,40241.3,40264.1,0,311
2025-04-29 08:15:00,40283.3,40290.5,40239.1,40259.3,0,432
2025-04-29 08:00:00,40268.3,40293.5,40262.3,40282.3,0,291
2025-04-29 07:45:00,40304.7,40306.7,40267.7,40268.7,0,244
2025-04-29 07:30:00,40325.4,40333.7,40305.7,40305.7,0,229
2025-04-29 07:15:00,40263.0,40330.4,40263.0,40327.4,0,290
2025-04-29 07:00:00,40291.7,40294.4,40247.0,40262.0,0,250
2025-04-29 06:45:00,40274.7,40292.8,40272.7,40290.7,0,173
2025-04-29 06:30:00,40286.7,40291.7,40270.7,40272.7,0,225
2025-04-29 06:15:00,40275.7,40292.0,40259.7,40285.7,0,264
2025-04-29 06:00:00,40275.7,40295.7,40273.4,40276.7,0,282
2025-04-29 05:45:00,40279.4,40279.4,40252.4,40274.7,0,329
2025-04-29 05:30:00,40311.7,40333.0,40274.4,40281.4,0,362
2025-04-29 05:15:00,40338.7,40339.7,40312.7,40312.7,0,325
2025-04-29 05:00:00,40311.7,40340.0,40310.7,40339.0,0,299
2025-04-29 04:45:00,40290.0,40314.4,40289.0,40310.7,0,295
2025-04-29 04:30:00,40261.7,40292.0,40255.7,40291.0,0,285
2025-04-29 04:15:00,40262.7,40271.0,40252.7,40263.7,0,237
2025-04-29 04:00:00,40268.0,40284.0,40259.7,40261.7,0,279
2025-04-29 03:45:00,40250.7,40277.7,40250.7,40269.0,0,294
2025-04-29 03:30:00,40227.7,40256.7,40226.7,40251.7,0,270
2025-04-29 03:15:00,40220.7,40230.7,40211.7,40226.7,0,312
2025-04-29 03:00:00,40266.7,40272.0,40216.7,40221.7,0,333
2025-04-29 02:45:00,40248.7,40268.0,40246.7,40263.7,0,223
2025-04-29 02:30:00,40232.7,40250.7,40232.7,40247.7,0,228
2025-04-29 02:15:00,40212.7,40242.0,40200.4,40230.7,0,251
2025-04-29 02:00:00,40193.7,40222.7,40182.7,40211.7,0,287
2025-04-29 01:45:00,40177.7,40196.9,40174.4,40192.7,0,136
2025-04-29 01:30:00,40187.4,40207.4,40162.4,40176.7,0,135
2025-04-29 01:15:00,40187.9,40187.9,40169.4,40183.7,0,95
2025-04-29 01:00:00,40193.2,40215.7,40180.0,40186.7,0,191
2025-04-28 23:45:00,40205.2,40212.2,40194.2,40199.7,0,196
2025-04-28 23:30:00,40206.2,40215.2,40192.2,40206.2,0,227
2025-04-28 23:15:00,40194.2,40210.2,40185.2,40203.7,0,291
2025-04-28 23:00:00,40229.2,40240.2,40187.2,40193.2,0,764
2025-04-28 22:45:00,40224.8,40321.8,40222.8,40230.2,0,1468
2025-04-28 22:30:00,40218.8,40241.4,40167.8,40223.8,0,1366
2025-04-28 22:15:00,40183.4,40242.4,40171.8,40221.8,0,1125
2025-04-28 22:00:00,40107.4,40186.4,40097.8,40182.4,0,1215
2025-04-28 21:45:00,40082.8,40124.4,40070.8,40102.4,0,1008
2025-04-28 21:30:00,40100.8,40110.4,40059.8,40081.8,0,1100
2025-04-28 21:15:00,40051.4,40119.4,40022.8,40101.8,0,1150
2025-04-28 21:00:00,40051.8,40085.4,40030.8,40048.4,0,1184
2025-04-28 20:45:00,39979.4,40062.4,39964.8,40049.8,0,1220
2025-04-28 20:30:00,39903.4,39986.4,39876.8,39980.4,0,1381
2025-04-28 20:15:00,39913.4,39967.4,39895.8,39902.4,0,1392
2025-04-28 20:00:00,39979.4,40010.4,39911.8,39914.4,0,1380
2025-04-28 19:45:00,40017.4,40049.4,39952.4,39981.4,0,1354
2025-04-28 19:30:00,39970.8,40031.4,39967.4,40018.4,0,1376
2025-04-28 19:15:00,40001.4,40039.4,39951.4,39968.8,0,1410
2025-04-28 19:00:00,40063.8,40077.4,39971.8,39999.4,0,1515
2025-04-28 18:45:00,40071.8,40131.4,40047.8,40067.4,0,1520
2025-04-28 18:30:00,40085.8,40141.4,40037.8,40072.8,0,1617
2025-04-28 18:15:00,40229.8,40229.8,40068.1,40083.8,0,1722
2025-04-28 18:00:00,40257.4,40282.4,40172.8,40228.8,0,1612
2025-04-28 17:45:00,40300.4,40325.4,40241.8,40258.4,0,1644
2025-04-28 17:30:00,40292.7,40310.4,40188.8,40299.4,0,1786
2025-04-28 17:15:00,40260.8,40362.4,40257.8,40285.1,0,1734
2025-04-28 17:00:00,40208.8,40296.4,40185.4,40257.8,0,1830
2025-04-28 16:45:00,40409.8,40416.4,40201.8,40209.4,0,1938
2025-04-28 16:30:00,40187.9,40432.4,40187.9,40406.8,0,2236
2025-04-28 16:15:00,40211.7,40257.2,40181.9,40188.2,0,703
2025-04-28 16:00:00,40161.4,40214.7,40156.4,40212.7,0,567
2025-04-28 15:45:00,40119.4,40171.2,40117.4,40162.4,0,479
2025-04-28 15:30:00,40102.4,40125.7,40098.4,40120.4,0,462
2025-04-28 15:15:00,40055.4,40106.2,40053.4,40101.4,0,475
2025-04-28 15:00:00,40097.4,40107.2,40032.7,40054.4,0,922
2025-04-28 14:45:00,40114.4,40115.4,40088.4,40095.4,0,370
2025-04-28 14:30:00,40091.2,40124.2,40080.4,40115.4,0,397
2025-04-28 14:15:00,40038.4,40091.2,40033.4,40090.2,0,589
2025-04-28 14:00:00,40033.4,40063.7,40019.2,40040.4,0,582
2025-04-28 13:45:00,40074.2,40074.4,40025.2,40035.4,0,505
2025-04-28 13:30:00,40060.3,40094.8,40055.3,40071.2,0,444
2025-04-28 13:15:00,40095.2,40095.2,40042.4,40058.4,0,471
2025-04-28 13:00:00,40125.3,40128.3,40087.4,40094.2,0,492
2025-04-28 12:45:00,40137.2,40151.2,40123.4,40124.3,0,379
2025-04-28 12:30:00,40136.4,40148.4,40120.4,40136.4,0,435
2025-04-28 12:15:00,40093.7,40138.2,40089.2,40135.4,0,365
2025-04-28 12:00:00,40097.2,40110.2,40076.4,40093.2,0,406
2025-04-28 11:45:00,40074.2,40098.7,40065.4,40095.2,0,385
2025-04-28 11:30:00,40061.2,40076.2,40045.4,40073.2,0,434
2025-04-28 11:15:00,40050.2,40063.9,40043.4,40060.2,0,456
2025-04-28 11:00:00,40009.3,40055.2,39999.3,40051.2,0,573
2025-04-28 10:45:00,40018.2,40032.2,39998.4,40006.3,0,436
2025-04-28 10:30:00,40075.4,40077.2,40013.4,40016.2,0,491
2025-04-28 10:15:00,40053.4,40093.2,40043.4,40076.4,0,526
2025-04-28 10:00:00,40033.3,40090.2,40033.3,40052.4,0,722
2025-04-28 09:45:00,40019.1,40038.5,40018.1,40030.3,0,329
2025-04-28 09:30:00,39978.3,40018.5,39972.5,40018.1,0,389
2025-04-28 09:15:00,39971.3,39987.5,39961.1,39977.3,0,414
2025-04-28 09:00:00,39930.3,39980.8,39930.3,39972.3,0,360
2025-04-28 08:45:00,39921.5,39934.3,39919.5,39931.3,0,222
2025-04-28 08:30:00,39943.3,39948.5,39920.1,39922.5,0,341
2025-04-28 08:15:00,39957.5,39961.3,39944.3,39944.3,0,197
2025-04-28 08:00:00,39963.3,39966.5,39950.3,39956.5,0,203
2025-04-28 07:45:00,39959.7,39969.8,39955.7,39962.7,0,148
2025-04-28 07:30:00,39961.7,39962.7,39950.7,39960.7,0,149
2025-04-28 07:15:00,39957.8,39967.0,39943.4,39960.7,0,152
2025-04-28 07:00:00,39943.7,39957.8,39943.7,39957.8,0,133
2025-04-28 06:45:00,39953.7,39954.8,39936.4,39944.7,0,173
2025-04-28 06:30:00,39950.4,39959.8,39950.4,39954.7,0,184
2025-04-28 06:15:00,39963.7,39968.8,39933.0,39949.4,0,229
2025-04-28 06:00:00,39965.0,39975.8,39957.7,39961.7,0,222
2025-04-28 05:45:00,39983.7,39992.8,39952.4,39964.0,0,206
2025-04-28 05:30:00,39981.7,39987.8,39977.7,39984.7,0,122
2025-04-28 05:15:00,39964.7,39994.8,39963.7,39982.7,0,216
2025-04-28 05:00:00,39965.7,39980.4,39962.7,39963.7,0,282
2025-04-28 04:45:00,39948.7,39966.4,39947.7,39964.7,0,222
2025-04-28 04:30:00,39974.0,39977.0,39944.4,39949.7,0,420
2025-04-28 04:15:00,39976.7,39984.7,39967.7,39973.0,0,263
2025-04-28 04:00:00,39958.4,39980.7,39950.4,39979.7,0,280
2025-04-28 03:45:00,39977.7,39978.7,39950.7,39959.4,0,263
2025-04-28 03:30:00,39978.7,40006.4,39971.7,39976.7,0,279
2025-04-28 03:15:00,39985.4,39991.0,39959.7,39979.7,0,332
2025-04-28 03:00:00,39992.7,40010.4,39968.7,39984.4,0,299
2025-04-28 02:45:00,40005.8,40021.2,39992.0,39995.5,0,160
2025-04-28 02:30:00,40003.5,40021.2,40002.5,40003.8,0,173
2025-04-28 02:15:00,40013.8,40022.8,39985.5,40002.5,0,198
2025-04-28 02:00:00,40024.5,40031.2,39994.2,40013.5,0,258
2025-04-28 01:45:00,40033.8,40042.5,40020.5,40025.5,0,181
2025-04-28 01:30:00,40072.5,40076.8,40032.8,40036.8,0,252
2025-04-28 01:15:00,40036.2,40074.5,40023.5,40073.5,0,370
2025-04-28 01:00:00,40078.0,40084.0,40000.2,40037.2,0,465
2025-04-25 23:45:00,40120.6,40141.6,40114.8,40128.4,0,235
2025-04-25 23:30:00,40121.8,40173.8,40116.6,40119.6,0,459
2025-04-25 23:15:00,40126.8,40143.4,40107.8,40120.8,0,436
2025-04-25 23:00:00,40114.8,40132.4,40079.8,40125.8,0,979
2025-04-25 22:45:00,40054.4,40131.8,40020.4,40104.8,0,1550
2025-04-25 22:30:00,40074.4,40088.4,40011.4,40055.4,0,1534
2025-04-25 22:15:00,40090.4,40138.4,40064.4,40078.4,0,1209
2025-04-25 22:00:00,40077.8,40140.4,40067.8,40087.8,0,1240
2025-04-25 21:45:00,40114.4,40120.4,40029.8,40078.8,0,1272
2025-04-25 21:30:00,40055.8,40125.4,40041.8,40113.4,0,1020
2025-04-25 21:15:00,40000.8,40078.4,39996.8,40053.8,0,1246
2025-04-25 21:00:00,39930.4,40033.4,39901.8,40001.8,0,1511
2025-04-25 20:45:00,40029.8,40033.8,39868.8,39929.4,0,1868
2025-04-25 20:30:00,40125.8,40138.4,39995.8,40031.8,0,1713
2025-04-25 20:15:00,40083.4,40133.8,40052.8,40126.8,0,966
2025-04-25 20:00:00,40013.8,40085.4,40000.8,40084.4,0,917
2025-04-25 19:45:00,40026.4,40036.4,39941.8,40014.8,0,1083
2025-04-25 19:30:00,40002.4,40033.4,39989.8,40027.4,0,1052
2025-04-25 19:15:00,39977.8,40026.4,39955.8,40001.4,0,1012
2025-04-25 19:00:00,39928.8,39988.4,39922.8,39976.8,0,1222
2025-04-25 18:45:00,39843.4,39942.4,39821.8,39927.8,0,1335
2025-04-25 18:30:00,39854.8,39890.4,39800.8,39835.4,0,1576
2025-04-25 18:15:00,39931.8,39942.4,39852.8,39853.8,0,1459
2025-04-25 18:00:00,39878.4,39948.4,39845.4,39932.8,0,1528
2025-04-25 17:45:00,39880.4,39902.4,39823.8,39882.4,0,1749
2025-04-25 17:30:00,39768.8,39888.4,39709.8,39881.4,0,1866
2025-04-25 17:15:00,39957.8,39982.4,39716.8,39763.8,0,2064
2025-04-25 17:00:00,39852.9,39987.4,39852.9,39958.8,0,2037
2025-04-25 16:45:00,40005.4,40023.4,39842.8,39845.4,0,2018
2025-04-25 16:30:00,39995.4,40093.4,39978.4,40000.8,0,2321
2025-04-25 16:15:00,39989.2,40018.2,39973.4,39996.2,0,707
2025-04-25 16:00:00,39944.2,40012.2,39904.2,39990.2,0,868
2025-04-25 15:45:00,39966.4,39978.4,39929.4,39945.2,0,709
2025-04-25 15:30:00,39937.2,40010.2,39931.4,39964.4,0,937
2025-04-25 15:15:00,39940.2,39985.2,39904.4,39939.2,0,996
2025-04-25 15:00:00,39934.3,39960.2,39897.4,39939.2,0,806
2025-04-25 14:45:00,39912.2,39946.2,39905.4,39936.3,0,844
2025-04-25 14:30:00,39977.4,39990.2,39912.4,39913.2,0,906
2025-04-25 14:15:00,39934.4,39994.4,39933.4,39978.4,0,767
2025-04-25 14:00:00,39862.2,39949.7,39853.2,39933.4,0,940
2025-04-25 13:45:00,39902.4,39922.2,39855.2,39859.2,0,1142
2025-04-25 13:30:00,39990.4,40032.2,39901.2,39901.4,0,1044
2025-04-25 13:15:00,40058.2,40164.2,39960.4,39993.4,0,1078
2025-04-25 13:00:00,40099.3,40103.8,40032.4,40056.2,0,721
2025-04-25 12:45:00,40077.2,40107.3,40064.3,40098.3,0,533
2025-04-25 12:30:00,40127.3,40127.3,40070.4,40079.2,0,526
2025-04-25 12:15:00,40099.3,40137.2,40062.2,40126.3,0,727
2025-04-25 12:00:00,40121.4,40137.2,40089.4,40100.3,0,732
2025-04-25 11:45:00,40123.4,40151.2,40100.4,40120.4,0,698
2025-04-25 11:30:00,40139.3,40156.2,40094.4,40122.4,0,677
2025-04-25 11:15:00,40139.2,40182.2,40126.4,40141.3,0,626
2025-04-25 11:00:00,40140.3,40172.4,40122.4,40140.2,0,823
2025-04-25 10:45:00,40116.4,40156.2,40115.4,40138.3,0,694
2025-04-25 10:30:00,40105.2,40126.2,40030.2,40117.4,0,894
2025-04-25 10:15:00,40092.2,40170.2,40066.4,40109.2,0,1112
2025-04-25 10:00:00,40205.4,40218.2,40080.4,40094.2,0,1126
2025-04-25 09:45:00,40180.3,40211.1,40176.3,40206.1,0,432
2025-04-25 09:30:00,40122.3,40185.5,40115.3,40182.3,0,558
2025-04-25 09:15:00,40138.1,40139.1,40102.1,40124.3,0,504
2025-04-25 09:00:00,40133.3,40163.5,40114.3,40139.1,0,515
2025-04-25 08:45:00,40148.3,40154.5,40118.1,40131.3,0,357
2025-04-25 08:30:00,40129.3,40156.3,40122.1,40147.3,0,314
2025-04-25 08:15:00,40147.1,40151.5,40123.1,40130.3,0,325
2025-04-25 08:00:00,40115.3,40149.1,40111.1,40148.1,0,376
2025-04-25 07:45:00,40143.7,40160.4,40112.7,40115.7,0,397
2025-04-25 07:30:00,40130.0,40145.7,40102.7,40145.7,0,510
2025-04-25 07:15:00,40208.7,40225.7,40120.7,40129.0,0,449
2025-04-25 07:00:00,40151.0,40215.7,40140.7,40206.7,0,473
2025-04-25 06:45:00,40114.7,40158.7,40110.7,40150.0,0,431
2025-04-25 06:30:00,40075.7,40130.7,40074.7,40113.7,0,453
2025-04-25 06:15:00,40047.7,40122.7,40046.7,40074.7,0,642
2025-04-25 06:00:00,40052.7,40064.8,40040.7,40046.7,0,232
2025-04-25 05:45:00,40055.0,40069.7,40047.7,40053.7,0,346
2025-04-25 05:30:00,40063.7,40066.7,40042.7,40056.0,0,402
2025-04-25 05:15:00,40079.7,40080.7,40048.7,40062.7,0,433
2025-04-25 05:00:00,40074.7,40095.7,40074.7,40078.7,0,370
2025-04-25 04:45:00,40136.0,40138.4,40075.7,40077.7,0,342
2025-04-25 04:30:00,40079.7,40148.7,40072.7,40135.7,0,480
2025-04-25 04:15:00,40155.7,40160.4,40076.0,40080.7,0,316
2025-04-25 04:00:00,40161.7,40169.7,40151.7,40156.7,0,271
2025-04-25 03:45:00,40127.7,40176.7,40115.7,40162.7,0,413
2025-04-25 03:30:00,40117.7,40133.7,40112.7,40128.7,0,270
2025-04-25 03:15:00,40080.7,40127.7,40073.7,40120.7,0,340
2025-04-25 03:00:00,40086.7,40111.7,40067.7,40079.7,0,442
2025-04-25 02:45:00,40110.7,40111.7,40077.4,40084.7,0,166
2025-04-25 02:30:00,40109.7,40121.4,40088.7,40109.7,0,225
2025-04-25 02:15:00,40119.7,40133.8,40099.7,40107.7,0,184
2025-04-25 02:00:00,40124.7,40134.0,40114.4,40123.7,0,138
2025-04-25 01:45:00,40152.7,40153.7,40116.7,40127.7,0,164
2025-04-25 01:30:00,40123.7,40157.7,40089.0,40151.7,0,264
2025-04-25 01:15:00,40086.7,40126.7,40086.7,40121.7,0,273
2025-04-25 01:00:00,40086.2,40103.2,40054.4,40084.7,0,319
2025-04-24 23:45:00,40103.2,40115.2,40093.2,40103.2,0,407
2025-04-24 23:30:00,40096.2,40119.2,40077.2,40104.2,0,523
2025-04-24 23:15:00,40111.2,40126.2,40090.2,40099.2,0,506
2025-04-24 23:00:00,40115.2,40245.7,40081.2,40112.2,0,1137
2025-04-24 22:45:00,40130.4,40173.8,40094.8,40107.2,0,1453
2025-04-24 22:30:00,40015.8,40144.4,40002.8,40129.4,0,1311
2025-04-24 22:15:00,40002.4,40079.8,39997.8,40014.8,0,1280
2025-04-24 22:00:00,40076.6,40077.6,39966.4,40003.4,0,1365
2025-04-24 21:45:00,40094.6,40130.4,40074.8,40077.6,0,942
2025-04-24 21:30:00,40023.6,40108.4,40017.6,40093.6,0,1041
2025-04-24 21:15:00,40018.6,40036.4,39973.8,40021.6,0,1134
2025-04-24 21:00:00,40011.4,40077.8,40002.8,40019.6,0,1254
2025-04-24 20:45:00,39996.8,40035.8,39971.8,40012.4,0,1126
2025-04-24 20:30:00,40001.8,40053.4,39983.4,39995.8,0,1245
2025-04-24 20:15:00,40021.4,40028.4,39950.8,40002.8,0,1247
2025-04-24 20:00:00,40056.8,40061.6,39994.8,40022.4,0,1184
2025-04-24 19:45:00,40030.4,40097.4,39987.8,40057.8,0,1156
2025-04-24 19:30:00,39993.4,40048.4,39968.8,40028.4,0,1269
2025-04-24 19:15:00,39937.8,40033.4,39930.8,39995.4,0,1373
2025-04-24 19:00:00,39878.4,39947.4,39846.8,39938.8,0,1458
2025-04-24 18:45:00,39848.8,39943.4,39835.8,39876.4,0,1327
2025-04-24 18:30:00,39850.4,39900.4,39804.8,39850.8,0,1344
2025-04-24 18:15:00,39909.8,39930.4,39820.4,39845.4,0,1390
2025-04-24 18:00:00,39873.6,39937.4,39838.8,39907.8,0,1445
2025-04-24 17:45:00,39859.8,39893.4,39789.8,39872.6,0,1639
2025-04-24 17:30:00,39828.8,39924.4,39813.8,39855.8,0,1661
2025-04-24 17:15:00,39674.8,39846.4,39647.8,39832.8,0,1627
2025-04-24 17:00:00,39641.4,39696.4,39593.8,39676.4,0,1750
2025-04-24 16:45:00,39516.8,39649.4,39500.8,39640.4,0,1753
2025-04-24 16:30:00,39550.4,39568.2,39390.4,39515.8,0,2273
2025-04-24 16:15:00,39522.2,39573.2,39515.4,39552.4,0,461
2025-04-24 16:00:00,39510.4,39531.4,39497.4,39521.2,0,479
2025-04-24 15:45:00,39527.4,39532.2,39475.4,39511.4,0,491
2025-04-24 15:30:00,39425.2,39531.2,39405.4,39526.4,0,634
2025-04-24 15:15:00,39448.3,39465.2,39394.4,39422.2,0,825
2025-04-24 15:00:00,39422.4,39449.2,39416.3,39446.3,0,786
2025-04-24 14:45:00,39399.2,39427.4,39390.4,39420.4,0,686
2025-04-24 14:30:00,39457.4,39527.2,39380.4,39400.2,0,725
2025-04-24 14:15:00,39484.3,39492.4,39444.4,39459.4,0,780
2025-04-24 14:00:00,39549.4,39549.4,39482.4,39483.3,0,875
2025-04-24 13:45:00,39491.4,39580.2,39483.2,39550.4,0,1090
2025-04-24 13:30:00,39419.4,39494.2,39414.2,39494.2,0,816
2025-04-24 13:15:00,39415.2,39420.4,39380.4,39418.4,0,648
2025-04-24 13:00:00,39380.3,39438.2,39380.3,39416.2,0,691
2025-04-24 12:45:00,39395.2,39409.4,39365.4,39379.3,0,472
2025-04-24 12:30:00,39359.7,39397.2,39354.3,39394.2,0,505
2025-04-24 12:15:00,39352.4,39373.2,39346.3,39359.2,0,473
2025-04-24 12:00:00,39328.3,39353.4,39318.4,39350.4,0,588
2025-04-24 11:45:00,39286.3,39336.2,39254.5,39328.4,0,874
2025-04-24 11:30:00,39325.2,39334.2,39267.5,39288.2,0,875
2025-04-24 11:15:00,39379.2,39388.2,39319.3,39324.2,0,826
2025-04-24 11:00:00,39384.2,39403.7,39356.4,39378.2,0,1058
2025-04-24 10:45:00,39395.4,39423.2,39362.4,39385.2,0,891
2025-04-24 10:30:00,39431.4,39431.4,39379.2,39396.4,0,1024
2025-04-24 10:15:00,39485.3,39497.2,39407.4,39430.4,0,1069
2025-04-24 10:00:00,39482.2,39499.2,39383.2,39486.3,0,1274
2025-04-24 09:45:00,39455.2,39480.5,39448.5,39480.5,0,525
2025-04-24 09:30:00,39511.5,39519.5,39448.2,39457.2,0,639
2025-04-24 09:15:00,39433.3,39515.5,39430.2,39510.5,0,530
2025-04-24 09:00:00,39420.3,39448.5,39394.2,39432.3,0,888
2025-04-24 08:45:00,39481.3,39502.2,39357.5,39419.3,0,635
2025-04-24 08:30:00,39471.3,39502.3,39464.3,39480.3,0,414
2025-04-24 08:15:00,39513.3,39520.3,39469.5,39472.3,0,387
2025-04-24 08:00:00,39513.3,39541.5,39501.3,39512.3,0,463
2025-04-24 07:45:00,39529.0,39535.0,39509.7,39512.7,0,222
2025-04-24 07:30:00,39482.7,39532.0,39460.7,39530.0,0,341
2025-04-24 07:15:00,39486.7,39499.7,39464.4,39483.7,0,415
2025-04-24 07:00:00,39508.7,39518.7,39480.7,39485.7,0,300
2025-04-24 06:45:00,39512.7,39517.8,39503.7,39509.7,0,197
2025-04-24 06:30:00,39488.0,39517.0,39478.0,39513.7,0,304
2025-04-24 06:15:00,39489.7,39499.7,39475.4,39489.0,0,296
2025-04-24 06:00:00,39493.7,39502.7,39480.7,39488.7,0,379
2025-04-24 05:45:00,39512.7,39514.4,39489.7,39495.7,0,332
2025-04-24 05:30:00,39568.7,39570.7,39513.4,39513.7,0,461
2025-04-24 05:15:00,39554.7,39569.8,39524.7,39567.7,0,375
2025-04-24 05:00:00,39528.7,39558.7,39526.7,39552.7,0,496
2025-04-24 04:45:00,39574.7,39603.7,39525.4,39527.7,0,540
2025-04-24 04:30:00,39569.7,39620.7,39567.7,39573.7,0,501
2025-04-24 04:15:00,39597.7,39599.7,39547.7,39570.7,0,548
2025-04-24 04:00:00,39583.7,39609.0,39566.7,39598.7,0,598
2025-04-24 03:45:00,39615.7,39616.7,39576.4,39582.7,0,507
2025-04-24 03:30:00,39590.0,39621.4,39577.4,39614.7,0,515
2025-04-24 03:15:00,39606.7,39628.7,39582.7,39592.0,0,516
2025-04-24 03:00:00,39588.7,39642.7,39566.7,39609.7,0,694
2025-04-24 02:45:00,39577.7,39606.7,39574.7,39589.7,0,328
2025-04-24 02:30:00,39585.7,39587.7,39552.7,39578.7,0,272
2025-04-24 02:15:00,39591.7,39625.7,39579.7,39586.7,0,246
2025-04-24 02:00:00,39565.7,39596.7,39555.7,39590.7,0,292
2025-04-24 01:45:00,39561.7,39577.7,39543.7,39571.7,0,243
2025-04-24 01:30:00,39517.7,39585.7,39505.7,39563.7,0,362
2025-04-24 01:15:00,39484.7,39518.4,39471.4,39516.7,0,298
2025-04-24 01:00:00,39553.2,39573.2,39483.7,39485.7,0,573
2025-04-23 23:45:00,39613.2,39664.2,39612.2,39637.2,0,409
2025-04-23 23:30:00,39680.2,39707.2,39611.2,39611.2,0,417
2025-04-23 23:15:00,39570.2,39731.7,39568.2,39682.2,0,1020
2025-04-23 23:00:00,39595.2,39696.2,39558.2,39569.2,0,1266
2025-04-23 22:45:00,39550.8,39707.4,39499.8,39594.2,0,2108
2025-04-23 22:30:00,39553.4,39620.4,39499.5,39548.8,0,2018
2025-04-23 22:15:00,39595.4,39607.4,39505.8,39550.4,0,1916
2025-04-23 22:00:00,39635.4,39687.4,39547.8,39594.4,0,1897
2025-04-23 21:45:00,39615.4,39703.4,39600.4,39640.4,0,1728
2025-04-23 21:30:00,39653.4,39735.4,39608.8,39612.4,0,1808
2025-04-23 21:15:00,39748.8,39817.8,39629.8,39651.4,0,1832
2025-04-23 21:00:00,39789.8,39825.4,39687.8,39746.8,0,1767
2025-04-23 20:45:00,39732.4,39825.8,39672.8,39791.8,0,1713
2025-04-23 20:30:00,39817.8,39853.4,39667.8,39734.4,0,1810
2025-04-23 20:15:00,39866.4,39901.4,39811.8,39812.8,0,1550
2025-04-23 20:00:00,39799.8,39875.4,39661.8,39864.4,0,1663
2025-04-23 19:45:00,39749.8,39828.4,39650.8,39798.8,0,1929
2025-04-23 19:30:00,39707.4,39801.4,39693.8,39751.8,0,1803
2025-04-23 19:15:00,39705.8,39714.4,39556.8,39706.4,0,1903
2025-04-23 19:00:00,39804.8,39815.8,39678.8,39703.8,0,2104
2025-04-23 18:45:00,39841.8,39869.4,39687.8,39802.8,0,2109
2025-04-23 18:30:00,39903.4,39945.4,39783.8,39838.8,0,2145
2025-04-23 18:15:00,40134.4,40137.4,39836.8,39901.4,0,2244
2025-04-23 18:00:00,40172.8,40228.4,40056.8,40133.4,0,1927
2025-04-23 17:45:00,40307.4,40326.4,40160.8,40174.8,0,2008
2025-04-23 17:30:00,40260.4,40355.4,40247.8,40306.4,0,1973
2025-04-23 17:15:00,40225.8,40305.4,40049.8,40272.4,0,2379
2025-04-23 17:00:00,40289.4,40399.4,40150.8,40227.8,0,2660
2025-04-23 16:45:00,40175.2,40329.4,40133.8,40278.9,0,2510
2025-04-23 16:30:00,39947.4,40334.9,39908.4,40175.7,0,2679
2025-04-23 16:15:00,39928.4,40006.2,39918.4,39939.9,0,980
2025-04-23 16:00:00,39997.4,40006.2,39894.2,39927.4,0,1078
2025-04-23 15:45:00,39967.4,40006.9,39962.4,39998.9,0,654
2025-04-23 15:30:00,39886.3,39973.2,39879.3,39966.4,0,705
2025-04-23 15:15:00,39892.4,39910.2,39880.4,39885.3,0,704
2025-04-23 15:00:00,39857.2,39892.4,39846.2,39888.4,0,915
2025-04-23 14:45:00,39863.9,39897.2,39851.4,39856.2,0,809
2025-04-23 14:30:00,39879.2,39920.2,39860.4,39860.4,0,897
2025-04-23 14:15:00,39951.2,39959.3,39877.4,39881.2,0,661
2025-04-23 14:00:00,39957.4,39983.7,39937.4,39949.7,0,702
2025-04-23 13:45:00,39930.4,39989.2,39929.9,39959.4,0,627
2025-04-23 13:30:00,39881.2,39936.2,39856.4,39928.9,0,560
2025-04-23 13:15:00,39822.2,39885.9,39821.3,39881.7,0,575
2025-04-23 13:00:00,39846.3,39855.2,39818.3,39824.2,0,590
2025-04-23 12:45:00,39794.4,39852.2,39791.2,39848.8,0,579
2025-04-23 12:30:00,39854.4,39859.3,39792.9,39792.9,0,542
2025-04-23 12:15:00,39883.3,39893.2,39846.4,39852.4,0,458
2025-04-23 12:00:00,39848.3,39888.3,39846.4,39882.3,0,495
2025-04-23 11:45:00,39865.3,39903.2,39846.3,39847.3,0,678
2025-04-23 11:30:00,39812.4,39874.2,39812.4,39867.3,0,634
2025-04-23 11:15:00,39810.2,39828.2,39790.3,39814.4,0,579
2025-04-23 11:00:00,39757.8,39808.2,39753.2,39808.2,0,691
2025-04-23 10:45:00,39714.3,39761.4,39699.3,39757.3,0,555
2025-04-23 10:30:00,39672.3,39717.2,39667.4,39713.3,0,777
2025-04-23 10:15:00,39671.4,39710.2,39642.4,39673.3,0,925
2025-04-23 10:00:00,39673.4,39717.2,39615.4,39670.4,0,1148
2025-04-23 09:45:00,39679.3,39703.5,39672.1,39672.1,0,542
2025-04-23 09:30:00,39701.3,39707.3,39659.3,39681.3,0,517
2025-04-23 09:15:00,39691.5,39729.5,39680.3,39700.3,0,609
2025-04-23 09:00:00,39688.3,39697.3,39661.1,39690.5,0,590
2025-04-23 08:45:00,39686.3,39698.3,39675.3,39686.3,0,478
2025-04-23 08:30:00,39653.3,39699.5,39645.3,39687.3,0,502
2025-04-23 08:15:00,39621.3,39656.3,39596.1,39654.3,0,378
2025-04-23 08:00:00,39666.3,39668.3,39618.3,39620.3,0,415
2025-04-23 07:45:00,39663.7,39672.7,39657.7,39665.7,0,245
2025-04-23 07:30:00,39659.7,39688.7,39659.7,39662.7,0,265
2025-04-23 07:15:00,39673.7,39676.0,39645.7,39658.7,0,288
2025-04-23 07:00:00,39648.7,39691.7,39647.7,39672.7,0,391
2025-04-23 06:45:00,39630.7,39652.7,39614.7,39649.7,0,367
2025-04-23 06:30:00,39623.7,39639.7,39618.7,39631.7,0,404
2025-04-23 06:15:00,39624.7,39637.7,39610.7,39626.7,0,427
2025-04-23 06:00:00,39656.7,39657.7,39618.7,39623.7,0,376
2025-04-23 05:45:00,39664.7,39694.7,39652.7,39657.7,0,358
2025-04-23 05:30:00,39631.7,39668.0,39626.7,39662.7,0,407
2025-04-23 05:15:00,39623.7,39636.7,39610.7,39630.7,0,382
2025-04-23 05:00:00,39601.7,39625.7,39575.7,39624.7,0,547
2025-04-23 04:45:00,39598.0,39615.7,39569.7,39600.7,0,658
2025-04-23 04:30:00,39687.7,39689.7,39570.7,39597.0,0,758
2025-04-23 04:15:00,39716.7,39725.7,39681.7,39688.7,0,569
2025-04-23 04:00:00,39689.7,39722.0,39663.7,39715.7,0,636
2025-04-23 03:45:00,39636.4,39691.7,39633.7,39688.7,0,604
2025-04-23 03:30:00,39687.7,39694.7,39633.4,39635.4,0,662
2025-04-23 03:15:00,39761.7,39777.7,39683.7,39686.7,0,720
2025-04-23 03:00:00,39792.7,39806.7,39746.7,39760.7,0,730
2025-04-23 02:45:00,39780.7,39821.7,39769.4,39791.7,0,339
2025-04-23 02:30:00,39788.7,39803.0,39758.7,39778.7,0,267
2025-04-23 02:15:00,39873.7,39877.7,39776.7,39792.7,0,498
2025-04-23 02:00:00,39848.7,39902.0,39822.7,39874.7,0,545
2025-04-23 01:45:00,39770.0,39844.7,39742.7,39844.7,0,531
2025-04-23 01:30:00,39762.0,39772.0,39661.7,39771.0,0,555
2025-04-23 01:15:00,39713.0,39761.0,39663.7,39761.0,0,709
2025-04-23 01:00:00,39679.2,39874.2,39638.4,39712.0,0,1249
2025-04-22 23:45:00,39235.3,39235.3,39199.3,39217.3,0,397
2025-04-22 23:30:00,39239.3,39259.3,39223.3,39233.3,0,421
2025-04-22 23:15:00,39219.3,39255.3,39203.3,39237.3,0,370
2025-04-22 23:00:00,39202.3,39280.3,39193.3,39217.3,0,1082
2025-04-22 22:45:00,39173.5,39252.5,39129.5,39197.3,0,1853
2025-04-22 22:30:00,39067.7,39198.5,39046.7,39175.5,0,1596
2025-04-22 22:15:00,39133.7,39140.7,39032.9,39069.9,0,1591
2025-04-22 22:00:00,39182.7,39211.5,39118.9,39131.7,0,1454
2025-04-22 21:45:00,39128.5,39211.5,39128.5,39183.7,0,1190
2025-04-22 21:30:00,39071.7,39149.5,39067.7,39125.5,0,1248
2025-04-22 21:15:00,39005.5,39088.5,38975.9,39072.7,0,1502
2025-04-22 21:00:00,38816.5,39005.5,38808.9,39004.5,0,1745
2025-04-22 20:45:00,38903.5,38914.5,38814.9,38815.5,0,1706
2025-04-22 20:30:00,38843.5,38942.5,38799.9,38905.5,0,2116
2025-04-22 20:15:00,39054.5,39063.5,38824.5,38845.5,0,2346
2025-04-22 20:00:00,39178.5,39243.5,39028.9,39055.5,0,1955
2025-04-22 19:45:00,39228.5,39229.5,39139.9,39181.5,0,1408
2025-04-22 19:30:00,39254.9,39282.5,39165.9,39227.5,0,1460
2025-04-22 19:15:00,39227.5,39294.4,39187.9,39250.9,0,1547
2025-04-22 19:00:00,39107.9,39249.5,39103.9,39228.5,0,2162
2025-04-22 18:45:00,38942.9,39133.9,38936.9,39099.9,0,1548
2025-04-22 18:30:00,38982.9,39011.5,38939.9,38943.9,0,1431
2025-04-22 18:15:00,39031.9,39044.5,38977.9,38981.9,0,1376
2025-04-22 18:00:00,38983.9,39032.5,38976.9,39030.9,0,1282
2025-04-22 17:45:00,38934.9,38998.5,38893.5,38984.9,0,1505
2025-04-22 17:30:00,38873.9,38940.5,38816.9,38936.9,0,1578
2025-04-22 17:15:00,38830.9,38889.5,38785.9,38876.9,0,1603
2025-04-22 17:00:00,38759.5,38852.5,38745.5,38825.9,0,1707
2025-04-22 16:45:00,38745.9,38797.5,38662.9,38752.5,0,1946
2025-04-22 16:30:00,38615.5,38755.5,38528.5,38744.9,0,2387
2025-04-22 16:15:00,38599.8,38641.3,38558.5,38617.5,0,901
2025-04-22 16:00:00,38554.5,38606.3,38553.5,38600.3,0,741
2025-04-22 15:45:00,38513.4,38564.8,38509.4,38556.5,0,687
2025-04-22 15:30:00,38498.4,38519.8,38490.4,38511.9,0,733
2025-04-22 15:15:00,38472.5,38505.8,38462.9,38499.9,0,808
2025-04-22 15:00:00,38454.3,38483.3,38440.5,38471.5,0,738
2025-04-22 14:45:00,38467.3,38495.4,38426.4,38453.3,0,709
2025-04-22 14:30:00,38497.3,38518.3,38458.5,38468.3,0,636
2025-04-22 14:15:00,38449.4,38497.0,38435.5,38494.3,0,657
2025-04-22 14:00:00,38476.5,38501.3,38432.5,38448.4,0,821
2025-04-22 13:45:00,38481.5,38508.3,38451.0,38477.5,0,526
2025-04-22 13:30:00,38483.5,38506.3,38469.5,38480.5,0,633
2025-04-22 13:15:00,38476.4,38499.3,38460.5,38482.5,0,597
2025-04-22 13:00:00,38488.4,38512.3,38458.0,38475.9,0,660
2025-04-22 12:45:00,38499.3,38506.3,38482.8,38489.4,0,462
2025-04-22 12:30:00,38512.3,38518.3,38493.3,38500.3,0,503
2025-04-22 12:15:00,38479.7,38516.3,38450.5,38511.8,0,611
2025-04-22 12:00:00,38497.7,38516.5,38474.2,38481.7,0,609
2025-04-22 11:45:00,38519.7,38519.7,38474.7,38495.7,0,578
2025-04-22 11:30:00,38484.7,38532.1,38482.5,38518.7,0,712
2025-04-22 11:15:00,38458.2,38500.2,38430.7,38485.7,0,787
2025-04-22 11:00:00,38465.4,38501.5,38437.7,38456.5,0,905
2025-04-22 10:45:00,38524.7,38524.7,38457.7,38461.6,0,824
2025-04-22 10:30:00,38517.6,38528.7,38459.7,38523.7,0,950
2025-04-22 10:15:00,38478.7,38529.5,38457.7,38515.6,0,966
2025-04-22 10:00:00,38581.7,38616.5,38478.5,38479.7,0,1298
2025-04-22 09:45:00,38419.8,38590.5,38419.2,38578.7,0,897
2025-04-22 09:30:00,38380.7,38421.2,38374.5,38419.8,0,441
2025-04-22 09:15:00,38344.4,38385.2,38330.5,38384.5,0,569
2025-04-22 09:00:00,38305.6,38352.2,38282.7,38343.6,0,686
2025-04-22 08:45:00,38309.3,38312.2,38291.5,38308.4,0,389
2025-04-22 08:30:00,38297.2,38316.4,38286.4,38310.1,0,514
2025-04-22 08:15:00,38294.4,38302.2,38274.4,38295.5,0,527
2025-04-22 08:00:00,38289.4,38326.5,38278.4,38293.4,0,520
2025-04-22 07:45:00,38301.3,38306.2,38276.3,38287.8,0,287
2025-04-22 07:30:00,38292.1,38304.2,38275.3,38302.3,0,359
2025-04-22 07:15:00,38290.8,38296.8,38279.3,38293.8,0,266
2025-04-22 07:00:00,38291.1,38299.2,38281.8,38291.8,0,367
2025-04-22 06:45:00,38333.8,38334.8,38288.3,38292.8,0,469
2025-04-22 06:30:00,38312.1,38343.2,38306.3,38332.8,0,468
2025-04-22 06:15:00,38280.6,38331.1,38279.6,38313.1,0,482
2025-04-22 06:00:00,38349.6,38361.1,38261.6,38282.6,0,595
2025-04-22 05:45:00,38351.1,38363.1,38340.6,38348.6,0,365
2025-04-22 05:30:00,38326.6,38363.1,38322.6,38350.1,0,363
2025-04-22 05:15:00,38349.1,38366.1,38322.1,38327.6,0,469
2025-04-22 05:00:00,38340.1,38362.6,38317.3,38350.1,0,492
2025-04-22 04:45:00,38395.1,38408.1,38333.6,38342.1,0,539
2025-04-22 04:30:00,38373.1,38413.6,38373.1,38394.1,0,609
2025-04-22 04:15:00,38344.1,38387.1,38324.1,38374.1,0,550
2025-04-22 04:00:00,38301.1,38350.1,38296.6,38343.1,0,507
2025-04-22 03:45:00,38295.1,38304.6,38286.6,38302.1,0,323
2025-04-22 03:30:00,38299.5,38309.6,38279.6,38291.1,0,420
2025-04-22 03:15:00,38300.0,38318.0,38276.0,38298.5,0,657
2025-04-22 03:00:00,38283.5,38307.0,38264.5,38298.0,0,741
2025-04-22 02:45:00,38205.8,38285.0,38185.6,38282.5,0,779
2025-04-22 02:30:00,38180.1,38208.1,38172.6,38204.1,0,329
2025-04-22 02:15:00,38166.1,38187.6,38156.1,38178.1,0,276
2025-04-22 02:00:00,38141.9,38170.6,38140.3,38165.1,0,191
2025-04-22 01:45:00,38171.4,38171.4,38136.6,38141.9,0,123
2025-04-22 01:30:00,38101.1,38182.2,38100.3,38172.4,0,216
2025-04-22 01:15:00,38122.8,38123.0,38089.6,38101.8,0,255
2025-04-22 01:00:00,38137.8,38163.3,38099.0,38120.8,0,345
2025-04-21 23:45:00,38124.1,38161.3,38121.3,38132.8,0,358
2025-04-21 23:30:00,38123.1,38153.1,38117.1,38123.3,0,428
2025-04-21 23:15:00,38134.1,38153.1,38118.1,38124.1,0,483
2025-04-21 23:00:00,38161.5,38172.5,38091.5,38135.1,0,1004
2025-04-21 22:45:00,38078.0,38223.3,38040.0,38157.5,0,2029
2025-04-21 22:30:00,37976.0,38108.0,37970.0,38081.0,0,1820
2025-04-21 22:15:00,37951.6,38023.2,37943.0,37973.0,0,1408
2025-04-21 22:00:00,37871.2,37975.2,37867.2,37952.6,0,1445
2025-04-21 21:45:00,37928.2,37940.2,37871.0,37872.2,0,1249
2025-04-21 21:30:00,37953.0,38006.2,37922.2,37926.2,0,1284
2025-04-21 21:15:00,37867.5,37959.0,37858.3,37956.0,0,1414
2025-04-21 21:00:00,37890.2,37896.2,37834.3,37868.3,0,1451
2025-04-21 20:45:00,37955.2,37964.2,37878.0,37889.2,0,1200
2025-04-21 20:30:00,37983.2,38016.2,37935.0,37956.2,0,1283
2025-04-21 20:15:00,37960.2,38032.2,37944.0,37982.2,0,1360
2025-04-21 20:00:00,38060.0,38089.2,37944.0,37958.2,0,1460
2025-04-21 19:45:00,38160.0,38178.2,38044.0,38059.0,0,1219
2025-04-21 19:30:00,38086.0,38196.2,38086.0,38159.0,0,1185
2025-04-21 19:15:00,38111.2,38111.2,38059.0,38089.0,0,1185
2025-04-21 19:00:00,38045.2,38118.2,38040.2,38112.2,0,1286
2025-04-21 18:45:00,38103.0,38116.2,38029.0,38046.2,0,1434
2025-04-21 18:30:00,38171.2,38177.0,38090.0,38105.0,0,1440
2025-04-21 18:15:00,38227.2,38260.9,38143.0,38166.2,0,1497
2025-04-21 18:00:00,38269.0,38301.3,38223.2,38226.3,0,1961
2025-04-21 17:45:00,38359.3,38406.3,38264.0,38267.0,0,1976
2025-04-21 17:30:00,38425.3,38481.0,38357.0,38359.2,0,2028
2025-04-21 17:15:00,38490.1,38503.3,38387.2,38426.3,0,2312
2025-04-21 17:00:00,38529.2,38533.4,38463.1,38493.1,0,2284
2025-04-21 16:45:00,38675.1,38696.2,38530.2,38530.2,0,1794
2025-04-21 16:30:00,38847.7,38884.1,38657.1,38676.1,0,2759
2025-04-21 16:15:00,38797.5,38860.1,38789.7,38847.5,0,1143
2025-04-21 16:00:00,38822.8,38838.6,38786.5,38796.5,0,1061
2025-04-21 15:45:00,38827.5,38851.7,38817.5,38824.1,0,723
2025-04-21 15:30:00,38813.0,38850.1,38800.5,38828.5,0,717
2025-04-21 15:15:00,38770.7,38817.1,38757.8,38814.7,0,737
2025-04-21 15:00:00,38729.8,38782.1,38722.3,38770.5,0,773
2025-04-21 14:45:00,38715.5,38732.1,38677.5,38730.1,0,828
2025-04-21 14:30:00,38737.3,38755.1,38708.3,38714.5,0,964
2025-04-21 14:15:00,38860.3,38862.1,38690.3,38742.3,0,1066
2025-04-21 14:00:00,38845.1,38895.1,38845.1,38860.1,0,741
2025-04-21 13:45:00,38800.3,38848.1,38797.3,38842.6,0,396
2025-04-21 13:30:00,38781.5,38803.1,38777.5,38802.3,0,402
2025-04-21 13:15:00,38802.0,38804.1,38775.5,38782.0,0,319
2025-04-21 13:00:00,38798.7,38826.1,38794.5,38802.5,0,386
2025-04-21 12:45:00,38762.3,38802.3,38762.3,38799.3,0,393
2025-04-21 12:30:00,38796.5,38800.6,38759.5,38763.6,0,311
2025-04-21 12:15:00,38786.1,38813.1,38776.3,38797.5,0,487
2025-04-21 12:00:00,38809.1,38812.1,38773.3,38786.1,0,462
2025-04-21 11:45:00,38804.3,38810.1,38781.3,38808.3,0,430
2025-04-21 11:30:00,38804.1,38817.1,38790.5,38805.1,0,414
2025-04-21 11:15:00,38775.4,38809.1,38771.5,38803.3,0,495
2025-04-21 11:00:00,38764.5,38795.1,38737.5,38776.4,0,686
2025-04-21 10:45:00,38807.3,38814.5,38757.5,38766.7,0,521
2025-04-21 10:30:00,38800.1,38807.1,38790.3,38807.1,0,442
2025-04-21 10:15:00,38810.5,38818.1,38787.5,38799.3,0,520
2025-04-21 10:00:00,38849.7,38870.1,38806.7,38811.5,0,525
2025-04-21 09:45:00,38832.5,38873.1,38832.5,38850.5,0,365
2025-04-21 09:30:00,38870.5,38873.5,38831.5,38834.5,0,440
2025-04-21 09:15:00,38878.6,38887.1,38856.4,38869.5,0,353
2025-04-21 09:00:00,38872.7,38892.1,38871.5,38879.4,0,299
2025-04-21 08:45:00,38867.5,38883.1,38864.3,38872.5,0,264
2025-04-21 08:30:00,38840.4,38873.1,38821.4,38866.7,0,301
2025-04-21 08:15:00,38830.7,38852.1,38827.5,38839.4,0,279
2025-04-21 08:00:00,38834.1,38853.1,38827.4,38830.5,0,277
2025-04-21 07:45:00,38835.5,38842.8,38824.8,38833.3,0,243
2025-04-21 07:30:00,38846.8,38851.8,38831.8,38834.8,0,176
2025-04-21 07:15:00,38843.1,38849.0,38834.6,38847.8,0,216
2025-04-21 07:00:00,38832.0,38848.0,38817.6,38841.8,0,299
2025-04-21 06:45:00,38836.8,38846.0,38819.6,38829.8,0,323
2025-04-21 06:30:00,38854.8,38861.8,38815.6,38837.8,0,374
2025-04-21 06:15:00,38810.8,38856.6,38810.8,38853.8,0,436
2025-04-21 06:00:00,38817.5,38826.8,38786.3,38811.8,0,503
2025-04-21 05:45:00,38799.0,38824.8,38772.6,38816.8,0,556
2025-04-21 05:30:00,38874.1,38890.1,38777.3,38797.8,0,794
2025-04-21 05:15:00,38924.1,38927.6,38866.1,38875.0,0,485
2025-04-21 05:00:00,38904.1,38927.6,38899.1,38923.1,0,439
2025-04-21 04:45:00,38935.1,38937.6,38889.6,38900.1,0,544
2025-04-21 04:30:00,38890.1,38942.1,38886.1,38936.1,0,496
2025-04-21 04:15:00,38876.1,38894.6,38854.6,38888.8,0,551
2025-04-21 04:00:00,38941.3,38947.6,38863.6,38877.1,0,658
2025-04-21 03:45:00,39020.6,39021.6,38939.6,38939.6,0,611
2025-04-21 03:30:00,39027.1,39034.1,38993.6,39021.6,0,470
2025-04-21 03:15:00,39013.1,39047.6,38996.1,39026.1,0,411
2025-04-21 03:00:00,38989.0,39019.1,38977.0,39012.0,0,581
2025-04-21 02:45:00,38990.2,39005.2,38980.7,38996.2,0,140
2025-04-21 02:30:00,38947.8,38995.2,38940.3,38994.7,0,167
2025-04-21 02:15:00,38965.5,38976.7,38939.2,38947.8,0,150
2025-04-21 02:00:00,38950.7,38996.8,38946.9,38965.5,0,233
2025-04-21 01:45:00,38925.5,38963.7,38918.9,38951.2,0,217
2025-04-21 01:30:00,38993.5,39003.2,38914.7,38921.9,0,262
2025-04-21 01:15:00,38979.5,39025.5,38965.5,38993.5,0,366
2025-04-21 01:00:00,39037.5,39044.9,38922.5,38977.5,0,691
2025-04-17 23:45:00,39177.3,39236.3,39170.3,39230.8,0,463
2025-04-17 23:30:00,39159.3,39183.3,39152.3,39176.3,0,441
2025-04-17 23:15:00,39203.3,39219.3,39152.3,39158.3,0,553
2025-04-17 23:00:00,39147.3,39236.3,39125.3,39202.3,0,1078
2025-04-17 22:45:00,39242.9,39258.5,39101.9,39138.3,0,2013
2025-04-17 22:30:00,39215.5,39294.4,39198.9,39243.9,0,1692
2025-04-17 22:15:00,39187.9,39256.5,39145.9,39213.5,0,1713
2025-04-17 22:00:00,39286.4,39302.4,39163.9,39188.9,0,1768
2025-04-17 21:45:00,39393.8,39423.8,39272.9,39283.4,0,1927
2025-04-17 21:30:00,39374.4,39432.4,39371.8,39392.8,0,1453
2025-04-17 21:15:00,39371.8,39459.4,39361.8,39372.4,0,1551
2025-04-17 21:00:00,39358.8,39442.4,39343.8,39369.8,0,1602
2025-04-17 20:45:00,39282.5,39413.4,39277.5,39354.8,0,1824
2025-04-17 20:30:00,39230.9,39334.4,39226.9,39283.4,0,1541
2025-04-17 20:15:00,39303.4,39320.4,39217.9,39226.9,0,1637
2025-04-17 20:00:00,39410.4,39428.4,39295.8,39305.4,0,1716
2025-04-17 19:45:00,39273.5,39432.4,39239.9,39406.4,0,1796
2025-04-17 19:30:00,39330.4,39377.4,39248.9,39272.5,0,1885
2025-04-17 19:15:00,39212.9,39350.4,39180.2,39333.4,0,2035
2025-04-17 19:00:00,39176.5,39274.9,39115.9,39215.9,0,2512
2025-04-17 18:45:00,39163.9,39241.5,39131.9,39160.5,0,1955
2025-04-17 18:30:00,39149.5,39260.5,39140.9,39152.9,0,1793
2025-04-17 18:15:00,39219.9,39261.5,39122.9,39146.5,0,1717
2025-04-17 18:00:00,38998.9,39223.9,38995.9,39217.9,0,2001
2025-04-17 17:45:00,39038.5,39068.5,38997.9,39002.5,0,1836
2025-04-17 17:30:00,39052.5,39083.5,38951.9,39041.5,0,2190
2025-04-17 17:15:00,39166.5,39198.5,39035.9,39053.5,0,2164
2025-04-17 17:00:00,39247.9,39298.4,39147.9,39168.5,0,2407
2025-04-17 16:45:00,39185.9,39262.5,39115.5,39246.9,0,2335
2025-04-17 16:30:00,39151.8,39256.9,39119.9,39186.9,0,2716
2025-04-17 16:15:00,39208.5,39291.2,39117.5,39159.3,0,1600
2025-04-17 16:00:00,39185.3,39231.3,39112.5,39207.5,0,1398
2025-04-17 15:45:00,39112.3,39222.3,39107.5,39189.3,0,1167
2025-04-17 15:30:00,39091.3,39204.3,39089.5,39108.3,0,1213
2025-04-17 15:15:00,39075.3,39108.3,39060.3,39089.3,0,482
2025-04-17 15:00:00,39089.3,39234.5,39057.5,39079.3,0,1330
2025-04-17 14:45:00,39098.3,39114.3,39055.5,39091.3,0,791
2025-04-17 14:30:00,39156.5,39169.5,39017.5,39095.3,0,954
2025-04-17 14:15:00,39129.5,39170.3,39028.5,39155.5,0,1090
2025-04-17 14:00:00,39221.3,39306.2,39113.5,39128.5,0,1161
2025-04-17 13:45:00,39227.3,39261.5,39142.3,39220.3,0,1155
2025-04-17 13:30:00,39291.2,39319.2,39190.5,39226.3,0,955
2025-04-17 13:15:00,39369.2,39388.2,39175.5,39286.2,0,1219
2025-04-17 13:00:00,39752.4,39754.4,39351.4,39365.2,0,1309
2025-04-17 12:45:00,40006.4,40010.3,39744.4,39755.4,0,946
2025-04-17 12:30:00,40005.4,40032.4,39994.4,40007.4,0,542
2025-04-17 12:15:00,39969.4,40042.4,39966.3,40006.4,0,682
2025-04-17 12:00:00,39951.2,39989.4,39923.4,39970.4,0,695
2025-04-17 11:45:00,39972.4,39991.3,39937.4,39950.2,0,677
2025-04-17 11:30:00,40023.2,40036.2,39971.4,39973.4,0,637
2025-04-17 11:15:00,40019.2,40032.2,39991.4,40022.2,0,689
2025-04-17 11:00:00,40021.3,40044.2,39994.4,40018.7,0,842
2025-04-17 10:45:00,40017.4,40041.2,40004.4,40020.3,0,681
2025-04-17 10:30:00,40099.2,40101.4,40013.4,40018.4,0,786
2025-04-17 10:15:00,39971.2,40115.2,39952.2,40098.2,0,1096
2025-04-17 10:00:00,39957.3,39987.4,39943.4,39972.2,0,932
2025-04-17 09:45:00,39960.1,39977.3,39919.1,39953.3,0,685
2025-04-17 09:30:00,39995.1,39997.1,39961.1,39961.1,0,525
2025-04-17 09:15:00,40000.3,40020.5,39975.1,39992.1,0,555
2025-04-17 09:00:00,39979.5,40007.1,39950.1,39998.3,0,780
2025-04-17 08:45:00,39991.5,39996.1,39952.1,39978.5,0,414
2025-04-17 08:30:00,39933.3,39997.1,39927.1,39992.5,0,587
2025-04-17 08:15:00,39942.8,39946.8,39931.3,39934.3,0,224
2025-04-17 08:00:00,39935.3,39942.8,39932.1,39942.8,0,219
2025-04-17 07:45:00,39948.7,39950.8,39930.0,39934.7,0,180
2025-04-17 07:30:00,39933.7,39953.0,39931.4,39949.7,0,244
2025-04-17 07:15:00,39936.7,39941.7,39928.7,39934.7,0,206
2025-04-17 07:00:00,39931.7,39944.0,39928.7,39935.7,0,239
2025-04-17 06:45:00,39884.7,39937.7,39882.7,39932.7,0,344
2025-04-17 06:30:00,39895.7,39901.7,39882.7,39883.7,0,249
2025-04-17 06:15:00,39890.7,39908.4,39886.4,39894.7,0,308
2025-04-17 06:00:00,39869.7,39895.8,39867.7,39889.7,0,273
2025-04-17 05:45:00,39813.4,39875.7,39813.4,39868.7,0,384
2025-04-17 05:30:00,39837.7,39840.7,39798.7,39814.4,0,373
2025-04-17 05:15:00,39830.7,39862.4,39828.7,39840.7,0,374
2025-04-17 05:00:00,39829.7,39845.0,39818.4,39829.7,0,409
2025-04-17 04:45:00,39817.4,39839.4,39796.7,39828.7,0,462
2025-04-17 04:30:00,39804.7,39844.0,39797.4,39816.4,0,503
2025-04-17 04:15:00,39790.7,39809.7,39789.7,39803.7,0,404
2025-04-17 04:00:00,39813.4,39814.4,39784.7,39789.7,0,512
2025-04-17 03:45:00,39753.7,39828.0,39750.7,39816.4,0,579
2025-04-17 03:30:00,39725.7,39758.7,39712.7,39755.7,0,560
2025-04-17 03:15:00,39725.7,39758.0,39683.4,39724.7,0,717
2025-04-17 03:00:00,39687.7,39762.0,39643.7,39723.7,0,699
2025-04-17 02:45:00,39683.4,39707.4,39642.7,39686.7,0,566
2025-04-17 02:30:00,39695.7,39709.7,39588.0,39681.4,0,658
2025-04-17 02:15:00,39648.7,39716.4,39648.7,39696.7,0,406
2025-04-17 02:00:00,39685.0,39702.0,39609.4,39653.7,0,434
2025-04-17 01:45:00,39700.7,39704.7,39666.0,39684.0,0,284
2025-04-17 01:30:00,39692.4,39706.7,39672.0,39701.7,0,208
2025-04-17 01:15:00,39664.0,39697.7,39640.7,39691.4,0,394
2025-04-17 01:00:00,39686.2,39724.2,39665.0,39665.0,0,378
2025-04-16 23:45:00,39696.2,39719.2,39604.2,39655.2,0,691
2025-04-16 23:30:00,39713.2,39741.2,39689.2,39697.2,0,477
2025-04-16 23:15:00,39736.2,39747.2,39689.2,39714.2,0,704
2025-04-16 23:00:00,39674.2,39737.2,39640.2,39735.2,0,1286
2025-04-16 22:45:00,39501.4,39719.2,39466.4,39678.2,0,2171
2025-04-16 22:30:00,39432.4,39542.4,39432.4,39500.4,0,2036
2025-04-16 22:15:00,39527.8,39553.4,39403.8,39430.4,0,1799
2025-04-16 22:00:00,39601.4,39633.4,39466.8,39528.8,0,1716
2025-04-16 21:45:00,39679.4,39700.4,39589.8,39600.4,0,1744
2025-04-16 21:30:00,39792.4,39808.4,39640.8,39678.4,0,1869
2025-04-16 21:15:00,39816.8,39848.4,39705.8,39798.4,0,1961
2025-04-16 21:00:00,39656.4,39814.4,39656.4,39808.8,0,2359
2025-04-16 20:45:00,39848.4,39848.4,39648.5,39658.4,0,2320
2025-04-16 20:30:00,40153.2,40156.2,39810.8,39854.4,0,2406
2025-04-16 20:15:00,40106.4,40185.4,40100.4,40152.2,0,1485
2025-04-16 20:00:00,40122.4,40152.4,40073.8,40105.4,0,1592
2025-04-16 19:45:00,40164.8,40173.4,40104.8,40124.4,0,1346
2025-04-16 19:30:00,40176.4,40208.4,40091.8,40163.8,0,1407
2025-04-16 19:15:00,40177.8,40196.4,40137.8,40175.4,0,1396
2025-04-16 19:00:00,40208.4,40217.4,40142.8,40178.8,0,1745
2025-04-16 18:45:00,40308.1,40318.7,40178.8,40209.4,0,1568
2025-04-16 18:30:00,40415.8,40420.4,40295.1,40306.1,0,1518
2025-04-16 18:15:00,40296.8,40438.4,40238.8,40411.8,0,1681
2025-04-16 18:00:00,40254.8,40333.4,40245.4,40294.4,0,1783
2025-04-16 17:45:00,40249.4,40271.4,40192.8,40250.8,0,1838
2025-04-16 17:30:00,40171.8,40257.8,40145.4,40245.8,0,1896
2025-04-16 17:15:00,40076.4,40204.4,40058.8,40175.8,0,1999
2025-04-16 17:00:00,40044.8,40160.4,40027.8,40075.8,0,2222
2025-04-16 16:45:00,40212.4,40233.4,40048.8,40048.8,0,2323
2025-04-16 16:30:00,40237.4,40297.4,40164.4,40210.4,0,2603
2025-04-16 16:15:00,40245.2,40254.2,40202.4,40233.4,0,1128
2025-04-16 16:00:00,40284.4,40296.2,40225.4,40243.2,0,1206
2025-04-16 15:45:00,40292.4,40319.2,40263.4,40289.4,0,960
2025-04-16 15:30:00,40337.8,40379.4,40282.2,40293.4,0,1047
2025-04-16 15:15:00,40342.4,40363.2,40330.2,40342.3,0,706
2025-04-16 15:00:00,40348.2,40384.2,40325.4,40344.4,0,807
2025-04-16 14:45:00,40376.4,40398.2,40333.4,40351.2,0,702
2025-04-16 14:30:00,40352.3,40387.4,40326.3,40375.4,0,668
2025-04-16 14:15:00,40365.9,40377.2,40327.9,40351.3,0,729
2025-04-16 14:00:00,40326.3,40387.2,40287.2,40366.4,0,997
2025-04-16 13:45:00,40310.2,40353.4,40300.4,40325.3,0,766
2025-04-16 13:30:00,40316.2,40320.2,40267.4,40309.2,0,780
2025-04-16 13:15:00,40310.2,40364.2,40302.2,40317.2,0,937
2025-04-16 13:00:00,40282.2,40365.3,40278.2,40311.2,0,904
2025-04-16 12:45:00,40354.3,40368.4,40277.2,40280.2,0,835
2025-04-16 12:30:00,40372.2,40397.2,40339.4,40352.3,0,917
2025-04-16 12:15:00,40315.2,40413.9,40305.4,40371.2,0,1160
2025-04-16 12:00:00,40297.2,40331.2,40270.4,40319.2,0,1309
2025-04-16 11:45:00,40460.4,40460.4,40277.4,40295.2,0,1576
2025-04-16 11:30:00,40273.2,40528.2,40273.2,40459.4,0,1876
2025-04-16 11:15:00,40040.3,40409.4,40031.2,40270.2,0,1210
2025-04-16 11:00:00,40029.2,40076.4,40020.2,40041.3,0,1067
2025-04-16 10:45:00,40098.2,40101.2,40006.4,40031.2,0,670
2025-04-16 10:30:00,40091.4,40116.3,40076.4,40099.2,0,731
2025-04-16 10:15:00,40162.4,40162.4,40086.4,40089.4,0,866
2025-04-16 10:00:00,40133.4,40190.2,40132.4,40157.4,0,1058
2025-04-16 09:45:00,40151.1,40171.3,40126.1,40128.1,0,565
2025-04-16 09:30:00,40137.1,40188.5,40135.1,40149.1,0,651
2025-04-16 09:15:00,40135.1,40160.5,40127.1,40140.1,0,618
2025-04-16 09:00:00,40067.1,40136.5,40054.1,40133.1,0,821
2025-04-16 08:45:00,40092.5,40102.3,40058.1,40063.1,0,787
2025-04-16 08:30:00,40040.5,40099.5,40018.5,40094.5,0,922
2025-04-16 08:15:00,40191.3,40198.1,40018.5,40042.5,0,910
2025-04-16 08:00:00,40229.3,40233.3,40182.1,40192.3,0,791
2025-04-16 07:45:00,40250.7,40250.7,40219.7,40228.7,0,246
2025-04-16 07:30:00,40250.7,40256.8,40247.7,40251.7,0,192
2025-04-16 07:15:00,40244.8,40250.7,40235.7,40249.7,0,221
2025-04-16 07:00:00,40250.7,40252.7,40234.7,40244.8,0,220
2025-04-16 06:45:00,40253.7,40258.7,40245.7,40249.7,0,259
2025-04-16 06:30:00,40251.4,40267.7,40250.7,40251.7,0,352
2025-04-16 06:15:00,40280.0,40281.7,40247.4,40249.4,0,267
2025-04-16 06:00:00,40264.7,40282.7,40260.7,40281.0,0,268
2025-04-16 05:45:00,40253.7,40262.7,40244.4,40262.7,0,302
2025-04-16 05:30:00,40265.7,40269.7,40246.7,40252.7,0,333
2025-04-16 05:15:00,40275.7,40282.7,40248.0,40268.7,0,449
2025-04-16 05:00:00,40272.7,40292.7,40266.7,40278.7,0,451
2025-04-16 04:45:00,40276.7,40278.7,40263.4,40271.7,0,335
2025-04-16 04:30:00,40276.7,40300.4,40270.4,40277.7,0,391
2025-04-16 04:15:00,40253.7,40281.0,40253.7,40277.7,0,384
2025-04-16 04:00:00,40220.7,40259.7,40220.7,40252.7,0,514
2025-04-16 03:45:00,40191.7,40239.4,40191.0,40219.7,0,507
2025-04-16 03:30:00,40209.7,40209.7,40145.4,40190.7,0,696
2025-04-16 03:15:00,40197.4,40215.0,40193.4,40208.7,0,534
2025-04-16 03:00:00,40236.7,40256.0,40192.4,40195.4,0,813
2025-04-16 02:45:00,40236.7,40247.7,40213.7,40239.7,0,492
2025-04-16 02:30:00,40231.7,40243.7,40193.4,40238.7,0,275
2025-04-16 02:15:00,40223.0,40233.7,40208.7,40230.7,0,278
2025-04-16 02:00:00,40249.7,40258.7,40200.7,40221.0,0,322
2025-04-16 01:45:00,40239.7,40253.7,40221.0,40250.7,0,248
2025-04-16 01:30:00,40255.7,40262.0,40222.4,40238.7,0,283
2025-04-16 01:15:00,40223.7,40268.4,40194.7,40258.7,0,407
2025-04-16 01:00:00,40178.2,40265.0,40178.2,40222.7,0,640
2025-04-15 23:45:00,40359.2,40361.2,40341.2,40351.2,0,262
2025-04-15 23:30:00,40341.2,40367.2,40334.2,40358.2,0,438
2025-04-15 23:15:00,40372.2,40391.2,40334.2,40347.2,0,347
2025-04-15 23:00:00,40389.2,40412.2,40359.2,40374.2,0,720
2025-04-15 22:45:00,40432.4,40467.4,40361.2,40381.2,0,1698
2025-04-15 22:30:00,40445.8,40466.8,40410.4,40435.4,0,1490
2025-04-15 22:15:00,40481.4,40509.4,40398.4,40446.8,0,1351
2025-04-15 22:00:00,40476.8,40495.4,40419.8,40482.4,0,1350
2025-04-15 21:45:00,40490.8,40527.4,40440.8,40475.8,0,1320
2025-04-15 21:30:00,40411.8,40497.4,40409.8,40494.4,0,1450
2025-04-15 21:15:00,40415.8,40464.4,40382.4,40413.8,0,1569
2025-04-15 21:00:00,40473.8,40514.4,40404.8,40411.8,0,1717
2025-04-15 20:45:00,40521.8,40536.4,40418.8,40475.8,0,1606
2025-04-15 20:30:00,40458.4,40553.0,40440.8,40519.8,0,1626
2025-04-15 20:15:00,40564.4,40568.4,40435.4,40460.4,0,1584
2025-04-15 20:00:00,40533.8,40601.4,40499.8,40563.4,0,1513
2025-04-15 19:45:00,40614.4,40654.4,40502.8,40539.4,0,1439
2025-04-15 19:30:00,40644.4,40681.4,40558.8,40613.4,0,1314
2025-04-15 19:15:00,40625.4,40704.4,40586.8,40645.4,0,1471
2025-04-15 19:00:00,40651.8,40695.4,40593.8,40623.4,0,1486
2025-04-15 18:45:00,40605.8,40664.4,40542.8,40650.8,0,1395
2025-04-15 18:30:00,40588.8,40693.4,40568.8,40608.8,0,1817
2025-04-15 18:15:00,40682.4,40714.3,40580.8,40583.8,0,1809
2025-04-15 18:00:00,40639.4,40708.4,40608.8,40678.8,0,1915
2025-04-15 17:45:00,40697.4,40714.3,40512.8,40637.4,0,2230
2025-04-15 17:30:00,40589.4,40706.4,40556.8,40694.8,0,2142
2025-04-15 17:15:00,40709.4,40767.3,40501.8,40584.4,0,2540
2025-04-15 17:00:00,40682.8,40818.3,40666.8,40705.4,0,2119
2025-04-15 16:45:00,40715.7,40784.3,40679.8,40686.8,0,2089
2025-04-15 16:30:00,40591.2,40748.3,40483.2,40713.7,0,2524
2025-04-15 16:15:00,40505.4,40587.2,40492.4,40587.2,0,1052
2025-04-15 16:00:00,40461.4,40529.2,40461.4,40506.9,0,1045
2025-04-15 15:45:00,40461.2,40473.2,40417.4,40459.4,0,977
2025-04-15 15:30:00,40387.2,40467.2,40386.2,40463.2,0,974
2025-04-15 15:15:00,40426.4,40427.2,40349.2,40385.2,0,1252
2025-04-15 15:00:00,40425.4,40462.9,40411.2,40425.9,0,1117
2025-04-15 14:45:00,40495.2,40499.2,40388.4,40422.4,0,1200
2025-04-15 14:30:00,40585.2,40612.4,40492.4,40496.2,0,897
2025-04-15 14:15:00,40550.4,40600.7,40549.4,40583.2,0,682
2025-04-15 14:00:00,40582.2,40600.2,40549.2,40549.4,0,832
2025-04-15 13:45:00,40546.4,40582.2,40503.4,40580.2,0,724
2025-04-15 13:30:00,40602.3,40614.4,40545.4,40545.4,0,717
2025-04-15 13:15:00,40600.3,40624.2,40577.9,40601.3,0,636
2025-04-15 13:00:00,40548.3,40606.2,40526.4,40599.3,0,643
2025-04-15 12:45:00,40522.4,40552.2,40515.4,40549.8,0,702
2025-04-15 12:30:00,40629.4,40639.4,40520.9,40521.4,0,750
2025-04-15 12:15:00,40553.2,40636.2,40537.4,40630.4,0,817
2025-04-15 12:00:00,40595.2,40601.2,40550.4,40552.2,0,784
2025-04-15 11:45:00,40596.4,40606.2,40565.4,40601.2,0,832
2025-04-15 11:30:00,40596.2,40628.2,40542.2,40595.4,0,1083
2025-04-15 11:15:00,40640.2,40653.2,40588.4,40597.2,0,953
2025-04-15 11:00:00,40665.4,40684.4,40545.4,40639.2,0,1363
2025-04-15 10:45:00,40686.4,40686.4,40640.4,40670.4,0,777
2025-04-15 10:30:00,40632.2,40691.2,40622.4,40684.4,0,850
2025-04-15 10:15:00,40599.3,40673.2,40599.3,40631.2,0,1006
2025-04-15 10:00:00,40534.1,40646.4,40527.4,40603.3,0,1049
2025-04-15 09:45:00,40550.3,40556.3,40529.1,40532.1,0,399
2025-04-15 09:30:00,40528.3,40562.3,40519.3,40551.3,0,452
2025-04-15 09:15:00,40516.3,40542.4,40504.3,40527.3,0,556
2025-04-15 09:00:00,40503.1,40523.4,40474.1,40517.3,0,571
2025-04-15 08:45:00,40503.3,40514.3,40493.1,40502.1,0,409
2025-04-15 08:30:00,40506.3,40522.3,40481.4,40501.3,0,512
2025-04-15 08:15:00,40522.3,40534.1,40496.4,40503.3,0,377
2025-04-15 08:00:00,40525.3,40537.3,40507.3,40523.3,0,476
2025-04-15 07:45:00,40525.7,40532.7,40503.7,40523.7,0,378
2025-04-15 07:30:00,40527.7,40548.0,40510.7,40524.7,0,415
2025-04-15 07:15:00,40534.7,40544.8,40527.7,40528.7,0,215
2025-04-15 07:00:00,40534.7,40541.7,40527.7,40533.7,0,243
2025-04-15 06:45:00,40531.7,40548.7,40527.7,40533.7,0,245
2025-04-15 06:30:00,40512.7,40536.7,40512.7,40532.7,0,222
2025-04-15 06:15:00,40477.7,40514.7,40477.7,40513.7,0,245
2025-04-15 06:00:00,40480.7,40491.7,40467.4,40476.7,0,409
2025-04-15 05:45:00,40478.4,40498.7,40474.7,40479.7,0,387
2025-04-15 05:30:00,40484.0,40496.7,40475.4,40477.4,0,375
2025-04-15 05:15:00,40528.7,40535.7,40481.7,40485.0,0,491
2025-04-15 05:00:00,40501.7,40536.7,40491.7,40529.7,0,501
2025-04-15 04:45:00,40509.7,40513.0,40493.4,40500.7,0,447
2025-04-15 04:30:00,40528.0,40537.7,40496.7,40510.7,0,496
2025-04-15 04:15:00,40529.7,40546.0,40517.7,40529.0,0,450
2025-04-15 04:00:00,40494.7,40528.7,40493.7,40527.7,0,518
2025-04-15 03:45:00,40473.7,40509.7,40472.7,40498.7,0,457
2025-04-15 03:30:00,40508.7,40520.7,40472.7,40472.7,0,491
2025-04-15 03:15:00,40474.7,40517.7,40461.4,40511.7,0,592
2025-04-15 03:00:00,40439.7,40484.7,40439.7,40473.7,0,720
2025-04-15 02:45:00,40410.7,40444.7,40399.4,40440.7,0,289
2025-04-15 02:30:00,40449.7,40472.0,40405.4,40409.7,0,244
2025-04-15 02:15:00,40426.7,40457.7,40419.7,40448.7,0,175
2025-04-15 02:00:00,40400.7,40433.9,40392.0,40425.7,0,205
2025-04-15 01:45:00,40415.4,40416.8,40374.7,40398.7,0,302
2025-04-15 01:30:00,40388.4,40440.0,40385.4,40414.7,0,248
2025-04-15 01:15:00,40445.7,40461.7,40388.4,40389.4,0,267
2025-04-15 01:00:00,40479.2,40499.2,40422.7,40441.7,0,396
2025-04-14 23:45:00,40456.2,40502.2,40445.2,40490.2,0,560
2025-04-14 23:30:00,40404.2,40488.2,40402.2,40455.2,0,826
2025-04-14 23:15:00,40527.2,40536.2,40333.2,40401.2,0,1184
2025-04-14 23:00:00,40566.2,40586.2,40497.2,40528.2,0,1139
2025-04-14 22:45:00,40727.7,40743.3,40512.2,40557.2,0,2089
2025-04-14 22:30:00,40694.4,40754.7,40653.8,40726.7,0,1803
2025-04-14 22:15:00,40758.7,40760.7,40672.8,40698.4,0,1803
2025-04-14 22:00:00,40662.8,40780.7,40655.8,40759.7,0,1390
2025-04-14 21:45:00,40683.8,40691.8,40633.8,40661.8,0,1565
2025-04-14 21:30:00,40632.8,40695.4,40612.8,40685.8,0,1403
2025-04-14 21:15:00,40544.8,40646.4,40526.8,40631.8,0,1507
2025-04-14 21:00:00,40533.8,40581.4,40507.8,40550.4,0,1725
2025-04-14 20:45:00,40416.8,40582.4,40385.8,40534.8,0,1884
2025-04-14 20:30:00,40436.4,40500.4,40388.8,40419.4,0,2049
2025-04-14 20:15:00,40384.8,40498.4,40330.8,40444.4,0,1817
2025-04-14 20:00:00,40290.4,40533.4,40271.4,40382.8,0,2315
2025-04-14 19:45:00,40397.4,40430.4,40269.8,40284.4,0,1959
2025-04-14 19:30:00,40293.8,40425.4,40271.8,40398.4,0,2060
2025-04-14 19:15:00,40270.4,40430.4,40252.8,40296.8,0,2331
2025-04-14 19:00:00,40284.8,40357.4,40166.8,40269.4,0,2209
2025-04-14 18:45:00,40442.8,40446.8,40262.8,40283.8,0,2143
2025-04-14 18:30:00,40463.4,40553.8,40352.8,40443.8,0,2090
2025-04-14 18:15:00,40594.8,40628.4,40446.8,40457.4,0,1839
2025-04-14 18:00:00,40688.8,40739.3,40572.8,40593.8,0,2053
2025-04-14 17:45:00,40666.4,40801.3,40649.8,40689.8,0,1926
2025-04-14 17:30:00,40651.4,40713.3,40613.8,40662.8,0,1999
2025-04-14 17:15:00,40610.4,40668.4,40491.8,40650.4,0,2368
2025-04-14 17:00:00,40575.8,40740.7,40522.8,40608.4,0,2584
2025-04-14 16:45:00,40592.8,40645.4,40466.8,40566.8,0,2638
2025-04-14 16:30:00,40770.1,40779.1,40500.8,40595.4,0,2883
2025-04-14 16:15:00,40684.3,40785.1,40681.4,40761.1,0,805
2025-04-14 16:00:00,40683.2,40701.2,40660.4,40685.3,0,1132
2025-04-14 15:45:00,40642.4,40692.2,40622.9,40684.2,0,902
2025-04-14 15:30:00,40591.2,40676.2,40569.4,40641.4,0,917
2025-04-14 15:15:00,40556.2,40610.4,40548.3,40590.2,0,742
2025-04-14 15:00:00,40492.2,40571.4,40475.4,40555.2,0,1060
2025-04-14 14:45:00,40606.2,40617.2,40481.4,40493.2,0,500
2025-04-14 14:30:00,40666.4,40675.4,40594.4,40604.2,0,563
2025-04-14 14:15:00,40649.4,40756.1,40623.2,40667.4,0,870
2025-04-14 14:00:00,40608.2,40663.2,40586.4,40648.4,0,810
2025-04-14 13:45:00,40579.4,40607.4,40563.2,40606.2,0,405
2025-04-14 13:30:00,40546.3,40592.2,40544.4,40578.4,0,395
2025-04-14 13:15:00,40555.2,40559.4,40510.4,40543.3,0,403
2025-04-14 13:00:00,40552.2,40595.2,40536.4,40559.2,0,351
2025-04-14 12:45:00,40518.2,40554.2,40488.4,40551.2,0,346
2025-04-14 12:30:00,40547.4,40571.2,40508.9,40517.2,0,446
2025-04-14 12:15:00,40626.2,40634.2,40542.4,40545.4,0,493
2025-04-14 12:00:00,40622.9,40673.2,40620.3,40627.2,0,377
2025-04-14 11:45:00,40609.4,40634.2,40598.2,40623.3,0,351
2025-04-14 11:30:00,40613.2,40644.2,40594.2,40610.4,0,371
2025-04-14 11:15:00,40554.4,40620.2,40554.4,40614.2,0,468
2025-04-14 11:00:00,40555.3,40592.4,40525.4,40553.4,0,538
2025-04-14 10:45:00,40568.2,40578.2,40547.4,40556.3,0,297
2025-04-14 10:30:00,40488.3,40567.7,40453.4,40564.2,0,428
2025-04-14 10:15:00,40436.4,40499.2,40434.4,40491.3,0,348
2025-04-14 10:00:00,40519.2,40535.2,40423.4,40434.4,0,502
2025-04-14 09:45:00,40525.4,40533.4,40508.1,40519.4,0,334
2025-04-14 09:30:00,40447.4,40586.4,40444.4,40526.4,0,464
2025-04-14 09:15:00,40456.1,40456.1,40416.5,40439.4,0,284
2025-04-14 09:00:00,40412.3,40481.4,40383.1,40453.3,0,441
2025-04-14 08:45:00,40420.3,40443.4,40402.1,40411.3,0,302
2025-04-14 08:30:00,40437.1,40452.4,40412.3,40419.3,0,473
2025-04-14 08:15:00,40454.3,40460.3,40415.5,40440.1,0,506
2025-04-14 08:00:00,40440.1,40468.1,40424.3,40455.3,0,442
2025-04-14 07:45:00,40371.0,40447.0,40360.7,40440.4,0,446
2025-04-14 07:30:00,40360.7,40372.0,40348.7,40370.0,0,300
2025-04-14 07:15:00,40337.7,40367.0,40337.7,40361.7,0,378
2025-04-14 07:00:00,40322.7,40356.7,40311.7,40332.7,0,345
2025-04-14 06:45:00,40316.7,40340.4,40304.4,40321.7,0,338
2025-04-14 06:30:00,40311.7,40323.7,40281.9,40317.7,0,344
2025-04-14 06:15:00,40247.2,40343.3,40244.2,40312.2,0,646
2025-04-14 06:00:00,40378.7,40385.7,39851.0,40247.2,0,952
2025-04-14 05:45:00,40380.0,40398.0,40371.7,40383.7,0,398
2025-04-14 05:30:00,40349.7,40379.7,40341.7,40379.0,0,525
2025-04-14 05:15:00,40334.0,40361.7,40329.7,40350.7,0,532
2025-04-14 05:00:00,40317.0,40340.0,40307.0,40336.0,0,590
2025-04-14 04:45:00,40261.7,40316.0,40242.7,40315.0,0,746
2025-04-14 04:30:00,40334.7,40346.7,40248.4,40259.7,0,832
2025-04-14 04:15:00,40346.7,40350.7,40277.4,40333.7,0,843
2025-04-14 04:00:00,40322.7,40364.0,40302.7,40345.7,0,696
2025-04-14 03:45:00,40353.4,40354.4,40301.0,40321.7,0,741
2025-04-14 03:30:00,40347.7,40382.7,40335.7,40351.4,0,712
2025-04-14 03:15:00,40415.7,40416.7,40328.7,40346.7,0,877
2025-04-14 03:00:00,40382.4,40433.7,40356.4,40412.7,0,881
2025-04-14 02:45:00,40402.8,40414.8,40366.5,40382.2,0,592
2025-04-14 02:30:00,40436.2,40447.2,40368.8,40401.8,0,771
2025-04-14 02:15:00,40364.5,40466.2,40364.5,40435.2,0,875
2025-04-14 02:00:00,40299.5,40387.8,40267.2,40363.5,0,826
2025-04-14 01:45:00,40351.8,40373.2,40292.2,40293.5,0,790
2025-04-14 01:30:00,40286.8,40385.5,40267.8,40349.8,0,759
2025-04-14 01:15:00,40407.2,40427.8,40270.2,40289.8,0,842
2025-04-14 01:00:00,40590.0,40599.5,40393.2,40406.5,0,1072
2025-04-11 23:45:00,40260.6,40269.4,40242.8,40242.8,0,226
2025-04-11 23:30:00,40263.6,40269.8,40240.8,40262.6,0,387
2025-04-11 23:15:00,40244.8,40276.4,40211.4,40262.6,0,620
2025-04-11 23:00:00,40192.8,40262.4,40175.8,40242.8,0,1082
2025-04-11 22:45:00,40283.8,40323.8,40184.8,40193.8,0,2207
2025-04-11 22:30:00,40267.4,40305.4,40194.4,40284.8,0,2133
2025-04-11 22:15:00,40282.4,40333.4,40180.4,40270.4,0,2047
2025-04-11 22:00:00,40088.8,40297.8,40079.8,40283.4,0,2113
2025-04-11 21:45:00,40195.4,40247.4,40076.8,40086.8,0,2070
2025-04-11 21:30:00,40177.4,40234.4,40101.8,40193.4,0,2098
2025-04-11 21:15:00,40193.4,40226.8,40058.4,40175.4,0,2284
2025-04-11 21:00:00,40276.4,40298.4,40140.8,40195.4,0,2332
2025-04-11 20:45:00,40327.8,40409.8,40193.8,40278.4,0,2526
2025-04-11 20:30:00,39920.4,40380.8,39856.8,40325.8,0,2423
2025-04-11 20:15:00,40019.4,40065.4,39890.4,39917.4,0,2242
2025-04-11 20:00:00,40036.4,40131.4,39963.8,40021.4,0,2269
2025-04-11 19:45:00,40054.4,40105.4,39988.4,40035.4,0,2203
2025-04-11 19:30:00,39749.8,40078.4,39745.8,40057.4,0,2231
2025-04-11 19:15:00,39757.4,39810.8,39668.8,39745.8,0,2034
2025-04-11 19:00:00,39694.4,39799.8,39624.8,39760.4,0,2204
2025-04-11 18:45:00,39572.4,39699.8,39531.8,39693.4,0,2197
2025-04-11 18:30:00,39396.4,39621.8,39346.8,39577.4,0,2422
2025-04-11 18:15:00,39339.4,39433.4,39262.2,39398.4,0,2489
2025-04-11 18:00:00,39438.4,39745.4,39323.4,39336.4,0,2735
2025-04-11 17:45:00,39576.4,39687.8,39422.4,39440.4,0,2606
2025-04-11 17:30:00,39301.8,39593.4,39260.9,39584.4,0,2843
2025-04-11 17:15:00,39657.4,39746.4,39265.9,39291.8,0,2878
2025-04-11 17:00:00,39617.2,39822.4,39489.8,39663.4,0,2929
2025-04-11 16:45:00,39609.4,39832.4,39586.4,39665.8,0,2682
2025-04-11 16:30:00,39438.4,39634.4,39264.3,39604.4,0,2961
2025-04-11 16:15:00,39403.4,39535.2,39365.2,39430.4,0,1356
2025-04-11 16:00:00,39651.2,39697.2,39346.4,39402.4,0,1344
2025-04-11 15:45:00,39785.2,39802.2,39633.4,39652.2,0,1100
2025-04-11 15:30:00,39724.0,39886.2,39716.4,39784.2,0,1339
2025-04-11 15:15:00,39712.4,39752.2,39667.4,39725.0,0,1142
2025-04-11 15:00:00,39701.2,39754.4,39661.3,39713.4,0,1313
2025-04-11 14:45:00,39640.4,39763.2,39542.4,39699.2,0,1170
2025-04-11 14:30:00,39670.4,39702.2,39587.4,39643.4,0,1102
2025-04-11 14:15:00,39787.2,39799.2,39636.2,39671.4,0,1212
2025-04-11 14:00:00,39851.2,39891.4,39778.2,39789.2,0,1164
2025-04-11 13:45:00,39815.4,39907.2,39757.4,39848.2,0,1287
2025-04-11 13:30:00,39866.4,39930.2,39805.4,39812.4,0,1165
2025-04-11 13:15:00,39792.4,39908.2,39758.4,39865.4,0,1236
2025-04-11 13:00:00,39804.4,39836.4,39727.4,39790.4,0,1443
2025-04-11 12:45:00,39630.2,39808.4,39565.4,39803.4,0,1382
2025-04-11 12:30:00,39484.2,39629.2,39445.2,39629.2,0,1242
2025-04-11 12:15:00,39436.4,39521.4,39416.9,39476.2,0,1227
2025-04-11 12:00:00,39358.4,39441.2,39325.4,39437.4,0,1396
2025-04-11 11:45:00,39327.2,39383.2,39288.4,39361.4,0,1430
2025-04-11 11:30:00,39493.4,39526.2,39267.3,39324.2,0,1545
2025-04-11 11:15:00,39624.2,39651.2,39437.2,39486.4,0,1610
2025-04-11 11:00:00,39616.4,39687.2,39420.2,39626.2,0,2065
2025-04-11 10:45:00,39749.4,39762.2,39591.9,39616.2,0,1421
2025-04-11 10:30:00,39640.2,39835.4,39639.2,39750.4,0,1354
2025-04-11 10:15:00,39764.2,39783.2,39634.2,39639.2,0,1358
2025-04-11 10:00:00,39843.2,39877.2,39676.4,39766.2,0,1640
2025-04-11 09:45:00,39904.1,39956.5,39821.1,39842.5,0,1074
2025-04-11 09:30:00,39958.3,39976.3,39843.1,39903.1,0,1130
2025-04-11 09:15:00,39969.5,40022.1,39930.5,39967.3,0,1176
2025-04-11 09:00:00,39927.1,40060.5,39927.1,39971.5,0,1483
2025-04-11 08:45:00,39797.1,39946.5,39734.1,39921.1,0,1102
2025-04-11 08:30:00,39740.5,39818.5,39740.5,39796.1,0,905
2025-04-11 08:15:00,39656.1,39754.5,39630.5,39739.5,0,759
2025-04-11 08:00:00,39625.3,39656.1,39544.5,39654.1,0,946
2025-04-11 07:45:00,39646.4,39649.7,39563.4,39624.7,0,688
2025-04-11 07:30:00,39595.4,39658.7,39595.4,39648.4,0,454
2025-04-11 07:15:00,39625.4,39680.4,39589.4,39598.4,0,633
2025-04-11 07:00:00,39547.7,39650.4,39547.7,39626.4,0,737
2025-04-11 06:45:00,39565.0,39608.0,39509.0,39543.7,0,755
2025-04-11 06:30:00,39578.7,39604.4,39504.7,39571.0,0,842
2025-04-11 06:15:00,39428.7,39642.4,39409.4,39577.7,0,915
2025-04-11 06:00:00,39350.4,39440.0,39350.4,39430.1,0,895
2025-04-11 05:45:00,39373.7,39424.1,39334.8,39348.4,0,857
2025-04-11 05:30:00,39399.6,39457.0,39359.6,39374.1,0,921
2025-04-11 05:15:00,39271.8,39455.9,39204.9,39398.1,0,1130
2025-04-11 05:00:00,39354.6,39365.3,39226.1,39269.8,0,1042
2025-04-11 04:45:00,39272.4,39378.6,39243.4,39358.6,0,1096
2025-04-11 04:30:00,39237.2,39293.3,39146.8,39274.4,0,1232
2025-04-11 04:15:00,39266.1,39316.6,39205.5,39236.7,0,1341
2025-04-11 04:00:00,39110.8,39275.6,39071.8,39265.6,0,1224
2025-04-11 03:45:00,39084.1,39161.8,39018.1,39113.8,0,1329
2025-04-11 03:30:00,39151.1,39284.0,39045.1,39088.1,0,1263
2025-04-11 03:15:00,39302.7,39305.7,39155.1,39156.1,0,1264
2025-04-11 03:00:00,39431.4,39453.4,39226.8,39303.7,0,1210
2025-04-11 02:45:00,39524.0,39532.7,39363.7,39434.4,0,704
2025-04-11 02:30:00,39513.3,39556.0,39475.7,39525.0,0,499
2025-04-11 02:15:00,39562.4,39570.4,39440.0,39517.3,0,631
2025-04-11 02:00:00,39659.0,39685.6,39546.6,39562.0,0,1016
2025-04-11 01:45:00,39747.6,39778.6,39655.4,39657.0,0,718
2025-04-11 01:30:00,39651.0,39761.6,39651.0,39749.0,0,571
2025-04-11 01:15:00,39674.7,39694.7,39634.7,39652.0,0,379
2025-04-11 01:00:00,39620.2,39702.0,39557.2,39676.7,0,568
2025-04-10 23:45:00,39535.2,39595.2,39524.2,39592.2,0,600
2025-04-10 23:30:00,39574.2,39597.2,39506.2,39534.2,0,701
2025-04-10 23:15:00,39708.2,39708.2,39570.2,39577.2,0,944
2025-04-10 23:00:00,39594.1,39729.2,39513.6,39709.2,0,1964
2025-04-10 22:45:00,39150.5,39690.9,39115.9,39586.9,0,3012
2025-04-10 22:30:00,39395.4,39597.8,39106.9,39153.5,0,2881
2025-04-10 22:15:00,39582.4,39809.8,39381.8,39387.4,0,2804
2025-04-10 22:00:00,39617.4,39833.4,39471.2,39586.4,0,2652
2025-04-10 21:45:00,39823.8,39830.8,39425.8,39611.4,0,2758
2025-04-10 21:30:00,39752.7,39832.2,39556.7,39830.8,0,2687
2025-04-10 21:15:00,39253.5,39777.8,39219.5,39747.2,0,2788
2025-04-10 21:00:00,39444.2,39685.8,39217.9,39252.5,0,2784
2025-04-10 20:45:00,39351.8,39532.8,39235.8,39447.7,0,2806
2025-04-10 20:30:00,39077.9,39381.4,39017.9,39353.8,0,2696
2025-04-10 20:15:00,38745.5,39100.9,38639.5,39079.9,0,2661
2025-04-10 20:00:00,39089.5,39431.8,38668.5,38753.5,0,2726
2025-04-10 19:45:00,38958.5,39146.5,38792.9,39096.5,0,2665
2025-04-10 19:30:00,38562.9,39013.5,38546.9,38966.5,0,2965
2025-04-10 19:15:00,38864.5,38874.5,38432.5,38567.9,0,2834
2025-04-10 19:00:00,39054.9,39158.9,38835.9,38870.5,0,2771
2025-04-10 18:45:00,39239.9,39323.4,39014.9,39056.9,0,2491
2025-04-10 18:30:00,39396.8,39427.8,39232.9,39245.9,0,2409
2025-04-10 18:15:00,39547.8,39569.4,39394.8,39394.8,0,2192
2025-04-10 18:00:00,39531.4,39689.4,39503.8,39549.8,0,2326
2025-04-10 17:45:00,39767.8,39788.4,39517.8,39533.4,0,2428
2025-04-10 17:30:00,39639.8,39896.4,39639.8,39770.8,0,2488
2025-04-10 17:15:00,39641.8,39825.4,39601.8,39640.8,0,2629
2025-04-10 17:00:00,39749.4,39828.4,39557.4,39642.8,0,2699
2025-04-10 16:45:00,39775.4,39945.4,39726.8,39753.4,0,2839
2025-04-10 16:30:00,39951.4,40023.2,39651.8,39767.8,0,2966
2025-04-10 16:15:00,40009.2,40140.2,39946.4,39959.4,0,1027
2025-04-10 16:00:00,40028.4,40167.2,39987.4,40008.2,0,1490
2025-04-10 15:45:00,39986.4,40051.2,39895.4,40029.4,0,1575
2025-04-10 15:30:00,40037.3,40279.4,39922.4,39985.4,0,1949
2025-04-10 15:15:00,40073.2,40138.4,39975.4,40034.3,0,1478
2025-04-10 15:00:00,40147.4,40160.2,40016.4,40077.2,0,1446
2025-04-10 14:45:00,40129.2,40162.2,40101.4,40151.4,0,1024
2025-04-10 14:30:00,40053.4,40194.2,40018.2,40130.2,0,1157
2025-04-10 14:15:00,40058.2,40122.2,40039.4,40051.4,0,1117
2025-04-10 14:00:00,40083.4,40175.2,40032.4,40061.2,0,1195
2025-04-10 13:45:00,40219.2,40222.2,40086.2,40086.2,0,1106
2025-04-10 13:30:00,40172.4,40288.2,40153.4,40220.2,0,1335
2025-04-10 13:15:00,40159.4,40263.2,40133.2,40173.4,0,1214
2025-04-10 13:00:00,39995.2,40195.4,39977.2,40161.4,0,1211
2025-04-10 12:45:00,39955.2,40083.4,39926.4,39987.2,0,1165
2025-04-10 12:30:00,39948.4,40101.2,39932.4,39956.2,0,1290
2025-04-10 12:15:00,39986.4,40069.2,39935.4,39946.4,0,1286
2025-04-10 12:00:00,39967.2,40004.2,39868.4,39987.4,0,1449
2025-04-10 11:45:00,40046.2,40119.4,39924.4,39968.2,0,1417
2025-04-10 11:30:00,40070.4,40074.4,39892.2,40043.2,0,1566
2025-04-10 11:15:00,40109.3,40129.2,39995.2,40067.4,0,1409
2025-04-10 11:00:00,40120.2,40205.2,40065.4,40110.3,0,1680
2025-04-10 10:45:00,40112.4,40294.2,40100.2,40108.2,0,1595
2025-04-10 10:30:00,40414.2,40425.2,40049.2,40114.4,0,1933
2025-04-10 10:15:00,40577.4,40577.4,40409.2,40415.2,0,1490
2025-04-10 10:00:00,40568.4,40703.7,40531.4,40578.4,0,1748
2025-04-10 09:45:00,40537.1,40613.1,40466.1,40567.4,0,1106
2025-04-10 09:30:00,40560.3,40604.4,40518.4,40536.1,0,1120
2025-04-10 09:15:00,40541.3,40592.4,40496.4,40555.3,0,1199
2025-04-10 09:00:00,40584.3,40646.4,40536.1,40540.3,0,1171
2025-04-10 08:45:00,40458.4,40598.1,40451.4,40583.3,0,871
2025-04-10 08:30:00,40501.1,40515.1,40454.1,40460.4,0,759
2025-04-10 08:15:00,40444.3,40516.4,40427.1,40498.1,0,760
2025-04-10 08:00:00,40489.4,40509.4,40439.1,40443.3,0,825
2025-04-10 07:45:00,40505.0,40542.7,40484.7,40488.0,0,638
2025-04-10 07:30:00,40511.4,40521.7,40494.7,40503.0,0,734
2025-04-10 07:15:00,40495.7,40544.7,40495.7,40509.4,0,717
2025-04-10 07:00:00,40585.7,40595.7,40466.4,40496.7,0,838
2025-04-10 06:45:00,40521.7,40601.7,40518.0,40588.7,0,708
2025-04-10 06:30:00,40490.7,40538.0,40482.0,40518.7,0,919
2025-04-10 06:15:00,40587.4,40594.7,40480.0,40491.7,0,900
2025-04-10 06:00:00,40579.4,40614.4,40540.4,40590.4,0,845
2025-04-10 05:45:00,40588.7,40612.0,40569.4,40580.4,0,657
2025-04-10 05:30:00,40615.4,40646.0,40583.7,40587.7,0,760
2025-04-10 05:15:00,40638.7,40670.0,40602.4,40614.4,0,740
2025-04-10 05:00:00,40653.7,40659.7,40594.0,40639.7,0,949
2025-04-10 04:45:00,40619.7,40677.7,40604.7,40652.7,0,813
2025-04-10 04:30:00,40580.4,40637.0,40578.4,40620.7,0,1210
2025-04-10 04:15:00,40673.4,40690.0,40576.4,40578.4,0,1315
2025-04-10 04:00:00,40798.9,40850.9,40666.4,40672.4,0,1251
2025-04-10 03:45:00,40725.9,40808.9,40706.4,40801.9,0,1154
2025-04-10 03:30:00,40797.3,40800.3,40684.4,40724.9,0,1193
2025-04-10 03:15:00,40857.6,40889.6,40779.6,40794.3,0,1164
2025-04-10 03:00:00,40890.6,40918.6,40827.9,40858.6,0,775
2025-04-10 02:45:00,40896.6,40918.3,40857.3,40893.6,0,457
2025-04-10 02:30:00,40870.6,40902.6,40869.3,40894.6,0,273
2025-04-10 02:15:00,40851.6,40892.3,40847.3,40869.6,0,267
2025-04-10 02:00:00,40870.6,40932.3,40833.3,40853.6,0,624
2025-04-10 01:45:00,40888.3,40896.9,40838.3,40872.6,0,503
2025-04-10 01:30:00,40849.9,40891.3,40803.9,40889.3,0,471
2025-04-10 01:15:00,40808.3,40859.3,40785.3,40852.9,0,703
2025-04-10 01:00:00,40690.2,40815.3,40671.2,40811.3,0,779
2025-04-09 23:45:00,40755.1,40825.1,40735.1,40820.1,0,624
2025-04-09 23:30:00,40711.2,40764.1,40670.2,40756.1,0,906
2025-04-09 23:15:00,40568.2,40719.1,40568.2,40710.2,0,1196
2025-04-09 23:00:00,40611.2,40742.1,40557.2,40569.2,0,2086
2025-04-09 22:45:00,40481.4,40801.3,40395.8,40598.2,0,2654
2025-04-09 22:30:00,40426.8,40589.4,40321.4,40474.4,0,1720
2025-04-09 22:15:00,40300.8,40527.4,40195.8,40428.8,0,2320
2025-04-09 22:00:00,39861.4,40327.4,39790.8,40296.8,0,2547
2025-04-09 21:45:00,40002.8,40209.4,39839.4,39860.4,0,1900
2025-04-09 21:30:00,40374.4,40489.4,39962.8,39983.8,0,1999
2025-04-09 21:15:00,40138.8,40461.4,40047.8,40375.4,0,2234
2025-04-09 21:00:00,40168.3,40366.4,39915.8,40146.8,0,2853
2025-04-09 20:45:00,39589.8,40210.4,39574.8,40167.3,0,2751
2025-04-09 20:30:00,39535.8,40341.4,39466.8,39581.8,0,3566
2025-04-09 20:15:00,37974.5,40171.4,37637.0,39527.8,0,3689
2025-04-09 20:00:00,37954.5,38244.2,37884.5,37970.5,0,2452
2025-04-09 19:45:00,37845.6,38045.5,37805.0,37950.5,0,1784
2025-04-09 19:30:00,37806.0,37913.5,37766.0,37838.6,0,1606
2025-04-09 19:15:00,37813.0,37898.5,37793.0,37804.0,0,2076
2025-04-09 19:00:00,37583.6,37859.9,37483.0,37814.0,0,1825
2025-04-09 18:45:00,37517.0,37781.6,37515.0,37575.6,0,2095
2025-04-09 18:30:00,37749.0,37846.6,37490.0,37516.0,0,2251
2025-04-09 18:15:00,37576.6,37822.6,37576.6,37741.0,0,2239
2025-04-09 18:00:00,37340.0,37654.6,37333.0,37575.6,0,2479
2025-04-09 17:45:00,37607.6,37762.6,37329.0,37336.0,0,2480
2025-04-09 17:30:00,37734.0,37909.1,37589.0,37602.6,0,2324
2025-04-09 17:15:00,37622.6,37791.6,37543.0,37726.0,0,2437
2025-04-09 17:00:00,37803.6,38033.5,37583.0,37624.6,0,2777
2025-04-09 16:45:00,37616.0,37886.5,37466.0,37805.6,0,2648
2025-04-09 16:30:00,37215.6,37881.5,37215.6,37619.0,0,2951
2025-04-09 16:15:00,37244.4,37444.6,37206.4,37210.6,0,1672
2025-04-09 16:00:00,37084.4,37453.6,37082.4,37241.4,0,2054
2025-04-09 15:45:00,36942.6,37220.1,36904.6,37086.4,0,1583
2025-04-09 15:30:00,36770.6,36948.4,36731.6,36935.6,0,1321
2025-04-09 15:15:00,36964.4,36980.6,36746.6,36775.6,0,1196
2025-04-09 15:00:00,36929.6,36996.4,36824.4,36965.4,0,1463
2025-04-09 14:45:00,36823.4,37256.6,36788.6,36938.6,0,1722
2025-04-09 14:30:00,37106.6,37118.4,36736.6,36827.4,0,1581
2025-04-09 14:15:00,37088.6,37214.6,37037.6,37104.6,0,1732
2025-04-09 14:00:00,37378.6,37378.6,36889.6,37087.6,0,2376
2025-04-09 13:45:00,37354.4,37605.6,37322.6,37368.6,0,1362
2025-04-09 13:30:00,37297.6,37385.4,37204.6,37353.4,0,1378
2025-04-09 13:15:00,37456.6,37466.4,37225.4,37298.6,0,1233
2025-04-09 13:00:00,37468.6,37525.4,37356.4,37458.6,0,1271
2025-04-09 12:45:00,37527.6,37535.6,37409.6,37466.6,0,1120
2025-04-09 12:30:00,37628.4,37672.4,37503.4,37528.6,0,1021
2025-04-09 12:15:00,37653.6,37697.4,37563.6,37627.4,0,1086
2025-04-09 12:00:00,37646.6,37710.6,37549.6,37658.6,0,1269
2025-04-09 11:45:00,37528.4,37667.6,37481.6,37640.6,0,1281
2025-04-09 11:30:00,37415.6,37560.4,37271.4,37526.4,0,1487
2025-04-09 11:15:00,37465.4,37572.4,37415.6,37417.6,0,1393
2025-04-09 11:00:00,37728.4,37817.4,37406.6,37457.4,0,1680
2025-04-09 10:45:00,37823.6,37850.4,37668.6,37736.4,0,1568
2025-04-09 10:30:00,37633.4,37856.5,37551.6,37827.6,0,1525
2025-04-09 10:15:00,37733.4,37765.6,37491.4,37632.4,0,1830
2025-04-09 10:00:00,37190.4,37945.5,37157.6,37737.4,0,2280
2025-04-09 09:45:00,37163.3,37232.7,37084.3,37186.7,0,1209
2025-04-09 09:30:00,37013.7,37165.3,37011.7,37158.3,0,1176
2025-04-09 09:15:00,37268.3,37279.3,36996.7,37005.7,0,1138
2025-04-09 09:00:00,36949.7,37267.3,36942.7,37264.3,0,1365
2025-04-09 08:45:00,36789.7,36947.7,36750.7,36946.7,0,1003
2025-04-09 08:30:00,36911.7,36916.7,36697.4,36796.7,0,1190
2025-04-09 08:15:00,36890.7,36982.7,36854.3,36913.7,0,1103
2025-04-09 08:00:00,36891.7,36957.3,36813.7,36888.7,0,1317
2025-04-09 07:45:00,36885.6,37010.2,36876.6,36890.2,0,1043
2025-04-09 07:30:00,36819.9,36926.6,36786.2,36887.6,0,1270
2025-04-09 07:15:00,37025.2,37072.2,36820.9,36820.9,0,1144
2025-04-09 07:00:00,37039.2,37143.2,36934.6,37026.2,0,1381
2025-04-09 06:45:00,37075.2,37141.2,37001.6,37037.2,0,991
2025-04-09 06:30:00,37199.9,37251.2,37071.2,37074.2,0,1102
2025-04-09 06:15:00,37298.9,37323.9,37174.2,37197.9,0,1040
2025-04-09 06:00:00,37287.9,37345.2,37270.2,37297.9,0,1035
2025-04-09 05:45:00,37397.6,37423.2,37261.2,37285.9,0,847
2025-04-09 05:30:00,37407.9,37580.2,37387.6,37394.6,0,1138
2025-04-09 05:15:00,37416.6,37481.9,37358.6,37406.9,0,1159
2025-04-09 05:00:00,37419.6,37506.6,37360.6,37418.6,0,1356
2025-04-09 04:45:00,37216.9,37487.6,37214.9,37421.6,0,1426
2025-04-09 04:30:00,37077.9,37237.2,37056.2,37218.9,0,915
2025-04-09 04:15:00,37167.9,37277.2,36992.6,37075.9,0,1198
2025-04-09 04:00:00,37138.9,37195.6,37121.9,37168.9,0,1000
2025-04-09 03:45:00,37192.2,37201.2,37100.9,37139.9,0,1065
2025-04-09 03:30:00,37117.9,37205.2,37062.6,37189.2,0,1115
2025-04-09 03:15:00,37136.2,37173.2,37089.6,37112.9,0,1120
2025-04-09 03:00:00,37284.6,37296.6,37119.2,37137.2,0,1330
2025-04-09 02:45:00,37098.2,37288.2,37085.6,37288.2,0,1174
2025-04-09 02:30:00,37130.6,37187.6,37093.6,37099.2,0,815
2025-04-09 02:15:00,37249.2,37262.9,37103.2,37129.6,0,951
2025-04-09 02:00:00,37386.9,37386.9,37247.2,37247.2,0,761
2025-04-09 01:45:00,37336.2,37410.2,37322.2,37388.9,0,652
2025-04-09 01:30:00,37319.6,37372.2,37231.2,37331.2,0,885
2025-04-09 01:15:00,37389.6,37402.9,37213.2,37318.6,0,1256
2025-04-09 01:00:00,37540.4,37558.4,37322.4,37387.6,0,1205
2025-04-08 23:45:00,37515.9,37600.4,37515.9,37558.4,0,655
2025-04-08 23:30:00,37493.9,37554.9,37488.4,37519.4,0,664
2025-04-08 23:15:00,37602.4,37634.4,37461.4,37494.9,0,1154
2025-04-08 23:00:00,37658.4,37754.4,37576.4,37603.4,0,1493
2025-04-08 22:45:00,37203.6,37696.4,37104.6,37651.4,0,2559
2025-04-08 22:30:00,37718.0,37718.0,37195.0,37202.6,0,2530
2025-04-08 22:15:00,37648.6,37785.0,37511.0,37715.0,0,2526
2025-04-08 22:00:00,37951.5,37971.5,37626.0,37647.0,0,2288
2025-04-08 21:45:00,37923.9,38115.5,37919.9,37949.5,0,2207
2025-04-08 21:30:00,37963.5,38344.9,37904.9,37917.9,0,2389
2025-04-08 21:15:00,38037.5,38230.5,37936.9,37964.5,0,2319
2025-04-08 21:00:00,38269.9,38309.5,38020.9,38041.5,0,2372
2025-04-08 20:45:00,38364.5,38366.5,38120.9,38278.9,0,2370
2025-04-08 20:30:00,38000.9,38435.5,37951.9,38362.5,0,2483
2025-04-08 20:15:00,38186.5,38285.5,37994.9,38004.9,0,2417
2025-04-08 20:00:00,38340.5,38411.9,38071.9,38189.5,0,2422
2025-04-08 19:45:00,38407.9,38611.9,38333.5,38342.5,0,2575
2025-04-08 19:30:00,38775.5,38816.5,38364.9,38415.9,0,2658
2025-04-08 19:15:00,38848.9,38861.5,38626.5,38776.5,0,2266
2025-04-08 19:00:00,38936.5,38997.5,38845.9,38850.9,0,2240
2025-04-08 18:45:00,38963.5,39016.5,38774.5,38942.5,0,2213
2025-04-08 18:30:00,38716.9,39030.5,38703.2,38966.5,0,2386
2025-04-08 18:15:00,38790.5,38886.5,38675.9,38715.9,0,2427
2025-04-08 18:00:00,38950.5,39010.9,38765.9,38787.5,0,2406
2025-04-08 17:45:00,39218.5,39259.5,38948.5,38948.5,0,2327
2025-04-08 17:30:00,39365.8,39425.4,39206.9,39214.9,0,2437
2025-04-08 17:15:00,39377.8,39446.4,39258.9,39358.8,0,2475
2025-04-08 17:00:00,39303.8,39421.4,39247.9,39373.8,0,2649
2025-04-08 16:45:00,39105.9,39353.8,39039.9,39311.8,0,2736
2025-04-08 16:30:00,39356.4,39363.4,38994.9,39107.5,0,2985
2025-04-08 16:15:00,39206.3,39409.2,39164.5,39364.4,0,1705
2025-04-08 16:00:00,39008.4,39236.9,38978.5,39208.3,0,1813
2025-04-08 15:45:00,39004.4,39044.3,38972.5,39018.4,0,1310
2025-04-08 15:30:00,39096.3,39121.5,38964.5,39002.4,0,1379
2025-04-08 15:15:00,39100.5,39144.3,39001.5,39097.3,0,1521
2025-04-08 15:00:00,39096.5,39188.3,39025.5,39102.5,0,1657
2025-04-08 14:45:00,38980.5,39118.5,38948.5,39095.5,0,1400
2025-04-08 14:30:00,38784.4,39034.3,38767.3,38979.0,0,1484
2025-04-08 14:15:00,38686.5,38813.3,38663.3,38787.4,0,1313
2025-04-08 14:00:00,38697.5,38745.3,38669.5,38685.5,0,1204
2025-04-08 13:45:00,38727.5,38731.3,38668.5,38693.5,0,883
2025-04-08 13:30:00,38658.3,38756.3,38652.4,38728.5,0,844
2025-04-08 13:15:00,38617.3,38672.3,38601.5,38659.3,0,840
2025-04-08 13:00:00,38632.3,38676.4,38587.5,38618.3,0,984
2025-04-08 12:45:00,38760.3,38763.3,38623.5,38633.3,0,1058
2025-04-08 12:30:00,38702.3,38776.3,38702.3,38763.3,0,1006
2025-04-08 12:15:00,38752.4,38759.3,38667.5,38701.3,0,987
2025-04-08 12:00:00,38743.4,38766.3,38707.8,38753.4,0,950
2025-04-08 11:45:00,38746.5,38768.3,38691.5,38744.4,0,898
2025-04-08 11:30:00,38634.5,38756.3,38621.5,38751.5,0,1066
2025-04-08 11:15:00,38640.5,38695.3,38599.5,38627.5,0,1304
2025-04-08 11:00:00,38722.3,38728.8,38610.5,38638.5,0,1253
2025-04-08 10:45:00,38695.5,38729.3,38615.5,38721.3,0,1120
2025-04-08 10:30:00,38761.5,38765.5,38659.5,38694.5,0,1355
2025-04-08 10:15:00,38664.3,38774.3,38633.4,38764.5,0,1213
2025-04-08 10:00:00,38678.3,38690.4,38584.5,38659.3,0,1544
2025-04-08 09:45:00,38689.6,38713.6,38629.6,38672.6,0,870
2025-04-08 09:30:00,38584.6,38691.2,38565.2,38690.6,0,771
2025-04-08 09:15:00,38571.4,38608.6,38548.4,38582.6,0,840
2025-04-08 09:00:00,38612.4,38647.4,38559.2,38570.4,0,984
2025-04-08 08:45:00,38560.6,38631.2,38537.2,38615.6,0,645
2025-04-08 08:30:00,38529.6,38636.6,38528.6,38561.6,0,782
2025-04-08 08:15:00,38523.4,38564.4,38478.4,38532.6,0,648
2025-04-08 08:00:00,38623.4,38631.6,38504.4,38521.4,0,716
2025-04-08 07:45:00,38579.8,38622.8,38527.8,38622.8,0,519
2025-04-08 07:30:00,38610.8,38620.8,38558.5,38578.8,0,483
2025-04-08 07:15:00,38664.8,38664.8,38596.8,38611.8,0,537
2025-04-08 07:00:00,38662.5,38681.5,38640.8,38663.8,0,550
2025-04-08 06:45:00,38629.8,38662.8,38601.8,38661.5,0,593
2025-04-08 06:30:00,38684.8,38688.8,38617.8,38627.8,0,602
2025-04-08 06:15:00,38713.8,38716.8,38659.8,38686.8,0,563
2025-04-08 06:00:00,38715.8,38748.1,38697.1,38714.8,0,545
2025-04-08 05:45:00,38726.8,38733.8,38704.8,38716.8,0,496
2025-04-08 05:30:00,38723.8,38739.8,38690.8,38722.8,0,580
2025-04-08 05:15:00,38714.8,38728.8,38693.8,38724.8,0,582
2025-04-08 05:00:00,38723.8,38737.8,38646.1,38716.8,0,695
2025-04-08 04:45:00,38719.8,38740.8,38690.8,38724.8,0,762
2025-04-08 04:30:00,38516.8,38724.8,38493.8,38717.8,0,1233
2025-04-08 04:15:00,38488.8,38546.8,38424.8,38519.8,0,1339
2025-04-08 04:00:00,38425.8,38557.1,38343.8,38489.8,0,1588
2025-04-08 03:45:00,38581.5,38600.8,38410.8,38427.8,0,1217
2025-04-08 03:30:00,38584.8,38623.1,38546.8,38580.5,0,1216
2025-04-08 03:15:00,38622.8,38657.8,38568.8,38581.8,0,1292
2025-04-08 03:00:00,38458.8,38632.1,38417.8,38621.8,0,1058
2025-04-08 02:45:00,38439.8,38502.8,38425.8,38462.8,0,875
2025-04-08 02:30:00,38478.8,38490.8,38413.8,38437.8,0,407
2025-04-08 02:15:00,38505.8,38516.8,38442.8,38476.8,0,425
2025-04-08 02:00:00,38419.1,38509.9,38409.8,38504.8,0,317
2025-04-08 01:45:00,38364.8,38420.1,38344.5,38420.1,0,221
2025-04-08 01:30:00,38349.8,38371.8,38318.8,38363.8,0,349
2025-04-08 01:15:00,38319.8,38351.8,38300.5,38350.8,0,311
2025-04-08 01:00:00,38313.3,38331.8,38247.3,38318.8,0,536
2025-04-07 23:45:00,38292.8,38292.8,38235.3,38256.3,0,513
2025-04-07 23:30:00,38296.3,38320.3,38248.3,38293.3,0,682
2025-04-07 23:15:00,38160.3,38387.3,38157.3,38293.3,0,1206
2025-04-07 23:00:00,37954.3,38232.3,37929.3,38158.3,0,1645
2025-04-07 22:45:00,37739.0,38011.3,37718.0,37950.3,0,1623
2025-04-07 22:30:00,37717.0,38115.5,37717.0,37739.6,0,1474
2025-04-07 22:15:00,37796.6,37950.5,37678.0,37713.0,0,1484
2025-04-07 22:00:00,37870.5,38066.9,37729.0,37797.6,0,1339
2025-04-07 21:45:00,38086.9,38147.9,37816.8,37869.5,0,1323
2025-04-07 21:30:00,37994.5,38191.5,37982.9,38080.9,0,1496
2025-04-07 21:15:00,38056.9,38352.5,37955.9,37993.5,0,1531
2025-04-07 21:00:00,38268.5,38341.9,38001.9,38057.9,0,1525
2025-04-07 20:45:00,38128.9,38285.9,37960.0,38267.5,0,1617
2025-04-07 20:30:00,38036.5,38143.5,37804.0,38132.9,0,1610
2025-04-07 20:15:00,37763.0,38039.5,37705.0,38032.9,0,1731
2025-04-07 20:00:00,37368.0,37837.6,37350.6,37765.0,0,1976
2025-04-07 19:45:00,37491.6,37516.6,37301.0,37368.6,0,1404
2025-04-07 19:30:00,37655.6,37775.6,37428.0,37494.0,0,1520
2025-04-07 19:15:00,37487.0,37690.6,37309.0,37655.0,0,1479
2025-04-07 19:00:00,37660.1,37669.6,37361.6,37492.0,0,1546
2025-04-07 18:45:00,37903.5,37928.5,37644.0,37660.5,0,1719
2025-04-07 18:30:00,37223.6,37944.5,37219.0,37902.9,0,1969
2025-04-07 18:15:00,37400.0,37684.6,37173.6,37207.6,0,2940
2025-04-07 18:00:00,38047.5,38309.5,37361.6,37400.1,0,3261
2025-04-07 17:45:00,37659.0,38236.9,37518.0,38040.5,0,3299
2025-04-07 17:30:00,37559.0,38046.5,37266.6,37650.0,0,3451
2025-04-07 17:15:00,38550.0,39219.5,37489.6,37564.0,0,3940
2025-04-07 17:00:00,37370.0,38823.5,37201.0,38547.0,0,3524
2025-04-07 16:45:00,36761.6,37427.6,36658.0,37378.0,0,3017
2025-04-07 16:30:00,37124.6,37216.4,36616.0,36764.6,0,3069
2025-04-07 16:15:00,37405.9,37412.4,37079.6,37133.6,0,1757
2025-04-07 16:00:00,37641.1,37641.1,37322.4,37404.4,0,2068
2025-04-07 15:45:00,37410.6,37717.4,37257.6,37637.1,0,2344
2025-04-07 15:30:00,37662.4,37754.4,37378.6,37409.6,0,2090
2025-04-07 15:15:00,37403.4,37703.4,37320.1,37668.4,0,1862
2025-04-07 15:00:00,37500.6,37632.4,37349.1,37408.4,0,1746
2025-04-07 14:45:00,37497.4,37564.6,37417.6,37495.6,0,1538
2025-04-07 14:30:00,37664.6,37696.6,37412.1,37499.4,0,1889
2025-04-07 14:15:00,37676.6,37716.6,37566.6,37660.6,0,1663
2025-04-07 14:00:00,37474.4,37768.4,37421.6,37677.6,0,1904
2025-04-07 13:45:00,37677.6,37704.4,37395.6,37466.4,0,1915
2025-04-07 13:30:00,37379.4,37709.4,37310.4,37678.6,0,1919
2025-04-07 13:15:00,37335.6,37472.4,37286.6,37378.4,0,1726
2025-04-07 13:00:00,37063.4,37361.6,36991.6,37337.6,0,1918
2025-04-07 12:45:00,37091.4,37197.4,37041.4,37059.4,0,1635
2025-04-07 12:30:00,36958.6,37119.4,36944.6,37093.4,0,1676
2025-04-07 12:15:00,36941.6,36972.4,36780.6,36955.6,0,1541
2025-04-07 12:00:00,36990.6,37060.4,36911.4,36939.6,0,1532
2025-04-07 11:45:00,37116.6,37156.6,36989.6,36989.6,0,1618
2025-04-07 11:30:00,37112.6,37222.4,37020.6,37120.4,0,1826
2025-04-07 11:15:00,36980.6,37206.4,36980.6,37113.6,0,1983
2025-04-07 11:00:00,36784.6,37141.6,36756.6,36990.6,0,2192
2025-04-07 10:45:00,36716.4,36816.6,36652.4,36780.6,0,1846
2025-04-07 10:30:00,36701.4,36830.6,36625.6,36720.4,0,1857
2025-04-07 10:15:00,36886.4,36954.6,36666.4,36704.4,0,1979
2025-04-07 10:00:00,36752.4,36887.4,36618.4,36883.4,0,2256
2025-04-07 09:45:00,36840.3,36893.7,36721.3,36747.7,0,1525
2025-04-07 09:30:00,37059.7,37073.7,36810.7,36842.3,0,1477
2025-04-07 09:15:00,37257.7,37258.7,37051.7,37057.7,0,1398
2025-04-07 09:00:00,37220.3,37391.7,37198.3,37260.7,0,1401
2025-04-07 08:45:00,37260.5,37317.7,37136.3,37222.3,0,1167
2025-04-07 08:30:00,37334.3,37385.3,37237.5,37258.5,0,1262
2025-04-07 08:15:00,37351.7,37499.7,37288.5,37329.3,0,1279
2025-04-07 08:00:00,37233.3,37388.7,37188.3,37347.7,0,1147
2025-04-07 07:45:00,37091.2,37236.2,37091.2,37233.6,0,999
2025-04-07 07:30:00,37197.2,37209.2,37072.2,37088.2,0,937
2025-04-07 07:15:00,37293.2,37314.2,37174.6,37192.2,0,1108
2025-04-07 07:00:00,37266.2,37380.6,37248.9,37292.2,0,1140
2025-04-07 06:45:00,37265.9,37322.9,37208.9,37267.2,0,1276
2025-04-07 06:30:00,37357.9,37357.9,37190.2,37263.9,0,1344
2025-04-07 06:15:00,37342.6,37409.6,37280.2,37358.9,0,1108
2025-04-07 06:00:00,37444.9,37469.9,37338.6,37341.6,0,971
2025-04-07 05:45:00,37423.9,37521.9,37404.9,37445.9,0,1004
2025-04-07 05:30:00,37477.6,37549.9,37376.9,37419.9,0,1217
2025-04-07 05:15:00,37524.6,37534.9,37397.9,37478.6,0,1338
2025-04-07 05:00:00,37543.6,37583.6,37463.6,37525.6,0,1296
2025-04-07 04:45:00,37323.6,37593.6,37308.6,37548.2,0,1514
2025-04-07 04:30:00,37430.2,37481.2,37273.2,37317.6,0,1498
2025-04-07 04:15:00,37367.6,37534.6,37291.2,37429.2,0,1586
2025-04-07 04:00:00,37166.2,37402.2,37129.6,37360.6,0,1574
2025-04-07 03:45:00,37068.9,37167.2,37011.6,37165.2,0,1417
2025-04-07 03:30:00,37101.9,37174.6,37047.9,37071.9,0,1460
2025-04-07 03:15:00,36936.2,37093.9,36930.2,37093.9,0,1117
2025-04-07 03:00:00,36974.6,37117.2,36846.6,36934.2,0,1628
2025-04-07 02:45:00,37002.5,37047.8,36839.8,36971.2,0,1086
2025-04-07 02:30:00,36900.2,37085.8,36805.5,37005.5,0,1244
2025-04-07 02:15:00,36733.8,36905.2,36678.2,36904.2,0,976
2025-04-07 02:00:00,36858.5,36869.8,36615.8,36728.8,0,1521
2025-04-07 01:45:00,36838.8,36871.8,36727.7,36860.5,0,936
2025-04-07 01:30:00,36972.2,37018.7,36766.7,36839.3,0,1349
2025-04-07 01:15:00,36835.7,37032.2,36708.2,36975.7,0,1625
2025-04-07 01:00:00,37153.8,37223.0,36494.5,36837.7,0,3081
2025-04-04 23:45:00,38242.5,38262.9,38217.9,38238.9,0,323
2025-04-04 23:30:00,38129.5,38248.5,38110.9,38240.0,0,1352
2025-04-04 23:15:00,38245.5,38245.5,38077.5,38128.5,0,1516
2025-04-04 23:00:00,38301.9,38331.5,38157.9,38248.5,0,1950
2025-04-04 22:45:00,38755.9,38826.9,38246.5,38305.5,0,2535
2025-04-04 22:30:00,38655.9,38881.9,38621.9,38759.9,0,2660
2025-04-04 22:15:00,38651.5,38778.9,38484.5,38663.9,0,2489
2025-04-04 22:00:00,38505.9,38685.5,38413.9,38649.9,0,2432
2025-04-04 21:45:00,38360.5,38569.5,38358.5,38506.9,0,2379
2025-04-04 21:30:00,38579.9,38603.5,38337.9,38362.5,0,2211
2025-04-04 21:15:00,38786.9,38789.5,38566.9,38584.5,0,2134
2025-04-04 21:00:00,39018.5,39093.9,38776.9,38784.9,0,2381
2025-04-04 20:45:00,38893.5,39024.5,38843.9,39007.5,0,2300
2025-04-04 20:30:00,38773.9,38979.5,38679.9,38898.5,0,2399
2025-04-04 20:15:00,38678.5,38831.9,38589.9,38779.9,0,2269
2025-04-04 20:00:00,38889.9,38997.5,38664.9,38686.5,0,2262
2025-04-04 19:45:00,38898.5,38958.5,38846.9,38890.9,0,2223
2025-04-04 19:30:00,38930.5,39067.5,38844.9,38901.5,0,2369
2025-04-04 19:15:00,39169.5,39193.5,38885.5,38931.5,0,2427
2025-04-04 19:00:00,39044.5,39229.5,39030.9,39162.5,0,2574
2025-04-04 18:45:00,39115.5,39267.5,39027.5,39040.5,0,2677
2025-04-04 18:30:00,39140.9,39255.5,39016.5,39123.5,0,2620
2025-04-04 18:15:00,39498.8,39621.8,39136.9,39136.9,0,2754
2025-04-04 18:00:00,39120.9,39574.4,39096.9,39501.8,0,2852
2025-04-04 17:45:00,39068.9,39172.9,38811.9,39126.9,0,2672
2025-04-04 17:30:00,39165.9,39244.5,39058.5,39069.9,0,2477
2025-04-04 17:15:00,39298.8,39335.4,39166.9,39169.9,0,2500
2025-04-04 17:00:00,39570.8,39578.8,39291.8,39304.8,0,2566
2025-04-04 16:45:00,39382.4,39658.4,39349.8,39571.8,0,2862
2025-04-04 16:30:00,39481.4,39658.2,39290.4,39380.4,0,2914
2025-04-04 16:15:00,39505.2,39527.2,39386.4,39471.4,0,1977
2025-04-04 16:00:00,39544.4,39660.2,39504.2,39508.2,0,1805
2025-04-04 15:45:00,39496.4,39587.2,39427.2,39538.4,0,1788
2025-04-04 15:30:00,39450.3,39606.8,39263.5,39497.4,0,2177
2025-04-04 15:15:00,39362.2,39468.3,39310.4,39452.3,0,1640
2025-04-04 15:00:00,39414.2,39430.2,39231.5,39358.2,0,1856
2025-04-04 14:45:00,39076.5,39426.4,39067.3,39417.2,0,1864
2025-04-04 14:30:00,39071.3,39267.3,38957.3,39078.5,0,2181
2025-04-04 14:15:00,39357.2,39449.2,39038.3,39073.3,0,1947
2025-04-04 14:00:00,39382.2,39494.2,39325.4,39352.2,0,2038
2025-04-04 13:45:00,39508.2,39520.4,39315.2,39374.2,0,2172
2025-04-04 13:30:00,39541.2,39676.4,39473.4,39505.2,0,2194
2025-04-04 13:15:00,39915.4,39928.4,39525.3,39543.2,0,2525
2025-04-04 13:00:00,40088.2,40121.2,39892.2,39912.4,0,1938
2025-04-04 12:45:00,40127.4,40159.2,40064.2,40087.2,0,1101
2025-04-04 12:30:00,40103.2,40170.2,40076.2,40126.4,0,1240
2025-04-04 12:15:00,40133.2,40180.2,40094.4,40102.2,0,1241
2025-04-04 12:00:00,40145.2,40162.4,40103.4,40132.2,0,1199
2025-04-04 11:45:00,40142.4,40195.4,40114.2,40142.2,0,1322
2025-04-04 11:30:00,40182.4,40199.2,40103.7,40141.4,0,1274
2025-04-04 11:15:00,40193.2,40245.4,40149.9,40183.4,0,1304
2025-04-04 11:00:00,40279.4,40283.4,40158.2,40191.2,0,1349
2025-04-04 10:45:00,40285.4,40322.3,40255.4,40280.4,0,1175
2025-04-04 10:30:00,40318.3,40341.4,40263.4,40286.4,0,1346
2025-04-04 10:15:00,40339.2,40363.2,40290.4,40320.2,0,1384
2025-04-04 10:00:00,40323.2,40356.2,40283.2,40340.2,0,1451
2025-04-04 09:45:00,40354.1,40365.3,40324.1,40327.5,0,708
2025-04-04 09:30:00,40430.3,40430.3,40349.1,40358.1,0,880
2025-04-04 09:15:00,40436.3,40443.3,40395.3,40426.3,0,839
2025-04-04 09:00:00,40427.4,40469.4,40418.1,40434.3,0,1014
2025-04-04 08:45:00,40401.5,40433.4,40395.3,40429.4,0,780
2025-04-04 08:30:00,40346.1,40405.5,40322.1,40398.5,0,880
2025-04-04 08:15:00,40217.5,40349.5,40215.3,40348.1,0,834
2025-04-04 08:00:00,40229.3,40248.5,40204.1,40216.5,0,816
2025-04-04 07:45:00,40251.7,40261.0,40215.4,40228.7,0,656
2025-04-04 07:30:00,40305.7,40310.7,40236.7,40250.7,0,660
2025-04-04 07:15:00,40304.7,40310.7,40274.7,40306.7,0,651
2025-04-04 07:00:00,40307.7,40321.0,40288.7,40303.7,0,602
2025-04-04 06:45:00,40284.7,40318.0,40237.0,40308.7,0,861
2025-04-04 06:30:00,40331.7,40335.7,40262.4,40285.7,0,877
2025-04-04 06:15:00,40334.7,40347.7,40326.7,40330.7,0,385
2025-04-04 06:00:00,40368.7,40370.7,40315.7,40333.7,0,603
2025-04-04 05:45:00,40394.7,40399.7,40362.7,40367.7,0,415
2025-04-04 05:30:00,40392.7,40416.7,40381.7,40395.7,0,537
2025-04-04 05:15:00,40419.7,40429.7,40372.7,40391.7,0,505
2025-04-04 05:00:00,40364.7,40424.7,40357.7,40421.7,0,554
2025-04-04 04:45:00,40396.4,40414.7,40353.4,40363.7,0,576
2025-04-04 04:30:00,40426.0,40435.0,40382.7,40397.4,0,575
2025-04-04 04:15:00,40409.7,40461.7,40404.7,40425.0,0,563
2025-04-04 04:00:00,40429.0,40441.4,40402.4,40407.7,0,684
2025-04-04 03:45:00,40427.7,40432.7,40393.4,40428.0,0,729
2025-04-04 03:30:00,40467.4,40474.0,40425.0,40426.7,0,606
2025-04-04 03:15:00,40465.7,40478.7,40438.0,40468.4,0,815
2025-04-04 03:00:00,40432.7,40506.0,40432.7,40464.7,0,981
2025-04-04 02:45:00,40446.7,40480.4,40428.7,40431.7,0,649
2025-04-04 02:30:00,40443.4,40463.7,40431.4,40448.7,0,425
2025-04-04 02:15:00,40424.4,40448.0,40387.0,40444.4,0,617
2025-04-04 02:00:00,40433.0,40445.7,40406.7,40423.4,0,541
2025-04-04 01:45:00,40437.7,40450.7,40413.4,40432.0,0,369
2025-04-04 01:30:00,40411.0,40444.0,40408.0,40439.7,0,424
2025-04-04 01:15:00,40438.0,40467.4,40355.4,40410.0,0,703
2025-04-04 01:00:00,40468.2,40502.2,40422.0,40439.0,0,490
2025-04-03 23:45:00,40440.2,40459.2,40423.2,40450.2,0,382
2025-04-03 23:30:00,40423.2,40480.2,40420.2,40439.2,0,689
2025-04-03 23:15:00,40534.2,40535.2,40419.2,40422.2,0,745
2025-04-03 23:00:00,40552.2,40577.2,40515.2,40535.2,0,1162
2025-04-03 22:45:00,40680.4,40690.4,40527.2,40555.2,0,2104
2025-04-03 22:30:00,40653.8,40697.4,40576.8,40682.4,0,2020
2025-04-03 22:15:00,40768.3,40771.3,40609.8,40654.8,0,2050
2025-04-03 22:00:00,40839.3,40857.3,40766.3,40769.3,0,1803
2025-04-03 21:45:00,40859.7,40880.7,40788.7,40844.3,0,1819
2025-04-03 21:30:00,40800.3,40877.3,40735.7,40863.7,0,1867
2025-04-03 21:15:00,40808.3,40829.3,40760.7,40802.3,0,1672
2025-04-03 21:00:00,40878.3,40927.3,40798.7,40805.7,0,1639
2025-04-03 20:45:00,40981.3,41013.3,40864.7,40880.3,0,1671
2025-04-03 20:30:00,40879.7,40988.3,40864.7,40982.3,0,1801
2025-04-03 20:15:00,40960.3,40976.7,40870.3,40880.7,0,1615
2025-04-03 20:00:00,40954.7,41018.3,40917.7,40963.3,0,1860
2025-04-03 19:45:00,41044.7,41062.3,40914.7,40953.7,0,1962
2025-04-03 19:30:00,41121.7,41149.7,40995.7,41045.7,0,2008
2025-04-03 19:15:00,41024.3,41123.3,41004.7,41120.7,0,1998
2025-04-03 19:00:00,40907.3,41035.3,40903.7,41027.3,0,1918
2025-04-03 18:45:00,40910.7,40963.3,40807.7,40915.3,0,1938
2025-04-03 18:30:00,40791.7,40943.3,40774.7,40911.7,0,2038
2025-04-03 18:15:00,40761.7,40859.3,40749.7,40792.7,0,2050
2025-04-03 18:00:00,40641.8,40807.3,40624.8,40762.7,0,1977
2025-04-03 17:45:00,40737.3,40740.3,40646.8,40649.8,0,1995
2025-04-03 17:30:00,40733.3,40798.3,40671.8,40738.3,0,2160
2025-04-03 17:15:00,40700.4,40762.3,40630.8,40737.3,0,2256
2025-04-03 17:00:00,40848.2,40888.7,40655.8,40694.4,0,2332
2025-04-03 16:45:00,41075.1,41083.3,40821.7,40869.7,0,2393
2025-04-03 16:30:00,41118.3,41184.1,41023.1,41077.7,0,2636
2025-04-03 16:15:00,40999.1,41120.1,40964.3,41114.3,0,1639
2025-04-03 16:00:00,40967.3,41037.3,40923.3,40997.1,0,1534
2025-04-03 15:45:00,41010.1,41026.1,40958.3,40968.3,0,1433
2025-04-03 15:30:00,41065.3,41079.1,40999.3,41013.1,0,1086
2025-04-03 15:15:00,41109.3,41109.3,41061.3,41065.8,0,907
2025-04-03 15:00:00,41036.1,41136.1,41003.3,41110.3,0,1171
2025-04-03 14:45:00,41052.1,41075.1,41025.3,41044.1,0,877
2025-04-03 14:30:00,41028.1,41072.3,40972.8,41053.1,0,940
2025-04-03 14:15:00,41088.3,41104.1,40990.3,41027.1,0,847
2025-04-03 14:00:00,41051.1,41107.3,41032.3,41090.3,0,1048
2025-04-03 13:45:00,41062.3,41071.1,40959.3,41049.1,0,1118
2025-04-03 13:30:00,41052.3,41086.1,41004.3,41061.3,0,959
2025-04-03 13:15:00,41076.3,41110.1,41037.3,41053.3,0,1023
2025-04-03 13:00:00,41149.3,41164.3,41077.3,41077.3,0,1066
2025-04-03 12:45:00,41210.2,41211.2,41142.3,41150.3,0,868
2025-04-03 12:30:00,41182.3,41226.1,41177.3,41209.2,0,719
2025-04-03 12:15:00,41168.1,41204.3,41153.3,41180.3,0,898
2025-04-03 12:00:00,41254.3,41282.1,41167.1,41167.1,0,862
2025-04-03 11:45:00,41240.1,41261.1,41210.3,41255.3,0,770
2025-04-03 11:30:00,41251.1,41280.1,41228.1,41239.1,0,854
2025-04-03 11:15:00,41220.3,41270.1,41216.1,41252.1,0,1021
2025-04-03 11:00:00,41241.1,41244.1,41189.3,41222.3,0,1084
2025-04-03 10:45:00,41202.3,41251.1,41169.1,41242.1,0,1007
2025-04-03 10:30:00,41244.3,41256.1,41131.3,41203.3,0,1142
2025-04-03 10:15:00,41168.1,41265.3,41157.1,41241.3,0,1291
2025-04-03 10:00:00,41186.1,41277.1,41159.1,41170.1,0,1476
2025-04-03 09:45:00,41308.0,41319.4,41185.4,41185.4,0,904
2025-04-03 09:30:00,41337.4,41361.4,41296.0,41307.0,0,907
2025-04-03 09:15:00,41303.4,41356.0,41275.2,41340.4,0,919
2025-04-03 09:00:00,41283.0,41322.0,41258.0,41302.4,0,1051
2025-04-03 08:45:00,41333.2,41362.0,41275.0,41282.0,0,777
2025-04-03 08:30:00,41344.2,41350.2,41289.0,41335.2,0,751
2025-04-03 08:15:00,41410.4,41410.4,41328.0,41342.2,0,690
2025-04-03 08:00:00,41395.2,41426.4,41392.2,41409.4,0,619
2025-04-03 07:45:00,41404.6,41414.6,41384.6,41394.6,0,417
2025-04-03 07:30:00,41383.6,41418.6,41370.3,41403.6,0,486
2025-04-03 07:15:00,41438.6,41441.6,41381.6,41381.6,0,427
2025-04-03 07:00:00,41402.6,41457.6,41395.6,41436.6,0,629
2025-04-03 06:45:00,41370.6,41401.6,41362.6,41400.6,0,575
2025-04-03 06:30:00,41392.6,41426.9,41363.3,41369.6,0,577
2025-04-03 06:15:00,41381.9,41407.6,41374.6,41393.6,0,481
2025-04-03 06:00:00,41461.6,41462.6,41370.3,41384.9,0,572
2025-04-03 05:45:00,41426.6,41467.6,41413.6,41459.6,0,582
2025-04-03 05:30:00,41455.6,41459.6,41409.6,41421.6,0,574
2025-04-03 05:15:00,41442.6,41461.6,41388.9,41456.6,0,767
2025-04-03 05:00:00,41422.6,41462.9,41412.6,41445.6,0,812
2025-04-03 04:45:00,41423.6,41501.9,41411.6,41421.6,0,797
2025-04-03 04:30:00,41436.9,41444.9,41387.3,41422.6,0,882
2025-04-03 04:15:00,41371.9,41441.6,41341.9,41437.9,0,887
2025-04-03 04:00:00,41309.9,41388.6,41309.9,41374.9,0,941
2025-04-03 03:45:00,41410.6,41424.6,41300.9,41311.9,0,941
2025-04-03 03:30:00,41401.9,41466.6,41376.3,41409.6,0,1172
2025-04-03 03:15:00,41287.6,41425.6,41283.6,41400.9,0,1160
2025-04-03 03:00:00,41239.9,41302.9,41239.6,41285.6,0,1019
2025-04-03 02:45:00,41179.6,41253.6,41160.3,41240.9,0,1021
2025-04-03 02:30:00,41241.6,41250.9,41177.6,41178.6,0,726
2025-04-03 02:15:00,41296.6,41296.6,41212.6,41239.6,0,538
2025-04-03 02:00:00,41319.6,41319.9,41192.3,41297.6,0,470
2025-04-03 01:45:00,41239.4,41366.3,41227.9,41319.9,0,334
2025-04-03 01:30:00,41251.9,41350.3,41219.9,41239.9,0,474
2025-04-03 01:15:00,41335.9,41350.3,41065.3,41252.9,0,1219
2025-04-03 01:00:00,41470.6,41580.6,41273.3,41338.9,0,1197
2025-04-02 23:45:00,41781.6,41896.1,41720.1,41752.6,0,1459
2025-04-02 23:30:00,41831.6,42046.1,41640.1,41786.6,0,2297
2025-04-02 23:15:00,42480.0,42590.0,41732.6,41821.6,0,3015
2025-04-02 23:00:00,42233.0,42561.0,42121.1,42483.0,0,1985
2025-04-02 22:45:00,42250.6,42328.0,42231.0,42236.0,0,1796
2025-04-02 22:30:00,42155.2,42260.2,42130.3,42246.6,0,1771
2025-04-02 22:15:00,42068.7,42166.6,42046.7,42158.2,0,1743
2025-04-02 22:00:00,42002.1,42130.3,42002.1,42072.7,0,1739
2025-04-02 21:45:00,42153.2,42163.2,41994.1,41996.1,0,1568
2025-04-02 21:30:00,41987.9,42178.2,41978.9,42154.2,0,1607
2025-04-02 21:15:00,42115.3,42129.3,41983.7,41985.9,0,1643
2025-04-02 21:00:00,42178.6,42203.2,42083.7,42116.3,0,1774
2025-04-02 20:45:00,42210.2,42214.2,42115.7,42181.6,0,1740
2025-04-02 20:30:00,42323.2,42327.2,42191.6,42214.2,0,1665
2025-04-02 20:15:00,42373.2,42376.2,42307.6,42324.2,0,1522
2025-04-02 20:00:00,42295.6,42411.2,42288.6,42374.2,0,1573
2025-04-02 19:45:00,42198.2,42316.2,42176.6,42293.6,0,1715
2025-04-02 19:30:00,42168.6,42199.2,42118.7,42199.2,0,1434
2025-04-02 19:15:00,42148.6,42175.6,42126.7,42167.6,0,1399
2025-04-02 19:00:00,42069.7,42154.2,42056.7,42150.6,0,1491
2025-04-02 18:45:00,42092.3,42106.3,42004.7,42070.7,0,1886
2025-04-02 18:30:00,42173.6,42197.2,42085.7,42094.3,0,1664
2025-04-02 18:15:00,42056.3,42200.2,42032.7,42176.6,0,1592
2025-04-02 18:00:00,42095.7,42111.3,42054.3,42057.3,0,1687
2025-04-02 17:45:00,42018.7,42115.3,42007.7,42099.7,0,1473
2025-04-02 17:30:00,42022.7,42072.3,41995.7,42016.7,0,1741
2025-04-02 17:15:00,41896.7,42030.3,41885.7,42024.7,0,1880
2025-04-02 17:00:00,41812.3,41946.3,41799.7,41895.7,0,2112
2025-04-02 16:45:00,41871.7,41905.3,41786.7,41821.3,0,2182
2025-04-02 16:30:00,41670.1,41913.3,41645.3,41869.7,0,2387
2025-04-02 16:15:00,41689.3,41714.6,41643.3,41660.6,0,1032
2025-04-02 16:00:00,41701.1,41728.1,41676.3,41688.3,0,1116
2025-04-02 15:45:00,41675.3,41706.3,41671.3,41701.7,0,868
2025-04-02 15:30:00,41640.1,41689.3,41632.8,41678.1,0,925
2025-04-02 15:15:00,41743.3,41772.1,41638.6,41639.1,0,1194
2025-04-02 15:00:00,41787.6,41791.6,41714.1,41744.3,0,1072
2025-04-02 14:45:00,41782.1,41807.3,41778.1,41787.1,0,607
2025-04-02 14:30:00,41787.2,41813.6,41766.3,41783.1,0,664
2025-04-02 14:15:00,41805.1,41821.1,41784.3,41789.2,0,568
2025-04-02 14:00:00,41805.3,41820.6,41771.3,41807.1,0,694
2025-04-02 13:45:00,41788.1,41822.2,41784.6,41803.3,0,623
2025-04-02 13:30:00,41842.1,41853.1,41773.3,41787.6,0,717
2025-04-02 13:15:00,41847.1,41865.3,41808.1,41841.1,0,721
2025-04-02 13:00:00,41875.2,41884.1,41783.3,41846.1,0,1042
2025-04-02 12:45:00,41912.2,41912.2,41867.2,41873.7,0,433
2025-04-02 12:30:00,41886.2,41925.1,41883.7,41913.2,0,461
2025-04-02 12:15:00,41910.2,41913.2,41879.3,41887.2,0,515
2025-04-02 12:00:00,41894.2,41932.2,41886.1,41911.2,0,507
2025-04-02 11:45:00,41925.3,41931.1,41890.1,41895.2,0,557
2025-04-02 11:30:00,41906.8,41952.8,41901.2,41924.3,0,532
2025-04-02 11:15:00,41892.2,41923.6,41886.2,41907.3,0,682
2025-04-02 11:00:00,41919.1,41922.1,41878.3,41895.2,0,762
2025-04-02 10:45:00,41923.2,41941.1,41901.3,41918.1,0,586
2025-04-02 10:30:00,41941.2,41961.2,41919.3,41924.2,0,737
2025-04-02 10:15:00,41938.3,41963.1,41929.3,41940.2,0,678
2025-04-02 10:00:00,41957.2,42005.3,41922.3,41935.3,0,925
2025-04-02 09:45:00,41990.3,41992.2,41962.0,41964.2,0,355
2025-04-02 09:30:00,41976.2,41991.3,41952.2,41991.3,0,403
2025-04-02 09:15:00,41955.2,41996.3,41947.2,41977.2,0,324
2025-04-02 09:00:00,41936.0,41958.2,41923.0,41954.2,0,357
2025-04-02 08:45:00,41961.2,41962.2,41928.0,41937.0,0,144
2025-04-02 08:30:00,41944.2,41963.3,41943.2,41962.2,0,196
2025-04-02 08:15:00,41932.2,41951.2,41931.2,41943.2,0,226
2025-04-02 08:00:00,41953.2,41954.2,41930.0,41931.2,0,226
2025-04-02 07:45:00,41949.9,41952.6,41940.6,41952.6,0,180
2025-04-02 07:30:00,41942.6,41951.8,41935.3,41948.9,0,166
2025-04-02 07:15:00,41945.3,41950.8,41940.6,41940.6,0,141
2025-04-02 07:00:00,41954.6,41957.8,41945.3,41946.3,0,139
2025-04-02 06:45:00,41955.8,41964.8,41945.3,41955.6,0,142
2025-04-02 06:30:00,41965.6,41967.6,41949.6,41953.6,0,160
2025-04-02 06:15:00,41965.6,41970.8,41962.6,41964.6,0,131
2025-04-02 06:00:00,41962.6,41974.8,41961.6,41964.6,0,168
2025-04-02 05:45:00,41955.6,41965.8,41954.6,41963.6,0,157
2025-04-02 05:30:00,41975.6,41977.6,41954.6,41956.6,0,242
2025-04-02 05:15:00,41959.6,41977.8,41955.6,41974.6,0,260
2025-04-02 05:00:00,41972.6,41978.6,41953.6,41958.6,0,343
2025-04-02 04:45:00,41979.6,41985.6,41965.6,41971.6,0,372
2025-04-02 04:30:00,41955.6,41980.6,41948.6,41978.6,0,406
2025-04-02 04:15:00,41961.6,41970.6,41955.6,41956.6,0,305
2025-04-02 04:00:00,41953.9,41964.6,41944.6,41963.6,0,439
2025-04-02 03:45:00,41981.6,41985.6,41951.6,41955.9,0,466
2025-04-02 03:30:00,41961.6,41990.6,41953.6,41982.6,0,550
2025-04-02 03:15:00,41987.3,42014.6,41939.9,41960.6,0,617
2025-04-02 03:00:00,42056.6,42058.6,41978.6,41988.3,0,692
2025-04-02 02:45:00,42072.6,42075.6,42048.6,42055.6,0,295
2025-04-02 02:30:00,42079.6,42091.9,42064.6,42071.6,0,242
2025-04-02 02:15:00,42056.6,42080.6,42055.6,42080.6,0,274
2025-04-02 02:00:00,42061.6,42062.9,42037.9,42055.6,0,322
2025-04-02 01:45:00,42066.3,42075.8,42051.3,42062.6,0,226
2025-04-02 01:30:00,42087.6,42091.6,42048.6,42065.3,0,378
2025-04-02 01:15:00,42069.3,42107.6,42057.3,42086.6,0,317
2025-04-02 01:00:00,41994.1,42123.9,41994.1,42071.3,0,447
2025-04-01 23:45:00,41948.1,42017.1,41947.1,41979.1,0,625
2025-04-01 23:30:00,41954.1,41958.1,41937.1,41949.1,0,295
2025-04-01 23:15:00,41991.1,41994.1,41953.1,41956.1,0,404
2025-04-01 23:00:00,41999.1,42012.1,41976.1,41996.1,0,796
2025-04-01 22:45:00,41935.7,42043.1,41920.3,41991.1,0,1743
2025-04-01 22:30:00,41874.3,41950.3,41851.7,41937.7,0,1609
2025-04-01 22:15:00,41855.7,41909.3,41833.7,41876.3,0,1455
2025-04-01 22:00:00,41815.3,41874.3,41803.3,41856.7,0,1510
2025-04-01 21:45:00,41774.7,41820.3,41707.3,41816.3,0,1513
2025-04-01 21:30:00,41753.3,41785.3,41726.0,41776.7,0,1555
2025-04-01 21:15:00,41813.3,41818.3,41736.7,41754.3,0,1532
2025-04-01 21:00:00,41896.3,41908.3,41765.7,41812.3,0,1829
2025-04-01 20:45:00,41900.3,41967.3,41889.7,41894.3,0,1445
2025-04-01 20:30:00,41911.7,41969.3,41891.7,41901.3,0,1545
2025-04-01 20:15:00,42023.3,42028.3,41902.7,41912.7,0,1466
2025-04-01 20:00:00,42026.7,42062.3,41970.3,42026.3,0,1634
2025-04-01 19:45:00,41948.3,42069.3,41937.7,42025.7,0,1699
2025-04-01 19:30:00,42033.3,42045.7,41936.7,41947.3,0,1807
2025-04-01 19:15:00,42116.7,42170.9,42022.7,42030.3,0,1631
2025-04-01 19:00:00,42085.7,42139.3,42069.3,42117.7,0,1575
2025-04-01 18:45:00,42078.7,42111.3,42038.7,42083.7,0,1609
2025-04-01 18:30:00,42066.3,42093.3,42029.7,42079.7,0,1837
2025-04-01 18:15:00,42094.7,42143.2,42048.7,42067.3,0,1793
2025-04-01 18:00:00,41965.3,42100.3,41939.7,42098.3,0,1789
2025-04-01 17:45:00,41799.7,41973.3,41776.7,41968.3,0,1894
2025-04-01 17:30:00,41612.7,41843.3,41605.7,41800.7,0,2025
2025-04-01 17:15:00,41537.7,41652.3,41527.7,41616.7,0,2063
2025-04-01 17:00:00,41752.8,41776.3,41534.7,41535.7,0,2347
2025-04-01 16:45:00,41723.1,41856.3,41717.1,41760.8,0,2120
2025-04-01 16:30:00,41874.3,41877.3,41671.7,41722.1,0,2341
2025-04-01 16:15:00,41870.3,41905.6,41843.3,41872.3,0,1132
2025-04-01 16:00:00,41813.3,41882.1,41807.3,41869.3,0,911
2025-04-01 15:45:00,41761.8,41822.3,41745.3,41811.3,0,844
2025-04-01 15:30:00,41756.8,41799.8,41750.3,41761.3,0,1006
2025-04-01 15:15:00,41781.6,41811.6,41744.3,41757.3,0,1045
2025-04-01 15:00:00,41760.2,41801.1,41744.3,41782.1,0,953
2025-04-01 14:45:00,41750.8,41781.3,41737.8,41761.2,0,912
2025-04-01 14:30:00,41780.3,41804.1,41722.3,41751.3,0,1154
2025-04-01 14:15:00,41805.1,41817.1,41774.1,41780.8,0,827
2025-04-01 14:00:00,41847.3,41864.1,41802.8,41804.1,0,922
2025-04-01 13:45:00,41806.3,41862.1,41803.6,41845.3,0,754
2025-04-01 13:30:00,41854.1,41862.1,41765.3,41807.3,0,1066
2025-04-01 13:15:00,41892.1,41911.1,41852.1,41856.1,0,802
2025-04-01 13:00:00,41987.7,41992.6,41876.1,41891.1,0,1155
2025-04-01 12:45:00,41994.6,42002.8,41980.7,41986.7,0,409
2025-04-01 12:30:00,41951.6,41997.8,41941.8,41995.6,0,525
2025-04-01 12:15:00,41955.6,41966.7,41941.8,41950.6,0,453
2025-04-01 12:00:00,41955.8,41972.6,41941.8,41954.6,0,477
2025-04-01 11:45:00,41944.3,41958.6,41927.6,41953.8,0,461
2025-04-01 11:30:00,41902.1,41951.1,41896.1,41943.3,0,538
2025-04-01 11:15:00,41882.2,41910.1,41864.3,41902.6,0,599
2025-04-01 11:00:00,41930.2,41930.2,41874.3,41883.2,0,828
2025-04-01 10:45:00,41942.2,41958.2,41926.2,41932.2,0,664
2025-04-01 10:30:00,41967.1,41981.1,41930.2,41943.2,0,740
2025-04-01 10:15:00,42030.3,42033.3,41959.1,41963.1,0,869
2025-04-01 10:00:00,41995.1,42058.1,41975.3,42029.3,0,1006
2025-04-01 09:45:00,41930.2,41996.3,41929.2,41995.3,0,562
2025-04-01 09:30:00,41929.2,41935.2,41914.2,41931.2,0,488
2025-04-01 09:15:00,41906.0,41934.2,41899.2,41930.2,0,395
2025-04-01 09:00:00,41890.2,41922.3,41886.0,41907.0,0,542
2025-04-01 08:45:00,41909.2,41909.2,41885.3,41893.2,0,255
2025-04-01 08:30:00,41939.2,41943.2,41907.0,41908.2,0,282
2025-04-01 08:15:00,41938.0,41950.2,41936.0,41942.8,0,242
2025-04-01 08:00:00,41898.2,41941.0,41892.2,41939.0,0,379
2025-04-01 07:45:00,41879.6,41901.8,41877.6,41898.6,0,189
2025-04-01 07:30:00,41883.6,41895.6,41878.6,41880.6,0,185
2025-04-01 07:15:00,41892.6,41903.8,41879.6,41882.6,0,191
2025-04-01 07:00:00,41903.6,41904.6,41870.6,41891.6,0,286
2025-04-01 06:45:00,41902.6,41914.6,41902.6,41904.6,0,213
2025-04-01 06:30:00,41926.6,41927.6,41894.6,41901.6,0,324
2025-04-01 06:15:00,41942.6,41947.8,41924.6,41925.6,0,190
2025-04-01 06:00:00,41949.6,41956.6,41938.6,41943.6,0,200
2025-04-01 05:45:00,41934.6,41952.6,41932.6,41950.6,0,230
2025-04-01 05:30:00,41920.6,41939.6,41920.6,41935.6,0,232
2025-04-01 05:15:00,41897.6,41928.6,41894.6,41922.6,0,293
2025-04-01 05:00:00,41899.6,41903.6,41884.6,41896.6,0,353
2025-04-01 04:45:00,41894.6,41905.8,41890.6,41898.6,0,380
2025-04-01 04:30:00,41905.6,41912.6,41873.6,41893.6,0,458
2025-04-01 04:15:00,41878.6,41908.6,41875.6,41906.6,0,451
2025-04-01 04:00:00,41875.6,41882.6,41847.6,41877.6,0,567
2025-04-01 03:45:00,41889.6,41902.3,41838.9,41877.6,0,531
2025-04-01 03:30:00,41912.6,41915.6,41875.9,41888.6,0,518
2025-04-01 03:15:00,41890.3,41926.6,41890.3,41914.6,0,533
2025-04-01 03:00:00,41938.6,41938.6,41888.3,41891.3,0,716
2025-04-01 02:45:00,41931.6,41941.6,41915.6,41939.6,0,396
2025-04-01 02:30:00,41931.6,41945.6,41909.9,41930.6,0,378
2025-04-01 02:15:00,41962.6,41965.9,41920.9,41932.6,0,368
2025-04-01 02:00:00,41943.3,41982.6,41934.3,41961.6,0,429
2025-04-01 01:45:00,41952.6,41975.9,41937.6,41942.3,0,307
2025-04-01 01:30:00,41917.6,41955.6,41917.6,41953.6,0,272
2025-04-01 01:15:00,41884.3,41930.6,41866.9,41916.6,0,501
2025-04-01 01:00:00,41962.1,41968.3,41874.9,41885.3,0,528
2025-03-31 23:45:00,41973.1,41973.1,41952.1,41965.1,0,192
2025-03-31 23:30:00,41961.1,41976.1,41958.1,41974.1,0,217
2025-03-31 23:15:00,41961.1,41985.1,41959.1,41962.1,0,322
2025-03-31 23:00:00,42025.1,42025.1,41935.1,41957.1,0,1047
2025-03-31 22:45:00,42079.3,42098.3,41960.7,42021.1,0,2089
2025-03-31 22:30:00,41961.3,42168.2,41941.7,42081.3,0,1739
2025-03-31 22:15:00,42017.3,42077.3,41950.3,41962.3,0,1507
2025-03-31 22:00:00,41860.3,42040.3,41858.3,42020.3,0,1367
2025-03-31 21:45:00,41914.7,41938.3,41846.7,41862.3,0,1361
2025-03-31 21:30:00,41894.3,41957.3,41884.7,41912.7,0,1378
2025-03-31 21:15:00,41863.7,41913.3,41844.7,41895.3,0,1390
2025-03-31 21:00:00,41663.7,41920.3,41652.7,41864.7,0,1613
2025-03-31 20:45:00,41638.7,41722.3,41626.7,41661.7,0,1271
2025-03-31 20:30:00,41696.3,41725.3,41634.7,41637.7,0,1231
2025-03-31 20:15:00,41768.7,41771.3,41624.7,41699.3,0,1390
2025-03-31 20:00:00,41687.7,41787.3,41667.7,41771.3,0,1208
2025-03-31 19:45:00,41694.7,41743.3,41670.7,41686.7,0,1303
2025-03-31 19:30:00,41744.7,41750.3,41689.7,41698.3,0,1209
2025-03-31 19:15:00,41624.7,41756.3,41613.7,41751.7,0,1327
2025-03-31 19:00:00,41711.3,41735.3,41594.7,41625.7,0,1405
2025-03-31 18:45:00,41700.3,41753.3,41692.7,41707.3,0,1345
2025-03-31 18:30:00,41660.3,41729.3,41628.7,41702.3,0,1431
2025-03-31 18:15:00,41613.3,41714.3,41601.7,41659.3,0,1537
2025-03-31 18:00:00,41614.3,41674.3,41602.7,41611.3,0,1569
2025-03-31 17:45:00,41564.7,41625.3,41531.7,41612.3,0,1677
2025-03-31 17:30:00,41436.3,41607.3,41428.3,41565.7,0,1849
2025-03-31 17:15:00,41453.7,41472.3,41396.7,41432.3,0,1683
2025-03-31 17:00:00,41422.3,41519.3,41416.3,41455.7,0,1984
2025-03-31 16:45:00,41212.3,41459.7,41173.7,41419.3,0,2189
2025-03-31 16:30:00,41254.3,41403.7,41205.7,41214.3,0,2126
2025-03-31 16:15:00,41348.1,41351.1,41246.8,41253.3,0,949
2025-03-31 16:00:00,41349.3,41366.1,41317.3,41346.1,0,849
2025-03-31 15:45:00,41343.2,41355.6,41322.8,41350.3,0,764
2025-03-31 15:30:00,41322.3,41352.6,41315.3,41342.2,0,794
2025-03-31 15:15:00,41286.3,41328.3,41264.3,41321.3,0,770
2025-03-31 15:00:00,41316.1,41323.6,41282.8,41287.3,0,782
2025-03-31 14:45:00,41299.1,41330.1,41291.3,41316.6,0,664
2025-03-31 14:30:00,41292.3,41322.1,41256.8,41298.1,0,786
2025-03-31 14:15:00,41318.1,41351.3,41287.3,41290.3,0,748
2025-03-31 14:00:00,41340.3,41364.1,41306.3,41317.1,0,768
2025-03-31 13:45:00,41343.2,41363.1,41334.3,41338.3,0,589
2025-03-31 13:30:00,41333.3,41358.1,41329.2,41344.7,0,553
2025-03-31 13:15:00,41344.1,41348.1,41316.2,41334.3,0,627
2025-03-31 13:00:00,41326.6,41343.1,41311.3,41342.6,0,585
2025-03-31 12:45:00,41334.6,41338.1,41310.1,41327.1,0,593
2025-03-31 12:30:00,41356.2,41367.8,41331.1,41335.6,0,607
2025-03-31 12:15:00,41305.3,41361.3,41305.3,41355.2,0,667
2025-03-31 12:00:00,41350.1,41350.1,41296.3,41304.3,0,719
2025-03-31 11:45:00,41374.3,41375.1,41342.3,41351.1,0,538
2025-03-31 11:30:00,41402.3,41418.2,41373.8,41373.8,0,725
2025-03-31 11:15:00,41455.6,41467.3,41390.8,41401.3,0,863
2025-03-31 11:00:00,41420.3,41459.6,41382.3,41457.1,0,1060
2025-03-31 10:45:00,41424.3,41437.3,41411.3,41422.3,0,782
2025-03-31 10:30:00,41422.1,41430.1,41356.3,41425.3,0,923
2025-03-31 10:15:00,41344.1,41426.1,41344.1,41421.1,0,1140
2025-03-31 10:00:00,41395.2,41415.3,41326.3,41345.1,0,1063
2025-03-31 09:45:00,41390.2,41400.2,41372.0,41400.2,0,489
2025-03-31 09:30:00,41406.0,41408.4,41381.0,41391.2,0,530
2025-03-31 09:15:00,41430.4,41453.2,41404.0,41405.0,0,541
2025-03-31 09:00:00,41428.2,41443.4,41407.0,41429.4,0,621
2025-03-31 08:45:00,41423.2,41438.4,41421.2,41430.2,0,288
2025-03-31 08:30:00,41440.2,41442.2,41417.4,41424.2,0,356
2025-03-31 08:15:00,41450.2,41463.2,41439.2,41441.2,0,312
2025-03-31 08:00:00,41451.2,41469.4,41442.2,41451.2,0,405
2025-03-31 07:45:00,41450.6,41452.8,41440.3,41450.6,0,237
2025-03-31 07:30:00,41431.6,41461.6,41423.6,41448.6,0,251
2025-03-31 07:15:00,41417.6,41431.6,41409.6,41429.6,0,248
2025-03-31 07:00:00,41412.6,41421.6,41402.6,41416.6,0,309
2025-03-31 06:45:00,41407.6,41418.6,41401.6,41415.6,0,280
2025-03-31 06:30:00,41397.6,41410.6,41384.6,41409.6,0,330
2025-03-31 06:15:00,41380.8,41404.6,41369.3,41398.6,0,299
2025-03-31 06:00:00,41410.6,41415.6,41376.6,41376.6,0,237
2025-03-31 05:45:00,41411.6,41415.8,41402.6,41409.6,0,209
2025-03-31 05:30:00,41432.6,41435.6,41409.6,41410.6,0,253
2025-03-31 05:15:00,41436.3,41458.6,41430.6,41433.6,0,336
2025-03-31 05:00:00,41413.6,41434.3,41382.6,41434.3,0,390
2025-03-31 04:45:00,41411.6,41422.9,41408.3,41412.6,0,389
2025-03-31 04:30:00,41450.6,41451.6,41405.6,41414.6,0,465
2025-03-31 04:15:00,41433.6,41461.3,41425.3,41449.6,0,521
2025-03-31 04:00:00,41400.6,41441.6,41398.3,41435.6,0,561
2025-03-31 03:45:00,41393.6,41414.6,41390.6,41399.6,0,452
2025-03-31 03:30:00,41419.3,41419.3,41379.9,41392.6,0,519
2025-03-31 03:15:00,41432.6,41432.6,41398.6,41420.3,0,577
2025-03-31 03:00:00,41458.6,41460.6,41410.3,41431.6,0,877
2025-03-31 02:45:00,41430.5,41461.5,41420.8,41461.5,0,475
2025-03-31 02:30:00,41396.8,41437.5,41380.8,41431.5,0,585
2025-03-31 02:15:00,41409.5,41421.5,41389.8,41394.2,0,411
2025-03-31 02:00:00,41422.5,41422.8,41406.2,41410.5,0,253
2025-03-31 01:45:00,41417.8,41427.8,41412.2,41421.5,0,250
2025-03-31 01:30:00,41392.2,41421.8,41377.2,41416.8,0,354
2025-03-31 01:15:00,41360.2,41397.8,41358.2,41391.2,0,503
2025-03-31 01:00:00,41351.0,41385.0,41304.0,41359.2,0,647
2025-03-28 22:45:00,41476.3,41482.3,41450.7,41452.7,0,162
2025-03-28 22:30:00,41475.7,41489.3,41463.7,41477.3,0,459
2025-03-28 22:15:00,41527.3,41529.3,41473.7,41474.7,0,604
2025-03-28 22:00:00,41591.3,41593.3,41506.9,41529.3,0,940
2025-03-28 21:45:00,41578.7,41645.3,41563.3,41590.3,0,1614
2025-03-28 21:30:00,41591.5,41591.5,41542.7,41580.3,0,1344
2025-03-28 21:15:00,41620.7,41632.7,41576.7,41589.5,0,1231
2025-03-28 21:00:00,41606.3,41644.3,41591.7,41619.7,0,1258
2025-03-28 20:45:00,41554.7,41614.3,41545.3,41609.3,0,1242
2025-03-28 20:30:00,41587.3,41615.3,41549.7,41555.7,0,1222
2025-03-28 20:15:00,41612.3,41638.3,41556.7,41589.3,0,1352
2025-03-28 20:00:00,41614.7,41647.3,41591.3,41613.3,0,1438
2025-03-28 19:45:00,41565.7,41624.3,41554.7,41617.7,0,1306
2025-03-28 19:30:00,41555.3,41597.3,41540.7,41568.7,0,1336
2025-03-28 19:15:00,41574.3,41627.3,41543.7,41553.3,0,1320
2025-03-28 19:00:00,41644.3,41648.3,41574.7,41576.3,0,1239
2025-03-28 18:45:00,41662.7,41722.3,41633.7,41645.3,0,1252
2025-03-28 18:30:00,41661.7,41709.9,41660.7,41663.7,0,1308
2025-03-28 18:15:00,41760.3,41769.3,41659.7,41660.7,0,1434
2025-03-28 18:00:00,41760.3,41818.3,41760.3,41761.3,0,1396
2025-03-28 17:45:00,41805.3,41820.3,41761.3,41762.3,0,1296
2025-03-28 17:30:00,41792.7,41865.3,41781.7,41808.3,0,1488
2025-03-28 17:15:00,41777.7,41813.3,41747.7,41797.7,0,1584
2025-03-28 17:00:00,41760.3,41817.3,41707.7,41778.7,0,1688
2025-03-28 16:45:00,41824.3,41839.3,41742.7,41764.3,0,1738
2025-03-28 16:30:00,41858.3,41891.3,41759.7,41828.3,0,1895
2025-03-28 16:15:00,41927.3,41946.3,41841.7,41856.3,0,1820
2025-03-28 16:00:00,42032.3,42074.3,41908.7,41925.7,0,2014
2025-03-28 15:45:00,42102.7,42138.3,42028.3,42038.3,0,1712
2025-03-28 15:30:00,42234.0,42272.2,42102.7,42103.7,0,2052
2025-03-28 15:15:00,42277.2,42302.0,42226.0,42235.0,0,1177
2025-03-28 15:00:00,42183.2,42285.0,42167.2,42280.0,0,1173
2025-03-28 14:45:00,42205.5,42233.0,42179.7,42179.7,0,769
2025-03-28 14:30:00,42270.3,42300.1,42188.0,42206.0,0,1188
2025-03-28 14:15:00,42274.0,42302.0,42267.3,42268.3,0,650
2025-03-28 14:00:00,42293.5,42316.0,42273.0,42275.0,0,574
2025-03-28 13:45:00,42281.2,42301.0,42260.7,42301.0,0,482
2025-03-28 13:30:00,42277.0,42280.2,42255.2,42279.2,0,488
2025-03-28 13:15:00,42277.0,42309.0,42276.0,42280.0,0,408
2025-03-28 13:00:00,42299.1,42314.0,42271.2,42275.2,0,458
2025-03-28 12:45:00,42320.0,42326.6,42289.2,42297.6,0,458
2025-03-28 12:30:00,42317.1,42324.2,42297.2,42319.1,0,545
2025-03-28 12:15:00,42309.0,42330.0,42298.7,42316.1,0,492
2025-03-28 12:00:00,42252.2,42324.2,42252.2,42307.0,0,533
2025-03-28 11:45:00,42262.0,42263.0,42229.2,42250.2,0,534
2025-03-28 11:30:00,42254.1,42279.7,42241.2,42263.5,0,470
2025-03-28 11:15:00,42269.2,42280.0,42250.1,42255.1,0,412
2025-03-28 11:00:00,42258.1,42274.1,42251.0,42270.2,0,525
2025-03-28 10:45:00,42250.0,42275.5,42242.2,42256.1,0,585
2025-03-28 10:30:00,42208.0,42252.0,42180.2,42248.0,0,741
2025-03-28 10:15:00,42225.5,42245.1,42192.2,42207.0,0,911
2025-03-28 10:00:00,42186.2,42245.0,42181.2,42226.0,0,1136
2025-03-28 09:45:00,42225.0,42246.0,42181.2,42184.2,0,744
2025-03-28 09:30:00,42289.0,42289.0,42217.2,42222.0,0,513
2025-03-28 09:15:00,42279.2,42309.2,42275.2,42288.0,0,403
2025-03-28 09:00:00,42304.0,42313.0,42274.2,42278.2,0,527
2025-03-28 08:45:00,42380.1,42381.1,42296.0,42302.3,0,362
2025-03-28 08:30:00,42386.1,42386.1,42371.0,42379.1,0,192
2025-03-28 08:15:00,42379.1,42394.3,42376.1,42385.1,0,167
2025-03-28 08:00:00,42369.1,42389.3,42365.1,42380.1,0,169
2025-03-28 07:45:00,42364.1,42373.8,42353.0,42370.1,0,162
2025-03-28 07:30:00,42371.8,42371.8,42358.1,42363.1,0,161
2025-03-28 07:15:00,42376.8,42379.8,42365.1,42369.1,0,157
2025-03-28 07:00:00,42376.1,42388.1,42372.1,42376.8,0,136
2025-03-28 06:45:00,42374.5,42378.8,42369.5,42376.5,0,105
2025-03-28 06:30:00,42368.2,42377.8,42366.2,42373.5,0,152
2025-03-28 06:15:00,42363.2,42373.8,42357.5,42369.2,0,175
2025-03-28 06:00:00,42383.8,42386.8,42362.2,42364.2,0,153
2025-03-28 05:45:00,42365.8,42388.5,42359.2,42384.8,0,102
2025-03-28 05:30:00,42369.5,42376.5,42349.2,42364.8,0,168
2025-03-28 05:15:00,42364.5,42371.8,42360.5,42368.5,0,122
2025-03-28 05:00:00,42365.8,42367.8,42358.5,42365.5,0,144
2025-03-28 04:45:00,42375.8,42375.8,42359.5,42364.8,0,111
2025-03-28 04:30:00,42367.5,42377.8,42365.2,42372.5,0,141
2025-03-28 04:15:00,42352.5,42367.8,42352.5,42366.5,0,142
2025-03-28 04:00:00,42335.5,42359.5,42334.5,42353.5,0,193
2025-03-28 03:45:00,42360.5,42360.5,42333.5,42337.5,0,229
2025-03-28 03:30:00,42359.8,42366.5,42354.5,42361.5,0,210
2025-03-28 03:15:00,42349.2,42364.8,42348.2,42360.8,0,191
2025-03-28 03:00:00,42346.5,42351.8,42342.2,42348.2,0,245
2025-03-28 02:45:00,42331.5,42352.8,42326.5,42345.5,0,215
2025-03-28 02:30:00,42323.8,42337.5,42320.5,42332.5,0,198
2025-03-28 02:15:00,42293.5,42328.8,42291.5,42324.8,0,262
2025-03-28 02:00:00,42315.5,42319.5,42271.2,42294.5,0,380
2025-03-28 01:45:00,42295.8,42319.8,42291.8,42313.5,0,200
2025-03-28 01:30:00,42301.8,42302.8,42278.5,42294.8,0,285
2025-03-28 01:15:00,42291.5,42305.8,42284.8,42302.8,0,225
2025-03-28 01:00:00,42320.5,42331.5,42279.8,42292.5,0,361
2025-03-28 00:45:00,42339.5,42342.8,42319.5,42319.5,0,152
2025-03-28 00:30:00,42334.8,42345.8,42330.5,42340.5,0,120
2025-03-28 00:15:00,42326.5,42342.8,42322.5,42331.5,0,149
2025-03-28 00:00:00,42336.0,42360.0,42319.5,42327.5,0,284
2025-03-27 22:45:00,42356.0,42361.0,42336.0,42337.0,0,205
2025-03-27 22:30:00,42349.0,42365.0,42345.0,42354.0,0,220
2025-03-27 22:15:00,42351.0,42355.0,42331.0,42350.0,0,312
2025-03-27 22:00:00,42339.0,42372.0,42333.0,42350.0,0,793
2025-03-27 21:45:00,42420.2,42443.2,42309.0,42338.0,0,1656
2025-03-27 21:30:00,42486.2,42491.2,42396.2,42421.2,0,1498
2025-03-27 21:15:00,42430.2,42496.2,42415.6,42488.2,0,1366
2025-03-27 21:00:00,42323.9,42432.2,42316.3,42431.2,0,1374
2025-03-27 20:45:00,42390.3,42432.9,42310.3,42322.9,0,1273
2025-03-27 20:30:00,42359.9,42415.9,42337.9,42384.3,0,1269
2025-03-27 20:15:00,42403.9,42411.9,42347.3,42361.9,0,1396
2025-03-27 20:00:00,42269.3,42405.9,42265.3,42402.9,0,1385
2025-03-27 19:45:00,42272.9,42328.9,42240.9,42268.3,0,1361
2025-03-27 19:30:00,42290.6,42326.3,42266.9,42273.9,0,1343
2025-03-27 19:15:00,42360.9,42374.9,42289.6,42292.6,0,1364
2025-03-27 19:00:00,42266.9,42364.9,42246.9,42362.9,0,1370
2025-03-27 18:45:00,42391.3,42407.9,42262.3,42264.9,0,1437
2025-03-27 18:30:00,42408.3,42454.9,42380.3,42392.3,0,1402
2025-03-27 18:15:00,42400.9,42462.3,42398.9,42411.3,0,1392
2025-03-27 18:00:00,42345.9,42446.9,42334.3,42403.9,0,1442
2025-03-27 17:45:00,42356.9,42380.9,42329.3,42346.9,0,1415
2025-03-27 17:30:00,42447.2,42447.2,42339.3,42355.9,0,1572
2025-03-27 17:15:00,42521.2,42535.2,42435.6,42445.2,0,1284
2025-03-27 17:00:00,42494.0,42526.2,42457.6,42522.2,0,1408
2025-03-27 16:45:00,42533.6,42539.6,42445.0,42492.0,0,1478
2025-03-27 16:30:00,42512.6,42558.2,42491.6,42532.6,0,1567
2025-03-27 16:15:00,42478.2,42533.2,42452.6,42511.6,0,1727
2025-03-27 16:00:00,42430.6,42490.2,42381.6,42470.6,0,1965
2025-03-27 15:45:00,42199.6,42432.2,42199.6,42428.6,0,1992
2025-03-27 15:30:00,42400.7,42416.2,42187.9,42200.6,0,2145
2025-03-27 15:15:00,42455.0,42459.0,42392.2,42401.2,0,1075
2025-03-27 15:00:00,42496.2,42517.0,42451.2,42456.0,0,988
2025-03-27 14:45:00,42500.2,42510.0,42474.2,42497.2,0,897
2025-03-27 14:30:00,42510.1,42552.5,42495.2,42499.2,0,1010
2025-03-27 14:15:00,42502.7,42519.5,42490.0,42508.6,0,611
2025-03-27 14:00:00,42519.1,42524.1,42486.0,42504.7,0,678
2025-03-27 13:45:00,42500.1,42529.7,42495.1,42520.6,0,501
2025-03-27 13:30:00,42454.2,42510.0,42454.2,42498.1,0,628
2025-03-27 13:15:00,42496.0,42503.0,42450.6,42453.2,0,776
2025-03-27 13:00:00,42498.7,42542.0,42483.2,42496.5,0,861
2025-03-27 12:45:00,42553.1,42554.1,42496.2,42499.2,0,671
2025-03-27 12:30:00,42555.1,42571.0,42543.7,42554.1,0,499
2025-03-27 12:15:00,42568.2,42573.0,42547.2,42554.1,0,630
2025-03-27 12:00:00,42564.2,42594.5,42559.2,42565.7,0,547
2025-03-27 11:45:00,42543.1,42573.0,42543.1,42565.2,0,532
2025-03-27 11:30:00,42551.0,42556.5,42535.7,42545.1,0,468
2025-03-27 11:15:00,42526.0,42556.0,42514.2,42552.5,0,636
2025-03-27 11:00:00,42557.0,42558.0,42517.7,42527.0,0,754
2025-03-27 10:45:00,42522.0,42557.0,42496.2,42555.0,0,810
2025-03-27 10:30:00,42507.2,42548.0,42507.2,42522.5,0,839
2025-03-27 10:15:00,42463.2,42508.5,42459.0,42507.7,0,1051
2025-03-27 10:00:00,42493.0,42524.2,42425.0,42465.2,0,1268
2025-03-27 09:45:00,42504.2,42517.0,42482.2,42491.0,0,523
2025-03-27 09:30:00,42512.1,42525.0,42484.0,42506.2,0,453
2025-03-27 09:15:00,42530.2,42533.0,42502.1,42513.1,0,437
2025-03-27 09:00:00,42543.2,42556.2,42523.2,42531.2,0,576
2025-03-27 08:45:00,42569.3,42570.3,42539.9,42543.9,0,294
2025-03-27 08:30:00,42586.9,42592.9,42567.3,42568.3,0,320
2025-03-27 08:15:00,42563.3,42591.3,42562.9,42587.9,0,310
2025-03-27 08:00:00,42534.1,42565.3,42527.9,42564.3,0,343
2025-03-27 07:45:00,42576.0,42576.0,42531.1,42533.1,0,335
2025-03-27 07:30:00,42548.8,42581.0,42542.0,42575.0,0,380
2025-03-27 07:15:00,42539.0,42552.0,42537.0,42548.8,0,269
2025-03-27 07:00:00,42545.0,42546.0,42530.0,42538.0,0,392
2025-03-27 06:45:00,42537.8,42547.0,42531.0,42545.0,0,203
2025-03-27 06:30:00,42535.0,42541.0,42529.0,42535.0,0,222
2025-03-27 06:15:00,42525.0,42540.0,42525.0,42536.0,0,211
2025-03-27 06:00:00,42526.0,42550.0,42523.0,42526.0,0,348
2025-03-27 05:45:00,42521.0,42532.0,42521.0,42527.0,0,239
2025-03-27 05:30:00,42501.0,42526.0,42499.0,42522.0,0,440
2025-03-27 05:15:00,42492.8,42502.0,42484.0,42500.0,0,237
2025-03-27 05:00:00,42487.8,42500.0,42481.0,42490.0,0,329
2025-03-27 04:45:00,42490.0,42491.0,42481.0,42487.8,0,274
2025-03-27 04:30:00,42484.0,42491.0,42476.0,42491.0,0,280
2025-03-27 04:15:00,42470.0,42494.8,42465.0,42485.0,0,353
2025-03-27 04:00:00,42443.0,42470.0,42442.0,42469.0,0,374
2025-03-27 03:45:00,42433.0,42445.8,42422.0,42442.0,0,507
2025-03-27 03:30:00,42435.8,42437.0,42409.0,42432.0,0,777
2025-03-27 03:15:00,42437.0,42444.0,42430.0,42433.0,0,536
2025-03-27 03:00:00,42421.0,42448.0,42417.0,42438.0,0,593
2025-03-27 02:45:00,42435.0,42444.0,42414.0,42420.0,0,601
2025-03-27 02:30:00,42419.0,42440.0,42415.0,42436.0,0,622
2025-03-27 02:15:00,42414.0,42435.0,42391.0,42418.0,0,773
2025-03-27 02:00:00,42403.0,42429.0,42383.0,42415.0,0,842
2025-03-27 01:45:00,42387.0,42414.0,42385.0,42404.0,0,685
2025-03-27 01:30:00,42361.0,42388.0,42360.0,42388.0,0,440
2025-03-27 01:15:00,42344.0,42375.0,42343.0,42362.0,0,547
2025-03-27 01:00:00,42334.0,42347.0,42310.0,42343.0,0,762
2025-03-27 00:45:00,42345.0,42358.0,42330.0,42333.0,0,665
2025-03-27 00:30:00,42320.0,42358.0,42318.0,42344.0,0,1225
2025-03-27 00:15:00,42350.0,42364.0,42295.0,42319.0,0,1839
2025-03-27 00:00:00,42340.0,42409.0,42320.0,42351.0,0,2192
2025-03-26 22:45:00,42422.0,42437.0,42417.0,42428.0,0,424
2025-03-26 22:30:00,42434.0,42435.0,42414.0,42424.0,0,463
2025-03-26 22:15:00,42457.0,42459.0,42424.0,42433.0,0,677
2025-03-26 22:00:00,42468.0,42479.0,42441.0,42456.0,0,1939
2025-03-26 21:45:00,42430.0,42521.0,42417.0,42467.0,0,9713
2025-03-26 21:30:00,42397.0,42449.0,42382.0,42429.0,0,5874
2025-03-26 21:15:00,42371.0,42451.0,42365.0,42396.0,0,5615
2025-03-26 21:00:00,42369.0,42404.0,42349.0,42372.0,0,5337
2025-03-26 20:45:00,42430.0,42451.0,42354.0,42370.0,0,5643
2025-03-26 20:30:00,42492.0,42507.0,42417.0,42431.0,0,5099
2025-03-26 20:15:00,42478.0,42510.0,42457.0,42491.0,0,5132
2025-03-26 20:00:00,42411.0,42497.0,42407.0,42479.0,0,4944
2025-03-26 19:45:00,42432.0,42454.0,42402.0,42410.0,0,4350
2025-03-26 19:30:00,42446.0,42488.0,42390.0,42433.0,0,6231
2025-03-26 19:15:00,42539.0,42541.0,42435.0,42445.0,0,5378
2025-03-26 19:00:00,42513.0,42560.0,42504.0,42540.0,0,4650
2025-03-26 18:45:00,42562.0,42599.0,42499.0,42514.0,0,5449
2025-03-26 18:30:00,42602.0,42622.0,42553.0,42563.0,0,4917
2025-03-26 18:15:00,42567.0,42606.0,42549.0,42601.0,0,4266
2025-03-26 18:00:00,42572.0,42590.0,42546.0,42568.0,0,4920
2025-03-26 17:45:00,42651.0,42654.0,42523.0,42571.0,0,7059
2025-03-26 17:30:00,42640.0,42695.0,42636.0,42652.0,0,4603
2025-03-26 17:15:00,42778.0,42782.0,42628.0,42639.0,0,5453
2025-03-26 17:00:00,42795.0,42828.0,42769.0,42779.0,0,4181
2025-03-26 16:45:00,42825.0,42829.0,42780.0,42794.0,0,4753
2025-03-26 16:30:00,42765.0,42829.0,42754.0,42824.0,0,4674
2025-03-26 16:15:00,42826.0,42845.0,42746.0,42766.0,0,6678
2025-03-26 16:00:00,42772.0,42838.0,42733.0,42825.0,0,9271
2025-03-26 15:45:00,42841.9,42855.9,42750.0,42775.0,0,4430
2025-03-26 15:30:00,42673.8,42863.9,42673.8,42841.9,0,1277
2025-03-26 15:15:00,42722.3,42724.3,42636.8,42669.8,0,607
2025-03-26 15:00:00,42688.8,42726.3,42672.8,42721.3,0,549
2025-03-26 14:45:00,42702.3,42710.3,42679.3,42689.8,0,510
2025-03-26 14:30:00,42654.4,42702.8,42640.8,42701.3,0,495
2025-03-26 14:15:00,42649.3,42656.8,42639.8,42652.8,0,363
2025-03-26 14:00:00,42669.8,42670.8,42643.8,42649.8,0,336
2025-03-26 13:45:00,42660.3,42677.3,42660.3,42669.8,0,296
2025-03-26 13:30:00,42650.8,42664.8,42645.8,42659.8,0,295
2025-03-26 13:15:00,42633.8,42658.3,42627.8,42651.8,0,278
2025-03-26 13:00:00,42629.8,42641.3,42618.8,42634.8,0,316
2025-03-26 12:45:00,42600.8,42631.8,42599.8,42630.8,0,294
2025-03-26 12:30:00,42585.8,42608.3,42583.8,42601.8,0,374
2025-03-26 12:15:00,42570.3,42589.8,42569.8,42586.8,0,328
2025-03-26 12:00:00,42550.8,42571.8,42546.3,42569.3,0,445
2025-03-26 11:45:00,42564.8,42581.8,42548.8,42552.8,0,385
2025-03-26 11:30:00,42575.8,42586.8,42561.3,42564.3,0,355
2025-03-26 11:15:00,42590.8,42591.8,42561.8,42574.8,0,353
2025-03-26 11:00:00,42568.8,42595.8,42563.3,42589.3,0,432
2025-03-26 10:45:00,42599.8,42599.8,42561.8,42568.8,0,456
2025-03-26 10:30:00,42579.8,42608.8,42577.8,42599.8,0,429
2025-03-26 10:15:00,42586.8,42591.8,42561.8,42580.8,0,459
2025-03-26 10:00:00,42600.8,42614.8,42565.8,42587.8,0,620
2025-03-26 09:45:00,42617.8,42621.8,42590.8,42592.8,0,154
2025-03-26 09:30:00,42623.8,42628.8,42615.8,42616.8,0,122
2025-03-26 09:15:00,42597.8,42624.8,42597.8,42623.8,0,157
2025-03-26 09:00:00,42586.8,42606.8,42584.8,42598.8,0,210
2025-03-26 08:45:00,42585.8,42588.8,42573.8,42587.8,0,126
2025-03-26 08:30:00,42564.8,42585.8,42564.8,42584.8,0,152
2025-03-26 08:15:00,42584.8,42592.8,42563.8,42563.8,0,151
2025-03-26 08:00:00,42585.8,42592.8,42577.8,42585.8,0,136
2025-03-26 07:45:00,42608.8,42611.8,42582.8,42584.8,0,142
2025-03-26 07:30:00,42616.8,42620.8,42608.8,42608.8,0,106
2025-03-26 07:15:00,42618.8,42626.8,42615.8,42616.8,0,96
2025-03-26 07:00:00,42627.8,42630.8,42617.8,42618.8,0,198
2025-03-26 06:45:00,42627.8,42629.8,42623.8,42627.8,0,97
2025-03-26 06:30:00,42620.8,42628.8,42619.8,42627.8,0,71
2025-03-26 06:15:00,42622.8,42626.8,42619.8,42620.8,0,74
2025-03-26 06:00:00,42629.8,42636.8,42620.8,42622.8,0,90
2025-03-26 05:45:00,42614.8,42630.8,42610.8,42629.8,0,104
2025-03-26 05:30:00,42623.8,42627.8,42614.3,42614.8,0,163
2025-03-26 05:15:00,42619.8,42627.8,42619.8,42623.8,0,83
2025-03-26 05:00:00,42627.8,42630.8,42620.8,42620.8,0,123
2025-03-26 04:45:00,42620.8,42630.8,42618.8,42629.8,0,121
2025-03-26 04:30:00,42613.8,42620.8,42606.8,42620.8,0,232
2025-03-26 04:15:00,42636.8,42638.8,42606.8,42613.8,0,195
2025-03-26 04:00:00,42645.8,42647.8,42635.8,42635.8,0,106
2025-03-26 03:45:00,42648.8,42652.8,42640.8,42645.8,0,147
2025-03-26 03:30:00,42648.8,42651.8,42645.8,42648.8,0,139
2025-03-26 03:15:00,42661.8,42664.8,42648.8,42648.8,0,146
2025-03-26 03:00:00,42666.8,42666.8,42651.8,42661.8,0,142
2025-03-26 02:45:00,42678.8,42678.8,42662.8,42666.8,0,133
2025-03-26 02:30:00,42645.8,42678.8,42644.8,42677.8,0,176
2025-03-26 02:15:00,42638.8,42648.8,42636.8,42646.8,0,121
2025-03-26 02:00:00,42634.8,42639.8,42624.8,42638.8,0,194
2025-03-26 01:45:00,42643.8,42651.8,42632.8,42636.8,0,134
2025-03-26 01:30:00,42633.8,42644.8,42626.8,42644.8,0,89
2025-03-26 01:15:00,42635.8,42636.8,42625.8,42634.8,0,79
2025-03-26 01:00:00,42629.8,42641.8,42627.8,42634.8,0,90
2025-03-26 00:45:00,42627.8,42636.8,42625.8,42629.8,0,78
2025-03-26 00:30:00,42639.8,42639.8,42618.8,42627.8,0,106
2025-03-26 00:15:00,42646.8,42649.8,42637.8,42639.8,0,102
2025-03-26 00:00:00,42643.8,42668.8,42637.8,42646.8,0,178
2025-03-25 22:45:00,42637.8,42642.8,42627.8,42629.4,0,125
2025-03-25 22:30:00,42631.8,42648.8,42628.8,42638.8,0,136
2025-03-25 22:15:00,42625.4,42634.8,42616.8,42631.8,0,169
2025-03-25 22:00:00,42617.8,42636.8,42615.8,42623.8,0,423
2025-03-25 21:45:00,42572.9,42641.9,42563.9,42617.9,0,992
2025-03-25 21:30:00,42527.9,42579.9,42477.9,42570.9,0,955
2025-03-25 21:15:00,42532.9,42557.9,42522.9,42522.9,0,675
2025-03-25 21:00:00,42508.9,42566.9,42502.9,42534.9,0,722
2025-03-25 20:45:00,42530.9,42539.9,42500.9,42509.9,0,707
2025-03-25 20:30:00,42552.9,42568.9,42518.9,42531.9,0,758
2025-03-25 20:15:00,42565.9,42584.9,42538.9,42551.9,0,694
2025-03-25 20:00:00,42538.9,42566.9,42502.9,42564.9,0,783
2025-03-25 19:45:00,42594.9,42597.9,42537.9,42538.9,0,680
2025-03-25 19:30:00,42575.9,42604.9,42565.9,42595.9,0,654
2025-03-25 19:15:00,42615.9,42617.9,42558.9,42573.9,0,674
2025-03-25 19:00:00,42614.9,42638.9,42612.9,42614.9,0,525
2025-03-25 18:45:00,42580.9,42611.9,42565.9,42611.9,0,554
2025-03-25 18:30:00,42577.9,42587.9,42543.9,42579.9,0,678
2025-03-25 18:15:00,42591.9,42600.9,42558.9,42576.9,0,649
2025-03-25 18:00:00,42589.6,42598.6,42558.9,42592.9,0,722
2025-03-25 17:45:00,42669.9,42676.9,42565.9,42587.6,0,750
2025-03-25 17:30:00,42692.9,42695.9,42656.9,42670.9,0,681
2025-03-25 17:15:00,42709.9,42709.9,42681.9,42691.9,0,617
2025-03-25 17:00:00,42694.9,42716.9,42689.9,42710.9,0,719
2025-03-25 16:45:00,42689.9,42716.9,42665.9,42693.9,0,845
2025-03-25 16:30:00,42648.9,42705.9,42647.9,42687.9,0,855
2025-03-25 16:15:00,42580.9,42654.9,42572.9,42650.9,0,1007
2025-03-25 16:00:00,42564.9,42620.9,42530.9,42580.9,0,1120
2025-03-25 15:45:00,42636.9,42647.9,42563.9,42563.9,0,1053
2025-03-25 15:30:00,42674.8,42733.9,42600.9,42634.9,0,1308
2025-03-25 15:15:00,42704.8,42721.8,42656.3,42673.8,0,514
2025-03-25 15:00:00,42685.8,42716.3,42681.8,42705.8,0,519
2025-03-25 14:45:00,42704.3,42705.3,42677.8,42685.8,0,427
2025-03-25 14:30:00,42681.8,42710.8,42680.3,42703.8,0,418
2025-03-25 14:15:00,42680.8,42683.3,42665.8,42681.8,0,324
2025-03-25 14:00:00,42674.8,42697.8,42674.8,42680.8,0,451
2025-03-25 13:45:00,42648.8,42674.8,42645.8,42673.3,0,376
2025-03-25 13:30:00,42624.8,42649.3,42624.8,42648.8,0,370
2025-03-25 13:15:00,42609.8,42624.8,42602.8,42624.8,0,325
2025-03-25 13:00:00,42601.3,42618.3,42583.8,42609.8,0,536
2025-03-25 12:45:00,42589.8,42602.3,42583.8,42601.8,0,340
2025-03-25 12:30:00,42602.8,42603.3,42571.8,42589.8,0,336
2025-03-25 12:15:00,42557.8,42607.8,42557.8,42600.8,0,348
2025-03-25 12:00:00,42571.8,42573.8,42536.8,42557.8,0,326
2025-03-25 11:45:00,42571.3,42576.8,42563.8,42571.8,0,258
2025-03-25 11:30:00,42549.3,42574.8,42548.3,42571.8,0,340
2025-03-25 11:15:00,42548.8,42554.8,42542.3,42549.3,0,403
2025-03-25 11:00:00,42557.3,42561.8,42534.8,42548.8,0,388
2025-03-25 10:45:00,42553.3,42560.8,42547.8,42556.8,0,350
2025-03-25 10:30:00,42543.8,42564.3,42534.8,42551.8,0,475
2025-03-25 10:15:00,42540.8,42554.3,42518.8,42543.3,0,646
2025-03-25 10:00:00,42533.8,42548.8,42521.8,42540.8,0,639
2025-03-25 09:45:00,42539.8,42545.8,42524.8,42525.8,0,167
2025-03-25 09:30:00,42561.8,42562.8,42538.8,42540.8,0,201
2025-03-25 09:15:00,42569.8,42573.8,42557.8,42561.8,0,190
2025-03-25 09:00:00,42542.8,42577.8,42540.8,42569.8,0,234
2025-03-25 08:45:00,42531.8,42544.8,42527.8,42543.8,0,94
2025-03-25 08:30:00,42527.8,42535.8,42521.8,42530.8,0,96
2025-03-25 08:15:00,42534.8,42536.8,42525.8,42527.8,0,79
2025-03-25 08:00:00,42541.8,42542.8,42530.8,42535.8,0,90
2025-03-25 07:45:00,42537.8,42544.8,42536.8,42541.8,0,62
2025-03-25 07:30:00,42543.8,42543.8,42536.8,42537.8,0,75
2025-03-25 07:15:00,42542.8,42549.8,42541.8,42543.8,0,93
2025-03-25 07:00:00,42542.8,42543.8,42534.8,42543.8,0,108
2025-03-25 06:45:00,42547.8,42547.8,42541.8,42542.8,0,66
2025-03-25 06:30:00,42544.8,42550.8,42542.8,42547.8,0,70
2025-03-25 06:15:00,42545.8,42547.8,42542.8,42544.8,0,86
2025-03-25 06:00:00,42550.8,42554.8,42545.8,42545.8,0,82
2025-03-25 05:45:00,42555.8,42555.8,42544.8,42550.8,0,97
2025-03-25 05:30:00,42554.8,42559.8,42548.8,42555.8,0,100
2025-03-25 05:15:00,42570.8,42571.8,42553.8,42553.8,0,77
2025-03-25 05:00:00,42567.8,42572.8,42565.8,42570.8,0,104
2025-03-25 04:45:00,42568.8,42570.8,42555.8,42568.8,0,116
2025-03-25 04:30:00,42568.8,42571.8,42562.8,42568.8,0,118
2025-03-25 04:15:00,42560.8,42569.8,42556.8,42569.8,0,133
2025-03-25 04:00:00,42588.8,42588.8,42558.8,42560.8,0,149
2025-03-25 03:45:00,42599.8,42601.8,42587.8,42588.8,0,129
2025-03-25 03:30:00,42594.8,42602.8,42584.8,42599.8,0,199
2025-03-25 03:15:00,42595.8,42603.8,42585.8,42594.8,0,149
2025-03-25 03:00:00,42588.8,42601.8,42579.8,42595.8,0,192
2025-03-25 02:45:00,42568.8,42592.8,42566.8,42590.8,0,182
2025-03-25 02:30:00,42567.8,42575.8,42564.8,42568.8,0,163
2025-03-25 02:15:00,42567.8,42582.8,42551.8,42568.8,0,237
2025-03-25 02:00:00,42588.8,42595.8,42565.8,42567.8,0,219
2025-03-25 01:45:00,42596.8,42598.8,42586.8,42588.8,0,109
2025-03-25 01:30:00,42578.8,42600.8,42575.8,42596.8,0,105
2025-03-25 01:15:00,42580.8,42581.8,42574.8,42577.8,0,65
2025-03-25 01:00:00,42579.8,42586.8,42572.8,42579.8,0,99
2025-03-25 00:45:00,42589.8,42593.8,42574.8,42579.8,0,99
2025-03-25 00:30:00,42572.8,42594.8,42572.8,42589.8,0,97
2025-03-25 00:15:00,42592.8,42593.8,42571.8,42572.8,0,87
2025-03-25 00:00:00,42601.8,42606.8,42586.8,42592.8,0,169
2025-03-24 22:45:00,42603.8,42609.8,42593.8,42595.8,0,145
2025-03-24 22:30:00,42620.8,42627.8,42603.8,42603.8,0,155
2025-03-24 22:15:00,42633.8,42651.8,42618.8,42619.8,0,219
2025-03-24 22:00:00,42595.8,42642.8,42592.8,42634.8,0,489
2025-03-24 21:45:00,42615.9,42674.9,42596.9,42597.9,0,908
2025-03-24 21:30:00,42591.9,42626.9,42585.9,42616.9,0,593
2025-03-24 21:15:00,42577.9,42610.9,42575.9,42591.9,0,550
2025-03-24 21:00:00,42551.9,42596.9,42538.9,42575.9,0,566
2025-03-24 20:45:00,42525.9,42554.9,42475.9,42551.9,0,677
2025-03-24 20:30:00,42428.9,42530.9,42412.9,42523.9,0,817
2025-03-24 20:15:00,42443.9,42460.9,42416.9,42428.9,0,647
2025-03-24 20:00:00,42497.9,42502.9,42424.9,42442.9,0,742
2025-03-24 19:45:00,42490.9,42516.9,42479.9,42497.9,0,592
2025-03-24 19:30:00,42491.9,42516.9,42481.9,42490.9,0,656
2025-03-24 19:15:00,42446.9,42492.9,42440.9,42490.9,0,703
2025-03-24 19:00:00,42493.9,42494.9,42442.9,42446.9,0,709
2025-03-24 18:45:00,42523.9,42537.9,42490.9,42493.9,0,601
2025-03-24 18:30:00,42541.9,42561.9,42499.9,42525.9,0,846
2025-03-24 18:15:00,42610.9,42615.9,42535.9,42543.9,0,713
2025-03-24 18:00:00,42593.9,42629.9,42585.9,42609.9,0,580
2025-03-24 17:45:00,42580.9,42605.9,42567.9,42594.9,0,606
2025-03-24 17:30:00,42591.9,42601.9,42567.9,42579.9,0,718
2025-03-24 17:15:00,42579.9,42598.9,42565.9,42591.9,0,640
2025-03-24 17:00:00,42556.9,42599.9,42527.6,42577.9,0,767
2025-03-24 16:45:00,42528.9,42576.9,42525.9,42555.9,0,742
2025-03-24 16:30:00,42551.9,42567.9,42516.9,42524.9,0,874
2025-03-24 16:15:00,42533.9,42577.9,42528.9,42548.9,0,862
2025-03-24 16:00:00,42524.9,42550.3,42489.9,42533.9,0,1085
2025-03-24 15:45:00,42474.3,42537.9,42454.9,42524.9,0,1152
2025-03-24 15:30:00,42381.8,42516.9,42324.9,42465.3,0,1264
2025-03-24 15:15:00,42453.8,42455.8,42362.8,42385.8,0,602
2025-03-24 15:00:00,42428.8,42464.8,42425.8,42457.3,0,482
2025-03-24 14:45:00,42438.8,42444.8,42420.3,42428.8,0,386
2025-03-24 14:30:00,42408.8,42443.8,42403.8,42438.3,0,429
2025-03-24 14:15:00,42409.8,42419.3,42393.8,42408.8,0,413
2025-03-24 14:00:00,42412.8,42427.8,42404.8,42410.8,0,344
2025-03-24 13:45:00,42411.8,42437.3,42410.8,42412.8,0,374
2025-03-24 13:30:00,42405.8,42424.8,42394.3,42411.8,0,423
2025-03-24 13:15:00,42406.8,42412.8,42389.8,42405.8,0,403
2025-03-24 13:00:00,42388.8,42412.3,42381.8,42407.3,0,477
2025-03-24 12:45:00,42396.8,42397.8,42380.8,42388.8,0,260
2025-03-24 12:30:00,42370.8,42397.8,42370.8,42396.8,0,298
2025-03-24 12:15:00,42329.8,42371.8,42327.8,42370.8,0,321
2025-03-24 12:00:00,42336.8,42339.8,42321.8,42329.8,0,313
2025-03-24 11:45:00,42323.8,42351.8,42322.8,42336.8,0,335
2025-03-24 11:30:00,42347.8,42347.8,42310.8,42323.8,0,428
2025-03-24 11:15:00,42392.3,42392.3,42344.3,42347.8,0,409
2025-03-24 11:00:00,42357.8,42392.8,42353.8,42391.8,0,420
2025-03-24 10:45:00,42346.8,42367.3,42338.3,42358.3,0,426
2025-03-24 10:30:00,42352.8,42360.8,42341.8,42346.8,0,477
2025-03-24 10:15:00,42359.8,42369.8,42334.8,42354.8,0,535
2025-03-24 10:00:00,42300.8,42363.8,42298.8,42357.8,0,669
2025-03-24 09:45:00,42311.8,42321.8,42303.8,42303.8,0,201
2025-03-24 09:30:00,42321.8,42325.8,42304.8,42311.8,0,231
2025-03-24 09:15:00,42332.8,42350.8,42318.8,42321.8,0,251
2025-03-24 09:00:00,42311.8,42336.8,42310.8,42332.8,0,233
2025-03-24 08:45:00,42280.8,42321.8,42278.8,42311.8,0,165
2025-03-24 08:30:00,42268.8,42280.8,42259.8,42280.8,0,166
2025-03-24 08:15:00,42257.8,42274.8,42257.8,42268.8,0,117
2025-03-24 08:00:00,42255.8,42261.8,42251.8,42256.8,0,83
2025-03-24 07:45:00,42256.8,42258.8,42251.8,42255.8,0,59
2025-03-24 07:30:00,42256.8,42260.8,42253.8,42256.8,0,101
2025-03-24 07:15:00,42253.8,42262.8,42251.8,42257.8,0,105
2025-03-24 07:00:00,42243.8,42255.8,42242.8,42253.8,0,129
2025-03-24 06:45:00,42246.8,42246.8,42241.8,42243.8,0,61
2025-03-24 06:30:00,42240.8,42247.8,42239.8,42246.8,0,85
2025-03-24 06:15:00,42234.8,42242.8,42234.8,42239.8,0,87
2025-03-24 06:00:00,42246.8,42246.8,42233.8,42234.8,0,94
2025-03-24 05:45:00,42248.8,42250.8,42242.8,42246.8,0,78
2025-03-24 05:30:00,42248.8,42249.8,42239.8,42248.8,0,127
2025-03-24 05:15:00,42258.8,42261.8,42245.8,42248.8,0,128
2025-03-24 05:00:00,42250.8,42259.8,42250.8,42258.8,0,94
2025-03-24 04:45:00,42243.8,42252.8,42242.8,42250.8,0,101
2025-03-24 04:30:00,42239.8,42245.8,42232.8,42243.8,0,110
2025-03-24 04:15:00,42233.8,42241.8,42232.8,42239.8,0,126
2025-03-24 04:00:00,42244.8,42250.8,42232.8,42233.8,0,134
2025-03-24 03:45:00,42228.8,42246.8,42228.8,42245.8,0,162
2025-03-24 03:30:00,42235.8,42246.8,42223.8,42228.8,0,243
2025-03-24 03:15:00,42237.8,42248.8,42231.8,42235.8,0,188
2025-03-24 03:00:00,42243.8,42246.8,42224.8,42237.8,0,188
2025-03-24 02:45:00,42222.8,42247.8,42220.8,42243.8,0,177
2025-03-24 02:30:00,42243.8,42245.8,42212.8,42221.8,0,251
2025-03-24 02:15:00,42232.8,42246.8,42217.8,42243.8,0,251
2025-03-24 02:00:00,42228.8,42253.8,42218.8,42232.8,0,294
2025-03-24 01:45:00,42213.8,42231.8,42203.8,42229.8,0,179
2025-03-24 01:30:00,42195.8,42210.8,42179.8,42210.8,0,189
2025-03-24 01:15:00,42185.8,42200.8,42183.8,42196.8,0,146
2025-03-24 01:00:00,42182.8,42189.8,42170.8,42185.8,0,191
2025-03-24 00:45:00,42195.8,42201.8,42175.8,42181.8,0,280
2025-03-24 00:30:00,42209.8,42211.8,42191.8,42197.8,0,264
2025-03-24 00:15:00,42220.8,42231.8,42189.8,42209.8,0,251
2025-03-21 22:45:00,42010.8,42015.8,42000.8,42006.8,0,171
2025-03-21 22:30:00,42011.4,42031.8,42009.4,42012.8,0,239
2025-03-21 22:15:00,42023.4,42029.8,41999.8,42011.8,0,313
2025-03-21 22:00:00,41992.8,42032.8,41984.8,42021.8,0,715
2025-03-21 21:45:00,41882.9,42028.9,41872.9,41995.9,0,1110
2025-03-21 21:30:00,41865.9,41906.9,41849.9,41882.9,0,949
2025-03-21 21:15:00,41883.9,41904.9,41844.9,41867.9,0,862
2025-03-21 21:00:00,41899.9,41905.9,41843.9,41885.9,0,1006
2025-03-21 20:45:00,41941.9,41945.9,41885.9,41900.9,0,868
2025-03-21 20:30:00,41873.9,41949.9,41872.9,41941.9,0,887
2025-03-21 20:15:00,41926.9,41953.9,41869.9,41873.9,0,888
2025-03-21 20:00:00,41966.9,41977.9,41904.9,41926.9,0,912
2025-03-21 19:45:00,41954.9,42029.9,41952.9,41963.9,0,896
2025-03-21 19:30:00,41894.9,41972.9,41850.9,41953.9,0,852
2025-03-21 19:15:00,41934.9,41948.9,41886.9,41891.9,0,891
2025-03-21 19:00:00,41975.9,41976.9,41920.9,41935.9,0,947
2025-03-21 18:45:00,41869.9,41982.9,41869.9,41979.9,0,955
2025-03-21 18:30:00,41896.9,41905.9,41854.9,41868.9,0,1047
2025-03-21 18:15:00,41791.9,41912.9,41786.9,41896.9,0,1029
2025-03-21 18:00:00,41677.9,41820.9,41652.9,41789.9,0,1051
2025-03-21 17:45:00,41654.9,41710.9,41620.9,41679.9,0,1054
2025-03-21 17:30:00,41706.9,41750.9,41645.9,41656.9,0,1015
2025-03-21 17:15:00,41721.9,41750.9,41695.9,41705.9,0,1051
2025-03-21 17:00:00,41743.9,41784.9,41719.9,41720.9,0,1115
2025-03-21 16:45:00,41625.9,41736.9,41601.9,41735.9,0,1092
2025-03-21 16:30:00,41576.9,41632.9,41549.9,41624.9,0,1125
2025-03-21 16:15:00,41506.9,41596.9,41480.9,41581.9,0,1176
2025-03-21 16:00:00,41581.9,41581.9,41442.9,41510.9,0,1269
2025-03-21 15:45:00,41597.9,41617.9,41483.9,41573.9,0,1290
2025-03-21 15:30:00,41634.8,41648.9,41502.9,41597.9,0,1455
2025-03-21 15:15:00,41612.8,41642.8,41558.8,41629.4,0,993
2025-03-21 15:00:00,41660.8,41669.8,41604.8,41613.8,0,892
2025-03-21 14:45:00,41665.3,41724.8,41656.3,41660.8,0,832
2025-03-21 14:30:00,41830.8,41843.8,41664.3,41667.8,0,784
2025-03-21 14:15:00,41883.8,41885.8,41825.8,41831.8,0,555
2025-03-21 14:00:00,41835.8,41892.8,41832.8,41883.8,0,548
2025-03-21 13:45:00,41853.8,41864.3,41813.8,41836.8,0,438
2025-03-21 13:30:00,41865.8,41873.8,41850.8,41852.8,0,389
2025-03-21 13:15:00,41861.8,41874.8,41844.8,41865.8,0,436
2025-03-21 13:00:00,41877.8,41877.8,41843.8,41861.8,0,533
2025-03-21 12:45:00,41838.8,41887.8,41838.8,41877.8,0,498
2025-03-21 12:30:00,41866.8,41871.3,41822.8,41840.8,0,491
2025-03-21 12:15:00,41894.8,41904.8,41860.3,41866.8,0,437
2025-03-21 12:00:00,41837.8,41895.8,41837.8,41895.8,0,508
2025-03-21 11:45:00,41849.3,41853.8,41823.8,41837.8,0,409
2025-03-21 11:30:00,41823.8,41857.8,41815.8,41850.8,0,488
2025-03-21 11:15:00,41824.8,41836.8,41795.8,41824.8,0,519
2025-03-21 11:00:00,41815.8,41828.3,41784.8,41825.3,0,613
2025-03-21 10:45:00,41778.8,41819.8,41770.8,41814.8,0,730
2025-03-21 10:30:00,41797.8,41824.8,41764.8,41775.8,0,714
2025-03-21 10:15:00,41913.3,41915.8,41786.8,41796.8,0,835
2025-03-21 10:00:00,41893.8,41948.8,41869.8,41912.8,0,691
2025-03-21 09:45:00,41874.8,41908.8,41863.8,41896.8,0,386
2025-03-21 09:30:00,41908.8,41916.8,41864.8,41874.8,0,345
2025-03-21 09:15:00,41953.8,41953.8,41908.8,41909.8,0,282
2025-03-21 09:00:00,41985.8,41992.8,41950.8,41954.8,0,335
2025-03-21 08:45:00,41942.8,41985.8,41939.8,41984.8,0,195
2025-03-21 08:30:00,41921.8,41945.8,41908.8,41942.8,0,291
2025-03-21 08:15:00,41926.8,41934.8,41918.8,41921.8,0,203
2025-03-21 08:00:00,41917.8,41932.8,41911.8,41926.8,0,225
2025-03-21 07:45:00,41893.8,41919.8,41884.8,41918.8,0,204
2025-03-21 07:30:00,41946.8,41949.8,41893.8,41893.8,0,260
2025-03-21 07:15:00,41934.8,41957.8,41934.8,41945.8,0,206
2025-03-21 07:00:00,41951.8,41951.8,41929.8,41935.8,0,237
2025-03-21 06:45:00,41956.8,41960.8,41946.8,41951.8,0,179
2025-03-21 06:30:00,41987.8,41987.8,41954.8,41956.8,0,174
2025-03-21 06:15:00,41988.8,41995.8,41982.8,41986.8,0,146
2025-03-21 06:00:00,41979.8,41995.8,41978.8,41988.8,0,139
2025-03-21 05:45:00,41984.8,41993.8,41978.8,41980.8,0,196
2025-03-21 05:30:00,41992.8,41995.8,41977.8,41984.8,0,206
2025-03-21 05:15:00,41992.8,41997.8,41973.8,41992.8,0,238
2025-03-21 05:00:00,42009.8,42011.8,41984.8,41992.8,0,340
2025-03-21 04:45:00,41996.8,42020.8,41996.8,42009.8,0,192
2025-03-21 04:30:00,41994.8,42001.8,41984.8,41996.8,0,207
2025-03-21 04:15:00,42006.8,42006.8,41980.8,41993.8,0,218
2025-03-21 04:00:00,42018.8,42021.8,41997.8,42006.8,0,214
2025-03-21 03:45:00,42011.8,42022.8,42005.8,42019.8,0,172
2025-03-21 03:30:00,42005.8,42021.8,41996.8,42010.8,0,247
2025-03-21 03:15:00,41988.8,42005.8,41975.8,42003.8,0,219
2025-03-21 03:00:00,41996.8,42004.8,41984.8,41988.8,0,233
2025-03-21 02:45:00,41996.8,42004.8,41988.8,41997.8,0,212
2025-03-21 02:30:00,41997.8,42017.8,41990.8,41996.8,0,231
2025-03-21 02:15:00,42010.8,42020.8,41991.8,41996.8,0,252
2025-03-21 02:00:00,41975.8,42013.8,41969.8,42010.8,0,260
2025-03-21 01:45:00,41950.8,41985.8,41945.8,41978.8,0,229
2025-03-21 01:30:00,41943.8,41950.8,41930.8,41947.8,0,197
2025-03-21 01:15:00,41947.8,41950.8,41928.4,41944.8,0,227
2025-03-21 01:00:00,41987.8,41988.8,41937.8,41948.8,0,283
2025-03-21 00:45:00,42003.8,42004.8,41982.8,41986.8,0,155
2025-03-21 00:30:00,42002.8,42010.8,41995.8,42003.8,0,143
2025-03-21 00:15:00,41981.8,42008.8,41980.4,42003.8,0,218
2025-03-21 00:00:00,41987.4,41991.4,41976.4,41981.8,0,156
2025-03-20 22:45:00,41998.8,42008.8,41990.4,42000.8,0,168
2025-03-20 22:30:00,42010.8,42010.8,41991.8,41998.8,0,223
2025-03-20 22:15:00,41994.0,42021.8,41990.4,42010.4,0,356
2025-03-20 22:00:00,41983.8,42004.8,41974.8,41994.8,0,652
2025-03-20 21:45:00,41990.9,42042.9,41960.9,41982.9,0,1108
2025-03-20 21:30:00,41926.9,41991.9,41924.9,41988.9,0,1067
2025-03-20 21:15:00,41979.9,42040.9,41919.9,41923.9,0,1001
2025-03-20 21:00:00,41930.9,42000.9,41930.9,41979.9,0,991
2025-03-20 20:45:00,41911.9,42032.9,41907.9,41934.9,0,947
2025-03-20 20:30:00,41897.9,41943.9,41867.4,41912.9,0,1017
2025-03-20 20:15:00,41983.9,41999.9,41894.9,41897.9,0,1054
2025-03-20 20:00:00,41957.9,42018.9,41945.9,41984.9,0,991
2025-03-20 19:45:00,41991.9,42035.9,41924.9,41955.9,0,975
2025-03-20 19:30:00,41928.9,42001.9,41923.9,41991.9,0,973
2025-03-20 19:15:00,42088.9,42090.9,41920.9,41924.9,0,1036
2025-03-20 19:00:00,42030.9,42102.9,42025.9,42088.9,0,944
2025-03-20 18:45:00,42057.9,42082.9,42019.9,42030.9,0,1034
2025-03-20 18:30:00,42067.9,42104.9,42043.9,42057.9,0,1088
2025-03-20 18:15:00,42161.9,42161.9,42048.9,42067.9,0,1020
2025-03-20 18:00:00,42156.9,42236.3,42113.9,42161.9,0,1058
2025-03-20 17:45:00,42222.9,42245.9,42152.9,42159.9,0,961
2025-03-20 17:30:00,42186.9,42230.9,42122.9,42222.9,0,1045
2025-03-20 17:15:00,42233.9,42246.9,42175.9,42187.9,0,999
2025-03-20 17:00:00,42245.9,42258.9,42208.9,42235.9,0,1108
2025-03-20 16:45:00,42271.9,42288.9,42230.9,42241.9,0,1070
2025-03-20 16:30:00,42212.9,42290.9,42182.9,42272.9,0,1113
2025-03-20 16:15:00,42112.9,42242.9,42073.9,42213.9,0,1171
2025-03-20 16:00:00,41974.4,42115.9,41974.4,42108.9,0,1270
2025-03-20 15:45:00,41861.9,41993.9,41830.9,41969.9,0,1108
2025-03-20 15:30:00,41762.8,41864.9,41725.9,41860.9,0,1351
2025-03-20 15:15:00,41809.8,41825.8,41745.9,41764.8,0,663
2025-03-20 15:00:00,41839.8,41839.8,41790.8,41809.8,0,698
2025-03-20 14:45:00,41859.8,41873.3,41838.8,41839.8,0,493
2025-03-20 14:30:00,41856.8,41870.3,41832.3,41860.8,0,626
2025-03-20 14:15:00,41864.8,41868.8,41835.8,41854.8,0,545
2025-03-20 14:00:00,41892.8,41905.8,41862.8,41864.3,0,517
2025-03-20 13:45:00,41892.8,41899.8,41873.3,41891.8,0,472
2025-03-20 13:30:00,41851.8,41897.8,41821.8,41893.8,0,546
2025-03-20 13:15:00,41877.8,41893.8,41845.8,41851.8,0,608
2025-03-20 13:00:00,41845.3,41882.8,41831.8,41874.3,0,716
2025-03-20 12:45:00,41754.8,41859.8,41752.8,41846.8,0,817
2025-03-20 12:30:00,41759.8,41794.8,41718.8,41754.8,0,1011
2025-03-20 12:15:00,41909.8,41911.8,41746.8,41759.8,0,1142
2025-03-20 12:00:00,42011.8,42015.8,41894.8,41911.8,0,804
2025-03-20 11:45:00,42045.8,42046.8,41988.8,42009.8,0,652
2025-03-20 11:30:00,42080.8,42085.8,42038.8,42045.8,0,637
2025-03-20 11:15:00,42123.8,42128.8,42074.3,42080.8,0,590
2025-03-20 11:00:00,42138.8,42143.8,42115.8,42124.8,0,498
2025-03-20 10:45:00,42162.8,42168.8,42128.8,42137.8,0,394
2025-03-20 10:30:00,42165.8,42175.8,42159.8,42163.8,0,344
2025-03-20 10:15:00,42159.3,42168.8,42148.8,42157.8,0,344
2025-03-20 10:00:00,42096.8,42160.3,42096.8,42159.8,0,558
2025-03-20 09:45:00,42107.8,42116.8,42100.8,42103.8,0,232
2025-03-20 09:30:00,42116.8,42117.8,42098.8,42107.8,0,213
2025-03-20 09:15:00,42128.8,42131.8,42097.8,42116.8,0,244
2025-03-20 09:00:00,42121.8,42140.8,42109.8,42127.8,0,317
2025-03-20 08:45:00,42139.8,42141.8,42118.8,42120.8,0,173
2025-03-20 08:30:00,42132.8,42140.8,42118.8,42138.8,0,178
2025-03-20 08:15:00,42150.8,42154.8,42130.8,42133.8,0,130
2025-03-20 08:00:00,42150.8,42155.8,42145.8,42150.8,0,135
2025-03-20 07:45:00,42139.8,42154.8,42139.8,42150.8,0,105
2025-03-20 07:30:00,42142.8,42147.8,42138.8,42139.8,0,112
2025-03-20 07:15:00,42143.8,42146.8,42136.8,42142.8,0,107
2025-03-20 07:00:00,42134.8,42145.8,42129.8,42144.8,0,132
2025-03-20 06:45:00,42133.8,42139.8,42131.8,42134.8,0,103
2025-03-20 06:30:00,42147.8,42152.8,42131.8,42133.8,0,118
2025-03-20 06:15:00,42134.8,42149.8,42133.8,42147.8,0,79
2025-03-20 06:00:00,42141.8,42142.8,42132.8,42133.8,0,95
2025-03-20 05:45:00,42150.8,42151.8,42135.8,42140.8,0,113
2025-03-20 05:30:00,42149.8,42155.8,42145.8,42150.8,0,124
2025-03-20 05:15:00,42158.8,42161.8,42149.8,42149.8,0,156
2025-03-20 05:00:00,42122.8,42159.8,42122.8,42159.8,0,174
2025-03-20 04:45:00,42119.8,42129.8,42111.8,42122.8,0,141
2025-03-20 04:30:00,42123.8,42131.8,42110.8,42119.8,0,134
2025-03-20 04:15:00,42110.8,42133.8,42107.8,42123.8,0,168
2025-03-20 04:00:00,42101.8,42114.8,42093.8,42110.8,0,215
2025-03-20 03:45:00,42101.8,42114.8,42099.8,42101.8,0,175
2025-03-20 03:30:00,42112.8,42114.8,42098.8,42101.8,0,178
2025-03-20 03:15:00,42129.8,42129.8,42112.8,42112.8,0,148
2025-03-20 03:00:00,42125.8,42133.8,42115.8,42129.8,0,162
2025-03-20 02:45:00,42126.8,42130.8,42118.8,42126.8,0,146
2025-03-20 02:30:00,42116.8,42133.8,42111.8,42125.8,0,252
2025-03-20 02:15:00,42090.8,42121.8,42081.8,42116.8,0,210
2025-03-20 02:00:00,42098.8,42112.8,42087.8,42090.8,0,192
2025-03-20 01:45:00,42086.8,42104.8,42083.8,42098.8,0,165
2025-03-20 01:30:00,42081.8,42094.8,42069.8,42086.8,0,168
2025-03-20 01:15:00,42074.8,42086.8,42071.8,42080.8,0,163
2025-03-20 01:00:00,42082.8,42090.8,42069.8,42073.8,0,252
2025-03-20 00:45:00,42084.8,42106.8,42075.8,42082.8,0,245
2025-03-20 00:30:00,42079.4,42095.8,42067.8,42084.8,0,238
2025-03-20 00:15:00,42076.8,42081.8,42059.8,42077.8,0,220
2025-03-20 00:00:00,42032.4,42076.8,42019.4,42076.8,0,353
2025-03-19 22:45:00,42016.8,42024.8,42009.9,42018.8,0,229
2025-03-19 22:30:00,42025.4,42036.8,42014.4,42016.8,0,218
2025-03-19 22:15:00,42029.4,42042.8,42013.4,42026.8,0,315
2025-03-19 22:00:00,42018.4,42048.4,42008.8,42027.8,0,765
2025-03-19 21:45:00,42123.9,42139.9,41984.9,42013.9,0,1235
2025-03-19 21:30:00,42018.9,42137.9,42009.9,42126.9,0,1240
2025-03-19 21:15:00,42190.9,42204.9,41980.9,42022.9,0,1240
2025-03-19 21:00:00,42067.9,42227.9,42064.9,42188.9,0,1254
2025-03-19 20:45:00,41960.9,42102.9,41930.9,42070.9,0,1310
2025-03-19 20:30:00,41811.9,41975.9,41811.9,41958.9,0,1285
2025-03-19 20:15:00,41841.9,41876.9,41796.9,41809.9,0,1084
2025-03-19 20:00:00,41717.9,41878.9,41572.3,41840.9,0,1523
2025-03-19 19:45:00,41763.9,41771.9,41694.9,41717.3,0,786
2025-03-19 19:30:00,41754.9,41807.9,41726.9,41765.9,0,818
2025-03-19 19:15:00,41780.9,41791.9,41743.9,41754.9,0,779
2025-03-19 19:00:00,41864.9,41878.9,41773.9,41782.9,0,751
2025-03-19 18:45:00,41892.9,41906.9,41854.9,41863.9,0,627
2025-03-19 18:30:00,41910.9,41919.9,41871.9,41892.9,0,653
2025-03-19 18:15:00,41913.9,41921.9,41887.9,41908.9,0,707
2025-03-19 18:00:00,41943.9,41972.9,41905.9,41912.9,0,730
2025-03-19 17:45:00,41892.9,41992.9,41884.9,41943.9,0,791
2025-03-19 17:30:00,41856.9,41910.9,41847.9,41891.9,0,747
2025-03-19 17:15:00,41874.9,41877.9,41805.9,41856.9,0,798
2025-03-19 17:00:00,41838.9,41882.9,41830.9,41874.9,0,822
2025-03-19 16:45:00,41847.9,41876.9,41821.9,41837.9,0,909
2025-03-19 16:30:00,41871.6,41895.6,41837.9,41847.9,0,933
2025-03-19 16:15:00,41834.6,41890.6,41820.6,41865.6,0,978
2025-03-19 16:00:00,41837.6,41864.6,41818.6,41833.6,0,1034
2025-03-19 15:45:00,41733.9,41878.6,41723.9,41836.6,0,1196
2025-03-19 15:30:00,41735.3,41794.9,41674.9,41736.9,0,1315
2025-03-19 15:15:00,41661.8,41728.8,41656.8,41726.8,0,580
2025-03-19 15:00:00,41645.8,41705.3,41643.3,41661.8,0,471
2025-03-19 14:45:00,41641.8,41667.8,41638.8,41646.8,0,448
2025-03-19 14:30:00,41630.8,41642.8,41615.8,41641.8,0,444
2025-03-19 14:15:00,41638.8,41656.8,41619.8,41631.8,0,447
2025-03-19 14:00:00,41661.8,41678.8,41636.8,41638.8,0,435
2025-03-19 13:45:00,41689.8,41690.3,41626.8,41663.8,0,473
2025-03-19 13:30:00,41666.8,41691.8,41664.8,41690.8,0,342
2025-03-19 13:15:00,41679.8,41679.8,41663.8,41667.8,0,338
2025-03-19 13:00:00,41663.8,41685.8,41656.8,41678.8,0,375
2025-03-19 12:45:00,41660.8,41670.8,41644.8,41662.8,0,405
2025-03-19 12:30:00,41672.8,41688.8,41651.8,41661.3,0,406
2025-03-19 12:15:00,41682.8,41683.8,41667.8,41672.8,0,349
2025-03-19 12:00:00,41687.8,41699.8,41659.8,41682.8,0,506
2025-03-19 11:45:00,41667.3,41701.8,41662.8,41687.8,0,383
2025-03-19 11:30:00,41644.8,41675.8,41638.8,41666.8,0,413
2025-03-19 11:15:00,41605.3,41648.8,41597.8,41645.8,0,445
2025-03-19 11:00:00,41641.8,41647.3,41601.8,41605.8,0,550
2025-03-19 10:45:00,41650.3,41661.8,41640.8,41642.8,0,393
2025-03-19 10:30:00,41650.3,41680.8,41644.3,41651.8,0,520
2025-03-19 10:15:00,41618.8,41654.8,41600.8,41647.8,0,598
2025-03-19 10:00:00,41582.8,41622.8,41582.8,41616.8,0,815
2025-03-19 09:45:00,41568.8,41604.8,41550.8,41586.8,0,530
2025-03-19 09:30:00,41641.8,41649.8,41551.8,41568.8,0,490
2025-03-19 09:15:00,41591.8,41644.8,41591.8,41641.8,0,337
2025-03-19 09:00:00,41652.8,41652.8,41582.8,41591.8,0,345
2025-03-19 08:45:00,41646.8,41655.8,41641.8,41654.8,0,128
2025-03-19 08:30:00,41646.8,41654.8,41622.8,41646.8,0,251
2025-03-19 08:15:00,41630.8,41647.8,41625.8,41645.8,0,204
2025-03-19 08:00:00,41658.8,41661.8,41630.8,41630.8,0,166
2025-03-19 07:45:00,41677.8,41678.8,41652.8,41659.8,0,129
2025-03-19 07:30:00,41667.8,41680.8,41666.4,41677.8,0,163
2025-03-19 07:15:00,41643.8,41670.8,41642.8,41668.8,0,189
2025-03-19 07:00:00,41653.8,41654.8,41641.8,41643.8,0,161
2025-03-19 06:45:00,41652.8,41659.8,41649.8,41654.8,0,100
2025-03-19 06:30:00,41649.8,41658.8,41644.8,41652.8,0,120
2025-03-19 06:15:00,41658.8,41658.8,41648.8,41650.8,0,128
2025-03-19 06:00:00,41672.8,41676.8,41655.8,41658.8,0,138
2025-03-19 05:45:00,41668.8,41673.8,41664.8,41672.8,0,123
2025-03-19 05:30:00,41672.8,41673.8,41658.9,41668.8,0,96
2025-03-19 05:15:00,41687.8,41690.8,41672.8,41672.8,0,116
2025-03-19 05:00:00,41679.8,41688.8,41678.8,41687.8,0,135
2025-03-19 04:45:00,41684.8,41684.8,41668.8,41678.8,0,207
2025-03-19 04:30:00,41692.8,41694.8,41679.8,41684.8,0,215
2025-03-19 04:15:00,41689.8,41705.8,41689.8,41692.8,0,163
2025-03-19 04:00:00,41684.8,41695.8,41678.8,41689.8,0,171
2025-03-19 03:45:00,41691.8,41692.8,41675.8,41683.8,0,210
2025-03-19 03:30:00,41697.8,41699.8,41678.8,41691.8,0,289
2025-03-19 03:15:00,41700.8,41703.8,41687.8,41698.8,0,215
2025-03-19 03:00:00,41720.8,41723.8,41699.8,41700.8,0,264
2025-03-19 02:45:00,41713.8,41733.8,41708.8,41720.8,0,291
2025-03-19 02:30:00,41683.8,41716.8,41683.8,41713.8,0,300
2025-03-19 02:15:00,41670.8,41692.8,41665.8,41684.8,0,262
2025-03-19 02:00:00,41653.8,41675.8,41650.8,41670.8,0,296
2025-03-19 01:45:00,41640.8,41655.8,41640.8,41653.8,0,180
2025-03-19 01:30:00,41629.8,41651.8,41621.8,41641.8,0,188
2025-03-19 01:15:00,41640.8,41640.8,41620.8,41629.8,0,209
2025-03-19 01:00:00,41625.8,41645.8,41625.8,41640.8,0,187
2025-03-19 00:45:00,41607.8,41637.8,41606.8,41624.8,0,220
2025-03-19 00:30:00,41568.8,41609.8,41567.8,41608.8,0,186
2025-03-19 00:15:00,41592.8,41594.8,41568.8,41569.8,0,229
2025-03-19 00:00:00,41615.4,41623.8,41581.8,41591.8,0,282
2025-03-18 22:45:00,41620.5,41628.5,41607.5,41620.7,0,218
2025-03-18 22:30:00,41627.5,41628.5,41620.5,41620.5,0,207
2025-03-18 22:15:00,41645.5,41649.5,41620.5,41627.5,0,307
2025-03-18 22:00:00,41629.5,41665.5,41624.5,41645.5,0,608
2025-03-18 21:45:00,41626.6,41666.6,41574.6,41621.6,0,1200
2025-03-18 21:30:00,41661.6,41672.6,41621.6,41628.6,0,987
2025-03-18 21:15:00,41632.6,41674.6,41621.6,41658.6,0,979
2025-03-18 21:00:00,41631.6,41637.6,41582.6,41632.6,0,930
2025-03-18 20:45:00,41614.6,41692.6,41613.6,41636.6,0,1007
2025-03-18 20:30:00,41593.6,41661.6,41593.6,41615.6,0,912
2025-03-18 20:15:00,41553.6,41665.6,41551.6,41594.6,0,991
2025-03-18 20:00:00,41599.6,41617.6,41542.6,41552.6,0,1046
2025-03-18 19:45:00,41617.6,41649.6,41573.6,41599.6,0,956
2025-03-18 19:30:00,41558.6,41637.6,41543.6,41618.6,0,1033
2025-03-18 19:15:00,41534.6,41590.6,41447.6,41557.6,0,1141
2025-03-18 19:00:00,41520.6,41543.6,41475.6,41535.6,0,952
2025-03-18 18:45:00,41506.6,41542.6,41450.6,41519.6,0,1043
2025-03-18 18:30:00,41606.6,41621.6,41494.6,41503.6,0,958
2025-03-18 18:15:00,41580.6,41610.6,41532.5,41610.6,0,910
2025-03-18 18:00:00,41513.6,41587.6,41499.6,41579.6,0,935
2025-03-18 17:45:00,41568.6,41587.6,41493.6,41512.6,0,984
2025-03-18 17:30:00,41543.6,41599.6,41519.6,41570.6,0,1039
2025-03-18 17:15:00,41590.6,41608.6,41531.6,41542.6,0,1060
2025-03-18 17:00:00,41628.6,41640.6,41553.6,41592.6,0,1146
2025-03-18 16:45:00,41688.6,41690.6,41608.6,41627.6,0,1125
2025-03-18 16:30:00,41706.6,41746.6,41674.6,41684.6,0,1137
2025-03-18 16:15:00,41660.9,41721.6,41644.9,41703.6,0,1215
2025-03-18 16:00:00,41648.9,41706.9,41623.9,41658.9,0,1286
2025-03-18 15:45:00,41672.9,41712.9,41633.9,41649.9,0,1349
2025-03-18 15:30:00,41816.8,41837.8,41654.9,41676.9,0,1353
2025-03-18 15:15:00,41787.8,41815.8,41760.8,41815.8,0,721
2025-03-18 15:00:00,41765.8,41791.8,41739.8,41786.8,0,644
2025-03-18 14:45:00,41815.8,41835.8,41750.8,41765.8,0,509
2025-03-18 14:30:00,41825.4,41851.8,41796.8,41815.8,0,595
2025-03-18 14:15:00,41821.8,41835.8,41800.3,41823.9,0,447
2025-03-18 14:00:00,41846.3,41846.3,41795.8,41822.3,0,513
2025-03-18 13:45:00,41795.8,41860.8,41793.8,41846.8,0,456
2025-03-18 13:30:00,41800.8,41802.3,41763.8,41795.8,0,537
2025-03-18 13:15:00,41825.8,41832.8,41799.8,41800.8,0,422
2025-03-18 13:00:00,41818.8,41838.8,41792.4,41825.8,0,537
2025-03-18 12:45:00,41792.8,41822.8,41787.8,41815.8,0,419
2025-03-18 12:30:00,41787.8,41795.8,41742.8,41790.8,0,548
2025-03-18 12:15:00,41793.8,41804.8,41712.8,41787.8,0,692
2025-03-18 12:00:00,41871.8,41872.8,41778.8,41794.8,0,590
2025-03-18 11:45:00,41906.8,41909.8,41868.3,41870.8,0,399
2025-03-18 11:30:00,41906.8,41910.8,41893.8,41906.8,0,425
2025-03-18 11:15:00,41895.8,41921.8,41885.8,41905.8,0,404
2025-03-18 11:00:00,41895.8,41903.3,41881.8,41895.8,0,441
2025-03-18 10:45:00,41874.8,41894.8,41855.8,41894.8,0,482
2025-03-18 10:30:00,41859.8,41917.8,41857.8,41875.8,0,560
2025-03-18 10:15:00,41838.8,41867.3,41836.8,41860.8,0,524
2025-03-18 10:00:00,41820.8,41845.8,41807.8,41837.8,0,628
2025-03-18 09:45:00,41835.8,41836.8,41814.8,41822.8,0,237
2025-03-18 09:30:00,41826.8,41846.8,41821.8,41838.8,0,251
2025-03-18 09:15:00,41809.8,41832.8,41805.8,41826.8,0,238
2025-03-18 09:00:00,41823.8,41836.8,41802.8,41809.8,0,299
2025-03-18 08:45:00,41827.8,41832.8,41817.8,41823.8,0,151
2025-03-18 08:30:00,41817.8,41829.8,41802.8,41827.8,0,170
2025-03-18 08:15:00,41795.8,41819.8,41793.8,41818.8,0,162
2025-03-18 08:00:00,41799.8,41800.8,41787.8,41795.8,0,147
2025-03-18 07:45:00,41789.8,41801.8,41789.8,41797.8,0,142
2025-03-18 07:30:00,41786.8,41792.8,41783.8,41789.8,0,133
2025-03-18 07:15:00,41799.8,41799.8,41784.8,41786.8,0,132
2025-03-18 07:00:00,41785.8,41807.8,41784.8,41798.8,0,140
2025-03-18 06:45:00,41786.8,41792.8,41780.8,41784.8,0,125
2025-03-18 06:30:00,41800.8,41803.8,41768.8,41786.8,0,182
2025-03-18 06:15:00,41802.8,41808.8,41796.8,41800.8,0,95
2025-03-18 06:00:00,41790.8,41802.8,41789.8,41801.8,0,135
2025-03-18 05:45:00,41797.8,41799.8,41786.8,41791.8,0,146
2025-03-18 05:30:00,41799.8,41801.8,41787.8,41797.8,0,145
2025-03-18 05:15:00,41809.8,41809.8,41787.8,41799.8,0,157
2025-03-18 05:00:00,41822.8,41825.8,41793.8,41808.8,0,189
2025-03-18 04:45:00,41815.8,41825.8,41813.8,41822.8,0,169
2025-03-18 04:30:00,41809.8,41819.8,41803.8,41814.8,0,174
2025-03-18 04:15:00,41825.8,41832.8,41809.8,41810.8,0,185
2025-03-18 04:00:00,41826.8,41838.8,41817.8,41825.8,0,244
2025-03-18 03:45:00,41841.8,41845.8,41820.8,41827.8,0,252
2025-03-18 03:30:00,41876.8,41876.8,41837.8,41841.8,0,320
2025-03-18 03:15:00,41884.8,41888.8,41863.8,41876.8,0,271
2025-03-18 03:00:00,41886.8,41897.8,41875.8,41885.8,0,239
2025-03-18 02:45:00,41876.8,41890.8,41875.8,41886.8,0,208
2025-03-18 02:30:00,41887.8,41890.8,41875.8,41876.8,0,226
2025-03-18 02:15:00,41895.8,41901.8,41869.8,41885.8,0,293
2025-03-18 02:00:00,41905.8,41915.8,41885.8,41895.8,0,320
2025-03-18 01:45:00,41917.8,41930.8,41903.8,41905.8,0,171
2025-03-18 01:30:00,41906.8,41917.8,41903.8,41916.8,0,145
2025-03-18 01:15:00,41891.8,41914.8,41891.8,41907.8,0,239
2025-03-18 01:00:00,41933.8,41935.8,41892.8,41892.8,0,233
2025-03-18 00:45:00,41925.8,41934.8,41917.8,41933.8,0,138
2025-03-18 00:30:00,41913.8,41929.8,41909.8,41924.8,0,211
2025-03-18 00:15:00,41912.8,41917.8,41891.8,41914.8,0,248
2025-03-18 00:00:00,41912.8,41938.8,41912.8,41912.8,0,286
2025-03-17 22:45:00,41896.0,41905.0,41883.0,41902.0,0,196
2025-03-17 22:30:00,41895.0,41908.0,41890.0,41896.0,0,187
2025-03-17 22:15:00,41900.0,41901.0,41875.0,41895.0,0,302
2025-03-17 22:00:00,41904.0,41913.0,41861.0,41899.0,0,640
2025-03-17 21:45:00,42015.3,42020.3,41888.3,41900.3,0,1058
2025-03-17 21:30:00,42029.3,42044.3,41984.3,42015.3,0,929
2025-03-17 21:15:00,41995.3,42037.3,41976.3,42032.3,0,893
2025-03-17 21:00:00,42026.3,42036.3,41976.3,41995.3,0,839
2025-03-17 20:45:00,42014.3,42064.3,42009.3,42027.3,0,767
2025-03-17 20:30:00,42000.3,42022.3,41983.3,42013.3,0,693
2025-03-17 20:15:00,42000.3,42016.3,41962.3,41999.3,0,817
2025-03-17 20:00:00,41933.3,42007.6,41931.3,41999.3,0,876
2025-03-17 19:45:00,41925.3,41938.3,41883.3,41933.3,0,804
2025-03-17 19:30:00,41846.9,41932.3,41838.9,41925.3,0,833
2025-03-17 19:15:00,41828.9,41857.9,41797.9,41846.9,0,830
2025-03-17 19:00:00,41780.9,41829.9,41739.9,41827.9,0,883
2025-03-17 18:45:00,41732.9,41811.9,41700.9,41781.9,0,936
2025-03-17 18:30:00,41728.9,41777.9,41712.9,41731.9,0,963
2025-03-17 18:15:00,41784.9,41788.9,41711.9,41728.9,0,977
2025-03-17 18:00:00,41720.9,41808.9,41679.9,41783.9,0,972
2025-03-17 17:45:00,41689.9,41749.9,41671.9,41719.9,0,957
2025-03-17 17:30:00,41747.9,41766.9,41654.9,41689.9,0,1092
2025-03-17 17:15:00,41755.9,41797.9,41720.9,41746.9,0,1019
2025-03-17 17:00:00,41688.9,41762.9,41674.9,41754.9,0,1151
2025-03-17 16:45:00,41779.9,41780.9,41661.9,41682.9,0,1140
2025-03-17 16:30:00,41704.9,41787.9,41668.9,41779.9,0,1190
2025-03-17 16:15:00,41730.9,41757.9,41688.3,41704.9,0,1241
2025-03-17 16:00:00,41707.9,41736.9,41610.9,41722.9,0,1278
2025-03-17 15:45:00,41774.3,41809.3,41685.3,41715.9,0,1212
2025-03-17 15:30:00,41485.8,41775.3,41467.8,41773.3,0,1342
2025-03-17 15:15:00,41471.8,41494.8,41451.8,41480.8,0,559
2025-03-17 15:00:00,41457.8,41483.8,41426.8,41471.8,0,646
2025-03-17 14:45:00,41474.8,41489.8,41448.8,41457.8,0,617
2025-03-17 14:30:00,41327.3,41497.8,41295.8,41474.8,0,934
2025-03-17 14:15:00,41340.8,41347.8,41324.8,41327.3,0,501
2025-03-17 14:00:00,41352.8,41361.8,41310.3,41340.8,0,551
2025-03-17 13:45:00,41386.8,41391.8,41351.8,41352.8,0,465
2025-03-17 13:30:00,41397.8,41413.8,41376.3,41386.8,0,486
2025-03-17 13:15:00,41433.8,41440.8,41396.8,41397.8,0,365
2025-03-17 13:00:00,41411.8,41445.8,41410.3,41433.3,0,355
2025-03-17 12:45:00,41391.8,41414.8,41390.8,41410.3,0,359
2025-03-17 12:30:00,41376.8,41405.3,41370.8,41390.8,0,384
2025-03-17 12:15:00,41361.8,41379.8,41356.8,41376.8,0,307
2025-03-17 12:00:00,41331.8,41363.8,41316.8,41361.8,0,412
2025-03-17 11:45:00,41342.8,41362.8,41328.8,41332.8,0,426
2025-03-17 11:30:00,41339.8,41353.8,41326.3,41342.8,0,413
2025-03-17 11:15:00,41327.8,41341.8,41309.8,41339.8,0,427
2025-03-17 11:00:00,41319.8,41353.8,41306.8,41327.8,0,511
2025-03-17 10:45:00,41321.8,41333.8,41308.8,41320.8,0,485
2025-03-17 10:30:00,41321.8,41325.8,41282.8,41325.3,0,622
2025-03-17 10:15:00,41294.8,41333.8,41267.8,41320.8,0,569
2025-03-17 10:00:00,41348.8,41351.3,41276.8,41292.8,0,739
2025-03-17 09:45:00,41301.8,41342.8,41301.8,41341.8,0,355
2025-03-17 09:30:00,41310.8,41316.8,41274.8,41302.8,0,330
2025-03-17 09:15:00,41297.8,41322.8,41270.3,41311.8,0,312
2025-03-17 09:00:00,41317.8,41317.8,41286.8,41296.8,0,331
2025-03-17 08:45:00,41314.8,41324.8,41309.8,41317.8,0,175
2025-03-17 08:30:00,41295.8,41317.8,41293.8,41315.8,0,253
2025-03-17 08:15:00,41336.8,41336.8,41290.8,41295.8,0,225
2025-03-17 08:00:00,41343.8,41349.8,41330.8,41335.8,0,150
2025-03-17 07:45:00,41348.8,41349.8,41338.8,41344.8,0,118
2025-03-17 07:30:00,41353.8,41357.8,41345.8,41348.8,0,132
2025-03-17 07:15:00,41359.8,41363.8,41347.8,41353.8,0,135
2025-03-17 07:00:00,41343.8,41363.8,41342.8,41358.8,0,170
2025-03-17 06:45:00,41342.8,41349.8,41336.8,41343.8,0,103
2025-03-17 06:30:00,41333.8,41347.8,41328.8,41341.8,0,121
2025-03-17 06:15:00,41336.8,41341.8,41332.8,41333.8,0,157
2025-03-17 06:00:00,41338.8,41357.8,41332.8,41337.8,0,264
2025-03-17 05:45:00,41342.8,41351.8,41336.8,41340.8,0,136
2025-03-17 05:30:00,41332.8,41341.8,41328.8,41341.8,0,180
2025-03-17 05:15:00,41342.8,41345.8,41328.8,41332.8,0,176
2025-03-17 05:00:00,41341.8,41348.8,41318.8,41342.8,0,205
2025-03-17 04:45:00,41346.8,41355.8,41339.8,41343.8,0,212
2025-03-17 04:30:00,41358.8,41360.8,41344.8,41346.8,0,188
2025-03-17 04:15:00,41341.8,41363.8,41341.8,41357.8,0,207
2025-03-17 04:00:00,41364.8,41368.8,41340.8,41342.8,0,270
2025-03-17 03:45:00,41384.8,41391.8,41356.8,41364.8,0,236
2025-03-17 03:30:00,41377.8,41389.8,41371.8,41383.8,0,264
2025-03-17 03:15:00,41366.8,41391.8,41362.8,41378.8,0,276
2025-03-17 03:00:00,41369.8,41385.8,41357.8,41367.8,0,259
2025-03-17 02:45:00,41370.8,41386.8,41369.8,41371.8,0,254
2025-03-17 02:30:00,41358.8,41381.8,41352.8,41371.8,0,306
2025-03-17 02:15:00,41342.8,41359.8,41316.8,41359.8,0,314
2025-03-17 02:00:00,41335.8,41352.8,41314.8,41341.8,0,432
2025-03-17 01:45:00,41365.8,41367.8,41333.8,41338.8,0,278
2025-03-17 01:30:00,41347.8,41372.8,41339.8,41364.8,0,237
2025-03-17 01:15:00,41328.8,41348.8,41324.8,41348.8,0,281
2025-03-17 01:00:00,41332.8,41345.8,41301.8,41329.8,0,428
2025-03-17 00:45:00,41380.8,41380.8,41313.8,41332.8,0,515
2025-03-17 00:30:00,41370.8,41390.8,41336.8,41380.8,0,348
2025-03-17 00:15:00,41387.8,41395.8,41359.8,41371.8,0,384
2025-03-14 22:45:00,41422.0,41454.0,41415.0,41452.0,0,229
2025-03-14 22:30:00,41428.0,41443.0,41413.0,41423.0,0,324
2025-03-14 22:15:00,41440.0,41446.0,41402.0,41427.0,0,401
2025-03-14 22:00:00,41498.0,41498.0,41433.0,41437.0,0,758
2025-03-14 21:45:00,41453.3,41561.3,41436.3,41500.3,0,1069
2025-03-14 21:30:00,41453.3,41477.3,41414.3,41453.3,0,956
2025-03-14 21:15:00,41501.3,41501.3,41444.3,41451.3,0,942
2025-03-14 21:00:00,41440.3,41505.3,41425.3,41501.3,0,874
2025-03-14 20:45:00,41461.3,41490.3,41414.3,41444.3,0,886
2025-03-14 20:30:00,41380.3,41475.3,41378.3,41461.3,0,876
2025-03-14 20:15:00,41386.3,41409.3,41359.3,41374.3,0,953
2025-03-14 20:00:00,41358.3,41444.3,41358.3,41387.3,0,938
2025-03-14 19:45:00,41379.3,41403.3,41351.3,41358.3,0,954
2025-03-14 19:30:00,41434.3,41470.3,41378.3,41384.3,0,955
2025-03-14 19:15:00,41456.3,41497.3,41415.3,41435.3,0,916
2025-03-14 19:00:00,41466.3,41521.3,41447.3,41458.3,0,984
2025-03-14 18:45:00,41420.3,41478.3,41402.3,41466.3,0,954
2025-03-14 18:30:00,41330.3,41438.3,41327.3,41420.3,0,1083
2025-03-14 18:15:00,41369.3,41394.3,41315.3,41328.3,0,1089
2025-03-14 18:00:00,41468.3,41474.3,41359.9,41370.3,0,1086
2025-03-14 17:45:00,41445.3,41475.3,41393.3,41466.3,0,1106
2025-03-14 17:30:00,41387.3,41447.3,41380.3,41447.3,0,978
2025-03-14 17:15:00,41363.3,41432.3,41359.3,41386.3,0,1057
2025-03-14 17:00:00,41365.3,41399.3,41321.3,41361.3,0,1150
2025-03-14 16:45:00,41245.9,41361.3,41240.3,41361.3,0,1223
2025-03-14 16:30:00,41137.6,41246.9,41133.6,41244.9,0,1242
2025-03-14 16:15:00,41106.6,41149.6,41034.3,41143.6,0,1323
2025-03-14 16:00:00,41199.3,41231.3,41037.3,41110.6,0,1596
2025-03-14 15:45:00,41174.9,41294.9,41174.9,41221.3,0,1243
2025-03-14 15:30:00,41058.3,41178.9,40956.6,41172.9,0,1435
2025-03-14 15:15:00,41111.8,41122.8,41047.3,41066.3,0,694
2025-03-14 15:00:00,41139.8,41149.8,41109.8,41111.8,0,646
2025-03-14 14:45:00,41111.8,41148.8,41110.3,41141.3,0,620
2025-03-14 14:30:00,41141.8,41147.8,41106.3,41112.3,0,661
2025-03-14 14:15:00,41088.8,41143.3,41083.8,41141.8,0,568
2025-03-14 14:00:00,41100.3,41110.8,41068.8,41087.8,0,609
2025-03-14 13:45:00,41094.8,41120.8,41089.8,41100.3,0,519
2025-03-14 13:30:00,41072.8,41100.3,41068.3,41094.8,0,524
2025-03-14 13:15:00,41078.8,41088.8,41045.8,41071.8,0,592
2025-03-14 13:00:00,41100.8,41122.8,41077.8,41077.8,0,744
2025-03-14 12:45:00,41042.8,41131.8,41037.3,41099.8,0,819
2025-03-14 12:30:00,41044.8,41050.8,41009.8,41042.8,0,617
2025-03-14 12:15:00,41045.8,41060.8,41035.8,41045.8,0,465
2025-03-14 12:00:00,41081.8,41088.8,41043.8,41045.3,0,485
2025-03-14 11:45:00,41081.8,41103.8,41070.8,41080.8,0,446
2025-03-14 11:30:00,41095.8,41109.8,41076.8,41081.8,0,567
2025-03-14 11:15:00,41084.8,41112.8,41080.3,41095.8,0,462
2025-03-14 11:00:00,41077.8,41108.8,41077.3,41085.3,0,511
2025-03-14 10:45:00,41075.8,41091.8,41060.8,41076.8,0,518
2025-03-14 10:30:00,41090.8,41100.8,41050.8,41076.8,0,636
2025-03-14 10:15:00,41028.8,41101.3,41021.8,41088.8,0,664
2025-03-14 10:00:00,41012.8,41036.8,40985.8,41029.8,0,809
2025-03-14 09:45:00,41032.8,41048.8,40998.8,41011.8,0,372
2025-03-14 09:30:00,41013.8,41034.8,40988.8,41032.8,0,376
2025-03-14 09:15:00,41014.8,41028.8,41006.8,41013.8,0,316
2025-03-14 09:00:00,41064.8,41064.8,40999.8,41014.8,0,498
2025-03-14 08:45:00,41052.8,41069.8,41050.8,41062.8,0,271
2025-03-14 08:30:00,41032.8,41055.8,41018.8,41052.8,0,316
2025-03-14 08:15:00,41047.8,41049.8,41031.8,41034.8,0,222
2025-03-14 08:00:00,41058.8,41062.8,41033.8,41046.8,0,276
2025-03-14 07:45:00,41069.8,41072.8,41053.8,41058.8,0,221
2025-03-14 07:30:00,41074.8,41078.8,41063.8,41069.8,0,225
2025-03-14 07:15:00,41092.8,41100.8,41073.8,41074.8,0,249
2025-03-14 07:00:00,41077.8,41095.8,41076.8,41092.8,0,250
2025-03-14 06:45:00,41068.8,41080.8,41068.8,41077.8,0,156
2025-03-14 06:30:00,41055.8,41069.8,41052.8,41068.8,0,174
2025-03-14 06:15:00,41068.8,41074.8,41053.8,41055.8,0,170
2025-03-14 06:00:00,41071.8,41073.8,41062.8,41068.8,0,190
2025-03-14 05:45:00,41077.8,41078.8,41066.8,41071.8,0,173
2025-03-14 05:30:00,41079.8,41087.8,41074.8,41077.8,0,210
2025-03-14 05:15:00,41069.8,41087.8,41069.8,41079.8,0,251
2025-03-14 05:00:00,41068.8,41085.8,41063.8,41069.8,0,274
2025-03-14 04:45:00,41045.8,41073.8,41043.8,41068.8,0,234
2025-03-14 04:30:00,41053.8,41062.8,41041.8,41045.8,0,239
2025-03-14 04:15:00,41056.8,41063.8,41045.8,41052.8,0,235
2025-03-14 04:00:00,41037.8,41059.8,41036.8,41055.8,0,337
2025-03-14 03:45:00,41061.8,41068.8,41034.8,41037.8,0,297
2025-03-14 03:30:00,41038.8,41080.8,41022.8,41062.8,0,349
2025-03-14 03:15:00,41058.8,41060.8,41028.8,41037.8,0,356
2025-03-14 03:00:00,41041.8,41062.8,41027.8,41059.8,0,391
2025-03-14 02:45:00,41061.8,41065.8,41038.8,41041.8,0,329
2025-03-14 02:30:00,41018.8,41068.8,41017.8,41061.8,0,437
2025-03-14 02:15:00,41015.8,41037.8,41006.8,41018.8,0,534
2025-03-14 02:00:00,40997.8,41023.8,40966.8,41016.8,0,442
2025-03-14 01:45:00,41000.8,41017.8,40995.8,41001.8,0,281
2025-03-14 01:30:00,41007.8,41022.8,40985.8,40999.8,0,269
2025-03-14 01:15:00,41014.8,41023.8,40990.8,41009.8,0,313
2025-03-14 01:00:00,40987.8,41027.8,40983.8,41017.8,0,318
2025-03-14 00:45:00,40989.8,41013.8,40980.8,40987.8,0,279
2025-03-14 00:30:00,40958.8,41008.8,40954.8,40991.8,0,363
2025-03-14 00:15:00,40996.8,41001.8,40936.8,40958.8,0,345
2025-03-14 00:00:00,40945.4,41001.8,40921.4,40996.8,0,519
2025-03-13 22:45:00,40911.8,40924.8,40909.8,40910.8,0,279
2025-03-13 22:30:00,40929.8,40935.8,40903.8,40911.4,0,398
2025-03-13 22:15:00,40949.4,40951.4,40910.4,40929.8,0,502
2025-03-13 22:00:00,40867.8,40955.8,40862.8,40948.8,0,823
2025-03-13 21:45:00,40872.9,40896.9,40808.9,40864.9,0,1250
2025-03-13 21:30:00,40872.9,40909.9,40805.9,40871.9,0,1268
2025-03-13 21:15:00,40954.9,40975.9,40820.4,40874.9,0,1181
2025-03-13 21:00:00,40993.9,41040.9,40902.9,40949.9,0,1161
2025-03-13 20:45:00,40992.9,41013.9,40937.9,40998.9,0,1138
2025-03-13 20:30:00,40919.9,41002.9,40889.9,40992.9,0,1098
2025-03-13 20:15:00,40908.9,40920.9,40849.9,40917.9,0,1142
2025-03-13 20:00:00,40727.9,40934.9,40719.9,40908.9,0,1251
2025-03-13 19:45:00,40738.9,40773.9,40710.9,40729.9,0,1080
2025-03-13 19:30:00,40831.9,40841.9,40726.9,40739.9,0,1030
2025-03-13 19:15:00,40879.9,40883.9,40811.9,40839.9,0,1145
2025-03-13 19:00:00,40934.9,40983.9,40854.9,40877.9,0,1150
2025-03-13 18:45:00,40957.9,40977.9,40849.3,40935.9,0,1292
2025-03-13 18:30:00,40916.9,41049.9,40900.9,40961.9,0,1242
2025-03-13 18:15:00,40969.9,40977.9,40907.9,40918.9,0,1197
2025-03-13 18:00:00,40931.9,41032.9,40919.9,40972.9,0,1196
2025-03-13 17:45:00,41043.9,41064.9,40923.9,40929.9,0,1276
2025-03-13 17:30:00,41077.9,41109.9,40955.9,41047.9,0,1283
2025-03-13 17:15:00,41131.9,41132.9,41066.9,41078.9,0,1171
2025-03-13 17:00:00,41207.9,41254.9,41110.9,41125.9,0,1201
2025-03-13 16:45:00,41270.9,41286.9,41176.9,41204.9,0,1222
2025-03-13 16:30:00,41312.9,41388.9,41229.9,41270.9,0,1300
2025-03-13 16:15:00,41390.9,41411.9,41302.9,41308.9,0,1317
2025-03-13 16:00:00,41214.9,41386.9,41201.9,41386.9,0,1364
2025-03-13 15:45:00,41304.9,41319.9,41166.9,41222.9,0,1391
2025-03-13 15:30:00,41329.9,41388.6,41235.9,41305.9,0,1461
2025-03-13 15:15:00,41377.3,41402.3,41325.4,41326.9,0,676
2025-03-13 15:00:00,41341.8,41397.8,41341.8,41376.8,0,792
2025-03-13 14:45:00,41324.8,41348.8,41288.8,41341.8,0,725
2025-03-13 14:30:00,41283.3,41415.3,41283.3,41324.8,0,1049
2025-03-13 14:15:00,41246.8,41298.8,41244.8,41283.3,0,673
2025-03-13 14:00:00,41342.8,41347.8,41238.3,41246.8,0,805
2025-03-13 13:45:00,41291.8,41359.8,41275.8,41346.8,0,714
2025-03-13 13:30:00,41345.8,41376.8,41288.8,41292.8,0,633
2025-03-13 13:15:00,41368.8,41395.8,41316.8,41346.8,0,608
2025-03-13 13:00:00,41395.8,41407.8,41358.8,41369.8,0,606
2025-03-13 12:45:00,41444.8,41446.8,41372.8,41395.8,0,466
2025-03-13 12:30:00,41430.8,41447.8,41424.8,41444.8,0,378
2025-03-13 12:15:00,41427.8,41442.8,41410.8,41429.8,0,411
2025-03-13 12:00:00,41421.8,41438.8,41404.8,41428.8,0,505
2025-03-13 11:45:00,41386.8,41425.3,41381.8,41422.8,0,533
2025-03-13 11:30:00,41350.8,41387.8,41348.8,41387.8,0,469
2025-03-13 11:15:00,41299.8,41353.8,41296.8,41349.8,0,565
2025-03-13 11:00:00,41283.8,41300.8,41239.8,41298.8,0,554
2025-03-13 10:45:00,41247.8,41287.8,41243.8,41285.8,0,603
2025-03-13 10:30:00,41253.8,41262.8,41212.8,41248.8,0,725
2025-03-13 10:15:00,41214.8,41258.8,41160.8,41253.8,0,920
2025-03-13 10:00:00,41223.8,41248.8,41189.8,41214.8,0,1023
2025-03-13 09:45:00,41229.8,41265.8,41194.8,41215.8,0,588
2025-03-13 09:30:00,41292.8,41302.8,41226.8,41228.8,0,533
2025-03-13 09:15:00,41274.8,41317.8,41259.8,41290.8,0,504
2025-03-13 09:00:00,41312.8,41329.8,41252.8,41274.8,0,506
2025-03-13 08:45:00,41262.8,41325.8,41257.8,41310.8,0,467
2025-03-13 08:30:00,41268.8,41286.8,41247.8,41262.8,0,417
2025-03-13 08:15:00,41250.8,41271.8,41209.8,41268.8,0,460
2025-03-13 08:00:00,41285.8,41295.8,41215.8,41250.8,0,512
2025-03-13 07:45:00,41269.8,41290.8,41253.8,41285.8,0,376
2025-03-13 07:30:00,41303.8,41305.8,41243.8,41268.8,0,491
2025-03-13 07:15:00,41295.8,41317.8,41273.8,41302.8,0,414
2025-03-13 07:00:00,41303.8,41311.8,41286.8,41295.8,0,388
2025-03-13 06:45:00,41306.8,41318.8,41282.8,41303.8,0,323
2025-03-13 06:30:00,41328.8,41329.8,41274.8,41306.8,0,397
2025-03-13 06:15:00,41351.8,41356.8,41320.8,41328.8,0,291
2025-03-13 06:00:00,41328.8,41358.8,41326.8,41351.8,0,275
2025-03-13 05:45:00,41353.8,41356.8,41323.8,41329.8,0,303
2025-03-13 05:30:00,41373.8,41374.8,41312.8,41353.8,0,442
2025-03-13 05:15:00,41406.8,41414.8,41364.3,41372.8,0,356
2025-03-13 05:00:00,41418.8,41424.8,41389.8,41406.8,0,308
2025-03-13 04:45:00,41426.8,41430.8,41404.8,41418.8,0,255
2025-03-13 04:30:00,41424.8,41432.8,41414.8,41426.8,0,245
2025-03-13 04:15:00,41450.8,41461.8,41417.8,41425.8,0,355
2025-03-13 04:00:00,41456.8,41458.8,41440.8,41449.8,0,277
2025-03-13 03:45:00,41421.8,41457.8,41413.8,41456.8,0,297
2025-03-13 03:30:00,41420.8,41425.8,41396.8,41421.8,0,399
2025-03-13 03:15:00,41424.8,41437.8,41409.8,41421.8,0,339
2025-03-13 03:00:00,41434.8,41443.8,41404.8,41424.8,0,474
2025-03-13 02:45:00,41443.8,41454.8,41427.8,41434.8,0,290
2025-03-13 02:30:00,41462.8,41462.8,41439.8,41444.8,0,279
2025-03-13 02:15:00,41485.8,41485.8,41459.8,41462.8,0,342
2025-03-13 02:00:00,41490.8,41505.8,41480.8,41486.8,0,397
2025-03-13 01:45:00,41459.8,41494.8,41453.8,41488.8,0,291
2025-03-13 01:30:00,41449.8,41473.8,41442.8,41459.8,0,272
2025-03-13 01:15:00,41451.8,41455.8,41440.8,41449.8,0,232
2025-03-13 01:00:00,41437.8,41466.8,41433.8,41451.8,0,307
2025-03-13 00:45:00,41430.8,41441.8,41411.8,41438.8,0,247
2025-03-13 00:30:00,41424.8,41434.8,41403.8,41432.8,0,276
2025-03-13 00:15:00,41395.8,41440.8,41395.8,41425.8,0,303
2025-03-13 00:00:00,41355.8,41401.8,41350.9,41395.8,0,403
2025-03-12 22:45:00,41366.8,41376.8,41358.4,41376.4,0,348
2025-03-12 22:30:00,41380.8,41393.8,41361.4,41364.8,0,368
2025-03-12 22:15:00,41379.4,41388.8,41372.4,41379.8,0,533
2025-03-12 22:00:00,41400.8,41422.8,41374.4,41378.4,0,940
2025-03-12 21:45:00,41486.9,41504.9,41398.9,41403.9,0,1249
2025-03-12 21:30:00,41486.9,41530.9,41399.9,41488.9,0,1191
2025-03-12 21:15:00,41500.9,41537.9,41426.9,41483.9,0,1190
2025-03-12 21:00:00,41569.9,41570.9,41476.9,41503.9,0,1144
2025-03-12 20:45:00,41569.9,41626.9,41524.9,41575.9,0,1036
2025-03-12 20:30:00,41510.9,41578.9,41484.9,41571.9,0,1043
2025-03-12 20:15:00,41472.9,41511.9,41437.9,41508.9,0,1084
2025-03-12 20:00:00,41392.9,41490.9,41380.9,41470.9,0,1200
2025-03-12 19:45:00,41550.9,41586.9,41387.9,41390.9,0,1182
2025-03-12 19:30:00,41569.9,41603.9,41546.9,41550.9,0,1072
2025-03-12 19:15:00,41500.9,41572.9,41452.9,41570.9,0,1060
2025-03-12 19:00:00,41398.9,41506.9,41375.9,41502.9,0,1178
2025-03-12 18:45:00,41384.9,41510.9,41369.9,41395.9,0,1230
2025-03-12 18:30:00,41458.9,41518.9,41364.9,41379.9,0,1162
2025-03-12 18:15:00,41464.9,41484.9,41418.3,41450.9,0,1136
2025-03-12 18:00:00,41386.9,41471.9,41328.9,41463.9,0,1234
2025-03-12 17:45:00,41277.9,41398.9,41263.9,41385.9,0,1185
2025-03-12 17:30:00,41254.9,41319.9,41227.9,41277.9,0,1177
2025-03-12 17:15:00,41144.9,41265.9,41104.9,41255.9,0,1235
2025-03-12 17:00:00,41147.9,41167.9,41062.9,41143.9,0,1278
2025-03-12 16:45:00,41190.9,41246.9,41137.9,41149.9,0,1245
2025-03-12 16:30:00,41360.9,41373.9,41179.3,41194.9,0,1335
2025-03-12 16:15:00,41383.9,41404.9,41283.3,41359.9,0,1387
2025-03-12 16:00:00,41396.9,41418.9,41295.9,41385.9,0,1420
2025-03-12 15:45:00,41506.9,41576.4,41341.9,41403.9,0,1527
2025-03-12 15:30:00,41705.8,41766.9,41428.9,41500.9,0,1505
2025-03-12 15:15:00,41724.3,41729.8,41663.8,41697.8,0,958
2025-03-12 15:00:00,41796.3,41798.8,41715.3,41725.3,0,946
2025-03-12 14:45:00,41701.8,41809.5,41655.3,41794.3,0,1026
2025-03-12 14:30:00,41708.3,42033.8,41683.8,41701.8,0,1679
2025-03-12 14:15:00,41715.8,41749.3,41698.8,41701.3,0,676
2025-03-12 14:00:00,41726.8,41726.8,41695.3,41718.8,0,573
2025-03-12 13:45:00,41742.8,41742.8,41715.8,41727.8,0,513
2025-03-12 13:30:00,41727.3,41758.8,41722.3,41745.3,0,515
2025-03-12 13:15:00,41719.8,41753.3,41716.8,41726.8,0,539
2025-03-12 13:00:00,41680.8,41725.8,41679.8,41722.8,0,477
2025-03-12 12:45:00,41661.8,41706.3,41659.8,41679.8,0,405
2025-03-12 12:30:00,41637.8,41676.8,41636.8,41661.8,0,394
2025-03-12 12:15:00,41636.8,41644.8,41622.4,41636.8,0,408
2025-03-12 12:00:00,41679.3,41689.8,41626.3,41637.3,0,503
2025-03-12 11:45:00,41651.8,41690.8,41640.3,41679.8,0,578
2025-03-12 11:30:00,41675.8,41691.8,41651.3,41651.3,0,614
2025-03-12 11:15:00,41648.8,41680.8,41644.8,41674.8,0,611
2025-03-12 11:00:00,41671.8,41681.8,41636.3,41652.8,0,719
2025-03-12 10:45:00,41634.8,41680.8,41619.8,41669.8,0,736
2025-03-12 10:30:00,41543.8,41639.8,41542.8,41634.8,0,674
2025-03-12 10:15:00,41577.8,41581.8,41521.8,41543.8,0,711
2025-03-12 10:00:00,41593.8,41628.8,41548.8,41577.8,0,826
2025-03-12 09:45:00,41558.8,41604.8,41556.8,41595.8,0,389
2025-03-12 09:30:00,41532.8,41565.8,41510.8,41558.8,0,391
2025-03-12 09:15:00,41505.8,41543.8,41498.8,41532.8,0,469
2025-03-12 09:00:00,41519.8,41548.8,41491.8,41506.8,0,590
2025-03-12 08:45:00,41563.8,41566.8,41499.8,41519.8,0,345
2025-03-12 08:30:00,41561.8,41581.8,41555.8,41563.8,0,244
2025-03-12 08:15:00,41572.8,41574.8,41556.8,41561.8,0,216
2025-03-12 08:00:00,41602.8,41602.8,41571.8,41573.8,0,192
2025-03-12 07:45:00,41598.8,41605.8,41590.8,41602.8,0,143
2025-03-12 07:30:00,41569.8,41600.8,41569.8,41598.8,0,177
2025-03-12 07:15:00,41576.8,41582.8,41564.8,41569.8,0,217
2025-03-12 07:00:00,41563.8,41583.8,41561.8,41576.8,0,240
2025-03-12 06:45:00,41579.8,41580.8,41559.8,41561.8,0,177
2025-03-12 06:30:00,41590.8,41594.8,41577.8,41578.8,0,182
2025-03-12 06:15:00,41570.8,41596.8,41566.8,41590.8,0,165
2025-03-12 06:00:00,41555.8,41570.8,41546.8,41570.8,0,220
2025-03-12 05:45:00,41556.8,41564.8,41552.8,41555.8,0,152
2025-03-12 05:30:00,41548.8,41562.8,41525.8,41556.8,0,217
2025-03-12 05:15:00,41551.8,41552.8,41526.8,41548.8,0,235
2025-03-12 05:00:00,41567.8,41575.8,41550.8,41550.8,0,200
2025-03-12 04:45:00,41582.8,41586.8,41563.8,41565.8,0,184
2025-03-12 04:30:00,41598.8,41599.8,41575.8,41582.8,0,243
2025-03-12 04:15:00,41613.8,41619.8,41593.8,41597.8,0,226
2025-03-12 04:00:00,41580.8,41615.8,41576.8,41613.8,0,260
2025-03-12 03:45:00,41561.8,41586.8,41561.8,41579.8,0,285
2025-03-12 03:30:00,41544.8,41567.8,41524.8,41561.8,0,425
2025-03-12 03:15:00,41570.8,41581.8,41542.8,41545.8,0,376
2025-03-12 03:00:00,41580.8,41593.8,41570.8,41570.8,0,375
2025-03-12 02:45:00,41557.8,41580.8,41544.8,41580.8,0,348
2025-03-12 02:30:00,41586.8,41588.8,41539.8,41556.8,0,380
2025-03-12 02:15:00,41569.8,41598.8,41564.8,41587.8,0,337
2025-03-12 02:00:00,41574.8,41584.8,41553.8,41570.8,0,428
2025-03-12 01:45:00,41535.8,41574.8,41534.8,41573.8,0,324
2025-03-12 01:30:00,41553.8,41553.8,41520.8,41535.8,0,333
2025-03-12 01:15:00,41568.8,41571.8,41534.8,41551.8,0,340
2025-03-12 01:00:00,41564.8,41572.8,41544.8,41569.8,0,358
2025-03-12 00:45:00,41563.8,41579.8,41558.8,41564.8,0,293
2025-03-12 00:30:00,41528.8,41573.8,41508.8,41563.8,0,314
2025-03-12 00:15:00,41534.8,41534.8,41501.8,41527.8,0,359
2025-03-12 00:00:00,41500.4,41535.8,41457.8,41535.8,0,510
2025-03-11 22:45:00,41499.0,41509.0,41460.0,41485.0,0,415
2025-03-11 22:30:00,41504.0,41508.0,41474.0,41496.0,0,495
2025-03-11 22:15:00,41552.0,41552.0,41490.0,41501.0,0,552
2025-03-11 22:00:00,41475.0,41567.0,41459.0,41549.0,0,998
2025-03-11 21:45:00,41686.3,41709.3,41465.3,41479.3,0,1424
2025-03-11 21:30:00,41666.3,41727.3,41591.3,41688.3,0,1450
2025-03-11 21:15:00,41718.3,41771.3,41629.6,41664.3,0,1393
2025-03-11 21:00:00,41783.3,41855.3,41687.3,41719.3,0,1484
2025-03-11 20:45:00,41741.3,41847.3,41700.3,41781.3,0,1445
2025-03-11 20:30:00,41592.3,41750.3,41521.3,41733.3,0,1423
2025-03-11 20:15:00,41547.3,41638.3,41493.3,41595.3,0,1364
2025-03-11 20:00:00,41333.3,41549.3,41326.3,41546.3,0,1412
2025-03-11 19:45:00,41315.3,41403.3,41271.9,41335.3,0,1340
2025-03-11 19:30:00,41234.3,41323.3,41231.3,41323.3,0,1254
2025-03-11 19:15:00,41285.3,41346.3,41227.3,41237.3,0,1236
2025-03-11 19:00:00,41330.3,41333.3,41268.3,41284.3,0,1198
2025-03-11 18:45:00,41384.3,41425.3,41282.3,41328.3,0,1264
2025-03-11 18:30:00,41439.3,41480.3,41357.3,41382.3,0,1333
2025-03-11 18:15:00,41371.3,41462.3,41364.3,41437.3,0,1282
2025-03-11 18:00:00,41525.3,41553.3,41358.3,41369.3,0,1346
2025-03-11 17:45:00,41655.3,41670.3,41515.3,41529.3,0,1350
2025-03-11 17:30:00,41492.3,41688.3,41481.3,41656.3,0,1385
2025-03-11 17:15:00,41545.3,41614.3,41490.3,41497.3,0,1423
2025-03-11 17:00:00,41379.3,41587.3,41335.3,41544.3,0,1464
2025-03-11 16:45:00,41447.3,41505.3,41372.3,41379.3,0,1489
2025-03-11 16:30:00,41494.3,41570.3,41382.3,41449.3,0,1475
2025-03-11 16:15:00,41562.3,41613.3,41474.3,41496.3,0,1491
2025-03-11 16:00:00,41692.3,41857.3,41536.3,41561.3,0,1688
2025-03-11 15:45:00,41781.3,41839.3,41663.3,41700.3,0,1424
2025-03-11 15:30:00,41846.3,41911.3,41688.3,41786.3,0,1521
2025-03-11 15:15:00,41917.8,41921.3,41820.3,41854.3,0,748
2025-03-11 15:00:00,41925.3,41970.3,41909.8,41916.8,0,703
2025-03-11 14:45:00,41965.8,41967.8,41915.3,41926.8,0,778
2025-03-11 14:30:00,42059.8,42060.8,41950.8,41966.8,0,767
2025-03-11 14:15:00,41974.8,42090.8,41963.8,42058.8,0,721
2025-03-11 14:00:00,42126.3,42133.8,41975.8,41975.8,0,701
2025-03-11 13:45:00,42125.8,42132.8,42102.8,42129.8,0,522
2025-03-11 13:30:00,42073.8,42128.8,42070.8,42125.8,0,438
2025-03-11 13:15:00,42042.8,42083.8,42042.8,42075.8,0,415
2025-03-11 13:00:00,42061.8,42063.8,42007.8,42041.8,0,645
2025-03-11 12:45:00,42055.8,42076.8,42042.8,42062.8,0,418
2025-03-11 12:30:00,42081.8,42090.8,42051.8,42056.8,0,429
2025-03-11 12:15:00,42048.8,42085.8,42046.8,42081.8,0,468
2025-03-11 12:00:00,42065.8,42077.8,42018.8,42049.8,0,659
2025-03-11 11:45:00,42068.8,42082.8,42052.8,42065.8,0,448
2025-03-11 11:30:00,42094.8,42096.8,42053.8,42066.8,0,524
2025-03-11 11:15:00,42071.8,42099.8,42066.8,42095.8,0,561
2025-03-11 11:00:00,42101.8,42118.8,42052.8,42071.8,0,641
2025-03-11 10:45:00,42091.8,42103.8,42076.8,42100.8,0,523
2025-03-11 10:30:00,42094.8,42098.8,42064.8,42091.8,0,603
2025-03-11 10:15:00,42078.8,42097.8,42042.8,42095.8,0,788
2025-03-11 10:00:00,42082.8,42091.8,42035.8,42078.8,0,889
2025-03-11 09:45:00,42029.8,42112.8,42022.8,42091.8,0,596
2025-03-11 09:30:00,42059.8,42067.8,41999.8,42031.8,0,594
2025-03-11 09:15:00,42073.8,42088.8,42054.8,42060.8,0,533
2025-03-11 09:00:00,42071.8,42100.8,42050.8,42075.8,0,526
2025-03-11 08:45:00,42103.8,42106.8,42062.8,42068.8,0,317
2025-03-11 08:30:00,42093.8,42109.8,42058.8,42103.8,0,372
2025-03-11 08:15:00,42085.8,42114.8,42071.8,42090.8,0,465
2025-03-11 08:00:00,42089.8,42091.8,42055.8,42086.8,0,365
2025-03-11 07:45:00,42064.8,42093.8,42051.8,42092.8,0,374
2025-03-11 07:30:00,42085.8,42108.8,42055.8,42063.8,0,337
2025-03-11 07:15:00,42083.8,42102.8,42077.8,42084.8,0,370
2025-03-11 07:00:00,42072.8,42083.8,42058.8,42082.8,0,355
2025-03-11 06:45:00,42079.8,42082.8,42067.8,42071.8,0,197
2025-03-11 06:30:00,42107.8,42113.8,42077.8,42078.8,0,292
2025-03-11 06:15:00,42067.8,42111.8,42067.8,42109.8,0,335
2025-03-11 06:00:00,42046.8,42071.8,42023.8,42067.8,0,336
2025-03-11 05:45:00,42050.8,42054.8,42038.8,42047.8,0,303
2025-03-11 05:30:00,42049.8,42073.8,42030.8,42049.8,0,441
2025-03-11 05:15:00,42084.8,42112.8,42039.8,42048.8,0,513
2025-03-11 05:00:00,41980.8,42115.8,41980.8,42085.8,0,713
2025-03-11 04:45:00,41975.8,41992.8,41949.8,41979.8,0,559
2025-03-11 04:30:00,41974.8,42005.8,41956.8,41976.8,0,703
2025-03-11 04:15:00,41956.8,42039.8,41934.8,41978.8,0,890
2025-03-11 04:00:00,41851.8,41974.8,41842.8,41956.8,0,764
2025-03-11 03:45:00,41845.8,41876.8,41817.8,41850.8,0,599
2025-03-11 03:30:00,41780.8,41856.8,41780.8,41848.8,0,604
2025-03-11 03:15:00,41719.8,41794.8,41706.8,41781.8,0,696
2025-03-11 03:00:00,41768.8,41793.8,41666.8,41715.8,0,914
2025-03-11 02:45:00,41848.8,41862.8,41678.8,41769.8,0,860
2025-03-11 02:30:00,41932.8,41939.8,41842.8,41846.8,0,544
2025-03-11 02:15:00,41921.8,41951.8,41894.8,41932.8,0,610
2025-03-11 02:00:00,41971.8,41995.8,41913.4,41920.8,0,659
2025-03-11 01:45:00,41941.8,41980.8,41936.4,41970.8,0,527
2025-03-11 01:30:00,41942.8,41950.8,41857.8,41940.8,0,801
2025-03-11 01:15:00,41957.8,41967.8,41893.8,41937.8,0,628
2025-03-11 01:00:00,41967.8,41993.8,41946.8,41956.8,0,487
2025-03-11 00:45:00,42005.8,42011.8,41958.8,41965.8,0,387
2025-03-11 00:30:00,41985.8,42027.8,41975.8,42005.8,0,432
2025-03-11 00:15:00,41943.8,42003.8,41931.8,41985.8,0,518
2025-03-11 00:00:00,41985.4,42003.4,41899.4,41945.8,0,694
2025-03-10 22:45:00,42011.8,42028.8,41999.8,42005.8,0,406
2025-03-10 22:30:00,42018.8,42025.8,42007.8,42010.8,0,580
2025-03-10 22:15:00,41984.8,42030.8,41970.4,42018.8,0,767
2025-03-10 22:00:00,41966.8,41997.8,41911.8,41986.8,0,1196
2025-03-10 21:45:00,41918.9,42082.9,41902.9,41967.9,0,1455
2025-03-10 21:30:00,41929.9,42105.9,41909.9,41918.9,0,1498
2025-03-10 21:15:00,41792.9,42028.9,41780.9,41928.9,0,1427
2025-03-10 21:00:00,41802.9,41825.9,41669.9,41792.9,0,1346
2025-03-10 20:45:00,41929.9,41942.9,41787.9,41802.9,0,1193
2025-03-10 20:30:00,41959.9,42000.9,41884.9,41926.9,0,1193
2025-03-10 20:15:00,41990.9,42039.9,41933.9,41960.9,0,1176
2025-03-10 20:00:00,42036.9,42081.9,41970.3,41988.9,0,1238
2025-03-10 19:45:00,42073.9,42121.9,42031.9,42037.9,0,1207
2025-03-10 19:30:00,42168.9,42168.9,42053.9,42073.9,0,1221
2025-03-10 19:15:00,42210.9,42238.9,42156.9,42164.9,0,1246
2025-03-10 19:00:00,42292.9,42304.9,42167.9,42213.9,0,1215
2025-03-10 18:45:00,42316.9,42355.9,42288.9,42292.9,0,1195
2025-03-10 18:30:00,42343.9,42418.9,42288.9,42317.9,0,1236
2025-03-10 18:15:00,42404.9,42407.9,42252.9,42340.9,0,1189
2025-03-10 18:00:00,42351.9,42411.9,42326.9,42408.9,0,1236
2025-03-10 17:45:00,42363.9,42424.9,42343.9,42355.9,0,1282
2025-03-10 17:30:00,42484.9,42557.9,42340.9,42360.9,0,1347
2025-03-10 17:15:00,42520.9,42533.9,42439.9,42483.9,0,1320
2025-03-10 17:00:00,42462.9,42545.9,42460.9,42522.9,0,1390
2025-03-10 16:45:00,42429.9,42482.9,42380.9,42457.9,0,1341
2025-03-10 16:30:00,42506.9,42521.9,42387.9,42430.9,0,1385
2025-03-10 16:15:00,42508.9,42564.9,42455.9,42498.9,0,1344
2025-03-10 16:00:00,42540.9,42553.6,42446.9,42510.9,0,1400
2025-03-10 15:45:00,42527.9,42607.9,42456.9,42548.9,0,1422
2025-03-10 15:30:00,42337.8,42555.9,42329.8,42526.9,0,1532
2025-03-10 15:15:00,42385.8,42393.8,42333.3,42342.8,0,817
2025-03-10 15:00:00,42390.8,42423.4,42341.8,42386.8,0,838
2025-03-10 14:45:00,42356.3,42395.3,42340.8,42391.3,0,664
2025-03-10 14:30:00,42335.8,42363.8,42304.3,42355.8,0,749
2025-03-10 14:15:00,42353.3,42382.8,42333.8,42337.3,0,649
2025-03-10 14:00:00,42391.3,42410.3,42322.3,42352.3,0,686
2025-03-10 13:45:00,42410.3,42439.3,42377.3,42389.3,0,562
2025-03-10 13:30:00,42455.3,42464.3,42397.3,42410.3,0,559
2025-03-10 13:15:00,42439.3,42473.3,42421.3,42453.3,0,610
2025-03-10 13:00:00,42425.3,42458.3,42382.3,42441.3,0,827
2025-03-10 12:45:00,42424.3,42454.3,42412.3,42426.3,0,493
2025-03-10 12:30:00,42450.3,42483.3,42413.3,42423.3,0,569
2025-03-10 12:15:00,42478.3,42483.3,42438.3,42452.3,0,688
2025-03-10 12:00:00,42489.3,42523.3,42471.3,42478.3,0,706
2025-03-10 11:45:00,42545.3,42557.3,42456.3,42483.3,0,696
2025-03-10 11:30:00,42486.3,42561.3,42484.3,42545.3,0,629
2025-03-10 11:15:00,42406.3,42516.3,42403.3,42485.3,0,772
2025-03-10 11:00:00,42378.3,42462.3,42364.3,42406.3,0,768
2025-03-10 10:45:00,42465.3,42480.8,42367.3,42384.3,0,850
2025-03-10 10:30:00,42576.3,42580.3,42458.3,42465.3,0,769
2025-03-10 10:15:00,42546.3,42581.3,42519.3,42577.3,0,797
2025-03-10 10:00:00,42636.8,42670.3,42543.3,42546.3,0,802
2025-03-10 09:45:00,42657.8,42657.8,42625.8,42627.8,0,397
2025-03-10 09:30:00,42639.8,42675.8,42630.8,42658.8,0,356
2025-03-10 09:15:00,42674.8,42674.8,42628.8,42639.8,0,374
2025-03-10 09:00:00,42666.8,42697.8,42666.8,42674.8,0,407
2025-03-10 08:45:00,42670.8,42676.8,42657.8,42665.8,0,217
2025-03-10 08:30:00,42668.8,42681.8,42659.8,42669.8,0,255
2025-03-10 08:15:00,42671.8,42689.8,42663.8,42666.8,0,243
2025-03-10 08:00:00,42640.8,42673.8,42638.8,42670.8,0,263
2025-03-10 07:45:00,42654.8,42663.8,42628.8,42638.8,0,290
2025-03-10 07:30:00,42680.8,42685.8,42654.8,42654.8,0,257
2025-03-10 07:15:00,42664.8,42685.8,42660.8,42680.8,0,197
2025-03-10 07:00:00,42655.8,42668.8,42654.8,42664.8,0,233
2025-03-10 06:45:00,42671.8,42676.8,42648.8,42654.8,0,204
2025-03-10 06:30:00,42699.8,42700.8,42669.8,42671.8,0,212
2025-03-10 06:15:00,42691.8,42705.8,42685.8,42700.8,0,172
2025-03-10 06:00:00,42679.8,42694.8,42672.8,42691.8,0,172
2025-03-10 05:45:00,42682.8,42697.8,42678.8,42681.8,0,204
2025-03-10 05:30:00,42641.8,42683.8,42637.8,42682.8,0,241
2025-03-10 05:15:00,42656.8,42665.8,42640.8,42641.8,0,265
2025-03-10 05:00:00,42676.8,42683.8,42651.8,42656.8,0,280
2025-03-10 04:45:00,42675.8,42686.8,42666.8,42677.8,0,221
2025-03-10 04:30:00,42666.8,42688.8,42657.8,42675.8,0,266
2025-03-10 04:15:00,42657.8,42679.8,42651.8,42665.8,0,211
2025-03-10 04:00:00,42670.8,42675.8,42648.8,42658.8,0,273
2025-03-10 03:45:00,42653.8,42674.8,42643.8,42672.8,0,269
2025-03-10 03:30:00,42619.8,42671.8,42618.8,42653.8,0,328
2025-03-10 03:15:00,42634.8,42635.8,42618.8,42619.8,0,353
2025-03-10 03:00:00,42607.8,42648.8,42602.8,42634.8,0,402
2025-03-10 02:45:00,42593.8,42607.8,42579.8,42607.8,0,381
2025-03-10 02:30:00,42560.8,42599.8,42552.8,42593.8,0,456
2025-03-10 02:15:00,42600.8,42600.8,42539.8,42561.8,0,590
2025-03-10 02:00:00,42597.8,42625.8,42564.8,42600.8,0,608
2025-03-10 01:45:00,42595.8,42606.8,42563.8,42597.8,0,460
2025-03-10 01:30:00,42599.8,42610.8,42585.8,42595.8,0,404
2025-03-10 01:15:00,42533.8,42603.8,42525.8,42599.8,0,506
2025-03-10 01:00:00,42548.8,42564.8,42428.8,42534.8,0,713
2025-03-10 00:45:00,42607.8,42626.8,42544.8,42544.8,0,447
2025-03-10 00:30:00,42562.8,42629.8,42555.8,42606.8,0,485
2025-03-10 00:15:00,42525.8,42602.8,42506.8,42563.8,0,677
2025-03-07 23:45:00,42820.8,42833.4,42813.4,42817.4,0,206
2025-03-07 23:30:00,42827.4,42834.8,42813.8,42820.8,0,327
2025-03-07 23:15:00,42834.4,42849.8,42813.8,42827.8,0,534
2025-03-07 23:00:00,42837.8,42838.8,42765.8,42836.4,0,988
2025-03-07 22:45:00,42764.9,42939.9,42763.9,42834.9,0,1333
2025-03-07 22:30:00,42840.9,42880.9,42662.9,42772.9,0,1349
2025-03-07 22:15:00,42846.9,42910.9,42777.9,42848.9,0,1175
2025-03-07 22:00:00,42804.6,42899.9,42765.9,42849.9,0,1230
2025-03-07 21:45:00,42851.9,42853.9,42779.9,42811.6,0,1231
2025-03-07 21:30:00,42885.9,42911.9,42816.9,42851.9,0,1260
2025-03-07 21:15:00,42802.9,42941.9,42798.9,42880.9,0,1251
2025-03-07 21:00:00,42815.9,42878.9,42753.9,42804.9,0,1204
2025-03-07 20:45:00,42756.9,42816.9,42740.9,42813.9,0,1231
2025-03-07 20:30:00,42656.9,42806.9,42621.9,42758.9,0,1294
2025-03-07 20:15:00,42736.9,42768.9,42620.9,42652.9,0,1365
2025-03-07 20:00:00,42528.9,42756.9,42516.9,42730.9,0,1427
2025-03-07 19:45:00,42575.9,42696.9,42490.9,42524.9,0,1353
2025-03-07 19:30:00,42355.9,42586.9,42323.9,42579.9,0,1320
2025-03-07 19:15:00,42288.9,42358.9,42207.9,42358.9,0,1241
2025-03-07 19:00:00,42295.9,42393.9,42209.9,42288.9,0,1329
2025-03-07 18:45:00,42274.9,42304.9,42210.9,42294.9,0,1315
2025-03-07 18:30:00,42304.9,42336.9,42243.9,42277.9,0,1311
2025-03-07 18:15:00,42500.9,42500.9,42269.9,42296.9,0,1345
2025-03-07 18:00:00,42528.9,42554.9,42471.9,42492.9,0,1386
2025-03-07 17:45:00,42422.6,42679.5,42409.6,42526.9,0,1561
2025-03-07 17:30:00,42628.6,42628.6,42367.6,42421.6,0,1426
2025-03-07 17:15:00,42601.6,42657.6,42515.6,42628.6,0,1417
2025-03-07 17:00:00,42648.6,42726.6,42572.6,42604.6,0,1442
2025-03-07 16:45:00,42583.6,42775.6,42583.6,42644.6,0,1379
2025-03-07 16:30:00,42413.3,42649.6,42413.3,42591.6,0,1546
2025-03-07 16:15:00,42455.3,42505.3,42412.3,42418.3,0,1016
2025-03-07 16:00:00,42494.8,42555.3,42407.3,42456.3,0,1119
2025-03-07 15:45:00,42644.3,42654.3,42464.3,42495.8,0,1053
2025-03-07 15:30:00,42590.3,42879.3,42501.3,42644.3,0,1645
2025-03-07 15:15:00,42601.3,42624.8,42580.3,42599.3,0,660
2025-03-07 15:00:00,42626.3,42635.3,42599.3,42602.3,0,515
2025-03-07 14:45:00,42596.3,42636.3,42596.3,42627.3,0,628
2025-03-07 14:30:00,42632.3,42659.3,42589.3,42596.3,0,547
2025-03-07 14:15:00,42697.3,42703.8,42630.3,42631.3,0,528
2025-03-07 14:00:00,42691.8,42719.3,42681.8,42696.8,0,555
2025-03-07 13:45:00,42691.8,42698.8,42676.8,42694.8,0,362
2025-03-07 13:30:00,42689.8,42715.8,42683.8,42692.8,0,410
2025-03-07 13:15:00,42681.8,42702.8,42677.8,42689.3,0,357
2025-03-07 13:00:00,42679.3,42705.8,42655.8,42682.8,0,455
2025-03-07 12:45:00,42685.8,42690.8,42662.3,42679.8,0,416
2025-03-07 12:30:00,42681.8,42707.8,42667.8,42684.8,0,428
2025-03-07 12:15:00,42675.8,42690.8,42666.8,42681.8,0,457
2025-03-07 12:00:00,42708.8,42710.8,42630.8,42675.8,0,585
2025-03-07 11:45:00,42709.8,42730.3,42704.8,42708.8,0,440
2025-03-07 11:30:00,42706.8,42720.8,42697.8,42708.8,0,522
2025-03-07 11:15:00,42721.8,42721.8,42685.8,42705.8,0,611
2025-03-07 11:00:00,42656.8,42725.8,42649.3,42723.8,0,706
2025-03-07 10:45:00,42650.8,42683.8,42631.8,42659.8,0,562
2025-03-07 10:30:00,42672.8,42700.8,42616.3,42651.3,0,650
2025-03-07 10:15:00,42692.3,42692.3,42659.3,42672.3,0,691
2025-03-07 10:00:00,42686.8,42701.3,42651.8,42694.8,0,912
2025-03-07 09:45:00,42637.8,42693.8,42636.8,42678.8,0,454
2025-03-07 09:30:00,42666.8,42675.8,42621.8,42637.8,0,374
2025-03-07 09:15:00,42667.8,42676.8,42654.8,42668.8,0,358
2025-03-07 09:00:00,42618.8,42681.8,42612.8,42667.8,0,392
2025-03-07 08:45:00,42609.8,42620.8,42606.8,42618.8,0,299
2025-03-07 08:30:00,42617.8,42621.8,42599.8,42609.8,0,360
2025-03-07 08:15:00,42614.8,42625.8,42606.8,42616.8,0,318
2025-03-07 08:00:00,42644.8,42648.8,42604.8,42615.8,0,446
2025-03-07 07:45:00,42665.8,42671.8,42633.8,42643.8,0,287
2025-03-07 07:30:00,42662.8,42677.8,42662.8,42665.8,0,219
2025-03-07 07:15:00,42649.8,42667.8,42645.8,42661.8,0,262
2025-03-07 07:00:00,42684.8,42687.8,42648.8,42650.8,0,304
2025-03-07 06:45:00,42677.8,42689.8,42671.8,42684.8,0,191
2025-03-07 06:30:00,42657.8,42683.8,42656.8,42677.8,0,228
2025-03-07 06:15:00,42668.8,42668.8,42641.8,42656.8,0,243
2025-03-07 06:00:00,42664.8,42680.8,42661.8,42668.8,0,252
2025-03-07 05:45:00,42681.8,42683.8,42663.8,42666.8,0,280
2025-03-07 05:30:00,42695.8,42695.8,42673.8,42681.8,0,285
2025-03-07 05:15:00,42686.8,42698.8,42675.8,42694.8,0,281
2025-03-07 05:00:00,42710.8,42713.8,42686.8,42686.8,0,246
2025-03-07 04:45:00,42711.8,42718.8,42704.8,42709.8,0,217
2025-03-07 04:30:00,42704.8,42712.8,42681.8,42711.8,0,303
2025-03-07 04:15:00,42718.8,42747.8,42702.8,42704.8,0,285
2025-03-07 04:00:00,42716.8,42722.8,42703.8,42719.8,0,310
2025-03-07 03:45:00,42717.8,42724.8,42701.8,42715.8,0,325
2025-03-07 03:30:00,42705.8,42717.8,42699.8,42717.8,0,430
2025-03-07 03:15:00,42739.8,42739.8,42703.8,42706.8,0,407
2025-03-07 03:00:00,42691.8,42743.8,42673.8,42739.8,0,431
2025-03-07 02:45:00,42706.8,42708.8,42684.8,42686.8,0,354
2025-03-07 02:30:00,42669.8,42717.8,42665.8,42707.8,0,427
2025-03-07 02:15:00,42679.8,42696.8,42645.8,42669.8,0,381
2025-03-07 02:00:00,42675.8,42682.8,42651.8,42679.8,0,360
2025-03-07 01:45:00,42680.8,42680.8,42660.8,42675.8,0,239
2025-03-07 01:30:00,42659.8,42682.8,42659.8,42680.8,0,216
2025-03-07 01:15:00,42671.4,42673.8,42638.8,42659.8,0,206
2025-03-07 01:00:00,42623.4,42681.8,42623.4,42670.9,0,389
2025-03-06 23:45:00,42644.8,42667.8,42644.8,42667.4,0,355
2025-03-06 23:30:00,42661.4,42668.8,42635.8,42644.8,0,534
2025-03-06 23:15:00,42697.4,42724.8,42658.4,42658.8,0,815
2025-03-06 23:00:00,42611.8,42718.8,42596.8,42702.4,0,898
2025-03-06 22:45:00,42525.9,42664.9,42516.9,42608.9,0,1351
2025-03-06 22:30:00,42608.9,42698.9,42519.9,42533.9,0,1337
2025-03-06 22:15:00,42603.9,42637.9,42498.9,42606.9,0,1310
2025-03-06 22:00:00,42476.9,42615.6,42439.9,42611.9,0,1331
2025-03-06 21:45:00,42546.9,42731.9,42466.9,42475.9,0,1367
2025-03-06 21:30:00,42461.9,42581.9,42431.9,42544.9,0,1192
2025-03-06 21:15:00,42516.9,42550.3,42431.9,42461.9,0,1111
2025-03-06 21:00:00,42532.9,42567.9,42464.9,42520.9,0,1116
2025-03-06 20:45:00,42483.9,42578.9,42465.9,42536.9,0,1157
2025-03-06 20:30:00,42553.9,42602.9,42414.3,42480.9,0,1206
2025-03-06 20:15:00,42577.9,42659.9,42541.9,42556.9,0,1140
2025-03-06 20:00:00,42572.9,42586.9,42510.9,42579.9,0,1206
2025-03-06 19:45:00,42529.9,42609.9,42432.9,42577.9,0,1179
2025-03-06 19:30:00,42538.9,42603.4,42501.9,42528.9,0,1126
2025-03-06 19:15:00,42553.9,42653.9,42506.9,42538.9,0,1179
2025-03-06 19:00:00,42642.9,42679.9,42541.9,42552.9,0,1282
2025-03-06 18:45:00,42813.9,42833.9,42642.9,42650.9,0,1260
2025-03-06 18:30:00,42920.9,43028.9,42779.9,42810.9,0,1396
2025-03-06 18:15:00,42938.9,42957.9,42819.9,42928.9,0,1355
2025-03-06 18:00:00,42922.9,43011.9,42912.9,42940.9,0,1270
2025-03-06 17:45:00,42936.9,42953.9,42811.9,42914.9,0,1293
2025-03-06 17:30:00,42815.9,42960.9,42791.9,42944.9,0,1275
2025-03-06 17:15:00,42756.9,42823.9,42709.9,42817.9,0,1305
2025-03-06 17:00:00,42502.9,42766.9,42501.9,42755.9,0,1401
2025-03-06 16:45:00,42457.9,42625.9,42455.9,42510.9,0,1370
2025-03-06 16:30:00,42632.3,42671.9,42435.9,42455.9,0,1443
2025-03-06 16:15:00,42699.8,42699.8,42600.8,42629.8,0,958
2025-03-06 16:00:00,42670.8,42709.3,42642.8,42699.8,0,910
2025-03-06 15:45:00,42672.8,42685.8,42638.8,42670.8,0,830
2025-03-06 15:30:00,42602.4,42695.8,42599.4,42671.8,0,912
2025-03-06 15:15:00,42632.8,42649.8,42574.8,42604.9,0,781
2025-03-06 15:00:00,42656.8,42667.3,42617.8,42631.8,0,636
2025-03-06 14:45:00,42684.8,42691.3,42656.3,42656.3,0,533
2025-03-06 14:30:00,42691.8,42700.8,42638.3,42686.8,0,624
2025-03-06 14:15:00,42668.3,42700.8,42644.8,42691.8,0,577
2025-03-06 14:00:00,42723.3,42738.3,42665.8,42668.8,0,547
2025-03-06 13:45:00,42699.8,42725.8,42689.8,42721.8,0,517
2025-03-06 13:30:00,42636.8,42701.3,42635.8,42699.8,0,469
2025-03-06 13:15:00,42622.8,42650.3,42614.8,42635.8,0,507
2025-03-06 13:00:00,42607.8,42633.8,42571.8,42618.8,0,657
2025-03-06 12:45:00,42657.8,42664.8,42600.8,42607.8,0,669
2025-03-06 12:30:00,42706.8,42710.8,42650.8,42657.8,0,626
2025-03-06 12:15:00,42697.8,42727.8,42686.8,42708.8,0,646
2025-03-06 12:00:00,42698.8,42708.8,42645.8,42696.8,0,791
2025-03-06 11:45:00,42756.8,42774.8,42680.8,42698.8,0,751
2025-03-06 11:30:00,42705.8,42760.8,42677.3,42757.8,0,851
2025-03-06 11:15:00,42810.8,42820.8,42699.8,42706.8,0,867
2025-03-06 11:00:00,42760.8,42826.8,42718.3,42812.8,0,961
2025-03-06 10:45:00,42810.8,42829.8,42747.8,42757.8,0,811
2025-03-06 10:30:00,42865.8,42895.8,42799.8,42810.8,0,772
2025-03-06 10:15:00,42862.8,42924.8,42824.8,42867.8,0,829
2025-03-06 10:00:00,42895.8,42938.3,42820.8,42863.8,0,974
2025-03-06 09:45:00,42970.8,42980.8,42894.8,42896.8,0,611
2025-03-06 09:30:00,43027.8,43046.8,42963.8,42970.8,0,365
2025-03-06 09:15:00,43056.8,43059.8,43027.8,43028.8,0,326
2025-03-06 09:00:00,43064.8,43082.8,43055.8,43057.8,0,313
2025-03-06 08:45:00,43067.8,43069.8,43055.8,43062.8,0,144
2025-03-06 08:30:00,43057.8,43067.8,43052.8,43067.8,0,179
2025-03-06 08:15:00,43032.8,43057.8,43032.8,43057.8,0,198
2025-03-06 08:00:00,43018.8,43034.8,43010.8,43033.8,0,274
2025-03-06 07:45:00,43050.8,43051.8,43017.8,43018.8,0,281
2025-03-06 07:30:00,43050.8,43055.8,43046.8,43051.8,0,174
2025-03-06 07:15:00,43059.8,43062.8,43049.8,43049.8,0,179
2025-03-06 07:00:00,43061.8,43064.8,43053.8,43059.8,0,183
2025-03-06 06:45:00,43060.8,43067.8,43058.8,43061.8,0,155
2025-03-06 06:30:00,43055.8,43070.8,43055.8,43060.8,0,148
2025-03-06 06:15:00,43055.8,43068.8,43048.8,43054.8,0,184
2025-03-06 06:00:00,43035.8,43056.8,43035.8,43055.8,0,180
2025-03-06 05:45:00,43027.8,43042.8,43025.8,43036.8,0,188
2025-03-06 05:30:00,43019.8,43030.8,43007.8,43026.8,0,228
2025-03-06 05:15:00,42998.8,43021.8,42996.8,43019.8,0,204
2025-03-06 05:00:00,43010.8,43012.8,42990.8,42998.8,0,201
2025-03-06 04:45:00,43001.8,43017.8,42999.8,43009.8,0,187
2025-03-06 04:30:00,43021.8,43033.8,43000.8,43001.8,0,205
2025-03-06 04:15:00,43031.8,43036.8,43015.8,43022.8,0,229
2025-03-06 04:00:00,43025.8,43045.8,43025.8,43031.8,0,286
2025-03-06 03:45:00,43007.8,43034.8,42995.8,43025.8,0,301
2025-03-06 03:30:00,43032.8,43035.8,43001.8,43006.8,0,352
2025-03-06 03:15:00,43036.8,43046.8,43028.8,43032.8,0,315
2025-03-06 03:00:00,43002.8,43038.8,42998.8,43036.8,0,366
2025-03-06 02:45:00,43044.8,43045.8,42995.8,43002.8,0,301
2025-03-06 02:30:00,43053.8,43056.8,43035.8,43044.8,0,236
2025-03-06 02:15:00,43060.8,43061.8,43036.8,43052.8,0,297
2025-03-06 02:00:00,43037.8,43062.8,43021.8,43060.8,0,331
2025-03-06 01:45:00,43049.8,43059.8,43036.8,43040.8,0,210
2025-03-06 01:30:00,43060.8,43062.8,43023.8,43047.4,0,285
2025-03-06 01:15:00,43074.8,43076.8,43052.8,43059.8,0,198
2025-03-06 01:00:00,43052.8,43082.8,43037.8,43076.8,0,318
2025-03-05 23:45:00,43062.8,43064.8,43037.4,43038.8,0,332
2025-03-05 23:30:00,43060.8,43075.8,43046.8,43063.8,0,384
2025-03-05 23:15:00,43039.8,43078.8,43031.8,43060.8,0,531
2025-03-05 23:00:00,43043.8,43077.4,43020.8,43037.8,0,930
2025-03-05 22:45:00,43074.9,43084.9,42911.9,43043.9,0,1286
2025-03-05 22:30:00,43115.9,43127.9,43018.9,43076.9,0,1225
2025-03-05 22:15:00,43163.9,43174.9,43003.9,43123.9,0,1303
2025-03-05 22:00:00,43051.9,43175.9,43051.9,43165.9,0,1104
2025-03-05 21:45:00,43058.9,43133.9,43038.9,43059.9,0,1154
2025-03-05 21:30:00,43071.9,43101.9,43003.9,43054.9,0,1213
2025-03-05 21:15:00,43126.9,43149.9,43016.9,43063.9,0,1244
2025-03-05 21:00:00,42932.9,43137.9,42900.9,43118.9,0,1215
2025-03-05 20:45:00,42715.9,42943.9,42715.9,42937.9,0,1182
2025-03-05 20:30:00,42786.9,42800.3,42705.9,42714.9,0,1285
2025-03-05 20:15:00,42779.9,42826.9,42758.9,42785.9,0,1245
2025-03-05 20:00:00,42885.9,42924.9,42705.9,42775.9,0,1367
2025-03-05 19:45:00,42817.9,42898.9,42742.9,42885.9,0,1169
2025-03-05 19:30:00,42789.9,42834.9,42776.9,42818.9,0,1091
2025-03-05 19:15:00,42675.9,42787.9,42670.9,42785.9,0,1227
2025-03-05 19:00:00,42632.9,42766.9,42632.9,42673.9,0,1331
2025-03-05 18:45:00,42493.9,42687.9,42454.9,42634.9,0,1329
2025-03-05 18:30:00,42528.9,42565.9,42468.9,42488.9,0,1221
2025-03-05 18:15:00,42552.9,42565.9,42475.9,42535.9,0,1234
2025-03-05 18:00:00,42678.9,42678.9,42480.9,42550.9,0,1323
2025-03-05 17:45:00,42694.9,42747.9,42619.9,42679.9,0,1319
2025-03-05 17:30:00,42632.9,42776.9,42606.9,42699.9,0,1420
2025-03-05 17:15:00,42755.9,42763.9,42601.9,42627.9,0,1514
2025-03-05 17:00:00,42629.3,42832.9,42612.3,42759.9,0,1651
2025-03-05 16:45:00,42738.3,42783.9,42573.9,42612.3,0,1394
2025-03-05 16:30:00,42537.8,42771.9,42519.3,42739.3,0,1439
2025-03-05 16:15:00,42574.8,42617.8,42503.8,42533.8,0,873
2025-03-05 16:00:00,42546.8,42575.8,42505.8,42572.8,0,810
2025-03-05 15:45:00,42540.8,42591.8,42517.3,42545.8,0,808
2025-03-05 15:30:00,42553.8,42609.8,42540.8,42541.8,0,783
2025-03-05 15:15:00,42639.3,42647.8,42532.8,42553.8,0,847
2025-03-05 15:00:00,42630.8,42703.8,42584.8,42647.3,0,1034
2025-03-05 14:45:00,42712.8,42714.8,42619.8,42628.8,0,771
2025-03-05 14:30:00,42670.8,42712.8,42667.8,42712.8,0,641
2025-03-05 14:15:00,42688.8,42689.8,42615.8,42669.8,0,763
2025-03-05 14:00:00,42718.8,42737.8,42683.8,42693.3,0,769
2025-03-05 13:45:00,42795.8,42803.8,42642.3,42716.8,0,845
2025-03-05 13:30:00,42809.3,42815.8,42776.8,42795.8,0,585
2025-03-05 13:15:00,42796.8,42818.8,42793.3,42809.8,0,492
2025-03-05 13:00:00,42807.8,42815.8,42775.8,42797.8,0,631
2025-03-05 12:45:00,42843.8,42863.3,42800.8,42804.3,0,551
2025-03-05 12:30:00,42803.3,42846.8,42799.3,42843.8,0,623
2025-03-05 12:15:00,42839.8,42845.8,42797.8,42803.8,0,633
2025-03-05 12:00:00,42882.3,42902.8,42820.3,42840.8,0,754
2025-03-05 11:45:00,42876.8,42907.8,42871.8,42881.3,0,694
2025-03-05 11:30:00,42857.3,42874.8,42846.3,42874.8,0,637
2025-03-05 11:15:00,42801.3,42872.8,42783.8,42855.3,0,717
2025-03-05 11:00:00,42782.8,42808.8,42741.8,42802.3,0,799
2025-03-05 10:45:00,42816.8,42826.8,42765.8,42782.8,0,615
2025-03-05 10:30:00,42862.8,42864.8,42790.8,42815.3,0,735
2025-03-05 10:15:00,42789.8,42864.8,42783.8,42863.3,0,764
2025-03-05 10:00:00,42766.8,42793.3,42740.8,42791.3,0,903
2025-03-05 09:45:00,42768.8,42785.8,42755.8,42760.8,0,445
2025-03-05 09:30:00,42791.8,42791.8,42756.8,42768.8,0,471
2025-03-05 09:15:00,42775.8,42801.8,42771.8,42792.8,0,348
2025-03-05 09:00:00,42796.8,42837.8,42771.8,42776.8,0,469
2025-03-05 08:45:00,42786.8,42808.8,42775.8,42794.8,0,243
2025-03-05 08:30:00,42746.8,42798.8,42744.8,42786.8,0,329
2025-03-05 08:15:00,42809.8,42810.8,42743.8,42746.8,0,301
2025-03-05 08:00:00,42797.4,42813.8,42787.8,42809.8,0,234
2025-03-05 07:45:00,42781.8,42800.8,42780.8,42798.8,0,208
2025-03-05 07:30:00,42752.8,42786.8,42752.8,42781.8,0,271
2025-03-05 07:15:00,42797.8,42797.8,42751.8,42751.8,0,335
2025-03-05 07:00:00,42811.8,42818.8,42793.8,42798.8,0,252
2025-03-05 06:45:00,42803.8,42813.8,42796.8,42811.8,0,212
2025-03-05 06:30:00,42807.8,42814.8,42796.8,42804.8,0,293
2025-03-05 06:15:00,42832.8,42836.8,42802.8,42806.8,0,286
2025-03-05 06:00:00,42806.8,42843.8,42790.8,42833.8,0,412
2025-03-05 05:45:00,42743.8,42813.8,42722.8,42807.8,0,548
2025-03-05 05:30:00,42796.4,42812.9,42732.8,42743.8,0,472
2025-03-05 05:15:00,42825.8,42828.8,42794.8,42797.8,0,296
2025-03-05 05:00:00,42731.8,42835.8,42694.9,42824.8,0,571
2025-03-05 04:45:00,42762.8,42788.8,42730.8,42731.8,0,375
2025-03-05 04:30:00,42736.4,42769.8,42708.4,42762.8,0,423
2025-03-05 04:15:00,42734.8,42777.8,42719.4,42735.8,0,448
2025-03-05 04:00:00,42766.8,42783.4,42722.4,42734.8,0,475
2025-03-05 03:45:00,42802.8,42820.8,42761.8,42765.8,0,548
2025-03-05 03:30:00,42782.8,42811.8,42684.8,42802.8,0,809
2025-03-05 03:15:00,42793.8,42812.8,42751.8,42782.8,0,580
2025-03-05 03:00:00,42812.8,42816.8,42761.8,42793.8,0,566
2025-03-05 02:45:00,42815.8,42828.8,42790.8,42812.8,0,452
2025-03-05 02:30:00,42815.8,42826.8,42750.8,42810.8,0,607
2025-03-05 02:15:00,42833.8,42840.8,42773.8,42815.8,0,581
2025-03-05 02:00:00,42841.8,42854.8,42823.8,42834.8,0,517
2025-03-05 01:45:00,42827.8,42843.8,42810.8,42841.8,0,353
2025-03-05 01:30:00,42845.8,42860.8,42819.8,42826.8,0,356
2025-03-05 01:15:00,42841.8,42847.8,42801.8,42846.8,0,352
2025-03-05 01:00:00,42807.4,42873.8,42791.4,42839.8,0,454
2025-03-04 23:45:00,42760.4,42815.4,42760.4,42808.4,0,771
2025-03-04 23:30:00,42834.4,42848.4,42723.4,42758.9,0,1060
2025-03-04 23:15:00,42707.8,42886.8,42689.8,42834.4,0,1292
2025-03-04 23:00:00,42568.8,42745.4,42568.8,42710.4,0,1357
2025-03-04 22:45:00,42802.9,42844.9,42457.9,42566.9,0,1472
2025-03-04 22:30:00,43020.9,43030.9,42721.9,42794.9,0,1488
2025-03-04 22:15:00,42988.9,43125.9,42965.9,43024.9,0,1193
2025-03-04 22:00:00,42978.9,43025.9,42925.9,42989.9,0,1153
2025-03-04 21:45:00,42948.9,43006.9,42924.9,42988.9,0,1098
2025-03-04 21:30:00,42892.9,42961.9,42842.9,42941.9,0,1231
2025-03-04 21:15:00,42931.9,42988.9,42874.9,42884.9,0,1155
2025-03-04 21:00:00,42821.9,42969.9,42815.9,42925.9,0,1216
2025-03-04 20:45:00,42742.9,42855.9,42723.9,42825.9,0,1124
2025-03-04 20:30:00,42652.9,42768.9,42621.9,42744.9,0,1208
2025-03-04 20:15:00,42769.9,42777.9,42635.9,42654.9,0,1253
2025-03-04 20:00:00,42568.9,42797.9,42559.9,42770.9,0,1298
2025-03-04 19:45:00,42629.9,42677.9,42528.9,42569.9,0,1245
2025-03-04 19:30:00,42635.9,42676.9,42574.9,42632.9,0,1253
2025-03-04 19:15:00,42582.9,42678.9,42577.9,42641.9,0,1147
2025-03-04 19:00:00,42556.9,42610.9,42511.9,42584.9,0,1140
2025-03-04 18:45:00,42563.9,42590.9,42508.9,42555.9,0,1302
2025-03-04 18:30:00,42453.9,42569.9,42436.9,42566.9,0,1387
2025-03-04 18:15:00,42556.9,42583.9,42396.9,42449.9,0,1312
2025-03-04 18:00:00,42503.9,42566.9,42422.9,42558.9,0,1317
2025-03-04 17:45:00,42593.9,42601.9,42445.9,42507.9,0,1438
2025-03-04 17:30:00,42597.9,42669.9,42536.9,42585.9,0,1467
2025-03-04 17:15:00,42587.9,42628.9,42470.9,42599.9,0,1422
2025-03-04 17:00:00,42640.9,42678.9,42557.9,42588.9,0,1471
2025-03-04 16:45:00,42805.9,42833.9,42625.4,42643.9,0,1439
2025-03-04 16:30:00,42977.8,42985.8,42756.9,42807.9,0,1549
2025-03-04 16:15:00,43118.3,43131.8,42968.8,42976.8,0,1090
2025-03-04 16:00:00,43073.3,43131.8,43066.8,43118.8,0,942
2025-03-04 15:45:00,43104.8,43128.8,43071.8,43074.8,0,813
2025-03-04 15:30:00,43081.8,43126.8,43077.3,43103.8,0,902
2025-03-04 15:15:00,43050.8,43099.8,43047.8,43083.8,0,862
2025-03-04 15:00:00,43062.8,43085.8,43025.8,43050.8,0,880
2025-03-04 14:45:00,43076.8,43107.8,43055.8,43061.8,0,753
2025-03-04 14:30:00,43030.8,43093.8,43030.8,43075.8,0,917
2025-03-04 14:15:00,43152.8,43164.8,43026.3,43031.8,0,868
2025-03-04 14:00:00,43174.8,43175.8,43134.8,43152.3,0,702
2025-03-04 13:45:00,43197.8,43210.8,43173.8,43174.8,0,526
2025-03-04 13:30:00,43206.8,43212.8,43153.8,43198.8,0,587
2025-03-04 13:15:00,43197.8,43214.8,43174.8,43207.8,0,523
2025-03-04 13:00:00,43210.8,43223.8,43191.8,43198.8,0,585
2025-03-04 12:45:00,43158.8,43222.3,43149.8,43211.8,0,604
2025-03-04 12:30:00,43158.8,43192.8,43140.8,43157.8,0,724
2025-03-04 12:15:00,43228.8,43238.8,43157.8,43159.8,0,623
2025-03-04 12:00:00,43221.8,43234.3,43159.8,43226.8,0,717
2025-03-04 11:45:00,43248.8,43269.8,43201.8,43220.8,0,507
2025-03-04 11:30:00,43228.8,43250.8,43193.3,43248.8,0,610
2025-03-04 11:15:00,43233.8,43240.8,43209.8,43230.8,0,613
2025-03-04 11:00:00,43247.8,43285.8,43225.3,43232.8,0,716
2025-03-04 10:45:00,43296.8,43296.8,43200.8,43244.8,0,651
2025-03-04 10:30:00,43254.8,43314.8,43247.8,43297.8,0,697
2025-03-04 10:15:00,43257.8,43270.8,43218.8,43257.8,0,697
2025-03-04 10:00:00,43210.8,43259.8,43179.8,43257.8,0,917
2025-03-04 09:45:00,43232.8,43245.8,43195.8,43214.8,0,524
2025-03-04 09:30:00,43226.8,43242.8,43196.8,43230.8,0,474
2025-03-04 09:15:00,43221.8,43243.8,43206.8,43227.8,0,510
2025-03-04 09:00:00,43300.8,43308.8,43205.8,43222.8,0,548
2025-03-04 08:45:00,43272.8,43311.8,43268.8,43299.8,0,293
2025-03-04 08:30:00,43302.8,43317.8,43256.8,43272.8,0,396
2025-03-04 08:15:00,43248.8,43311.8,43248.8,43302.8,0,360
2025-03-04 08:00:00,43291.8,43295.8,43248.8,43248.8,0,339
2025-03-04 07:45:00,43280.8,43296.8,43275.8,43291.8,0,309
2025-03-04 07:30:00,43294.8,43299.8,43278.8,43280.8,0,320
2025-03-04 07:15:00,43247.8,43301.8,43244.8,43295.8,0,469
2025-03-04 07:00:00,43244.8,43327.8,43176.9,43249.8,0,760
2025-03-04 06:45:00,43255.8,43255.8,43236.8,43243.8,0,245
2025-03-04 06:30:00,43288.8,43296.8,43243.8,43255.8,0,256
2025-03-04 06:15:00,43271.8,43294.8,43264.8,43288.8,0,245
2025-03-04 06:00:00,43272.8,43283.8,43255.8,43270.8,0,267
2025-03-04 05:45:00,43262.8,43273.8,43254.8,43272.8,0,276
2025-03-04 05:30:00,43284.8,43286.8,43252.8,43262.8,0,301
2025-03-04 05:15:00,43243.8,43297.8,43242.8,43284.8,0,362
2025-03-04 05:00:00,43259.8,43267.8,43238.8,43243.8,0,317
2025-03-04 04:45:00,43261.8,43272.8,43255.8,43260.8,0,276
2025-03-04 04:30:00,43249.8,43273.8,43245.8,43261.8,0,295
2025-03-04 04:15:00,43234.8,43253.8,43231.8,43251.8,0,314
2025-03-04 04:00:00,43208.8,43239.8,43193.8,43234.8,0,552
2025-03-04 03:45:00,43233.8,43252.8,43201.8,43209.8,0,483
2025-03-04 03:30:00,43241.8,43248.8,43198.8,43235.8,0,629
2025-03-04 03:15:00,43263.8,43278.8,43233.8,43240.8,0,480
2025-03-04 03:00:00,43292.8,43316.8,43256.8,43263.8,0,440
2025-03-04 02:45:00,43263.8,43307.8,43223.8,43291.8,0,560
2025-03-04 02:30:00,43290.8,43293.8,43261.8,43262.8,0,347
2025-03-04 02:15:00,43261.8,43297.8,43249.8,43289.8,0,392
2025-03-04 02:00:00,43266.8,43283.8,43246.8,43261.8,0,464
2025-03-04 01:45:00,43275.8,43284.8,43251.8,43265.8,0,425
2025-03-04 01:30:00,43319.8,43331.8,43265.8,43275.8,0,454
2025-03-04 01:15:00,43293.8,43336.8,43282.8,43319.8,0,306
2025-03-04 01:00:00,43285.4,43308.8,43279.9,43292.8,0,350
2025-03-03 23:45:00,43280.8,43299.8,43278.8,43297.8,0,227
2025-03-03 23:30:00,43285.8,43294.8,43275.8,43281.4,0,366
2025-03-03 23:15:00,43254.8,43291.8,43251.8,43285.8,0,518
2025-03-03 23:00:00,43219.8,43271.8,43212.8,43253.8,0,871
2025-03-03 22:45:00,42995.9,43222.9,42985.9,43219.9,0,1429
2025-03-03 22:30:00,43035.9,43123.9,42954.9,42993.9,0,1329
2025-03-03 22:15:00,43133.9,43187.9,43014.3,43037.9,0,1437
2025-03-03 22:00:00,43334.9,43334.9,43079.9,43136.9,0,1381
2025-03-03 21:45:00,43575.9,43578.9,43319.9,43331.9,0,1362
2025-03-03 21:30:00,43486.9,43605.9,43485.9,43582.9,0,1143
2025-03-03 21:15:00,43542.9,43554.9,43470.9,43486.9,0,1072
2025-03-03 21:00:00,43504.9,43584.9,43495.9,43540.9,0,1103
2025-03-03 20:45:00,43491.9,43579.9,43456.9,43510.9,0,1272
2025-03-03 20:30:00,43478.9,43516.9,43422.4,43491.9,0,1232
2025-03-03 20:15:00,43587.9,43623.9,43459.3,43477.9,0,1150
2025-03-03 20:00:00,43719.9,43734.9,43583.9,43589.9,0,1155
2025-03-03 19:45:00,43829.9,43832.9,43697.9,43727.9,0,1119
2025-03-03 19:30:00,43825.9,43857.9,43803.9,43829.9,0,992
2025-03-03 19:15:00,43830.9,43853.9,43805.9,43823.9,0,914
2025-03-03 19:00:00,43776.9,43846.9,43756.9,43827.9,0,988
2025-03-03 18:45:00,43665.9,43796.9,43661.9,43781.9,0,1103
2025-03-03 18:30:00,43762.9,43786.9,43656.9,43665.9,0,1229
2025-03-03 18:15:00,43824.9,43884.9,43751.9,43755.9,0,1190
2025-03-03 18:00:00,43829.9,43875.9,43758.9,43820.9,0,1293
2025-03-03 17:45:00,43996.9,43997.9,43810.9,43821.9,0,1304
2025-03-03 17:30:00,43930.9,44004.9,43839.9,44001.9,0,1319
2025-03-03 17:15:00,43829.9,43933.9,43799.9,43931.9,0,1350
2025-03-03 17:00:00,43903.9,43940.3,43796.9,43832.9,0,1525
2025-03-03 16:45:00,44002.9,44060.9,43908.3,43937.3,0,1355
2025-03-03 16:30:00,43966.8,44083.9,43950.3,44001.9,0,1343
2025-03-03 16:15:00,43989.8,44013.3,43955.8,43965.8,0,670
2025-03-03 16:00:00,43960.8,44016.3,43951.3,43988.8,0,595
2025-03-03 15:45:00,43950.8,43966.8,43930.8,43960.8,0,526
2025-03-03 15:30:00,43976.3,43976.3,43925.3,43950.8,0,580
2025-03-03 15:15:00,43959.3,43983.8,43948.8,43976.8,0,535
2025-03-03 15:00:00,43991.8,43998.8,43955.3,43958.8,0,557
2025-03-03 14:45:00,44006.8,44012.8,43983.3,43992.8,0,530
2025-03-03 14:30:00,44024.8,44028.8,43998.3,44005.8,0,568
2025-03-03 14:15:00,44052.3,44060.3,44018.8,44024.3,0,722
2025-03-03 14:00:00,43967.3,44053.3,43960.8,44049.8,0,654
2025-03-03 13:45:00,43953.3,43968.8,43948.8,43967.8,0,342
2025-03-03 13:30:00,43957.8,43959.3,43937.8,43954.3,0,400
2025-03-03 13:15:00,43952.3,43959.3,43934.8,43956.8,0,341
2025-03-03 13:00:00,43953.8,43967.3,43941.3,43950.8,0,376
2025-03-03 12:45:00,43938.8,43955.8,43937.3,43950.3,0,410
2025-03-03 12:30:00,43913.3,43944.8,43906.3,43939.3,0,440
2025-03-03 12:15:00,43909.3,43921.8,43901.3,43912.3,0,454
2025-03-03 12:00:00,43933.8,43947.3,43905.8,43907.8,0,617
2025-03-03 11:45:00,43894.8,43941.8,43890.3,43932.8,0,475
2025-03-03 11:30:00,43862.3,43895.8,43856.8,43894.8,0,552
2025-03-03 11:15:00,43826.3,43861.8,43823.8,43861.8,0,563
2025-03-03 11:00:00,43835.8,43835.8,43775.8,43826.8,0,751
2025-03-03 10:45:00,43869.3,43872.3,43808.8,43834.8,0,547
2025-03-03 10:30:00,43806.8,43874.8,43791.3,43864.8,0,725
2025-03-03 10:15:00,43906.8,43910.3,43784.3,43806.8,0,800
2025-03-03 10:00:00,43876.8,43931.8,43874.8,43907.8,0,703
2025-03-03 09:45:00,43897.8,43903.8,43871.8,43884.8,0,380
2025-03-03 09:30:00,43854.8,43900.8,43854.8,43898.8,0,357
2025-03-03 09:15:00,43878.8,43889.8,43848.8,43855.8,0,385
2025-03-03 09:00:00,43910.8,43918.8,43877.8,43878.8,0,347
2025-03-03 08:45:00,43898.8,43925.8,43896.8,43908.8,0,325
2025-03-03 08:30:00,43890.8,43901.8,43876.8,43898.8,0,300
2025-03-03 08:15:00,43882.8,43896.8,43874.8,43890.8,0,219
2025-03-03 08:00:00,43903.8,43904.8,43877.8,43882.8,0,269
2025-03-03 07:45:00,43907.8,43907.8,43895.8,43903.8,0,188
2025-03-03 07:30:00,43901.8,43914.8,43885.8,43909.8,0,217
2025-03-03 07:15:00,43879.8,43902.8,43878.8,43901.8,0,214
2025-03-03 07:00:00,43879.8,43885.8,43869.8,43879.8,0,201
2025-03-03 06:45:00,43867.8,43882.8,43864.8,43880.8,0,149
2025-03-03 06:30:00,43866.8,43875.8,43860.8,43867.8,0,195
2025-03-03 06:15:00,43862.8,43870.8,43855.8,43866.8,0,180
2025-03-03 06:00:00,43832.8,43866.8,43826.8,43863.8,0,239
2025-03-03 05:45:00,43816.8,43835.8,43815.8,43833.8,0,210
2025-03-03 05:30:00,43808.8,43819.8,43804.8,43816.8,0,304
2025-03-03 05:15:00,43792.8,43811.8,43792.8,43809.8,0,292
2025-03-03 05:00:00,43814.8,43818.8,43779.8,43792.8,0,345
2025-03-03 04:45:00,43813.8,43829.8,43807.8,43815.8,0,255
2025-03-03 04:30:00,43819.8,43825.8,43800.8,43812.8,0,305
2025-03-03 04:15:00,43843.8,43844.8,43816.8,43818.8,0,342
2025-03-03 04:00:00,43818.8,43863.8,43813.8,43842.8,0,408
2025-03-03 03:45:00,43797.8,43819.8,43788.8,43818.8,0,418
2025-03-03 03:30:00,43813.8,43814.8,43767.8,43792.8,0,474
2025-03-03 03:15:00,43810.8,43816.8,43781.8,43813.8,0,443
2025-03-03 03:00:00,43781.8,43826.8,43763.8,43810.8,0,593
2025-03-03 02:45:00,43798.8,43819.8,43771.8,43782.8,0,422
2025-03-03 02:30:00,43814.8,43815.8,43764.8,43799.8,0,515
2025-03-03 02:15:00,43827.8,43854.8,43804.8,43814.8,0,580
2025-03-03 02:00:00,43899.8,43912.8,43829.8,43829.8,0,450
2025-03-03 01:45:00,43893.8,43915.8,43880.8,43897.8,0,382
2025-03-03 01:30:00,43912.8,43918.8,43891.8,43895.8,0,337
2025-03-03 01:15:00,43928.9,43937.8,43909.8,43912.8,0,370
2025-03-03 01:00:00,43846.9,43934.8,43844.4,43930.8,0,544
2025-02-28 23:45:00,43816.8,43822.4,43805.4,43814.8,0,192
2025-02-28 23:30:00,43817.8,43823.8,43803.8,43815.8,0,342
2025-02-28 23:15:00,43794.8,43837.8,43783.8,43817.4,0,605
2025-02-28 23:00:00,43848.8,43861.8,43785.8,43793.8,0,897
2025-02-28 22:45:00,43617.9,43896.9,43594.9,43846.9,0,1345
2025-02-28 22:30:00,43588.9,43634.9,43490.9,43615.9,0,1227
2025-02-28 22:15:00,43528.9,43591.9,43475.9,43591.9,0,1140
2025-02-28 22:00:00,43477.9,43572.9,43468.9,43529.9,0,1100
2025-02-28 21:45:00,43433.9,43491.9,43417.9,43478.9,0,1151
2025-02-28 21:30:00,43348.9,43454.9,43320.9,43432.9,0,1113
2025-02-28 21:15:00,43270.9,43362.9,43268.9,43349.9,0,1058
2025-02-28 21:00:00,43199.9,43315.9,43195.9,43270.9,0,1184
2025-02-28 20:45:00,43349.9,43376.9,43198.9,43199.9,0,1154
2025-02-28 20:30:00,43248.9,43388.9,43226.9,43350.9,0,1256
2025-02-28 20:15:00,43255.9,43284.9,43122.9,43250.9,0,1339
2025-02-28 20:00:00,43222.9,43293.9,43209.9,43256.9,0,1089
2025-02-28 19:45:00,43320.9,43331.9,43218.9,43222.9,0,1227
2025-02-28 19:30:00,43437.9,43444.9,43291.9,43316.9,0,1035
2025-02-28 19:15:00,43486.9,43531.9,43415.9,43438.9,0,1061
2025-02-28 19:00:00,43482.9,43511.9,43426.9,43490.9,0,1039
2025-02-28 18:45:00,43502.9,43543.9,43473.9,43485.9,0,1025
2025-02-28 18:30:00,43373.9,43511.9,43369.9,43503.9,0,1118
2025-02-28 18:15:00,43489.9,43495.9,43378.9,43381.9,0,1172
2025-02-28 18:00:00,43553.9,43566.9,43469.9,43484.9,0,1093
2025-02-28 17:45:00,43462.9,43558.9,43458.9,43553.9,0,1127
2025-02-28 17:30:00,43516.9,43530.9,43450.9,43462.9,0,1222
2025-02-28 17:15:00,43535.9,43542.9,43406.9,43516.9,0,1281
2025-02-28 17:00:00,43452.9,43544.9,43436.9,43538.9,0,1323
2025-02-28 16:45:00,43395.9,43456.9,43313.9,43453.9,0,1396
2025-02-28 16:30:00,43319.8,43419.9,43260.9,43398.9,0,1420
2025-02-28 16:15:00,43448.8,43461.8,43319.8,43327.8,0,674
2025-02-28 16:00:00,43439.8,43453.3,43408.8,43449.8,0,619
2025-02-28 15:45:00,43470.8,43480.8,43434.8,43439.8,0,626
2025-02-28 15:30:00,43450.3,43500.8,43440.3,43470.8,0,851
2025-02-28 15:15:00,43467.8,43468.8,43429.8,43450.3,0,636
2025-02-28 15:00:00,43437.3,43476.3,43428.8,43468.8,0,491
2025-02-28 14:45:00,43442.8,43453.8,43421.8,43437.8,0,485
2025-02-28 14:30:00,43422.8,43451.8,43406.3,43443.3,0,636
2025-02-28 14:15:00,43422.8,43437.3,43412.8,43422.8,0,467
2025-02-28 14:00:00,43411.3,43433.3,43391.8,43423.3,0,648
2025-02-28 13:45:00,43408.8,43412.8,43396.8,43409.8,0,322
2025-02-28 13:30:00,43411.8,43420.8,43380.8,43408.3,0,368
2025-02-28 13:15:00,43390.8,43413.8,43388.8,43410.8,0,253
2025-02-28 13:00:00,43387.8,43403.8,43387.8,43390.8,0,322
2025-02-28 12:45:00,43408.8,43408.8,43386.3,43387.8,0,355
2025-02-28 12:30:00,43384.8,43414.8,43383.8,43408.8,0,344
2025-02-28 12:15:00,43370.3,43392.8,43364.8,43384.8,0,348
2025-02-28 12:00:00,43359.8,43385.8,43359.3,43370.8,0,378
2025-02-28 11:45:00,43359.8,43372.8,43350.8,43360.3,0,349
2025-02-28 11:30:00,43372.8,43375.8,43346.8,43360.8,0,368
2025-02-28 11:15:00,43366.8,43380.8,43351.8,43373.8,0,396
2025-02-28 11:00:00,43359.8,43374.8,43344.8,43367.3,0,478
2025-02-28 10:45:00,43330.8,43366.8,43327.8,43356.8,0,337
2025-02-28 10:30:00,43351.8,43355.8,43321.8,43330.8,0,468
2025-02-28 10:15:00,43302.8,43362.3,43302.8,43353.8,0,552
2025-02-28 10:00:00,43308.8,43345.8,43294.8,43301.8,0,626
2025-02-28 09:45:00,43290.9,43320.8,43289.8,43310.8,0,369
2025-02-28 09:30:00,43242.8,43292.8,43225.8,43290.8,0,437
2025-02-28 09:15:00,43226.8,43261.8,43221.8,43242.8,0,383
2025-02-28 09:00:00,43248.8,43271.8,43222.8,43227.8,0,450
2025-02-28 08:45:00,43261.8,43275.8,43241.8,43248.8,0,273
2025-02-28 08:30:00,43277.8,43284.8,43245.8,43260.8,0,365
2025-02-28 08:15:00,43267.8,43293.8,43266.8,43277.8,0,275
2025-02-28 08:00:00,43254.8,43269.8,43248.8,43267.8,0,236
2025-02-28 07:45:00,43260.8,43264.8,43251.8,43254.8,0,213
2025-02-28 07:30:00,43246.8,43260.8,43236.8,43260.8,0,221
2025-02-28 07:15:00,43257.8,43259.8,43242.8,43245.8,0,229
2025-02-28 07:00:00,43246.8,43272.8,43243.8,43258.8,0,336
2025-02-28 06:45:00,43245.8,43264.8,43235.8,43250.8,0,312
2025-02-28 06:30:00,43241.8,43250.8,43228.8,43245.8,0,250
2025-02-28 06:15:00,43189.8,43242.8,43184.8,43241.8,0,318
2025-02-28 06:00:00,43181.8,43200.8,43168.8,43189.8,0,311
2025-02-28 05:45:00,43181.8,43198.8,43142.8,43180.8,0,416
2025-02-28 05:30:00,43187.8,43196.8,43141.8,43181.8,0,447
2025-02-28 05:15:00,43187.8,43203.8,43157.8,43187.8,0,465
2025-02-28 05:00:00,43184.8,43200.8,43166.8,43187.8,0,355
2025-02-28 04:45:00,43188.8,43212.8,43177.8,43184.8,0,410
2025-02-28 04:30:00,43244.8,43254.8,43182.8,43189.8,0,389
2025-02-28 04:15:00,43238.8,43245.8,43211.8,43243.8,0,385
2025-02-28 04:00:00,43225.8,43264.8,43220.8,43239.8,0,458
2025-02-28 03:45:00,43260.8,43260.8,43220.8,43225.8,0,446
2025-02-28 03:30:00,43247.8,43264.8,43131.8,43261.8,0,712
2025-02-28 03:15:00,43260.8,43281.8,43248.8,43248.8,0,330
2025-02-28 03:00:00,43222.8,43265.8,43215.8,43261.8,0,390
2025-02-28 02:45:00,43235.8,43240.8,43222.8,43224.8,0,349
2025-02-28 02:30:00,43257.8,43268.8,43230.8,43235.8,0,378
2025-02-28 02:15:00,43273.8,43287.8,43248.8,43257.8,0,300
2025-02-28 02:00:00,43294.8,43309.8,43273.8,43273.8,0,247
2025-02-28 01:45:00,43277.8,43299.8,43267.8,43292.8,0,344
2025-02-28 01:30:00,43293.8,43308.8,43278.8,43278.8,0,250
2025-02-28 01:15:00,43299.4,43310.8,43284.4,43292.8,0,216
2025-02-28 01:00:00,43316.8,43328.8,43293.8,43298.8,0,380
2025-02-27 23:45:00,43315.8,43323.8,43294.4,43304.8,0,318
2025-02-27 23:30:00,43315.8,43330.8,43311.8,43314.8,0,319
2025-02-27 23:15:00,43293.8,43326.8,43283.8,43314.8,0,444
2025-02-27 23:00:00,43287.8,43308.8,43263.8,43294.8,0,759
2025-02-27 22:45:00,43320.6,43354.9,43260.9,43288.9,0,1273
2025-02-27 22:30:00,43301.6,43393.6,43298.6,43320.6,0,1261
2025-02-27 22:15:00,43346.6,43404.6,43291.6,43296.6,0,1203
2025-02-27 22:00:00,43432.6,43433.6,43310.6,43346.6,0,1212
2025-02-27 21:45:00,43425.6,43477.6,43392.6,43430.6,0,1217
2025-02-27 21:30:00,43552.9,43554.9,43369.6,43429.6,0,1339
2025-02-27 21:15:00,43649.9,43678.9,43548.9,43553.9,0,1080
2025-02-27 21:00:00,43721.9,43733.9,43641.9,43648.9,0,1078
2025-02-27 20:45:00,43756.9,43779.9,43711.9,43717.9,0,1008
2025-02-27 20:30:00,43762.9,43792.9,43740.9,43754.9,0,920
2025-02-27 20:15:00,43769.9,43807.9,43744.9,43760.9,0,995
2025-02-27 20:00:00,43715.9,43784.9,43700.9,43770.9,0,1079
2025-02-27 19:45:00,43689.9,43729.9,43647.9,43713.9,0,1080
2025-02-27 19:30:00,43757.9,43795.9,43653.9,43688.9,0,1097
2025-02-27 19:15:00,43636.9,43761.9,43585.9,43757.9,0,1059
2025-02-27 19:00:00,43671.9,43693.9,43611.9,43631.9,0,1030
2025-02-27 18:45:00,43744.9,43769.9,43652.9,43663.9,0,1085
2025-02-27 18:30:00,43797.9,43860.9,43730.9,43744.9,0,1113
2025-02-27 18:15:00,43884.9,43927.9,43774.9,43799.9,0,1146
2025-02-27 18:00:00,43780.9,43888.9,43767.9,43886.9,0,1309
2025-02-27 17:45:00,43851.9,43899.9,43770.9,43779.9,0,1323
2025-02-27 17:30:00,43847.9,43908.9,43778.9,43856.9,0,1421
2025-02-27 17:15:00,43712.9,43936.9,43709.9,43855.9,0,1351
2025-02-27 17:00:00,43586.3,43735.9,43505.9,43716.9,0,1415
2025-02-27 16:45:00,43688.9,43729.9,43553.9,43595.6,0,1347
2025-02-27 16:30:00,43505.3,43707.9,43493.8,43686.9,0,1382
2025-02-27 16:15:00,43512.3,43516.8,43458.3,43500.8,0,641
2025-02-27 16:00:00,43430.8,43511.3,43418.8,43509.3,0,851
2025-02-27 15:45:00,43597.3,43621.8,43384.8,43432.8,0,1170
2025-02-27 15:30:00,43573.5,43593.3,43529.3,43593.3,0,761
2025-02-27 15:15:00,43597.3,43600.8,43565.3,43584.5,0,425
2025-02-27 15:00:00,43600.8,43608.8,43584.8,43596.8,0,494
2025-02-27 14:45:00,43619.8,43625.3,43594.3,43600.3,0,431
2025-02-27 14:30:00,43626.3,43635.8,43607.8,43619.8,0,303
2025-02-27 14:15:00,43619.3,43633.3,43618.3,43626.3,0,231
2025-02-27 14:00:00,43634.3,43644.3,43612.3,43619.3,0,310
2025-02-27 13:45:00,43599.8,43636.3,43596.8,43636.3,0,351
2025-02-27 13:30:00,43600.8,43605.3,43578.8,43601.3,0,433
2025-02-27 13:15:00,43591.8,43615.3,43582.8,43601.3,0,386
2025-02-27 13:00:00,43593.8,43606.8,43586.8,43592.8,0,311
2025-02-27 12:45:00,43585.3,43601.8,43573.8,43589.8,0,383
2025-02-27 12:30:00,43616.8,43617.8,43566.3,43584.8,0,460
2025-02-27 12:15:00,43599.8,43620.3,43594.3,43616.3,0,402
2025-02-27 12:00:00,43594.8,43602.3,43577.8,43598.8,0,380
2025-02-27 11:45:00,43597.8,43607.3,43587.3,43595.8,0,313
2025-02-27 11:30:00,43591.8,43603.3,43582.8,43598.8,0,357
2025-02-27 11:15:00,43577.3,43596.8,43572.3,43591.8,0,400
2025-02-27 11:00:00,43609.8,43626.8,43578.3,43578.3,0,507
2025-02-27 10:45:00,43597.8,43612.8,43581.8,43610.8,0,305
2025-02-27 10:30:00,43589.8,43617.8,43589.8,43598.8,0,356
2025-02-27 10:15:00,43568.8,43604.4,43567.8,43588.8,0,419
2025-02-27 10:00:00,43572.8,43594.8,43550.8,43570.8,0,516
2025-02-27 09:45:00,43585.8,43594.8,43562.8,43572.8,0,316
2025-02-27 09:30:00,43583.8,43602.8,43583.8,43584.8,0,288
2025-02-27 09:15:00,43593.8,43606.8,43577.8,43583.8,0,383
2025-02-27 09:00:00,43572.8,43588.8,43556.8,43588.8,0,355
2025-02-27 08:45:00,43562.8,43590.8,43519.0,43572.8,0,398
2025-02-27 08:30:00,43570.8,43574.8,43550.8,43562.8,0,197
2025-02-27 08:15:00,43562.8,43584.8,43558.8,43569.8,0,289
2025-02-27 08:00:00,43580.8,43593.8,43560.8,43561.8,0,281
2025-02-27 07:45:00,43553.8,43603.9,43552.8,43580.8,0,320
2025-02-27 07:30:00,43523.8,43553.8,43516.8,43553.8,0,191
2025-02-27 07:15:00,43494.8,43527.8,43493.8,43524.8,0,185
2025-02-27 07:00:00,43482.8,43497.8,43473.8,43494.8,0,160
2025-02-27 06:45:00,43472.8,43483.8,43469.8,43482.8,0,105
2025-02-27 06:30:00,43473.8,43479.8,43464.8,43471.8,0,145
2025-02-27 06:15:00,43478.8,43484.8,43468.8,43472.8,0,155
2025-02-27 06:00:00,43474.8,43484.8,43465.8,43478.8,0,189
2025-02-27 05:45:00,43499.8,43500.8,43473.8,43473.8,0,168
2025-02-27 05:30:00,43474.8,43502.8,43468.8,43500.8,0,154
2025-02-27 05:15:00,43469.8,43478.8,43463.8,43474.8,0,117
2025-02-27 05:00:00,43472.8,43478.8,43467.8,43470.8,0,162
2025-02-27 04:45:00,43500.8,43500.8,43465.8,43472.8,0,184
2025-02-27 04:30:00,43478.8,43503.8,43477.8,43501.8,0,179
2025-02-27 04:15:00,43437.8,43487.8,43432.8,43478.8,0,255
2025-02-27 04:00:00,43427.8,43440.8,43419.8,43437.8,0,237
2025-02-27 03:45:00,43428.8,43440.8,43425.8,43427.8,0,193
2025-02-27 03:30:00,43423.8,43442.8,43422.8,43428.8,0,222
2025-02-27 03:15:00,43409.8,43438.8,43406.8,43424.8,0,235
2025-02-27 03:00:00,43398.8,43414.8,43387.8,43409.8,0,376
2025-02-27 02:45:00,43436.8,43445.8,43395.8,43397.8,0,340
2025-02-27 02:30:00,43429.8,43439.8,43415.8,43436.8,0,373
2025-02-27 02:15:00,43429.8,43439.8,43406.8,43429.8,0,459
2025-02-27 02:00:00,43433.8,43460.8,43420.8,43428.8,0,383
2025-02-27 01:45:00,43398.8,43439.8,43398.8,43433.8,0,312
2025-02-27 01:30:00,43399.8,43424.8,43396.8,43399.8,0,363
2025-02-27 01:15:00,43437.8,43452.8,43366.8,43399.8,0,449
2025-02-27 01:00:00,43450.8,43450.8,43419.4,43436.8,0,487
2025-02-26 23:45:00,43476.8,43532.8,43466.4,43467.8,0,600
2025-02-26 23:30:00,43392.9,43479.4,43382.4,43476.8,0,814
2025-02-26 23:15:00,43444.4,43489.0,43323.0,43392.9,0,1288
2025-02-26 23:00:00,43494.8,43528.8,43302.8,43440.4,0,1053
2025-02-26 22:45:00,43536.9,43571.9,43446.9,43488.9,0,1147
2025-02-26 22:30:00,43443.9,43550.9,43427.9,43537.9,0,1034
2025-02-26 22:15:00,43449.9,43482.9,43427.9,43449.9,0,966
2025-02-26 22:00:00,43420.9,43486.9,43402.9,43452.9,0,986
2025-02-26 21:45:00,43516.9,43539.9,43411.9,43419.9,0,967
2025-02-26 21:30:00,43457.9,43540.9,43448.9,43517.9,0,948
2025-02-26 21:15:00,43389.9,43498.9,43358.9,43458.9,0,1028
2025-02-26 21:00:00,43382.9,43426.9,43345.9,43387.9,0,1122
2025-02-26 20:45:00,43424.9,43443.9,43345.9,43385.9,0,1061
2025-02-26 20:30:00,43408.9,43471.9,43402.9,43426.9,0,1062
2025-02-26 20:15:00,43510.9,43519.9,43406.9,43414.9,0,1063
2025-02-26 20:00:00,43516.9,43535.9,43483.9,43510.9,0,1118
2025-02-26 19:45:00,43637.9,43645.9,43479.9,43524.9,0,1142
2025-02-26 19:30:00,43744.9,43772.9,43601.9,43638.9,0,1158
2025-02-26 19:15:00,43767.9,43798.9,43693.9,43747.9,0,1040
2025-02-26 19:00:00,43717.9,43773.9,43693.9,43770.9,0,935
2025-02-26 18:45:00,43790.9,43809.9,43700.9,43715.9,0,1013
2025-02-26 18:30:00,43798.9,43832.9,43734.9,43789.9,0,1054
2025-02-26 18:15:00,43824.9,43847.9,43797.9,43797.9,0,938
2025-02-26 18:00:00,43856.9,43883.9,43806.9,43822.9,0,989
2025-02-26 17:45:00,43881.9,43904.9,43844.9,43855.9,0,1039
2025-02-26 17:30:00,43851.9,43901.9,43824.9,43881.9,0,1140
2025-02-26 17:15:00,43851.9,43891.9,43820.9,43851.9,0,1148
2025-02-26 17:00:00,43768.4,43853.9,43735.3,43853.9,0,1200
2025-02-26 16:45:00,43661.9,43782.9,43636.9,43767.9,0,1169
2025-02-26 16:30:00,43701.3,43714.8,43587.3,43658.9,0,1356
2025-02-26 16:15:00,43723.8,43742.8,43692.3,43693.8,0,814
2025-02-26 16:00:00,43724.8,43741.8,43714.8,43723.8,0,689
2025-02-26 15:45:00,43760.8,43767.8,43705.3,43724.8,0,619
2025-02-26 15:30:00,43785.3,43793.3,43757.8,43760.3,0,475
2025-02-26 15:15:00,43763.8,43787.3,43759.3,43784.8,0,433
2025-02-26 15:00:00,43753.3,43767.3,43732.8,43764.8,0,444
2025-02-26 14:45:00,43778.3,43780.8,43736.8,43753.8,0,476
2025-02-26 14:30:00,43760.3,43784.8,43758.3,43777.8,0,305
2025-02-26 14:15:00,43783.3,43786.8,43758.8,43760.8,0,308
2025-02-26 14:00:00,43776.8,43787.3,43768.8,43782.8,0,384
2025-02-26 13:45:00,43813.3,43816.3,43767.8,43777.8,0,379
2025-02-26 13:30:00,43793.8,43818.8,43792.8,43815.8,0,275
2025-02-26 13:15:00,43795.3,43800.8,43789.3,43793.8,0,272
2025-02-26 13:00:00,43780.8,43799.8,43764.8,43795.8,0,323
2025-02-26 12:45:00,43776.8,43787.3,43773.8,43780.8,0,226
2025-02-26 12:30:00,43768.8,43774.3,43762.8,43774.3,0,248
2025-02-26 12:15:00,43758.3,43768.8,43750.8,43768.8,0,241
2025-02-26 12:00:00,43774.8,43790.3,43755.3,43758.3,0,292
2025-02-26 11:45:00,43769.8,43782.3,43763.8,43774.8,0,267
2025-02-26 11:30:00,43779.3,43779.8,43760.8,43770.3,0,347
2025-02-26 11:15:00,43761.3,43796.3,43761.3,43778.8,0,399
2025-02-26 11:00:00,43777.8,43777.8,43746.3,43760.8,0,419
2025-02-26 10:45:00,43740.8,43780.8,43736.3,43777.8,0,254
2025-02-26 10:30:00,43740.8,43759.8,43740.3,43741.8,0,299
2025-02-26 10:15:00,43748.8,43753.8,43729.8,43740.8,0,317
2025-02-26 10:00:00,43727.8,43765.8,43719.8,43749.3,0,416
2025-02-26 09:45:00,43737.8,43740.8,43715.8,43727.8,0,200
2025-02-26 09:30:00,43737.8,43739.8,43716.8,43737.8,0,205
2025-02-26 09:15:00,43740.8,43744.8,43730.8,43739.8,0,145
2025-02-26 09:00:00,43749.8,43749.8,43728.8,43740.8,0,166
2025-02-26 08:45:00,43744.8,43752.8,43744.8,43747.8,0,102
2025-02-26 08:30:00,43745.8,43746.8,43735.8,43744.8,0,105
2025-02-26 08:15:00,43751.8,43756.8,43743.8,43745.8,0,94
2025-02-26 08:00:00,43756.8,43763.8,43751.8,43751.8,0,112
2025-02-26 07:45:00,43758.8,43760.8,43753.8,43756.8,0,59
2025-02-26 07:30:00,43747.8,43761.8,43744.8,43758.8,0,121
2025-02-26 07:15:00,43739.8,43752.8,43736.8,43747.8,0,94
2025-02-26 07:00:00,43735.8,43743.8,43735.8,43739.8,0,112
2025-02-26 06:45:00,43724.8,43737.8,43724.8,43735.8,0,81
2025-02-26 06:30:00,43723.8,43728.8,43721.8,43724.8,0,67
2025-02-26 06:15:00,43720.8,43730.8,43720.8,43723.8,0,81
2025-02-26 06:00:00,43719.8,43725.8,43716.8,43721.8,0,105
2025-02-26 05:45:00,43723.8,43726.8,43717.8,43720.8,0,132
2025-02-26 05:30:00,43736.8,43738.8,43718.8,43722.8,0,151
2025-02-26 05:15:00,43741.8,43741.8,43722.8,43736.8,0,183
2025-02-26 05:00:00,43708.8,43745.8,43703.8,43740.8,0,223
2025-02-26 04:45:00,43699.8,43713.8,43699.8,43708.8,0,167
2025-02-26 04:30:00,43695.8,43705.8,43692.8,43700.8,0,171
2025-02-26 04:15:00,43677.8,43708.8,43674.8,43695.8,0,233
2025-02-26 04:00:00,43690.8,43693.8,43670.8,43678.8,0,201
2025-02-26 03:45:00,43690.8,43699.8,43683.8,43690.8,0,193
2025-02-26 03:30:00,43714.8,43715.8,43686.8,43690.8,0,211
2025-02-26 03:15:00,43731.8,43735.8,43714.8,43716.8,0,172
2025-02-26 03:00:00,43749.8,43751.8,43731.8,43731.8,0,177
2025-02-26 02:45:00,43738.8,43749.8,43735.8,43749.8,0,142
2025-02-26 02:30:00,43745.8,43747.8,43729.8,43737.8,0,146
2025-02-26 02:15:00,43728.8,43749.8,43725.8,43745.8,0,197
2025-02-26 02:00:00,43738.8,43756.8,43725.8,43727.8,0,258
2025-02-26 01:45:00,43731.8,43742.8,43716.8,43740.8,0,201
2025-02-26 01:30:00,43733.8,43752.8,43730.8,43731.8,0,168
2025-02-26 01:15:00,43735.8,43747.8,43730.8,43732.8,0,178
2025-02-26 01:00:00,43755.8,43755.8,43730.8,43734.8,0,185
2025-02-25 23:45:00,43715.8,43727.8,43689.8,43708.9,0,296
2025-02-25 23:30:00,43726.8,43726.8,43704.8,43715.8,0,210
2025-02-25 23:15:00,43707.4,43738.8,43703.4,43726.8,0,318
2025-02-25 23:00:00,43666.8,43729.8,43651.8,43707.8,0,740
2025-02-25 22:45:00,43620.9,43694.9,43614.9,43658.9,0,1272
2025-02-25 22:30:00,43746.9,43751.9,43594.9,43621.9,0,1211
2025-02-25 22:15:00,43692.9,43806.9,43674.9,43746.9,0,1140
2025-02-25 22:00:00,43683.9,43737.9,43659.9,43693.9,0,1096
2025-02-25 21:45:00,43706.9,43713.9,43631.9,43684.9,0,1076
2025-02-25 21:30:00,43523.9,43727.9,43521.9,43709.9,0,1100
2025-02-25 21:15:00,43567.9,43577.9,43508.9,43523.9,0,1042
2025-02-25 21:00:00,43617.9,43638.9,43566.9,43568.9,0,1056
2025-02-25 20:45:00,43686.9,43707.9,43620.9,43625.9,0,982
2025-02-25 20:30:00,43542.9,43701.9,43539.9,43685.9,0,1075
2025-02-25 20:15:00,43650.9,43680.9,43540.9,43543.9,0,983
2025-02-25 20:00:00,43658.9,43742.9,43646.9,43652.9,0,967
2025-02-25 19:45:00,43600.9,43660.9,43585.9,43660.9,0,929
2025-02-25 19:30:00,43520.9,43621.9,43510.9,43597.9,0,995
2025-02-25 19:15:00,43450.9,43520.9,43428.9,43520.9,0,1025
2025-02-25 19:00:00,43503.9,43524.9,43441.9,43453.9,0,1129
2025-02-25 18:45:00,43418.9,43548.9,43397.9,43505.9,0,1236
2025-02-25 18:30:00,43443.9,43460.9,43341.9,43416.9,0,1159
2025-02-25 18:15:00,43519.9,43528.9,43433.9,43443.9,0,1185
2025-02-25 18:00:00,43517.9,43524.9,43417.9,43521.9,0,1283
2025-02-25 17:45:00,43502.9,43578.9,43447.9,43511.9,0,1261
2025-02-25 17:30:00,43345.9,43533.9,43312.9,43501.9,0,1385
2025-02-25 17:15:00,43423.9,43486.9,43331.9,43344.9,0,1305
2025-02-25 17:00:00,43588.3,43588.3,43413.9,43424.9,0,1362
2025-02-25 16:45:00,43662.9,43683.9,43536.9,43588.3,0,1245
2025-02-25 16:30:00,43589.8,43770.9,43581.8,43660.9,0,1350
2025-02-25 16:15:00,43591.8,43606.8,43525.8,43597.8,0,625
2025-02-25 16:00:00,43598.8,43602.8,43577.8,43587.8,0,501
2025-02-25 15:45:00,43587.8,43618.8,43586.8,43597.8,0,428
2025-02-25 15:30:00,43605.8,43612.8,43585.8,43587.8,0,494
2025-02-25 15:15:00,43561.8,43606.8,43548.3,43605.8,0,523
2025-02-25 15:00:00,43562.8,43571.8,43552.8,43561.8,0,490
2025-02-25 14:45:00,43540.8,43565.3,43520.8,43563.8,0,493
2025-02-25 14:30:00,43565.8,43566.8,43532.8,43540.8,0,390
2025-02-25 14:15:00,43499.8,43571.8,43488.8,43566.3,0,452
2025-02-25 14:00:00,43480.8,43517.8,43470.8,43499.8,0,484
2025-02-25 13:45:00,43490.8,43490.8,43467.8,43478.8,0,453
2025-02-25 13:30:00,43427.8,43506.8,43423.8,43492.8,0,388
2025-02-25 13:15:00,43440.8,43446.8,43417.8,43427.8,0,377
2025-02-25 13:00:00,43436.8,43480.8,43355.8,43441.8,0,682
2025-02-25 12:45:00,43486.8,43494.3,43426.8,43436.8,0,352
2025-02-25 12:30:00,43477.8,43487.8,43463.3,43486.3,0,277
2025-02-25 12:15:00,43452.8,43479.3,43451.8,43478.8,0,298
2025-02-25 12:00:00,43409.8,43458.8,43409.8,43450.8,0,456
2025-02-25 11:45:00,43458.8,43465.8,43407.3,43408.8,0,494
2025-02-25 11:30:00,43502.8,43509.8,43458.8,43458.8,0,461
2025-02-25 11:15:00,43539.8,43540.3,43496.8,43501.8,0,498
2025-02-25 11:00:00,43466.8,43543.8,43442.8,43537.8,0,652
2025-02-25 10:45:00,43511.8,43536.8,43456.8,43458.8,0,518
2025-02-25 10:30:00,43525.8,43544.8,43502.8,43510.8,0,462
2025-02-25 10:15:00,43557.8,43557.8,43501.8,43523.8,0,541
2025-02-25 10:00:00,43385.4,43557.8,43385.4,43556.8,0,643
2025-02-25 09:45:00,43462.8,43464.8,43391.8,43393.8,0,543
2025-02-25 09:30:00,43452.8,43478.8,43441.8,43463.8,0,407
2025-02-25 09:15:00,43509.8,43529.8,43451.8,43451.8,0,342
2025-02-25 09:00:00,43530.8,43532.8,43492.8,43508.8,0,305
2025-02-25 08:45:00,43541.8,43548.8,43516.8,43530.8,0,224
2025-02-25 08:30:00,43547.8,43550.8,43528.8,43541.8,0,237
2025-02-25 08:15:00,43572.8,43575.8,43543.8,43547.8,0,112
2025-02-25 08:00:00,43570.8,43576.8,43559.8,43572.8,0,119
2025-02-25 07:45:00,43567.8,43576.8,43565.8,43570.8,0,96
2025-02-25 07:30:00,43571.8,43574.8,43565.8,43567.8,0,108
2025-02-25 07:15:00,43566.8,43576.8,43565.8,43572.8,0,108
2025-02-25 07:00:00,43563.8,43570.8,43559.8,43566.8,0,169
2025-02-25 06:45:00,43582.8,43583.8,43563.8,43563.8,0,143
2025-02-25 06:30:00,43598.8,43598.8,43582.8,43582.8,0,113
2025-02-25 06:15:00,43584.4,43600.8,43583.8,43598.8,0,87
2025-02-25 06:00:00,43580.8,43586.8,43573.8,43583.8,0,139
2025-02-25 05:45:00,43592.8,43599.8,43578.8,43579.8,0,118
2025-02-25 05:30:00,43599.8,43602.8,43588.8,43592.8,0,130
2025-02-25 05:15:00,43617.8,43617.8,43599.8,43600.8,0,101
2025-02-25 05:00:00,43605.8,43620.8,43603.8,43617.8,0,111
2025-02-25 04:45:00,43593.8,43607.8,43586.8,43605.8,0,116
2025-02-25 04:30:00,43582.8,43596.8,43579.8,43593.8,0,185
2025-02-25 04:15:00,43603.8,43608.8,43562.8,43582.8,0,249
2025-02-25 04:00:00,43603.8,43610.8,43594.8,43602.8,0,184
2025-02-25 03:45:00,43586.8,43605.8,43578.8,43603.8,0,166
2025-02-25 03:30:00,43574.8,43589.8,43574.8,43585.8,0,282
2025-02-25 03:15:00,43566.8,43578.8,43558.8,43574.8,0,295
2025-02-25 03:00:00,43571.8,43583.8,43562.8,43566.8,0,320
2025-02-25 02:45:00,43565.8,43577.8,43561.8,43572.8,0,227
2025-02-25 02:30:00,43555.8,43577.8,43546.8,43565.8,0,209
2025-02-25 02:15:00,43548.8,43565.8,43540.8,43554.8,0,276
2025-02-25 02:00:00,43523.8,43564.8,43523.8,43549.8,0,323
2025-02-25 01:45:00,43535.8,43542.8,43495.8,43527.8,0,340
2025-02-25 01:30:00,43570.8,43576.8,43535.8,43535.8,0,259
2025-02-25 01:15:00,43547.8,43571.8,43543.8,43570.8,0,165
2025-02-25 01:00:00,43539.4,43557.4,43527.4,43547.8,0,315
2025-02-24 23:45:00,43535.8,43540.8,43528.4,43533.8,0,163
2025-02-24 23:30:00,43541.8,43554.8,43526.8,43534.8,0,184
2025-02-24 23:15:00,43547.8,43555.8,43533.8,43539.8,0,283
2025-02-24 23:00:00,43500.8,43559.8,43483.8,43546.8,0,629
2025-02-24 22:45:00,43579.9,43621.9,43464.9,43498.9,0,1050
2025-02-24 22:30:00,43592.9,43631.9,43573.9,43579.9,0,850
2025-02-24 22:15:00,43618.9,43651.9,43587.9,43589.9,0,964
2025-02-24 22:00:00,43638.9,43640.9,43600.9,43617.9,0,830
2025-02-24 21:45:00,43646.9,43666.9,43613.9,43635.9,0,828
2025-02-24 21:30:00,43652.9,43699.9,43636.9,43642.9,0,827
2025-02-24 21:15:00,43690.9,43713.9,43639.9,43652.9,0,870
2025-02-24 21:00:00,43673.9,43733.9,43673.9,43691.9,0,833
2025-02-24 20:45:00,43715.9,43722.9,43653.9,43677.9,0,886
2025-02-24 20:30:00,43688.9,43724.9,43679.9,43714.9,0,849
2025-02-24 20:15:00,43654.9,43723.9,43651.9,43686.9,0,847
2025-02-24 20:00:00,43643.9,43701.6,43634.3,43653.9,0,837
2025-02-24 19:45:00,43692.9,43704.9,43641.3,43645.9,0,881
2025-02-24 19:30:00,43646.9,43692.9,43630.9,43690.9,0,853
2025-02-24 19:15:00,43629.9,43687.9,43625.9,43645.9,0,958
2025-02-24 19:00:00,43585.9,43640.9,43572.9,43628.9,0,980
2025-02-24 18:45:00,43613.9,43642.9,43574.9,43585.9,0,1012
2025-02-24 18:30:00,43612.9,43650.9,43566.9,43612.9,0,1042
2025-02-24 18:15:00,43539.9,43633.9,43530.9,43612.9,0,1056
2025-02-24 18:00:00,43466.9,43541.9,43454.9,43540.9,0,1174
2025-02-24 17:45:00,43485.9,43543.9,43412.9,43463.9,0,1202
2025-02-24 17:30:00,43509.9,43531.9,43454.9,43485.9,0,1246
2025-02-24 17:15:00,43514.9,43560.9,43490.9,43505.9,0,1278
2025-02-24 17:00:00,43475.9,43525.9,43375.9,43519.9,0,1376
2025-02-24 16:45:00,43577.9,43595.9,43474.9,43476.9,0,1244
2025-02-24 16:30:00,43624.3,43679.9,43534.9,43576.9,0,1336
2025-02-24 16:15:00,43668.3,43688.3,43621.8,43622.8,0,697
2025-02-24 16:00:00,43671.8,43692.3,43639.3,43668.3,0,577
2025-02-24 15:45:00,43691.8,43706.8,43670.8,43673.8,0,376
2025-02-24 15:30:00,43706.3,43710.8,43681.3,43694.3,0,416
2025-02-24 15:15:00,43730.8,43732.8,43704.8,43706.3,0,420
2025-02-24 15:00:00,43735.3,43736.8,43717.3,43729.8,0,388
2025-02-24 14:45:00,43742.8,43754.8,43722.8,43735.8,0,407
2025-02-24 14:30:00,43751.3,43772.8,43742.8,43742.8,0,326
2025-02-24 14:15:00,43734.8,43753.8,43732.8,43748.8,0,349
2025-02-24 14:00:00,43763.3,43763.8,43730.8,43731.3,0,388
2025-02-24 13:45:00,43777.3,43781.8,43758.8,43767.8,0,369
2025-02-24 13:30:00,43770.8,43779.8,43762.8,43777.3,0,241
2025-02-24 13:15:00,43761.3,43772.3,43757.8,43770.8,0,218
2025-02-24 13:00:00,43746.8,43773.8,43729.8,43761.8,0,374
2025-02-24 12:45:00,43738.8,43756.8,43736.8,43742.8,0,279
2025-02-24 12:30:00,43744.8,43762.3,43735.8,43737.8,0,340
2025-02-24 12:15:00,43733.3,43746.3,43722.8,43744.8,0,282
2025-02-24 12:00:00,43728.8,43741.8,43709.3,43733.8,0,333
2025-02-24 11:45:00,43741.8,43752.3,43726.3,43728.8,0,356
2025-02-24 11:30:00,43749.8,43756.8,43727.8,43742.8,0,416
2025-02-24 11:15:00,43751.3,43767.3,43745.3,43749.8,0,481
2025-02-24 11:00:00,43659.8,43758.3,43653.8,43753.8,0,686
2025-02-24 10:45:00,43634.8,43671.8,43629.8,43659.8,0,408
2025-02-24 10:30:00,43609.8,43635.8,43577.3,43633.8,0,557
2025-02-24 10:15:00,43587.8,43617.8,43562.8,43606.8,0,618
2025-02-24 10:00:00,43651.8,43660.8,43578.8,43587.8,0,586
2025-02-24 09:45:00,43640.8,43661.8,43617.8,43643.8,0,320
2025-02-24 09:30:00,43626.8,43658.8,43625.8,43639.8,0,309
2025-02-24 09:15:00,43636.8,43638.8,43611.8,43626.8,0,297
2025-02-24 09:00:00,43664.8,43672.8,43637.8,43637.8,0,301
2025-02-24 08:45:00,43663.8,43666.8,43657.8,43663.8,0,188
2025-02-24 08:30:00,43685.8,43685.8,43659.8,43663.8,0,162
2025-02-24 08:15:00,43674.8,43688.8,43674.8,43685.8,0,96
2025-02-24 08:00:00,43662.8,43674.8,43662.8,43674.8,0,117
2025-02-24 07:45:00,43666.8,43668.8,43657.8,43663.8,0,92
2025-02-24 07:30:00,43651.8,43668.8,43651.8,43666.8,0,103
2025-02-24 07:15:00,43651.8,43658.8,43648.8,43651.8,0,113
2025-02-24 07:00:00,43644.8,43655.8,43644.8,43651.8,0,118
2025-02-24 06:45:00,43648.8,43653.8,43642.8,43644.8,0,89
2025-02-24 06:30:00,43653.8,43653.8,43643.8,43648.8,0,72
2025-02-24 06:15:00,43642.8,43656.8,43642.8,43653.8,0,64
2025-02-24 06:00:00,43641.8,43646.8,43640.8,43642.8,0,105
2025-02-24 05:45:00,43637.8,43642.8,43632.8,43641.8,0,81
2025-02-24 05:30:00,43643.8,43643.8,43632.8,43636.8,0,121
2025-02-24 05:15:00,43635.8,43644.8,43632.8,43643.8,0,103
2025-02-24 05:00:00,43639.8,43642.8,43634.8,43635.8,0,128
2025-02-24 04:45:00,43635.8,43649.8,43635.8,43639.8,0,138
2025-02-24 04:30:00,43636.8,43643.8,43634.8,43635.8,0,150
2025-02-24 04:15:00,43629.8,43638.8,43623.8,43636.8,0,124
2025-02-24 04:00:00,43601.8,43630.8,43600.8,43629.8,0,219
2025-02-24 03:45:00,43605.8,43614.8,43593.8,43601.8,0,207
2025-02-24 03:30:00,43591.8,43606.8,43579.8,43604.8,0,289
2025-02-24 03:15:00,43603.8,43612.8,43590.8,43591.8,0,272
2025-02-24 03:00:00,43590.8,43610.8,43580.8,43603.8,0,233
2025-02-24 02:45:00,43595.8,43601.8,43579.8,43590.8,0,257
2025-02-24 02:30:00,43605.8,43606.8,43578.8,43595.8,0,238
2025-02-24 02:15:00,43574.8,43619.8,43569.8,43605.8,0,314
2025-02-24 02:00:00,43568.8,43580.8,43564.8,43573.8,0,238
2025-02-24 01:45:00,43571.8,43575.8,43557.8,43568.8,0,223
2025-02-24 01:30:00,43554.8,43578.8,43551.8,43570.8,0,218
2025-02-24 01:15:00,43531.8,43557.8,43524.8,43553.8,0,244
2025-02-24 01:00:00,43482.8,43539.8,43467.9,43531.8,0,442
2025-02-21 23:45:00,43429.8,43437.8,43418.8,43421.8,0,133
2025-02-21 23:30:00,43434.8,43442.8,43426.8,43429.8,0,200
2025-02-21 23:15:00,43436.8,43444.8,43427.8,43435.8,0,174
2025-02-21 23:00:00,43438.8,43445.8,43416.8,43434.8,0,558
2025-02-21 22:45:00,43429.9,43471.9,43398.9,43435.9,0,1096
2025-02-21 22:30:00,43475.9,43480.9,43427.9,43428.9,0,948
2025-02-21 22:15:00,43423.9,43472.9,43398.9,43467.9,0,978
2025-02-21 22:00:00,43418.9,43449.9,43397.9,43424.9,0,1030
2025-02-21 21:45:00,43407.9,43466.9,43395.9,43422.9,0,1031
2025-02-21 21:30:00,43378.9,43417.9,43367.9,43409.9,0,1094
2025-02-21 21:15:00,43514.9,43514.9,43358.9,43378.9,0,1049
2025-02-21 21:00:00,43473.9,43531.9,43434.9,43515.9,0,1051
2025-02-21 20:45:00,43455.9,43503.9,43453.3,43472.9,0,985
2025-02-21 20:30:00,43494.9,43551.9,43453.9,43457.9,0,1127
2025-02-21 20:15:00,43572.9,43615.9,43492.9,43493.9,0,1052
2025-02-21 20:00:00,43615.9,43621.9,43534.9,43572.9,0,1086
2025-02-21 19:45:00,43689.9,43696.9,43599.9,43614.9,0,923
2025-02-21 19:30:00,43728.9,43735.9,43653.9,43691.9,0,916
2025-02-21 19:15:00,43802.9,43805.9,43720.9,43727.9,0,934
2025-02-21 19:00:00,43818.9,43828.9,43782.9,43803.9,0,837
2025-02-21 18:45:00,43829.9,43835.9,43786.9,43819.9,0,865
2025-02-21 18:30:00,43808.9,43855.9,43795.9,43830.9,0,863
2025-02-21 18:15:00,43829.9,43854.9,43794.9,43809.9,0,909
2025-02-21 18:00:00,43808.9,43838.9,43767.9,43827.9,0,1010
2025-02-21 17:45:00,43773.9,43824.9,43771.9,43806.9,0,1004
2025-02-21 17:30:00,43801.9,43834.9,43771.9,43773.9,0,1071
2025-02-21 17:15:00,43793.9,43853.9,43784.9,43806.9,0,1107
2025-02-21 17:00:00,43803.4,43838.9,43764.4,43792.9,0,1200
2025-02-21 16:45:00,43902.4,43926.9,43786.9,43818.4,0,1130
2025-02-21 16:30:00,43936.8,43962.9,43878.9,43888.4,0,1261
2025-02-21 16:15:00,43998.3,44021.8,43925.8,43935.3,0,579
2025-02-21 16:00:00,43946.3,44008.8,43945.8,43998.8,0,555
2025-02-21 15:45:00,43936.8,43955.3,43933.8,43947.8,0,422
2025-02-21 15:30:00,43985.3,43986.8,43933.8,43937.3,0,407
2025-02-21 15:15:00,43960.3,43992.3,43957.8,43986.8,0,405
2025-02-21 15:00:00,44014.3,44017.8,43945.3,43963.8,0,452
2025-02-21 14:45:00,44007.8,44031.8,43995.8,44017.8,0,369
2025-02-21 14:30:00,44067.8,44072.8,44003.8,44004.3,0,432
2025-02-21 14:15:00,44050.8,44096.8,44035.8,44069.8,0,464
2025-02-21 14:00:00,44240.3,44240.3,44033.8,44054.3,0,799
2025-02-21 13:45:00,44245.3,44254.8,44241.3,44248.3,0,202
2025-02-21 13:30:00,44252.8,44259.8,44243.8,44245.8,0,153
2025-02-21 13:15:00,44259.3,44259.8,44252.3,44253.8,0,156
2025-02-21 13:00:00,44265.8,44268.8,44255.3,44259.8,0,273
2025-02-21 12:45:00,44250.8,44268.3,44244.8,44265.3,0,293
2025-02-21 12:30:00,44252.3,44254.3,44244.8,44250.8,0,197
2025-02-21 12:15:00,44238.8,44252.3,44238.8,44252.3,0,190
2025-02-21 12:00:00,44237.3,44240.3,44229.3,44239.3,0,208
2025-02-21 11:45:00,44230.8,44238.8,44228.8,44237.3,0,204
2025-02-21 11:30:00,44221.8,44238.3,44219.8,44230.8,0,211
2025-02-21 11:15:00,44225.3,44234.8,44220.3,44221.8,0,233
2025-02-21 11:00:00,44239.8,44239.8,44209.8,44224.8,0,340
2025-02-21 10:45:00,44236.3,44247.8,44231.8,44236.8,0,245
2025-02-21 10:30:00,44228.8,44245.3,44228.8,44235.8,0,386
2025-02-21 10:15:00,44232.3,44232.8,44185.8,44227.3,0,549
2025-02-21 10:00:00,44201.8,44237.8,44196.8,44234.3,0,409
2025-02-21 09:45:00,44221.8,44225.8,44198.8,44199.8,0,165
2025-02-21 09:30:00,44223.8,44224.8,44213.8,44221.8,0,134
2025-02-21 09:15:00,44216.8,44223.8,44212.8,44223.8,0,158
2025-02-21 09:00:00,44207.8,44224.8,44207.8,44217.8,0,130
2025-02-21 08:45:00,44201.8,44211.8,44199.8,44207.8,0,72
2025-02-21 08:30:00,44200.8,44202.8,44196.8,44201.8,0,61
2025-02-21 08:15:00,44200.8,44202.8,44197.8,44200.8,0,56
2025-02-21 08:00:00,44192.8,44204.8,44189.8,44200.8,0,84
2025-02-21 07:45:00,44198.8,44200.8,44190.8,44192.8,0,76
2025-02-21 07:30:00,44198.8,44201.8,44194.8,44198.8,0,80
2025-02-21 07:15:00,44188.8,44198.8,44188.8,44198.8,0,90
2025-02-21 07:00:00,44196.8,44201.8,44182.8,44188.8,0,123
2025-02-21 06:45:00,44204.8,44204.8,44192.8,44197.8,0,94
2025-02-21 06:30:00,44201.8,44205.8,44199.8,44203.8,0,56
2025-02-21 06:15:00,44204.8,44204.8,44197.8,44200.8,0,63
2025-02-21 06:00:00,44194.8,44204.8,44194.8,44204.8,0,60
2025-02-21 05:45:00,44197.8,44200.8,44193.8,44194.8,0,72
2025-02-21 05:30:00,44209.8,44209.8,44195.8,44197.8,0,104
2025-02-21 05:15:00,44206.8,44209.8,44202.8,44209.8,0,88
2025-02-21 05:00:00,44210.8,44211.8,44204.8,44206.8,0,107
2025-02-21 04:45:00,44204.8,44215.8,44202.8,44210.8,0,81
2025-02-21 04:30:00,44203.8,44211.8,44201.8,44204.8,0,101
2025-02-21 04:15:00,44211.8,44216.4,44203.8,44203.8,0,132
2025-02-21 04:00:00,44201.8,44214.8,44201.8,44211.8,0,144
2025-02-21 03:45:00,44207.8,44217.8,44201.8,44201.8,0,164
2025-02-21 03:30:00,44196.8,44218.8,44192.8,44206.8,0,222
2025-02-21 03:15:00,44202.8,44208.8,44195.8,44196.8,0,171
2025-02-21 03:00:00,44211.8,44217.8,44197.8,44202.8,0,144
2025-02-21 02:45:00,44202.8,44214.8,44200.8,44212.8,0,102
2025-02-21 02:30:00,44211.8,44214.8,44200.8,44202.8,0,124
2025-02-21 02:15:00,44226.8,44229.8,44209.8,44211.8,0,128
2025-02-21 02:00:00,44222.8,44229.8,44211.8,44226.8,0,131
2025-02-21 01:45:00,44228.8,44229.8,44220.8,44223.8,0,112
2025-02-21 01:30:00,44220.8,44236.8,44218.8,44228.8,0,166
2025-02-21 01:15:00,44221.8,44222.8,44212.8,44220.8,0,115
2025-02-21 01:00:00,44203.8,44225.8,44199.8,44221.8,0,185
2025-02-20 23:45:00,44182.8,44187.8,44171.8,44184.8,0,145
2025-02-20 23:30:00,44189.8,44197.8,44180.8,44182.8,0,110
2025-02-20 23:15:00,44187.8,44197.8,44182.8,44189.8,0,153
2025-02-20 23:00:00,44207.8,44213.8,44175.8,44187.8,0,450
2025-02-20 22:45:00,44145.9,44219.9,44134.9,44203.9,0,904
2025-02-20 22:30:00,44156.9,44166.9,44125.9,44145.9,0,724
2025-02-20 22:15:00,44138.9,44168.9,44113.9,44156.9,0,684
2025-02-20 22:00:00,44143.9,44149.9,44124.9,44138.9,0,696
2025-02-20 21:45:00,44107.9,44165.9,44104.9,44143.9,0,703
2025-02-20 21:30:00,44082.9,44108.9,44052.9,44106.9,0,728
2025-02-20 21:15:00,44097.9,44103.9,44065.9,44081.9,0,652
2025-02-20 21:00:00,44038.9,44113.9,44032.9,44096.9,0,701
2025-02-20 20:45:00,44034.9,44048.9,44001.9,44039.9,0,685
2025-02-20 20:30:00,43985.9,44037.9,43975.9,44035.9,0,713
2025-02-20 20:15:00,44036.9,44043.9,43964.9,43985.9,0,750
2025-02-20 20:00:00,44021.9,44039.9,43989.9,44037.9,0,778
2025-02-20 19:45:00,44093.9,44101.9,44011.9,44021.9,0,685
2025-02-20 19:30:00,44072.9,44102.9,44061.9,44094.9,0,641
2025-02-20 19:15:00,44054.9,44092.9,44046.9,44074.9,0,737
2025-02-20 19:00:00,43985.9,44058.9,43972.9,44053.9,0,808
2025-02-20 18:45:00,44021.9,44028.9,43979.9,43986.9,0,804
2025-02-20 18:30:00,44065.9,44074.9,43973.9,44022.9,0,928
2025-02-20 18:15:00,44098.9,44103.9,44045.9,44067.9,0,931
2025-02-20 18:00:00,44090.9,44125.9,44050.9,44098.9,0,1043
2025-02-20 17:45:00,44128.9,44140.9,44056.9,44089.9,0,1064
2025-02-20 17:30:00,44202.9,44246.9,44106.9,44131.9,0,1042
2025-02-20 17:15:00,44226.9,44270.9,44195.9,44204.9,0,1107
2025-02-20 17:00:00,44315.6,44316.9,44188.9,44226.9,0,1291
2025-02-20 16:45:00,44401.9,44419.9,44312.9,44314.6,0,1103
2025-02-20 16:30:00,44498.3,44537.9,44403.9,44404.9,0,1146
2025-02-20 16:15:00,44508.8,44520.3,44497.8,44499.8,0,533
2025-02-20 16:00:00,44497.3,44518.3,44496.3,44508.8,0,442
2025-02-20 15:45:00,44514.3,44520.8,44480.3,44497.3,0,386
2025-02-20 15:30:00,44499.4,44517.8,44494.3,44515.8,0,413
2025-02-20 15:15:00,44498.3,44507.8,44494.3,44499.8,0,301
2025-02-20 15:00:00,44515.8,44523.8,44490.3,44499.3,0,340
2025-02-20 14:45:00,44525.3,44526.8,44507.8,44516.3,0,260
2025-02-20 14:30:00,44504.8,44529.8,44503.8,44525.8,0,312
2025-02-20 14:15:00,44506.8,44512.8,44501.8,44504.8,0,299
2025-02-20 14:00:00,44501.8,44546.8,44494.3,44505.8,0,509
2025-02-20 13:45:00,44549.3,44560.8,44500.3,44500.8,0,339
2025-02-20 13:30:00,44559.8,44563.8,44535.3,44549.3,0,302
2025-02-20 13:15:00,44572.8,44576.3,44560.8,44561.3,0,174
2025-02-20 13:00:00,44586.3,44586.3,44572.3,44572.8,0,204
2025-02-20 12:45:00,44601.8,44606.8,44585.8,44585.8,0,144
2025-02-20 12:30:00,44595.8,44603.3,44593.8,44601.8,0,130
2025-02-20 12:15:00,44595.3,44601.8,44592.8,44595.8,0,163
2025-02-20 12:00:00,44588.8,44603.8,44586.3,44594.8,0,241
2025-02-20 11:45:00,44582.3,44594.3,44579.3,44588.3,0,230
2025-02-20 11:30:00,44588.8,44588.8,44576.3,44581.8,0,210
2025-02-20 11:15:00,44575.8,44588.8,44574.3,44588.8,0,244
2025-02-20 11:00:00,44562.8,44575.8,44562.3,44575.3,0,262
2025-02-20 10:45:00,44552.3,44566.8,44549.8,44562.3,0,184
2025-02-20 10:30:00,44557.8,44567.3,44548.3,44552.8,0,230
2025-02-20 10:15:00,44556.8,44559.8,44537.3,44559.8,0,322
2025-02-20 10:00:00,44544.8,44564.3,44543.8,44557.8,0,391
2025-02-20 09:45:00,44550.8,44553.8,44540.8,44544.8,0,154
2025-02-20 09:30:00,44561.8,44564.8,44549.8,44550.8,0,107
2025-02-20 09:15:00,44558.8,44568.8,44558.8,44561.8,0,151
2025-02-20 09:00:00,44555.8,44560.8,44547.8,44558.8,0,185
2025-02-20 08:45:00,44546.8,44558.8,44541.8,44553.8,0,99
2025-02-20 08:30:00,44540.8,44555.8,44540.8,44546.8,0,131
2025-02-20 08:15:00,44545.8,44548.8,44537.8,44540.8,0,142
2025-02-20 08:00:00,44540.8,44547.8,44536.8,44545.8,0,102
2025-02-20 07:45:00,44541.8,44544.8,44539.8,44540.8,0,65
2025-02-20 07:30:00,44546.8,44548.8,44537.8,44541.8,0,85
2025-02-20 07:15:00,44544.8,44551.8,44544.8,44546.8,0,75
2025-02-20 07:00:00,44545.8,44549.8,44538.8,44544.8,0,135
2025-02-20 06:45:00,44547.8,44547.8,44538.8,44545.8,0,98
2025-02-20 06:30:00,44555.8,44555.8,44543.8,44547.8,0,104
2025-02-20 06:15:00,44547.8,44558.8,44547.8,44555.8,0,121
2025-02-20 06:00:00,44563.8,44564.8,44544.8,44547.8,0,115
2025-02-20 05:45:00,44578.8,44578.8,44564.8,44564.8,0,78
2025-02-20 05:30:00,44582.8,44584.8,44576.8,44578.8,0,101
2025-02-20 05:15:00,44576.8,44583.8,44572.8,44582.8,0,82
2025-02-20 05:00:00,44579.8,44586.8,44576.8,44576.8,0,99
2025-02-20 04:45:00,44578.8,44582.8,44573.8,44579.8,0,125
2025-02-20 04:30:00,44571.8,44584.8,44566.8,44579.8,0,195
2025-02-20 04:15:00,44574.8,44581.8,44568.8,44571.8,0,131
2025-02-20 04:00:00,44566.8,44577.8,44557.8,44574.8,0,202
2025-02-20 03:45:00,44581.8,44581.8,44565.8,44566.8,0,215
2025-02-20 03:30:00,44590.8,44592.8,44573.8,44581.8,0,241
2025-02-20 03:15:00,44598.8,44603.8,44576.8,44590.8,0,196
2025-02-20 03:00:00,44615.8,44616.8,44597.8,44598.8,0,206
2025-02-20 02:45:00,44597.8,44616.8,44594.8,44615.8,0,123
2025-02-20 02:30:00,44588.8,44600.8,44582.8,44597.8,0,140
2025-02-20 02:15:00,44594.8,44594.8,44581.8,44587.8,0,149
2025-02-20 02:00:00,44597.8,44602.8,44585.8,44595.8,0,181
2025-02-20 01:45:00,44588.8,44600.8,44574.8,44597.8,0,167
2025-02-20 01:30:00,44591.8,44604.8,44587.8,44588.8,0,151
2025-02-20 01:15:00,44597.8,44602.8,44584.8,44591.8,0,165
2025-02-20 01:00:00,44602.8,44609.8,44588.8,44598.8,0,166
2025-02-19 23:45:00,44590.8,44599.8,44589.8,44595.8,0,99
2025-02-19 23:30:00,44581.8,44592.8,44581.8,44590.8,0,112
2025-02-19 23:15:00,44579.8,44584.8,44573.8,44582.8,0,122
2025-02-19 23:00:00,44638.8,44638.8,44573.8,44579.8,0,423
2025-02-19 22:45:00,44609.9,44654.9,44597.9,44640.9,0,853
2025-02-19 22:30:00,44583.9,44630.9,44576.9,44609.9,0,799
2025-02-19 22:15:00,44561.9,44605.9,44560.9,44578.9,0,730
2025-02-19 22:00:00,44586.9,44589.9,44537.9,44561.9,0,581
2025-02-19 21:45:00,44574.9,44596.9,44560.9,44587.9,0,583
2025-02-19 21:30:00,44587.9,44592.9,44557.9,44574.9,0,544
2025-02-19 21:15:00,44532.9,44608.9,44532.9,44586.9,0,788
2025-02-19 21:00:00,44437.9,44536.9,44430.9,44532.9,0,585
2025-02-19 20:45:00,44439.9,44448.9,44429.9,44437.9,0,432
2025-02-19 20:30:00,44424.9,44446.9,44424.9,44439.9,0,507
2025-02-19 20:15:00,44345.9,44425.9,44343.9,44423.9,0,540
2025-02-19 20:00:00,44417.9,44425.9,44327.9,44346.9,0,608
2025-02-19 19:45:00,44394.9,44435.9,44387.9,44416.9,0,513
2025-02-19 19:30:00,44406.9,44416.9,44387.3,44394.9,0,580
2025-02-19 19:15:00,44466.9,44468.9,44402.9,44405.9,0,542
2025-02-19 19:00:00,44475.9,44496.9,44449.9,44464.9,0,531
2025-02-19 18:45:00,44474.9,44489.9,44465.9,44476.9,0,538
2025-02-19 18:30:00,44447.9,44482.9,44440.9,44474.9,0,630
2025-02-19 18:15:00,44459.9,44463.9,44413.9,44449.9,0,724
2025-02-19 18:00:00,44380.9,44462.9,44374.9,44459.9,0,771
2025-02-19 17:45:00,44429.9,44432.9,44358.9,44377.9,0,783
2025-02-19 17:30:00,44425.9,44477.9,44412.9,44428.9,0,880
2025-02-19 17:15:00,44442.9,44465.9,44423.9,44424.9,0,835
2025-02-19 17:00:00,44430.9,44470.9,44412.9,44442.9,0,926
2025-02-19 16:45:00,44437.9,44455.9,44396.9,44428.9,0,919
2025-02-19 16:30:00,44446.8,44446.9,44376.9,44437.9,0,1153
2025-02-19 16:15:00,44466.8,44466.8,44429.8,44454.8,0,512
2025-02-19 16:00:00,44461.8,44484.3,44448.3,44468.3,0,423
2025-02-19 15:45:00,44448.8,44469.3,44448.3,44460.8,0,345
2025-02-19 15:30:00,44473.8,44473.8,44440.3,44448.8,0,457
2025-02-19 15:15:00,44508.3,44512.8,44456.3,44474.8,0,420
2025-02-19 15:00:00,44495.3,44524.3,44485.3,44508.8,0,401
2025-02-19 14:45:00,44507.8,44527.8,44494.8,44494.8,0,339
2025-02-19 14:30:00,44515.8,44515.8,44497.4,44506.3,0,322
2025-02-19 14:15:00,44514.8,44517.3,44502.8,44515.8,0,264
2025-02-19 14:00:00,44487.8,44528.8,44487.8,44514.8,0,462
2025-02-19 13:45:00,44469.8,44496.3,44455.8,44489.3,0,391
2025-02-19 13:30:00,44485.8,44486.8,44467.3,44469.8,0,365
2025-02-19 13:15:00,44509.3,44513.3,44483.8,44484.8,0,318
2025-02-19 13:00:00,44518.3,44520.8,44495.3,44509.8,0,358
2025-02-19 12:45:00,44526.3,44533.8,44510.3,44517.8,0,304
2025-02-19 12:30:00,44555.3,44555.8,44526.8,44526.8,0,374
2025-02-19 12:15:00,44594.8,44595.8,44555.3,44555.3,0,249
2025-02-19 12:00:00,44605.3,44605.8,44586.8,44596.3,0,222
2025-02-19 11:45:00,44614.3,44614.3,44600.3,44603.8,0,188
2025-02-19 11:30:00,44608.3,44619.8,44605.8,44614.3,0,223
2025-02-19 11:15:00,44598.8,44613.8,44593.8,44609.8,0,258
2025-02-19 11:00:00,44603.3,44609.3,44591.3,44599.3,0,261
2025-02-19 10:45:00,44608.8,44609.8,44596.3,44603.3,0,265
2025-02-19 10:30:00,44585.8,44609.8,44585.8,44609.3,0,304
2025-02-19 10:15:00,44602.3,44604.3,44583.8,44584.8,0,191
2025-02-19 10:00:00,44597.8,44603.3,44590.3,44601.8,0,285
2025-02-19 09:45:00,44617.8,44622.8,44595.8,44595.8,0,145
2025-02-19 09:30:00,44621.8,44625.8,44607.8,44617.8,0,118
2025-02-19 09:15:00,44612.8,44621.8,44612.8,44621.8,0,88
2025-02-19 09:00:00,44615.8,44619.8,44604.8,44612.8,0,142
2025-02-19 08:45:00,44626.8,44627.8,44615.8,44615.8,0,78
2025-02-19 08:30:00,44625.8,44632.8,44623.8,44626.8,0,93
2025-02-19 08:15:00,44622.8,44626.8,44613.8,44625.8,0,75
2025-02-19 08:00:00,44617.8,44624.8,44617.8,44622.8,0,82
2025-02-19 07:45:00,44613.8,44622.8,44613.8,44618.8,0,76
2025-02-19 07:30:00,44614.8,44621.8,44611.8,44612.8,0,92
2025-02-19 07:15:00,44612.8,44617.8,44611.8,44614.8,0,58
2025-02-19 07:00:00,44614.8,44615.8,44610.8,44612.8,0,83
2025-02-19 06:45:00,44609.8,44615.8,44606.8,44614.8,0,73
2025-02-19 06:30:00,44616.8,44618.8,44604.8,44609.8,0,75
2025-02-19 06:15:00,44618.8,44621.8,44614.8,44615.8,0,59
2025-02-19 06:00:00,44625.8,44625.8,44616.8,44617.8,0,65
2025-02-19 05:45:00,44628.8,44629.8,44624.8,44625.8,0,52
2025-02-19 05:30:00,44621.8,44628.8,44617.8,44628.8,0,56
2025-02-19 05:15:00,44614.8,44624.8,44613.8,44620.8,0,68
2025-02-19 05:00:00,44617.8,44618.8,44613.8,44613.8,0,78
2025-02-19 04:45:00,44621.8,44624.8,44617.8,44618.8,0,102
2025-02-19 04:30:00,44613.8,44626.8,44613.8,44621.8,0,102
2025-02-19 04:15:00,44611.8,44616.8,44611.8,44613.8,0,77
2025-02-19 04:00:00,44620.8,44620.8,44609.8,44611.8,0,121
2025-02-19 03:45:00,44619.8,44622.8,44616.8,44620.8,0,93
2025-02-19 03:30:00,44622.8,44624.8,44610.8,44618.8,0,156
2025-02-19 03:15:00,44619.8,44626.8,44619.8,44621.8,0,118
2025-02-19 03:00:00,44611.8,44623.8,44611.8,44619.8,0,157
2025-02-19 02:45:00,44601.8,44613.8,44600.8,44612.8,0,156
2025-02-19 02:30:00,44593.8,44604.8,44588.8,44601.8,0,102
2025-02-19 02:15:00,44587.8,44598.8,44583.8,44594.8,0,96
2025-02-19 02:00:00,44586.8,44594.8,44580.8,44587.8,0,124
2025-02-19 01:45:00,44588.8,44592.8,44580.8,44586.8,0,109
2025-02-19 01:30:00,44581.3,44598.8,44581.3,44587.8,0,142
2025-02-19 01:15:00,44580.8,44595.8,44575.8,44581.8,0,179
2025-02-19 01:00:00,44590.8,44599.3,44577.3,44581.8,0,195
2025-02-18 23:45:00,44572.8,44574.8,44562.8,44567.8,0,135
2025-02-18 23:30:00,44584.8,44585.8,44563.8,44572.8,0,159
2025-02-18 23:15:00,44596.8,44598.8,44580.8,44584.8,0,193
2025-02-18 23:00:00,44575.8,44601.8,44561.8,44596.8,0,475
2025-02-18 22:45:00,44496.9,44575.9,44487.9,44570.9,0,841
2025-02-18 22:30:00,44469.9,44507.9,44462.9,44496.9,0,632
2025-02-18 22:15:00,44460.9,44473.9,44440.9,44469.9,0,532
2025-02-18 22:00:00,44454.9,44463.9,44432.9,44459.9,0,561
2025-02-18 21:45:00,44418.9,44473.9,44417.9,44454.9,0,661
2025-02-18 21:30:00,44378.9,44420.9,44369.9,44418.9,0,604
2025-02-18 21:15:00,44378.9,44410.9,44335.9,44376.9,0,773
2025-02-18 21:00:00,44459.9,44474.9,44366.9,44378.9,0,749
2025-02-18 20:45:00,44459.9,44490.9,44457.9,44458.9,0,586
2025-02-18 20:30:00,44496.9,44497.9,44460.9,44460.9,0,649
2025-02-18 20:15:00,44497.9,44506.9,44451.9,44497.9,0,654
2025-02-18 20:00:00,44500.9,44533.9,44486.9,44498.9,0,585
2025-02-18 19:45:00,44489.9,44525.9,44487.9,44500.9,0,529
2025-02-18 19:30:00,44498.9,44521.9,44484.9,44489.9,0,529
2025-02-18 19:15:00,44492.9,44501.9,44469.9,44499.9,0,593
2025-02-18 19:00:00,44485.9,44497.9,44467.9,44493.9,0,653
2025-02-18 18:45:00,44494.9,44520.9,44482.9,44486.9,0,661
2025-02-18 18:30:00,44478.9,44508.9,44463.9,44494.9,0,672
2025-02-18 18:15:00,44508.9,44517.9,44449.9,44479.9,0,746
2025-02-18 18:00:00,44566.3,44569.3,44505.9,44509.9,0,693
2025-02-18 17:45:00,44525.3,44576.3,44504.3,44568.3,0,775
2025-02-18 17:30:00,44483.3,44529.3,44471.3,44524.3,0,859
2025-02-18 17:15:00,44435.3,44483.3,44403.3,44482.3,0,949
2025-02-18 17:00:00,44423.9,44458.3,44394.3,44433.3,0,1037
2025-02-18 16:45:00,44463.9,44537.9,44423.9,44423.9,0,1067
2025-02-18 16:30:00,44500.8,44539.9,44442.9,44463.9,0,1297
2025-02-18 16:15:00,44607.3,44607.3,44494.8,44501.8,0,525
2025-02-18 16:00:00,44630.8,44634.3,44592.3,44607.8,0,447
2025-02-18 15:45:00,44644.8,44649.3,44627.3,44631.8,0,271
2025-02-18 15:30:00,44648.4,44657.8,44635.3,44645.8,0,261
2025-02-18 15:15:00,44625.8,44659.3,44622.3,44649.9,0,303
2025-02-18 15:00:00,44639.3,44642.3,44621.8,44625.8,0,337
2025-02-18 14:45:00,44641.8,44648.8,44636.3,44638.8,0,244
2025-02-18 14:30:00,44626.8,44649.8,44626.3,44641.8,0,270
2025-02-18 14:15:00,44623.3,44632.8,44617.3,44626.8,0,288
2025-02-18 14:00:00,44614.8,44643.8,44614.8,44623.3,0,307
2025-02-18 13:45:00,44611.8,44617.8,44609.3,44612.8,0,151
2025-02-18 13:30:00,44618.3,44624.3,44608.3,44611.8,0,195
2025-02-18 13:15:00,44611.8,44627.8,44611.3,44617.8,0,160
2025-02-18 13:00:00,44611.3,44619.3,44606.8,44611.8,0,234
2025-02-18 12:45:00,44603.8,44611.8,44598.8,44610.8,0,200
2025-02-18 12:30:00,44598.8,44611.3,44595.3,44605.8,0,196
2025-02-18 12:15:00,44568.8,44598.3,44568.3,44598.3,0,243
2025-02-18 12:00:00,44570.8,44587.3,44549.3,44568.3,0,319
2025-02-18 11:45:00,44573.8,44580.3,44567.8,44570.3,0,308
2025-02-18 11:30:00,44589.8,44597.8,44574.3,44575.3,0,316
2025-02-18 11:15:00,44618.3,44624.3,44585.8,44590.3,0,300
2025-02-18 11:00:00,44629.8,44647.3,44610.8,44618.8,0,462
2025-02-18 10:45:00,44622.8,44631.8,44612.8,44631.8,0,304
2025-02-18 10:30:00,44631.8,44638.3,44603.3,44623.3,0,343
2025-02-18 10:15:00,44622.8,44646.8,44618.3,44631.8,0,312
2025-02-18 10:00:00,44671.8,44672.3,44616.8,44621.8,0,405
2025-02-18 09:45:00,44674.8,44678.8,44660.8,44671.8,0,152
2025-02-18 09:30:00,44660.8,44674.8,44657.8,44674.8,0,124
2025-02-18 09:15:00,44662.8,44664.8,44656.8,44660.8,0,129
2025-02-18 09:00:00,44656.8,44672.8,44655.8,44663.8,0,188
2025-02-18 08:45:00,44645.8,44659.8,44641.8,44656.8,0,139
2025-02-18 08:30:00,44624.8,44652.8,44615.8,44645.8,0,157
2025-02-18 08:15:00,44608.8,44624.8,44607.8,44624.8,0,94
2025-02-18 08:00:00,44601.8,44609.8,44599.8,44608.8,0,62
2025-02-18 07:45:00,44595.8,44601.8,44594.8,44601.8,0,75
2025-02-18 07:30:00,44595.8,44600.8,44594.8,44595.8,0,65
2025-02-18 07:15:00,44595.8,44599.8,44595.8,44595.8,0,53
2025-02-18 07:00:00,44604.8,44607.8,44594.8,44595.8,0,81
2025-02-18 06:45:00,44607.8,44607.8,44600.8,44604.8,0,48
2025-02-18 06:30:00,44602.8,44607.8,44598.8,44607.8,0,50
2025-02-18 06:15:00,44604.8,44605.8,44597.8,44602.8,0,53
2025-02-18 06:00:00,44611.8,44612.8,44602.8,44603.8,0,46
2025-02-18 05:45:00,44609.8,44615.8,44608.8,44611.8,0,64
2025-02-18 05:30:00,44609.8,44615.8,44604.8,44609.8,0,76
2025-02-18 05:15:00,44608.8,44612.8,44606.8,44609.8,0,78
2025-02-18 05:00:00,44617.8,44618.8,44607.8,44608.8,0,77
2025-02-18 04:45:00,44617.8,44618.8,44613.8,44617.8,0,56
2025-02-18 04:30:00,44614.8,44621.8,44611.8,44617.8,0,109
2025-02-18 04:15:00,44610.8,44623.8,44609.8,44614.8,0,104
2025-02-18 04:00:00,44616.8,44620.8,44609.8,44609.8,0,99
2025-02-18 03:45:00,44617.8,44619.8,44614.8,44616.8,0,109
2025-02-18 03:30:00,44614.8,44624.8,44612.8,44617.8,0,149
2025-02-18 03:15:00,44626.8,44627.8,44612.8,44614.8,0,136
2025-02-18 03:00:00,44627.8,44636.8,44620.8,44626.8,0,187
2025-02-18 02:45:00,44623.8,44627.8,44612.8,44627.8,0,148
2025-02-18 02:30:00,44622.8,44631.8,44616.8,44623.8,0,110
2025-02-18 02:15:00,44644.8,44648.8,44619.8,44622.8,0,130
2025-02-18 02:00:00,44642.8,44644.8,44626.8,44644.8,0,144
2025-02-18 01:45:00,44616.8,44641.8,44615.8,44641.8,0,123
2025-02-18 01:30:00,44629.8,44630.8,44605.8,44618.8,0,140
2025-02-18 01:15:00,44647.8,44649.8,44626.8,44629.8,0,118
2025-02-18 01:00:00,44659.9,44662.8,44648.8,44648.8,0,119
2025-02-17 19:45:00,44678.9,44680.9,44656.9,44670.9,0,155
2025-02-17 19:30:00,44665.9,44686.9,44663.9,44678.9,0,145
2025-02-17 19:15:00,44653.9,44663.9,44648.9,44663.9,0,110
2025-02-17 19:00:00,44649.9,44655.9,44642.3,44652.9,0,152
2025-02-17 18:45:00,44666.9,44668.9,44649.9,44649.9,0,147
2025-02-17 18:30:00,44660.9,44668.9,44641.3,44665.9,0,204
2025-02-17 18:15:00,44638.9,44661.9,44637.9,44659.9,0,135
2025-02-17 18:00:00,44608.9,44638.9,44604.9,44637.9,0,144
2025-02-17 17:45:00,44614.9,44618.9,44596.9,44608.9,0,167
2025-02-17 17:30:00,44613.9,44622.9,44605.9,44615.9,0,166
2025-02-17 17:15:00,44613.9,44622.9,44605.9,44612.9,0,161
2025-02-17 17:00:00,44636.9,44642.9,44608.9,44612.9,0,238
2025-02-17 16:45:00,44638.9,44648.9,44631.9,44636.9,0,272
2025-02-17 16:30:00,44654.8,44660.3,44614.9,44638.9,0,394
2025-02-17 16:15:00,44665.8,44669.8,44652.8,44653.8,0,235
2025-02-17 16:00:00,44657.8,44671.8,44656.8,44665.8,0,175
2025-02-17 15:45:00,44660.8,44665.8,44655.3,44657.3,0,119
2025-02-17 15:30:00,44655.8,44660.8,44651.3,44660.8,0,150
2025-02-17 15:15:00,44649.8,44659.3,44644.8,44655.8,0,116
2025-02-17 15:00:00,44638.8,44651.8,44637.3,44650.3,0,123
2025-02-17 14:45:00,44637.8,44646.8,44634.8,44639.8,0,135
2025-02-17 14:30:00,44636.8,44641.8,44630.3,44638.8,0,113
2025-02-17 14:15:00,44629.8,44637.8,44629.3,44636.3,0,108
2025-02-17 14:00:00,44617.3,44629.8,44609.3,44629.8,0,115
2025-02-17 13:45:00,44613.3,44615.3,44605.3,44615.3,0,99
2025-02-17 13:30:00,44606.3,44617.3,44606.3,44612.8,0,108
2025-02-17 13:15:00,44618.3,44622.8,44604.8,44605.8,0,115
2025-02-17 13:00:00,44608.8,44621.3,44608.8,44617.8,0,112
2025-02-17 12:45:00,44601.8,44608.3,44596.8,44608.3,0,119
2025-02-17 12:30:00,44603.8,44609.3,44600.8,44600.8,0,85
2025-02-17 12:15:00,44610.3,44611.3,44599.8,44603.8,0,130
2025-02-17 12:00:00,44618.3,44619.8,44606.8,44607.8,0,136
2025-02-17 11:45:00,44602.8,44622.8,44598.8,44618.8,0,167
2025-02-17 11:30:00,44597.3,44605.8,44589.8,44602.3,0,159
2025-02-17 11:15:00,44599.8,44604.8,44590.3,44597.8,0,132
2025-02-17 11:00:00,44576.8,44600.3,44576.8,44600.3,0,140
2025-02-17 10:45:00,44572.8,44584.8,44572.8,44576.8,0,101
2025-02-17 10:30:00,44573.8,44578.3,44568.8,44572.3,0,170
2025-02-17 10:15:00,44586.8,44590.8,44570.8,44573.3,0,231
2025-02-17 10:00:00,44575.8,44590.8,44572.8,44587.8,0,256
2025-02-17 09:45:00,44587.8,44588.8,44571.8,44573.8,0,91
2025-02-17 09:30:00,44594.8,44596.8,44586.8,44588.8,0,86
2025-02-17 09:15:00,44589.8,44594.8,44587.8,44594.8,0,61
2025-02-17 09:00:00,44600.8,44601.8,44589.8,44589.8,0,90
2025-02-17 08:45:00,44596.8,44600.8,44594.8,44600.8,0,85
2025-02-17 08:30:00,44602.8,44603.8,44591.8,44596.8,0,66
2025-02-17 08:15:00,44601.8,44605.8,44600.8,44602.8,0,45
2025-02-17 08:00:00,44603.8,44608.8,44598.8,44601.8,0,69
2025-02-17 07:45:00,44604.8,44608.8,44602.8,44603.8,0,54
2025-02-17 07:30:00,44610.8,44610.8,44600.8,44604.8,0,62
2025-02-17 07:15:00,44610.8,44613.8,44607.8,44610.8,0,67
2025-02-17 07:00:00,44602.8,44610.8,44601.8,44610.8,0,91
2025-02-17 06:45:00,44598.8,44603.8,44597.8,44602.8,0,54
2025-02-17 06:30:00,44588.8,44601.8,44588.8,44598.8,0,65
2025-02-17 06:15:00,44583.8,44588.8,44583.8,44588.8,0,38
2025-02-17 06:00:00,44588.8,44588.8,44582.8,44583.8,0,51
2025-02-17 05:45:00,44581.8,44589.8,44581.8,44587.8,0,73
2025-02-17 05:30:00,44588.8,44589.8,44579.8,44581.8,0,78
2025-02-17 05:15:00,44591.8,44593.8,44586.8,44588.8,0,56
2025-02-17 05:00:00,44591.8,44592.8,44587.8,44591.8,0,79
2025-02-17 04:45:00,44592.8,44592.8,44587.8,44592.8,0,62
2025-02-17 04:30:00,44592.8,44593.8,44589.8,44593.8,0,53
2025-02-17 04:15:00,44587.8,44595.8,44583.8,44592.8,0,89
2025-02-17 04:00:00,44581.8,44589.8,44575.8,44588.8,0,113
2025-02-17 03:45:00,44588.8,44588.8,44578.8,44581.8,0,87
2025-02-17 03:30:00,44584.8,44593.8,44583.8,44588.8,0,112
2025-02-17 03:15:00,44575.8,44588.8,44574.8,44584.8,0,120
2025-02-17 03:00:00,44578.8,44582.8,44569.8,44575.8,0,162
2025-02-17 02:45:00,44573.8,44582.8,44568.8,44578.8,0,172
2025-02-17 02:30:00,44565.8,44573.8,44561.8,44573.8,0,178
2025-02-17 02:15:00,44569.8,44578.8,44565.8,44565.8,0,152
2025-02-17 02:00:00,44568.8,44583.8,44549.8,44569.8,0,181
2025-02-17 01:45:00,44565.8,44574.8,44561.8,44569.8,0,146
2025-02-17 01:30:00,44539.8,44569.8,44537.8,44566.8,0,209
2025-02-17 01:15:00,44573.8,44580.8,44532.8,44540.8,0,177
2025-02-17 01:00:00,44590.4,44594.8,44565.8,44573.8,0,188
2025-02-14 23:45:00,44536.8,44545.8,44535.8,44542.8,0,115
2025-02-14 23:30:00,44536.8,44541.4,44527.8,44536.8,0,126
2025-02-14 23:15:00,44544.8,44546.8,44532.8,44536.8,0,102
2025-02-14 23:00:00,44549.8,44549.8,44514.8,44545.8,0,461
2025-02-14 22:45:00,44521.9,44564.9,44502.9,44546.9,0,735
2025-02-14 22:30:00,44531.9,44556.9,44511.9,44518.9,0,665
2025-02-14 22:15:00,44577.9,44595.9,44525.9,44533.9,0,539
2025-02-14 22:00:00,44606.9,44606.9,44563.9,44577.9,0,472
2025-02-14 21:45:00,44610.9,44620.9,44581.9,44605.9,0,481
2025-02-14 21:30:00,44604.9,44616.9,44591.9,44611.9,0,547
2025-02-14 21:15:00,44648.9,44648.9,44597.9,44603.9,0,480
2025-02-14 21:00:00,44640.9,44648.9,44632.9,44647.9,0,436
2025-02-14 20:45:00,44639.9,44663.9,44636.9,44639.9,0,437
2025-02-14 20:30:00,44616.9,44653.9,44615.9,44637.9,0,485
2025-02-14 20:15:00,44592.9,44618.9,44589.9,44615.9,0,494
2025-02-14 20:00:00,44612.9,44621.9,44588.9,44594.9,0,527
2025-02-14 19:45:00,44586.9,44626.9,44580.9,44612.9,0,631
2025-02-14 19:30:00,44598.9,44622.9,44565.9,44585.9,0,625
2025-02-14 19:15:00,44611.9,44618.9,44585.9,44596.9,0,623
2025-02-14 19:00:00,44657.9,44662.9,44589.9,44610.9,0,713
2025-02-14 18:45:00,44635.9,44662.9,44606.9,44658.9,0,697
2025-02-14 18:30:00,44618.9,44640.9,44596.9,44636.9,0,734
2025-02-14 18:15:00,44668.9,44669.9,44590.9,44617.9,0,896
2025-02-14 18:00:00,44662.9,44716.9,44661.9,44667.9,0,670
2025-02-14 17:45:00,44673.9,44704.9,44655.9,44660.9,0,701
2025-02-14 17:30:00,44636.9,44689.9,44627.9,44671.9,0,854
2025-02-14 17:15:00,44710.9,44736.9,44632.9,44634.9,0,908
2025-02-14 17:00:00,44727.9,44775.9,44695.9,44710.9,0,900
2025-02-14 16:45:00,44726.9,44734.9,44688.9,44725.9,0,854
2025-02-14 16:30:00,44680.8,44746.9,44642.9,44727.9,0,1117
2025-02-14 16:15:00,44676.8,44708.3,44662.3,44678.3,0,444
2025-02-14 16:00:00,44659.8,44679.8,44656.8,44675.8,0,349
2025-02-14 15:45:00,44638.8,44661.8,44634.8,44658.8,0,381
2025-02-14 15:30:00,44613.3,44644.8,44611.3,44638.8,0,578
2025-02-14 15:15:00,44633.3,44638.3,44613.3,44613.3,0,334
2025-02-14 15:00:00,44625.8,44638.8,44619.3,44633.8,0,303
2025-02-14 14:45:00,44598.3,44627.3,44597.8,44625.3,0,301
2025-02-14 14:30:00,44604.3,44608.8,44596.8,44599.8,0,283
2025-02-14 14:15:00,44619.3,44622.8,44597.8,44604.8,0,336
2025-02-14 14:00:00,44597.3,44623.8,44595.3,44618.8,0,405
2025-02-14 13:45:00,44586.8,44601.3,44570.3,44597.8,0,403
2025-02-14 13:30:00,44556.8,44590.3,44554.8,44586.8,0,379
2025-02-14 13:15:00,44573.3,44588.3,44552.8,44556.3,0,376
2025-02-14 13:00:00,44593.8,44593.8,44562.3,44573.8,0,350
2025-02-14 12:45:00,44597.3,44602.8,44584.8,44593.8,0,325
2025-02-14 12:30:00,44627.3,44633.3,44596.8,44597.3,0,375
2025-02-14 12:15:00,44625.8,44632.8,44608.8,44628.3,0,275
2025-02-14 12:00:00,44648.8,44648.8,44621.3,44625.3,0,280
2025-02-14 11:45:00,44677.8,44677.8,44637.8,44648.3,0,331
2025-02-14 11:30:00,44694.8,44708.8,44673.8,44678.3,0,344
2025-02-14 11:15:00,44685.3,44697.8,44680.3,44696.3,0,308
2025-02-14 11:00:00,44693.8,44702.8,44672.8,44685.3,0,432
2025-02-14 10:45:00,44686.8,44700.8,44678.3,44693.8,0,320
2025-02-14 10:30:00,44716.8,44723.8,44686.8,44686.8,0,367
2025-02-14 10:15:00,44716.8,44727.8,44713.8,44717.3,0,297
2025-02-14 10:00:00,44747.8,44747.8,44716.3,44717.3,0,422
2025-02-14 09:45:00,44758.8,44758.8,44746.8,44747.8,0,141
2025-02-14 09:30:00,44764.8,44766.8,44753.8,44758.8,0,163
2025-02-14 09:15:00,44780.8,44783.8,44763.8,44764.8,0,188
2025-02-14 09:00:00,44753.8,44783.8,44751.8,44781.8,0,193
2025-02-14 08:45:00,44754.8,44755.8,44749.8,44753.8,0,84
2025-02-14 08:30:00,44750.8,44756.8,44745.8,44754.8,0,108
2025-02-14 08:15:00,44759.8,44760.8,44750.8,44750.8,0,106
2025-02-14 08:00:00,44751.8,44760.8,44749.8,44759.8,0,84
2025-02-14 07:45:00,44755.8,44757.8,44750.8,44751.8,0,100
2025-02-14 07:30:00,44763.8,44763.8,44749.8,44755.8,0,135
2025-02-14 07:15:00,44768.8,44772.8,44763.8,44763.8,0,55
2025-02-14 07:00:00,44773.8,44776.8,44767.8,44768.8,0,62
2025-02-14 06:45:00,44774.8,44775.8,44771.8,44773.8,0,62
2025-02-14 06:30:00,44772.8,44775.8,44770.8,44774.8,0,63
2025-02-14 06:15:00,44772.8,44776.8,44771.8,44772.8,0,48
2025-02-14 06:00:00,44775.8,44778.8,44772.8,44772.8,0,66
2025-02-14 05:45:00,44768.8,44779.8,44766.8,44776.8,0,71
2025-02-14 05:30:00,44768.8,44770.8,44765.8,44767.8,0,66
2025-02-14 05:15:00,44772.8,44772.8,44764.8,44768.8,0,77
2025-02-14 05:00:00,44782.8,44784.8,44768.8,44772.8,0,105
2025-02-14 04:45:00,44781.8,44784.8,44779.8,44781.8,0,75
2025-02-14 04:30:00,44776.8,44787.8,44772.8,44781.8,0,115
2025-02-14 04:15:00,44783.8,44785.8,44774.8,44776.8,0,106
2025-02-14 04:00:00,44782.8,44788.8,44776.8,44783.8,0,133
2025-02-14 03:45:00,44778.8,44783.8,44772.8,44782.8,0,178
2025-02-14 03:30:00,44755.8,44785.8,44751.8,44779.8,0,258
2025-02-14 03:15:00,44750.8,44757.8,44741.8,44755.8,0,173
2025-02-14 03:00:00,44739.8,44754.8,44736.8,44750.8,0,189
2025-02-14 02:45:00,44746.8,44746.8,44734.8,44739.8,0,125
2025-02-14 02:30:00,44750.8,44750.8,44740.8,44746.8,0,128
2025-02-14 02:15:00,44730.8,44752.8,44730.8,44750.8,0,153
2025-02-14 02:00:00,44742.8,44757.8,44726.8,44730.8,0,211
2025-02-14 01:45:00,44739.8,44745.8,44736.8,44741.8,0,130
2025-02-14 01:30:00,44745.8,44748.8,44726.8,44738.8,0,160
2025-02-14 01:15:00,44738.8,44749.8,44733.8,44744.8,0,138
2025-02-14 01:00:00,44749.8,44753.8,44725.8,44739.8,0,271
2025-02-13 23:45:00,44772.8,44772.8,44754.0,44765.9,0,183
2025-02-13 23:30:00,44759.8,44772.8,44756.8,44771.8,0,119
2025-02-13 23:15:00,44752.8,44761.8,44739.8,44759.8,0,173
2025-02-13 23:00:00,44741.8,44777.8,44734.8,44751.8,0,377
2025-02-13 22:45:00,44764.9,44782.9,44731.9,44740.9,0,798
2025-02-13 22:30:00,44800.9,44800.9,44766.9,44767.9,0,615
2025-02-13 22:15:00,44768.9,44808.9,44766.9,44799.9,0,670
2025-02-13 22:00:00,44733.9,44772.9,44728.9,44768.9,0,593
2025-02-13 21:45:00,44744.9,44780.9,44727.9,44734.9,0,721
2025-02-13 21:30:00,44747.9,44785.9,44737.9,44748.9,0,724
2025-02-13 21:15:00,44708.9,44759.9,44708.9,44747.9,0,776
2025-02-13 21:00:00,44598.9,44717.9,44595.9,44710.9,0,907
2025-02-13 20:45:00,44519.9,44607.9,44504.9,44604.9,0,1053
2025-02-13 20:30:00,44529.9,44587.9,44467.9,44528.9,0,985
2025-02-13 20:15:00,44489.9,44540.9,44431.9,44530.9,0,920
2025-02-13 20:00:00,44485.9,44494.9,44456.9,44490.9,0,767
2025-02-13 19:45:00,44515.9,44547.9,44465.9,44485.9,0,699
2025-02-13 19:30:00,44548.9,44553.9,44504.9,44516.9,0,601
2025-02-13 19:15:00,44489.9,44550.9,44489.9,44547.9,0,673
2025-02-13 19:00:00,44487.9,44526.9,44462.9,44490.9,0,760
2025-02-13 18:45:00,44520.9,44532.9,44470.9,44486.9,0,741
2025-02-13 18:30:00,44508.9,44534.9,44490.9,44521.9,0,819
2025-02-13 18:15:00,44556.9,44564.9,44501.9,44506.9,0,756
2025-02-13 18:00:00,44490.9,44563.9,44477.9,44556.9,0,762
2025-02-13 17:45:00,44509.9,44518.9,44459.9,44490.9,0,904
2025-02-13 17:30:00,44489.9,44529.9,44473.9,44506.9,0,994
2025-02-13 17:15:00,44452.9,44508.9,44451.9,44487.9,0,1033
2025-02-13 17:00:00,44448.9,44495.9,44410.9,44452.9,0,1140
2025-02-13 16:45:00,44467.9,44478.9,44402.9,44440.9,0,1038
2025-02-13 16:30:00,44539.8,44542.9,44383.9,44468.9,0,1256
2025-02-13 16:15:00,44495.8,44563.8,44483.3,44547.8,0,602
2025-02-13 16:00:00,44499.8,44501.8,44467.8,44497.8,0,610
2025-02-13 15:45:00,44473.8,44501.8,44447.4,44499.8,0,655
2025-02-13 15:30:00,44411.3,44511.3,44374.8,44473.8,0,1119
2025-02-13 15:15:00,44388.8,44411.3,44383.3,44403.3,0,431
2025-02-13 15:00:00,44403.8,44405.8,44388.8,44389.8,0,357
2025-02-13 14:45:00,44401.8,44405.8,44373.3,44404.8,0,398
2025-02-13 14:30:00,44400.3,44417.8,44394.8,44401.8,0,281
2025-02-13 14:15:00,44397.8,44412.8,44388.8,44400.8,0,432
2025-02-13 14:00:00,44411.8,44430.8,44392.8,44396.8,0,574
2025-02-13 13:45:00,44445.3,44449.8,44372.8,44411.8,0,702
2025-02-13 13:30:00,44447.3,44452.8,44440.8,44443.3,0,272
2025-02-13 13:15:00,44430.8,44448.8,44424.8,44447.3,0,253
2025-02-13 13:00:00,44419.8,44430.8,44416.8,44430.8,0,315
2025-02-13 12:45:00,44419.8,44423.3,44410.3,44420.8,0,273
2025-02-13 12:30:00,44383.3,44422.8,44381.8,44417.8,0,288
2025-02-13 12:15:00,44393.3,44396.3,44380.8,44382.8,0,238
2025-02-13 12:00:00,44379.8,44396.8,44365.3,44393.8,0,350
2025-02-13 11:45:00,44372.8,44390.8,44365.3,44380.8,0,346
2025-02-13 11:30:00,44369.8,44381.8,44357.8,44372.8,0,404
2025-02-13 11:15:00,44327.8,44373.8,44326.8,44368.8,0,431
2025-02-13 11:00:00,44326.8,44331.8,44292.8,44327.8,0,645
2025-02-13 10:45:00,44338.8,44348.8,44322.8,44329.8,0,422
2025-02-13 10:30:00,44348.8,44351.8,44309.8,44338.8,0,596
2025-02-13 10:15:00,44407.8,44407.8,44337.3,44348.8,0,553
2025-02-13 10:00:00,44439.8,44443.8,44395.8,44407.8,0,536
2025-02-13 09:45:00,44454.8,44457.8,44431.8,44438.8,0,257
2025-02-13 09:30:00,44479.8,44480.8,44450.8,44453.8,0,202
2025-02-13 09:15:00,44477.8,44485.8,44472.8,44479.8,0,174
2025-02-13 09:00:00,44469.8,44484.8,44465.8,44478.8,0,219
2025-02-13 08:45:00,44482.8,44483.8,44469.8,44470.8,0,105
2025-02-13 08:30:00,44476.8,44491.8,44476.8,44482.8,0,129
2025-02-13 08:15:00,44479.8,44484.8,44473.8,44477.8,0,130
2025-02-13 08:00:00,44478.8,44486.8,44477.8,44479.8,0,135
2025-02-13 07:45:00,44476.8,44479.8,44474.8,44476.8,0,68
2025-02-13 07:30:00,44481.8,44484.8,44470.8,44476.8,0,86
2025-02-13 07:15:00,44482.8,44484.8,44479.8,44481.8,0,93
2025-02-13 07:00:00,44476.8,44487.8,44476.8,44482.8,0,105
2025-02-13 06:45:00,44489.8,44489.8,44475.8,44475.8,0,92
2025-02-13 06:30:00,44487.8,44492.8,44485.8,44488.8,0,53
2025-02-13 06:15:00,44493.8,44495.8,44484.8,44487.8,0,97
2025-02-13 06:00:00,44478.8,44497.8,44478.8,44493.8,0,145
2025-02-13 05:45:00,44480.8,44484.8,44476.8,44478.8,0,106
2025-02-13 05:30:00,44475.8,44485.8,44475.8,44480.8,0,91
2025-02-13 05:15:00,44475.8,44488.8,44474.8,44475.8,0,94
2025-02-13 05:00:00,44464.8,44476.8,44463.8,44475.8,0,87
2025-02-13 04:45:00,44467.8,44468.8,44460.8,44463.8,0,90
2025-02-13 04:30:00,44456.8,44467.8,44456.8,44467.8,0,98
2025-02-13 04:15:00,44449.8,44459.8,44448.8,44456.8,0,108
2025-02-13 04:00:00,44467.8,44468.8,44444.8,44448.8,0,136
2025-02-13 03:45:00,44468.8,44473.8,44465.8,44467.8,0,130
2025-02-13 03:30:00,44461.8,44475.8,44455.8,44468.8,0,196
2025-02-13 03:15:00,44473.8,44474.8,44459.8,44462.8,0,153
2025-02-13 03:00:00,44474.8,44475.8,44461.8,44473.8,0,162
2025-02-13 02:45:00,44483.8,44484.8,44471.8,44474.8,0,139
2025-02-13 02:30:00,44468.8,44487.8,44457.8,44483.8,0,141
2025-02-13 02:15:00,44460.8,44470.8,44454.8,44468.8,0,157
2025-02-13 02:00:00,44467.8,44473.8,44454.8,44460.8,0,193
2025-02-13 01:45:00,44461.8,44478.8,44459.8,44468.8,0,193
2025-02-13 01:30:00,44445.8,44465.8,44435.8,44461.8,0,142
2025-02-13 01:15:00,44437.8,44448.8,44433.8,44445.8,0,123
2025-02-13 01:00:00,44442.8,44457.8,44433.8,44437.8,0,187
2025-02-12 23:45:00,44427.8,44445.8,44425.8,44433.8,0,151
2025-02-12 23:30:00,44411.8,44427.8,44409.8,44426.8,0,175
2025-02-12 23:15:00,44402.8,44411.8,44390.9,44410.8,0,221
2025-02-12 23:00:00,44391.8,44423.8,44379.4,44401.8,0,526
2025-02-12 22:45:00,44337.9,44404.9,44329.9,44387.9,0,933
2025-02-12 22:30:00,44352.9,44381.9,44331.9,44335.9,0,747
2025-02-12 22:15:00,44396.9,44398.9,44350.9,44352.9,0,620
2025-02-12 22:00:00,44427.9,44431.9,44391.9,44397.9,0,562
2025-02-12 21:45:00,44410.9,44454.9,44409.9,44426.9,0,594
2025-02-12 21:30:00,44388.9,44428.9,44386.9,44411.9,0,567
2025-02-12 21:15:00,44377.9,44405.9,44363.9,44388.9,0,697
2025-02-12 21:00:00,44404.9,44410.9,44368.9,44376.9,0,689
2025-02-12 20:45:00,44390.9,44426.9,44387.9,44404.9,0,687
2025-02-12 20:30:00,44417.9,44451.9,44386.9,44389.9,0,732
2025-02-12 20:15:00,44468.9,44473.9,44399.9,44416.9,0,714
2025-02-12 20:00:00,44487.9,44500.9,44442.9,44469.9,0,763
2025-02-12 19:45:00,44412.9,44493.9,44410.9,44486.9,0,719
2025-02-12 19:30:00,44459.9,44464.9,44402.9,44410.9,0,765
2025-02-12 19:15:00,44453.9,44477.9,44440.9,44459.9,0,875
2025-02-12 19:00:00,44415.9,44469.9,44388.9,44454.9,0,991
2025-02-12 18:45:00,44291.9,44422.9,44270.9,44413.9,0,879
2025-02-12 18:30:00,44186.9,44293.9,44183.9,44290.9,0,934
2025-02-12 18:15:00,44230.9,44235.9,44160.9,44189.9,0,1070
2025-02-12 18:00:00,44371.9,44371.9,44219.9,44231.9,0,1097
2025-02-12 17:45:00,44371.9,44380.9,44322.9,44369.9,0,1104
2025-02-12 17:30:00,44263.9,44402.9,44261.9,44368.9,0,1163
2025-02-12 17:15:00,44192.9,44305.9,44188.9,44263.9,0,1206
2025-02-12 17:00:00,44264.9,44277.9,44158.9,44191.9,0,1189
2025-02-12 16:45:00,44155.9,44282.9,44151.9,44272.9,0,1169
2025-02-12 16:30:00,44253.8,44294.8,44118.9,44158.9,0,1233
2025-02-12 16:15:00,44215.8,44256.3,44196.8,44245.8,0,835
2025-02-12 16:00:00,44234.8,44234.8,44184.8,44214.8,0,987
2025-02-12 15:45:00,44201.8,44258.8,44197.3,44234.8,0,1017
2025-02-12 15:30:00,44613.3,44626.3,44173.8,44199.8,0,1726
2025-02-12 15:15:00,44612.8,44633.3,44605.8,44613.3,0,536
2025-02-12 15:00:00,44601.8,44626.8,44593.3,44612.8,0,471
2025-02-12 14:45:00,44581.8,44604.3,44581.3,44602.3,0,341
2025-02-12 14:30:00,44570.3,44593.3,44570.3,44583.8,0,315
2025-02-12 14:15:00,44565.8,44571.3,44556.8,44570.8,0,288
2025-02-12 14:00:00,44572.3,44582.8,44564.8,44565.3,0,311
2025-02-12 13:45:00,44576.8,44577.8,44562.3,44571.8,0,191
2025-02-12 13:30:00,44567.8,44587.8,44567.3,44577.8,0,234
2025-02-12 13:15:00,44578.3,44580.3,44564.8,44567.8,0,250
2025-02-12 13:00:00,44580.8,44583.8,44557.3,44579.3,0,372
2025-02-12 12:45:00,44553.3,44580.8,44543.8,44580.8,0,276
2025-02-12 12:30:00,44568.8,44569.8,44550.8,44552.8,0,230
2025-02-12 12:15:00,44555.8,44573.8,44549.8,44567.8,0,247
2025-02-12 12:00:00,44572.3,44572.3,44545.8,44555.3,0,257
2025-02-12 11:45:00,44559.8,44575.3,44555.8,44571.8,0,267
2025-02-12 11:30:00,44552.3,44563.3,44546.8,44559.8,0,312
2025-02-12 11:15:00,44539.8,44554.8,44517.3,44551.8,0,463
2025-02-12 11:00:00,44589.8,44589.8,44540.8,44540.8,0,441
2025-02-12 10:45:00,44604.3,44609.3,44585.8,44588.8,0,195
2025-02-12 10:30:00,44602.8,44616.8,44602.8,44604.8,0,243
2025-02-12 10:15:00,44613.8,44620.8,44600.8,44602.3,0,221
2025-02-12 10:00:00,44601.8,44629.3,44598.8,44613.3,0,341
2025-02-12 09:45:00,44602.8,44606.8,44596.8,44597.8,0,120
2025-02-12 09:30:00,44606.8,44606.8,44594.8,44602.8,0,94
2025-02-12 09:15:00,44611.8,44613.8,44602.8,44608.8,0,100
2025-02-12 09:00:00,44606.8,44617.8,44605.8,44611.8,0,116
2025-02-12 08:45:00,44609.8,44614.8,44604.8,44607.8,0,97
2025-02-12 08:30:00,44601.8,44610.8,44598.8,44608.8,0,99
2025-02-12 08:15:00,44601.8,44601.8,44593.8,44601.8,0,87
2025-02-12 08:00:00,44602.8,44608.8,44595.8,44601.8,0,91
2025-02-12 07:45:00,44606.8,44608.8,44600.8,44601.8,0,73
2025-02-12 07:30:00,44609.8,44612.8,44602.8,44606.8,0,76
2025-02-12 07:15:00,44608.8,44610.8,44601.8,44608.8,0,106
2025-02-12 07:00:00,44611.8,44616.8,44609.8,44609.8,0,95
2025-02-12 06:45:00,44611.8,44612.8,44605.8,44611.8,0,87
2025-02-12 06:30:00,44614.8,44615.8,44604.8,44611.8,0,114
2025-02-12 06:15:00,44614.8,44618.8,44610.8,44614.8,0,86
2025-02-12 06:00:00,44618.8,44618.8,44609.8,44614.8,0,93
2025-02-12 05:45:00,44616.8,44620.8,44611.8,44618.8,0,100
2025-02-12 05:30:00,44622.8,44622.8,44608.8,44615.8,0,122
2025-02-12 05:15:00,44624.8,44634.8,44622.8,44622.8,0,87
2025-02-12 05:00:00,44632.8,44633.8,44624.8,44625.8,0,118
2025-02-12 04:45:00,44645.8,44645.8,44632.8,44632.8,0,87
2025-02-12 04:30:00,44637.8,44647.8,44636.8,44645.8,0,100
2025-02-12 04:15:00,44643.8,44645.8,44635.8,44637.8,0,112
2025-02-12 04:00:00,44647.8,44649.8,44636.8,44642.8,0,119
2025-02-12 03:45:00,44642.8,44654.8,44641.8,44647.8,0,132
2025-02-12 03:30:00,44630.8,44643.8,44618.8,44642.8,0,147
2025-02-12 03:15:00,44640.8,44641.8,44623.8,44629.8,0,200
2025-02-12 03:00:00,44639.8,44642.8,44620.8,44640.8,0,221
2025-02-12 02:45:00,44652.8,44663.8,44638.8,44641.8,0,144
2025-02-12 02:30:00,44651.8,44660.8,44643.8,44652.8,0,120
2025-02-12 02:15:00,44636.8,44652.8,44635.8,44651.8,0,129
2025-02-12 02:00:00,44638.8,44648.8,44631.8,44636.8,0,194
2025-02-12 01:45:00,44646.8,44653.8,44637.8,44638.8,0,124
2025-02-12 01:30:00,44625.8,44651.8,44625.8,44647.8,0,182
2025-02-12 01:15:00,44617.8,44627.8,44602.8,44625.8,0,170
2025-02-12 01:00:00,44645.8,44655.8,44607.8,44617.8,0,154
2025-02-11 23:45:00,44621.8,44630.8,44616.8,44629.4,0,108
2025-02-11 23:30:00,44635.8,44638.8,44618.8,44621.8,0,113
2025-02-11 23:15:00,44652.8,44652.8,44631.8,44635.8,0,134
2025-02-11 23:00:00,44632.8,44653.8,44620.8,44652.8,0,361
2025-02-11 22:45:00,44626.9,44644.9,44593.9,44630.9,0,791
2025-02-11 22:30:00,44639.9,44672.9,44620.9,44628.9,0,687
2025-02-11 22:15:00,44642.9,44645.9,44617.9,44639.9,0,544
2025-02-11 22:00:00,44631.9,44645.9,44616.9,44640.9,0,539
2025-02-11 21:45:00,44654.9,44655.9,44622.9,44631.9,0,599
2025-02-11 21:30:00,44552.9,44666.9,44552.9,44654.9,0,612
2025-02-11 21:15:00,44531.9,44555.9,44520.9,44552.9,0,516
2025-02-11 21:00:00,44516.9,44544.9,44515.9,44529.9,0,605
2025-02-11 20:45:00,44571.9,44585.9,44512.9,44519.9,0,616
2025-02-11 20:30:00,44512.9,44582.9,44510.9,44570.9,0,698
2025-02-11 20:15:00,44515.9,44530.9,44505.9,44510.9,0,555
2025-02-11 20:00:00,44504.9,44518.9,44475.9,44512.9,0,612
2025-02-11 19:45:00,44529.9,44530.9,44493.9,44504.9,0,617
2025-02-11 19:30:00,44542.9,44553.9,44515.9,44529.9,0,619
2025-02-11 19:15:00,44498.9,44544.9,44492.9,44540.9,0,700
2025-02-11 19:00:00,44536.9,44546.9,44492.9,44497.9,0,821
2025-02-11 18:45:00,44548.9,44555.9,44514.9,44537.9,0,651
2025-02-11 18:30:00,44523.9,44573.9,44509.9,44546.9,0,759
2025-02-11 18:15:00,44542.9,44563.9,44519.9,44522.9,0,655
2025-02-11 18:00:00,44524.9,44542.9,44512.9,44542.9,0,737
2025-02-11 17:45:00,44482.9,44534.9,44479.9,44525.9,0,749
2025-02-11 17:30:00,44432.9,44493.9,44413.9,44481.9,0,776
2025-02-11 17:15:00,44368.9,44436.9,44360.9,44432.9,0,917
2025-02-11 17:00:00,44406.9,44437.9,44340.9,44369.9,0,958
2025-02-11 16:45:00,44400.9,44418.9,44383.9,44398.9,0,860
2025-02-11 16:30:00,44348.8,44420.9,44348.8,44399.9,0,1161
2025-02-11 16:15:00,44360.8,44365.8,44321.3,44349.3,0,572
2025-02-11 16:00:00,44357.8,44387.8,44353.3,44361.8,0,660
2025-02-11 15:45:00,44403.8,44404.3,44352.8,44361.3,0,495
2025-02-11 15:30:00,44378.8,44408.8,44378.8,44403.3,0,396
2025-02-11 15:15:00,44399.8,44400.8,44368.3,44378.3,0,489
2025-02-11 15:00:00,44421.8,44422.8,44398.3,44400.8,0,410
2025-02-11 14:45:00,44415.8,44432.3,44402.8,44421.3,0,337
2025-02-11 14:30:00,44402.3,44416.8,44393.3,44416.8,0,297
2025-02-11 14:15:00,44405.8,44417.3,44400.3,44403.3,0,411
2025-02-11 14:00:00,44436.8,44436.8,44399.3,44406.3,0,487
2025-02-11 13:45:00,44402.8,44436.3,44402.8,44432.8,0,315
2025-02-11 13:30:00,44413.3,44417.8,44395.8,44403.3,0,318
2025-02-11 13:15:00,44424.3,44424.8,44405.3,44412.8,0,235
2025-02-11 13:00:00,44392.3,44426.8,44391.8,44424.8,0,280
2025-02-11 12:45:00,44415.8,44417.8,44388.8,44392.8,0,231
2025-02-11 12:30:00,44417.8,44426.3,44408.8,44415.8,0,238
2025-02-11 12:15:00,44413.8,44428.8,44413.8,44417.8,0,260
2025-02-11 12:00:00,44398.8,44417.3,44398.8,44413.8,0,225
2025-02-11 11:45:00,44399.3,44410.8,44396.8,44398.8,0,238
2025-02-11 11:30:00,44409.3,44412.8,44393.8,44398.8,0,276
2025-02-11 11:15:00,44428.3,44431.3,44398.8,44408.8,0,343
2025-02-11 11:00:00,44421.3,44445.8,44417.8,44428.8,0,375
2025-02-11 10:45:00,44437.8,44444.8,44417.8,44422.8,0,244
2025-02-11 10:30:00,44422.8,44447.8,44410.8,44437.8,0,287
2025-02-11 10:15:00,44408.8,44438.8,44404.3,44421.8,0,377
2025-02-11 10:00:00,44383.8,44412.8,44371.8,44409.8,0,446
2025-02-11 09:45:00,44407.8,44418.8,44382.8,44382.8,0,166
2025-02-11 09:30:00,44419.8,44422.8,44399.8,44407.8,0,162
2025-02-11 09:15:00,44414.8,44421.8,44411.8,44419.8,0,102
2025-02-11 09:00:00,44414.8,44420.8,44406.8,44413.8,0,182
2025-02-11 08:45:00,44427.8,44427.8,44411.8,44414.8,0,81
2025-02-11 08:30:00,44427.8,44429.8,44423.8,44426.8,0,81
2025-02-11 08:15:00,44431.8,44435.8,44421.8,44427.8,0,99
2025-02-11 08:00:00,44440.8,44440.8,44429.8,44431.8,0,104
2025-02-11 07:45:00,44447.8,44448.8,44440.8,44440.8,0,74
2025-02-11 07:30:00,44442.8,44447.8,44440.8,44447.8,0,77
2025-02-11 07:15:00,44438.8,44445.8,44438.8,44442.8,0,82
2025-02-11 07:00:00,44431.8,44447.8,44431.8,44438.8,0,111
2025-02-11 06:45:00,44432.8,44436.8,44427.4,44430.8,0,64
2025-02-11 06:30:00,44437.8,44438.8,44431.4,44432.8,0,60
2025-02-11 06:15:00,44434.8,44441.8,44434.8,44436.8,0,72
2025-02-11 06:00:00,44434.8,44441.8,44429.8,44434.8,0,110
2025-02-11 05:45:00,44422.8,44435.8,44421.8,44434.8,0,85
2025-02-11 05:30:00,44420.8,44431.8,44418.8,44422.8,0,111
2025-02-11 05:15:00,44401.8,44423.8,44396.8,44420.8,0,139
2025-02-11 05:00:00,44400.8,44405.8,44394.8,44402.8,0,142
2025-02-11 04:45:00,44409.8,44414.8,44399.8,44400.8,0,166
2025-02-11 04:30:00,44409.8,44411.8,44395.8,44409.8,0,208
2025-02-11 04:15:00,44413.8,44416.8,44389.8,44409.8,0,255
2025-02-11 04:00:00,44431.8,44434.8,44413.8,44413.8,0,151
2025-02-11 03:45:00,44431.8,44432.8,44423.8,44431.8,0,139
2025-02-11 03:30:00,44420.8,44439.8,44420.8,44431.8,0,179
2025-02-11 03:15:00,44440.8,44442.8,44419.8,44421.8,0,183
2025-02-11 03:00:00,44448.8,44453.8,44439.8,44440.8,0,126
2025-02-11 02:45:00,44460.8,44460.8,44446.8,44448.8,0,112
2025-02-11 02:30:00,44447.8,44464.8,44445.8,44460.8,0,138
2025-02-11 02:15:00,44429.8,44450.8,44424.4,44448.8,0,144
2025-02-11 02:00:00,44442.8,44443.8,44425.8,44430.8,0,174
2025-02-11 01:45:00,44431.8,44445.8,44427.8,44443.8,0,191
2025-02-11 01:30:00,44434.8,44449.8,44428.8,44431.8,0,210
2025-02-11 01:15:00,44457.8,44460.8,44411.8,44434.8,0,272
2025-02-11 01:00:00,44481.4,44482.4,44441.8,44456.8,0,320
2025-02-10 23:45:00,44503.8,44507.8,44500.8,44505.8,0,89
2025-02-10 23:30:00,44494.8,44504.8,44491.8,44504.8,0,107
2025-02-10 23:15:00,44483.8,44497.8,44480.8,44494.8,0,158
2025-02-10 23:00:00,44498.8,44499.8,44471.8,44483.8,0,362
2025-02-10 22:45:00,44512.9,44523.9,44452.9,44498.9,0,783
2025-02-10 22:30:00,44468.9,44516.9,44458.9,44515.9,0,594
2025-02-10 22:15:00,44481.9,44490.9,44461.9,44469.9,0,476
2025-02-10 22:00:00,44471.9,44484.9,44460.9,44481.9,0,443
2025-02-10 21:45:00,44489.9,44496.9,44468.9,44470.9,0,518
2025-02-10 21:30:00,44504.9,44519.9,44482.9,44489.9,0,520
2025-02-10 21:15:00,44514.9,44528.9,44492.9,44505.9,0,489
2025-02-10 21:00:00,44481.9,44518.9,44457.9,44514.9,0,583
2025-02-10 20:45:00,44477.9,44506.9,44466.9,44481.9,0,477
2025-02-10 20:30:00,44456.9,44480.9,44434.9,44476.9,0,536
2025-02-10 20:15:00,44490.9,44495.9,44451.9,44456.9,0,547
2025-02-10 20:00:00,44433.9,44489.9,44432.9,44489.9,0,515
2025-02-10 19:45:00,44412.9,44438.9,44393.9,44434.9,0,552
2025-02-10 19:30:00,44381.9,44427.9,44378.9,44412.9,0,566
2025-02-10 19:15:00,44343.9,44397.9,44331.9,44378.9,0,684
2025-02-10 19:00:00,44414.9,44429.9,44327.9,44343.9,0,810
2025-02-10 18:45:00,44399.9,44435.9,44372.9,44415.9,0,661
2025-02-10 18:30:00,44397.9,44405.9,44342.9,44399.9,0,738
2025-02-10 18:15:00,44406.9,44410.9,44360.9,44397.9,0,797
2025-02-10 18:00:00,44451.9,44467.9,44395.9,44406.9,0,760
2025-02-10 17:45:00,44437.9,44484.9,44437.9,44451.9,0,810
2025-02-10 17:30:00,44479.9,44513.9,44405.9,44437.9,0,819
2025-02-10 17:15:00,44463.9,44481.9,44428.9,44477.9,0,827
2025-02-10 17:00:00,44461.9,44529.9,44447.9,44461.9,0,980
2025-02-10 16:45:00,44400.9,44465.9,44392.9,44457.9,0,1108
2025-02-10 16:30:00,44602.8,44655.9,44387.9,44401.9,0,1225
2025-02-10 16:15:00,44592.3,44618.3,44581.3,44604.8,0,513
2025-02-10 16:00:00,44603.8,44609.8,44587.3,44592.3,0,393
2025-02-10 15:45:00,44587.3,44603.8,44566.3,44603.8,0,335
2025-02-10 15:30:00,44577.8,44589.8,44567.3,44588.3,0,408
2025-02-10 15:15:00,44569.3,44580.8,44558.8,44576.8,0,355
2025-02-10 15:00:00,44550.3,44568.3,44540.8,44567.8,0,304
2025-02-10 14:45:00,44561.8,44561.8,44541.8,44551.8,0,268
2025-02-10 14:30:00,44541.3,44562.8,44539.8,44561.8,0,298
2025-02-10 14:15:00,44515.8,44549.3,44507.8,44541.8,0,305
2025-02-10 14:00:00,44516.3,44542.8,44486.3,44515.8,0,464
2025-02-10 13:45:00,44501.3,44517.3,44496.3,44516.3,0,199
2025-02-10 13:30:00,44504.8,44507.3,44496.3,44501.8,0,194
2025-02-10 13:15:00,44494.8,44505.8,44483.3,44504.8,0,255
2025-02-10 13:00:00,44485.8,44497.3,44468.8,44494.3,0,443
2025-02-10 12:45:00,44481.8,44490.3,44476.8,44486.3,0,192
2025-02-10 12:30:00,44462.8,44483.8,44459.3,44481.3,0,238
2025-02-10 12:15:00,44467.8,44477.3,44461.8,44462.8,0,261
2025-02-10 12:00:00,44461.8,44483.3,44460.8,44467.8,0,281
2025-02-10 11:45:00,44465.3,44466.8,44447.3,44461.8,0,281
2025-02-10 11:30:00,44464.8,44475.3,44460.3,44464.3,0,250
2025-02-10 11:15:00,44455.8,44470.3,44453.3,44464.3,0,323
2025-02-10 11:00:00,44433.8,44456.8,44423.3,44455.8,0,443
2025-02-10 10:45:00,44431.8,44436.8,44422.3,44433.8,0,265
2025-02-10 10:30:00,44416.3,44431.8,44394.3,44431.8,0,318
2025-02-10 10:15:00,44420.8,44423.8,44408.8,44417.8,0,311
2025-02-10 10:00:00,44402.8,44433.8,44393.8,44420.8,0,412
2025-02-10 09:45:00,44405.8,44417.8,44399.8,44399.8,0,166
2025-02-10 09:30:00,44412.8,44416.8,44397.8,44405.8,0,157
2025-02-10 09:15:00,44408.8,44414.8,44393.8,44411.8,0,182
2025-02-10 09:00:00,44418.8,44422.8,44408.8,44408.8,0,140
2025-02-10 08:45:00,44402.8,44419.8,44402.8,44418.8,0,69
2025-02-10 08:30:00,44413.8,44413.8,44399.8,44403.8,0,122
2025-02-10 08:15:00,44401.8,44414.8,44401.8,44413.8,0,106
2025-02-10 08:00:00,44409.8,44413.8,44398.8,44401.8,0,104
2025-02-10 07:45:00,44417.8,44420.8,44405.8,44408.8,0,109
2025-02-10 07:30:00,44426.8,44435.8,44414.8,44416.8,0,173
2025-02-10 07:15:00,44422.8,44433.8,44420.8,44426.8,0,121
2025-02-10 07:00:00,44407.8,44426.8,44406.8,44422.8,0,128
2025-02-10 06:45:00,44413.8,44413.8,44407.8,44407.8,0,77
2025-02-10 06:30:00,44424.8,44427.8,44413.8,44413.8,0,64
2025-02-10 06:15:00,44417.8,44428.8,44416.8,44424.8,0,82
2025-02-10 06:00:00,44422.8,44423.8,44410.8,44416.8,0,93
2025-02-10 05:45:00,44405.8,44423.8,44403.8,44422.8,0,67
2025-02-10 05:30:00,44405.8,44413.8,44402.8,44405.8,0,84
2025-02-10 05:15:00,44407.8,44416.8,44402.8,44405.8,0,64
2025-02-10 05:00:00,44418.8,44420.8,44405.8,44407.8,0,67
2025-02-10 04:45:00,44420.8,44424.8,44417.8,44418.8,0,84
2025-02-10 04:30:00,44416.8,44422.8,44412.8,44419.8,0,134
2025-02-10 04:15:00,44421.8,44421.8,44406.8,44415.8,0,175
2025-02-10 04:00:00,44421.8,44431.8,44413.8,44421.8,0,156
2025-02-10 03:45:00,44438.8,44438.8,44418.8,44422.8,0,142
2025-02-10 03:30:00,44435.8,44440.8,44423.8,44437.8,0,194
2025-02-10 03:15:00,44428.8,44441.4,44426.8,44434.8,0,220
2025-02-10 03:00:00,44436.8,44443.8,44428.8,44429.8,0,243
2025-02-10 02:45:00,44403.8,44445.8,44400.8,44436.8,0,207
2025-02-10 02:30:00,44388.8,44444.8,44385.8,44403.8,0,291
2025-02-10 02:15:00,44381.8,44388.8,44357.8,44388.8,0,258
2025-02-10 02:00:00,44388.8,44415.8,44374.8,44381.8,0,332
2025-02-10 01:45:00,44322.8,44403.8,44321.8,44388.8,0,422
2025-02-10 01:30:00,44282.4,44330.8,44282.4,44322.8,0,300
2025-02-10 01:15:00,44278.9,44300.8,44267.4,44282.4,0,198
2025-02-10 01:00:00,44261.4,44310.4,44224.8,44279.4,0,730
2025-02-07 23:45:00,44337.8,44340.8,44324.8,44326.8,0,80
2025-02-07 23:30:00,44344.8,44345.8,44330.8,44337.8,0,154
2025-02-07 23:15:00,44341.8,44348.8,44336.8,44344.8,0,202
2025-02-07 23:00:00,44341.8,44361.8,44328.8,44341.8,0,443
2025-02-07 22:45:00,44333.9,44377.9,44314.9,44339.9,0,952
2025-02-07 22:30:00,44319.9,44366.9,44319.9,44330.9,0,913
2025-02-07 22:15:00,44318.9,44344.9,44301.9,44315.9,0,820
2025-02-07 22:00:00,44339.9,44348.9,44312.9,44319.9,0,877
2025-02-07 21:45:00,44379.9,44387.9,44337.9,44345.9,0,676
2025-02-07 21:30:00,44337.9,44385.9,44327.9,44379.9,0,836
2025-02-07 21:15:00,44344.9,44369.9,44322.9,44336.9,0,816
2025-02-07 21:00:00,44359.9,44387.9,44334.9,44343.9,0,813
2025-02-07 20:45:00,44436.9,44438.9,44350.9,44359.9,0,975
2025-02-07 20:30:00,44478.9,44511.9,44418.9,44432.9,0,845
2025-02-07 20:15:00,44522.9,44538.9,44472.9,44478.9,0,775
2025-02-07 20:00:00,44442.9,44526.9,44437.9,44520.9,0,868
2025-02-07 19:45:00,44458.9,44493.9,44436.9,44441.9,0,893
2025-02-07 19:30:00,44449.9,44484.9,44431.9,44457.9,0,1004
2025-02-07 19:15:00,44515.9,44518.9,44392.9,44453.9,0,1224
2025-02-07 19:00:00,44460.9,44544.9,44419.9,44517.9,0,1262
2025-02-07 18:45:00,44489.9,44549.9,44462.9,44467.9,0,1216
2025-02-07 18:30:00,44476.9,44543.9,44471.9,44491.9,0,1203
2025-02-07 18:15:00,44534.9,44659.9,44464.9,44468.9,0,1280
2025-02-07 18:00:00,44544.9,44578.9,44433.9,44526.9,0,1306
2025-02-07 17:45:00,44644.9,44689.9,44420.9,44536.9,0,1353
2025-02-07 17:30:00,44656.9,44719.9,44628.9,44643.9,0,1197
2025-02-07 17:15:00,44664.9,44705.9,44615.9,44658.9,0,1248
2025-02-07 17:00:00,44872.4,44872.4,44640.9,44662.9,0,1449
2025-02-07 16:45:00,44811.9,44873.9,44797.9,44871.9,0,990
2025-02-07 16:30:00,44812.8,44815.9,44713.9,44812.9,0,1213
2025-02-07 16:15:00,44808.3,44831.8,44785.8,44804.8,0,593
2025-02-07 16:00:00,44829.3,44833.3,44792.8,44807.8,0,612
2025-02-07 15:45:00,44813.8,44833.8,44773.8,44828.8,0,821
2025-02-07 15:30:00,44743.3,44862.4,44687.3,44813.8,0,1271
2025-02-07 15:15:00,44782.8,44799.8,44755.3,44755.3,0,408
2025-02-07 15:00:00,44791.3,44797.8,44765.3,44783.3,0,318
2025-02-07 14:45:00,44800.3,44807.3,44787.8,44789.8,0,218
2025-02-07 14:30:00,44810.3,44812.8,44793.3,44800.8,0,238
2025-02-07 14:15:00,44812.8,44824.3,44809.3,44810.8,0,193
2025-02-07 14:00:00,44818.8,44821.3,44805.3,44813.3,0,256
2025-02-07 13:45:00,44815.3,44832.3,44813.3,44818.3,0,226
2025-02-07 13:30:00,44803.3,44815.3,44797.3,44815.3,0,199
2025-02-07 13:15:00,44797.8,44808.3,44791.8,44803.3,0,206
2025-02-07 13:00:00,44795.8,44800.3,44791.3,44797.8,0,168
2025-02-07 12:45:00,44794.8,44797.3,44785.8,44795.8,0,198
2025-02-07 12:30:00,44807.3,44811.8,44794.3,44794.8,0,186
2025-02-07 12:15:00,44793.8,44808.8,44792.8,44806.8,0,165
2025-02-07 12:00:00,44810.8,44814.3,44792.3,44793.8,0,237
2025-02-07 11:45:00,44792.3,44812.8,44786.3,44811.8,0,246
2025-02-07 11:30:00,44775.3,44806.8,44772.8,44791.8,0,323
2025-02-07 11:15:00,44764.8,44778.8,44759.8,44775.3,0,299
2025-02-07 11:00:00,44758.8,44769.8,44751.3,44766.3,0,333
2025-02-07 10:45:00,44770.8,44771.8,44745.3,44758.8,0,227
2025-02-07 10:30:00,44762.8,44776.3,44753.3,44770.3,0,299
2025-02-07 10:15:00,44771.8,44781.8,44744.8,44762.8,0,412
2025-02-07 10:00:00,44730.8,44776.8,44730.8,44771.8,0,378
2025-02-07 09:45:00,44743.8,44747.8,44731.8,44731.8,0,144
2025-02-07 09:30:00,44744.8,44751.8,44739.8,44742.8,0,112
2025-02-07 09:15:00,44752.8,44754.8,44741.8,44744.8,0,116
2025-02-07 09:00:00,44747.8,44759.8,44743.8,44752.8,0,165
2025-02-07 08:45:00,44728.8,44747.8,44722.8,44747.8,0,130
2025-02-07 08:30:00,44722.8,44729.8,44707.8,44728.8,0,128
2025-02-07 08:15:00,44716.8,44722.8,44707.8,44721.8,0,142
2025-02-07 08:00:00,44730.8,44733.8,44712.8,44716.8,0,103
2025-02-07 07:45:00,44733.8,44735.8,44728.8,44730.8,0,90
2025-02-07 07:30:00,44745.8,44751.8,44733.8,44733.8,0,90
2025-02-07 07:15:00,44739.8,44746.8,44738.8,44744.8,0,63
2025-02-07 07:00:00,44742.8,44744.8,44738.8,44739.8,0,63
2025-02-07 06:45:00,44745.8,44747.8,44740.8,44742.8,0,62
2025-02-07 06:30:00,44745.8,44748.8,44743.8,44745.8,0,77
2025-02-07 06:15:00,44742.8,44746.8,44740.8,44745.8,0,66
2025-02-07 06:00:00,44746.8,44749.8,44741.8,44742.8,0,66
2025-02-07 05:45:00,44752.8,44755.8,44745.8,44745.8,0,87
2025-02-07 05:30:00,44764.8,44766.8,44751.8,44752.8,0,97
2025-02-07 05:15:00,44766.8,44771.8,44762.8,44764.8,0,108
2025-02-07 05:00:00,44769.8,44779.8,44766.8,44766.8,0,105
2025-02-07 04:45:00,44766.8,44770.8,44760.8,44769.8,0,104
2025-02-07 04:30:00,44767.8,44768.8,44758.8,44766.8,0,86
2025-02-07 04:15:00,44769.8,44777.8,44765.8,44767.8,0,87
2025-02-07 04:00:00,44781.8,44788.8,44767.8,44769.8,0,123
2025-02-07 03:45:00,44791.8,44793.8,44780.8,44781.8,0,105
2025-02-07 03:30:00,44769.8,44793.8,44768.8,44791.8,0,147
2025-02-07 03:15:00,44778.8,44780.8,44767.8,44769.8,0,135
2025-02-07 03:00:00,44778.8,44790.8,44774.8,44778.8,0,158
2025-02-07 02:45:00,44763.8,44779.8,44759.8,44779.8,0,105
2025-02-07 02:30:00,44773.8,44773.8,44748.8,44763.8,0,118
2025-02-07 02:15:00,44771.8,44775.8,44766.8,44773.8,0,154
2025-02-07 02:00:00,44760.8,44777.8,44756.8,44772.8,0,133
2025-02-07 01:45:00,44761.8,44761.8,44749.8,44759.8,0,137
2025-02-07 01:30:00,44761.8,44761.8,44745.8,44761.8,0,153
2025-02-07 01:15:00,44758.8,44767.8,44754.8,44761.8,0,129
2025-02-07 01:00:00,44712.8,44763.8,44698.4,44756.8,0,286
2025-02-06 23:45:00,44704.4,44711.4,44692.8,44707.4,0,373
2025-02-06 23:30:00,44706.9,44723.8,44695.8,44706.8,0,467
2025-02-06 23:15:00,44698.9,44724.8,44696.4,44706.9,0,424
2025-02-06 23:00:00,44777.8,44780.8,44578.0,44700.8,0,1039
2025-02-06 22:45:00,44720.9,44789.9,44716.9,44774.9,0,883
2025-02-06 22:30:00,44719.9,44735.9,44693.9,44721.9,0,690
2025-02-06 22:15:00,44699.9,44736.9,44699.9,44721.9,0,701
2025-02-06 22:00:00,44663.9,44704.9,44655.9,44701.9,0,805
2025-02-06 21:45:00,44619.9,44700.9,44612.9,44664.9,0,862
2025-02-06 21:30:00,44683.9,44683.9,44570.9,44619.9,0,1015
2025-02-06 21:15:00,44744.9,44746.9,44668.9,44681.9,0,644
2025-02-06 21:00:00,44708.9,44760.9,44699.9,44743.9,0,586
2025-02-06 20:45:00,44729.9,44731.9,44698.9,44708.9,0,616
2025-02-06 20:30:00,44748.9,44763.9,44706.9,44731.9,0,615
2025-02-06 20:15:00,44753.9,44788.9,44730.9,44748.9,0,564
2025-02-06 20:00:00,44803.9,44812.9,44751.9,44753.9,0,594
2025-02-06 19:45:00,44778.9,44819.9,44774.9,44804.9,0,457
2025-02-06 19:30:00,44777.9,44788.9,44758.9,44778.9,0,584
2025-02-06 19:15:00,44722.9,44790.9,44714.9,44777.9,0,622
2025-02-06 19:00:00,44767.9,44784.9,44721.9,44721.9,0,675
2025-02-06 18:45:00,44760.9,44793.9,44745.9,44766.9,0,709
2025-02-06 18:30:00,44813.9,44820.9,44758.9,44760.9,0,753
2025-02-06 18:15:00,44829.9,44852.9,44811.9,44811.9,0,639
2025-02-06 18:00:00,44779.9,44828.9,44764.9,44828.9,0,691
2025-02-06 17:45:00,44795.9,44811.9,44766.9,44779.9,0,853
2025-02-06 17:30:00,44826.9,44849.9,44780.9,44793.9,0,944
2025-02-06 17:15:00,44897.9,44914.9,44822.9,44828.9,0,923
2025-02-06 17:00:00,44916.9,44926.9,44875.9,44896.9,0,943
2025-02-06 16:45:00,44960.9,44968.9,44893.9,44916.9,0,1050
2025-02-06 16:30:00,44976.8,45010.8,44927.9,44959.9,0,1189
2025-02-06 16:15:00,45000.3,45025.8,44968.8,44970.3,0,478
2025-02-06 16:00:00,44980.3,45011.8,44980.3,44999.8,0,493
2025-02-06 15:45:00,44940.8,44985.8,44939.3,44980.3,0,389
2025-02-06 15:30:00,44956.4,44964.4,44939.3,44941.3,0,347
2025-02-06 15:15:00,44963.8,44968.8,44941.8,44954.9,0,315
2025-02-06 15:00:00,44971.3,44991.8,44957.8,44963.3,0,477
2025-02-06 14:45:00,44964.8,44990.8,44954.3,44972.3,0,412
2025-02-06 14:30:00,44936.3,44966.3,44925.8,44964.3,0,389
2025-02-06 14:15:00,44923.8,44939.8,44914.3,44936.8,0,357
2025-02-06 14:00:00,44920.8,44939.8,44910.8,44923.8,0,417
2025-02-06 13:45:00,44918.3,44931.3,44907.3,44920.8,0,412
2025-02-06 13:30:00,44914.8,44928.8,44898.3,44919.3,0,416
2025-02-06 13:15:00,44915.8,44928.3,44891.8,44913.8,0,501
2025-02-06 13:00:00,45029.8,45033.8,44905.8,44914.3,0,591
2025-02-06 12:45:00,45054.8,45058.8,45024.8,45030.8,0,276
2025-02-06 12:30:00,45067.8,45071.3,45046.3,45052.8,0,245
2025-02-06 12:15:00,45073.3,45087.8,45067.3,45067.8,0,294
2025-02-06 12:00:00,45005.8,45080.3,45005.8,45073.8,0,432
2025-02-06 11:45:00,44998.3,45016.3,44995.3,45005.8,0,241
2025-02-06 11:30:00,44999.8,45018.8,44996.3,44997.8,0,271
2025-02-06 11:15:00,45012.8,45014.3,44998.3,45002.3,0,348
2025-02-06 11:00:00,45034.8,45034.8,45009.3,45012.8,0,409
2025-02-06 10:45:00,45036.8,45042.8,45030.8,45034.8,0,334
2025-02-06 10:30:00,44998.8,45040.8,44998.8,45036.8,0,350
2025-02-06 10:15:00,44979.8,45002.8,44967.8,44998.8,0,388
2025-02-06 10:00:00,44981.8,44992.3,44962.3,44977.8,0,413
2025-02-06 09:45:00,44983.8,44990.8,44978.8,44981.8,0,154
2025-02-06 09:30:00,44992.8,44995.8,44983.8,44984.8,0,120
2025-02-06 09:15:00,45003.8,45004.8,44986.8,44993.8,0,156
2025-02-06 09:00:00,44992.8,45015.8,44992.8,45003.8,0,176
2025-02-06 08:45:00,45001.8,45001.8,44991.8,44991.8,0,96
2025-02-06 08:30:00,45010.8,45010.8,44999.8,45001.8,0,89
2025-02-06 08:15:00,45004.8,45011.8,45001.8,45010.8,0,109
2025-02-06 08:00:00,45013.8,45014.8,45004.8,45005.8,0,100
2025-02-06 07:45:00,45013.8,45017.8,45010.8,45012.8,0,86
2025-02-06 07:30:00,45016.8,45018.8,45008.8,45013.8,0,118
2025-02-06 07:15:00,45002.8,45018.8,44999.8,45015.8,0,118
2025-02-06 07:00:00,44994.8,45003.8,44991.8,45002.8,0,108
2025-02-06 06:45:00,44989.8,44995.8,44987.8,44994.8,0,81
2025-02-06 06:30:00,44995.8,44997.8,44986.8,44989.8,0,62
2025-02-06 06:15:00,44990.8,44998.8,44983.8,44995.8,0,94
2025-02-06 06:00:00,44979.8,44990.8,44977.8,44990.8,0,84
2025-02-06 05:45:00,44967.8,44981.8,44966.8,44980.8,0,71
2025-02-06 05:30:00,44967.8,44970.8,44965.8,44967.8,0,78
2025-02-06 05:15:00,44965.8,44970.8,44964.8,44967.8,0,92
2025-02-06 05:00:00,44970.8,44977.8,44963.8,44966.8,0,118
2025-02-06 04:45:00,44976.8,44977.8,44970.8,44970.8,0,101
2025-02-06 04:30:00,44973.8,44979.8,44969.8,44976.8,0,115
2025-02-06 04:15:00,44963.8,44975.8,44960.8,44974.8,0,151
2025-02-06 04:00:00,44972.8,44972.8,44960.8,44963.8,0,167
2025-02-06 03:45:00,44963.8,44975.8,44962.8,44972.8,0,154
2025-02-06 03:30:00,44964.8,44973.8,44960.8,44963.8,0,219
2025-02-06 03:15:00,44971.8,44973.8,44960.8,44964.8,0,157
2025-02-06 03:00:00,44962.8,44972.8,44952.8,44970.8,0,188
2025-02-06 02:45:00,44969.8,44970.8,44953.8,44962.8,0,142
2025-02-06 02:30:00,44980.8,44986.8,44958.8,44968.8,0,192
2025-02-06 02:15:00,44979.8,44985.8,44976.8,44980.8,0,169
2025-02-06 02:00:00,44950.8,44986.8,44948.8,44979.8,0,275
2025-02-06 01:45:00,44943.8,44954.8,44938.8,44950.8,0,149
2025-02-06 01:30:00,44943.8,44950.8,44928.8,44943.8,0,141
2025-02-06 01:15:00,44919.8,44951.8,44917.8,44943.8,0,109
2025-02-06 01:00:00,44943.8,44946.8,44916.8,44919.8,0,151
2025-02-05 23:45:00,44946.8,44952.8,44936.4,44951.9,0,234
2025-02-05 23:30:00,44930.8,44951.8,44919.8,44944.8,0,207
2025-02-05 23:15:00,44919.8,44940.8,44918.4,44930.8,0,313
2025-02-05 23:00:00,44907.8,44919.8,44892.4,44918.8,0,528
2025-02-05 22:45:00,44887.9,44918.9,44872.4,44903.9,0,790
2025-02-05 22:30:00,44891.9,44919.9,44879.9,44887.9,0,621
2025-02-05 22:15:00,44879.9,44924.9,44872.9,44891.9,0,594
2025-02-05 22:00:00,44834.9,44880.9,44833.9,44880.9,0,510
2025-02-05 21:45:00,44845.9,44846.9,44818.9,44834.9,0,505
2025-02-05 21:30:00,44859.9,44865.9,44837.9,44846.9,0,519
2025-02-05 21:15:00,44860.9,44872.9,44847.9,44858.9,0,505
2025-02-05 21:00:00,44798.9,44867.9,44791.9,44862.9,0,608
2025-02-05 20:45:00,44804.9,44830.9,44787.9,44798.9,0,619
2025-02-05 20:30:00,44748.9,44815.9,44737.9,44804.9,0,624
2025-02-05 20:15:00,44747.9,44762.9,44732.9,44748.9,0,550
2025-02-05 20:00:00,44732.9,44751.9,44720.9,44747.9,0,545
2025-02-05 19:45:00,44719.9,44746.9,44718.9,44732.9,0,592
2025-02-05 19:30:00,44698.9,44726.9,44698.9,44719.9,0,594
2025-02-05 19:15:00,44710.9,44719.9,44682.9,44699.9,0,678
2025-02-05 19:00:00,44711.9,44720.9,44686.9,44711.9,0,673
2025-02-05 18:45:00,44670.9,44746.9,44654.9,44710.9,0,796
2025-02-05 18:30:00,44650.9,44671.9,44638.9,44669.9,0,740
2025-02-05 18:15:00,44622.9,44654.9,44570.9,44652.9,0,904
2025-02-05 18:00:00,44616.9,44646.9,44588.9,44622.9,0,872
2025-02-05 17:45:00,44612.9,44623.9,44584.9,44616.9,0,843
2025-02-05 17:30:00,44591.9,44630.9,44539.9,44610.9,0,968
2025-02-05 17:15:00,44507.9,44597.9,44473.9,44594.9,0,1109
2025-02-05 17:00:00,44509.3,44571.9,44372.9,44509.9,0,1311
2025-02-05 16:45:00,44608.9,44639.9,44454.9,44492.4,0,1063
2025-02-05 16:30:00,44614.3,44650.9,44550.9,44608.9,0,1173
2025-02-05 16:15:00,44605.8,44625.8,44594.8,44616.8,0,476
2025-02-05 16:00:00,44554.8,44616.3,44548.8,44604.8,0,517
2025-02-05 15:45:00,44542.8,44562.3,44521.8,44554.3,0,358
2025-02-05 15:30:00,44514.8,44543.8,44507.8,44542.8,0,536
2025-02-05 15:15:00,44527.4,44529.8,44498.8,44514.8,0,500
2025-02-05 15:00:00,44539.8,44563.8,44521.8,44526.4,0,509
2025-02-05 14:45:00,44548.3,44553.8,44529.8,44539.8,0,292
2025-02-05 14:30:00,44548.8,44551.8,44532.3,44548.3,0,267
2025-02-05 14:15:00,44559.3,44574.3,44545.8,44548.8,0,432
2025-02-05 14:00:00,44551.8,44607.8,44540.3,44559.8,0,500
2025-02-05 13:45:00,44551.3,44558.3,44535.8,44547.8,0,425
2025-02-05 13:30:00,44533.8,44580.3,44521.8,44552.8,0,374
2025-02-05 13:15:00,44519.3,44541.3,44516.8,44533.3,0,307
2025-02-05 13:00:00,44513.8,44522.3,44508.3,44520.3,0,391
2025-02-05 12:45:00,44517.8,44525.8,44511.8,44512.3,0,288
2025-02-05 12:30:00,44501.8,44529.3,44495.8,44518.8,0,339
2025-02-05 12:15:00,44485.8,44503.8,44482.8,44501.3,0,324
2025-02-05 12:00:00,44444.3,44487.8,44430.3,44486.3,0,417
2025-02-05 11:45:00,44454.8,44471.8,44439.8,44444.8,0,452
2025-02-05 11:30:00,44484.8,44488.8,44445.8,44454.8,0,478
2025-02-05 11:15:00,44524.8,44527.8,44469.3,44484.8,0,495
2025-02-05 11:00:00,44507.8,44538.8,44498.8,44525.8,0,580
2025-02-05 10:45:00,44487.3,44524.8,44485.3,44506.8,0,455
2025-02-05 10:30:00,44547.8,44552.8,44480.8,44488.8,0,638
2025-02-05 10:15:00,44500.8,44548.8,44497.8,44548.8,0,445
2025-02-05 10:00:00,44467.8,44512.3,44467.8,44500.8,0,496
2025-02-05 09:45:00,44469.8,44482.8,44466.8,44470.8,0,236
2025-02-05 09:30:00,44479.8,44482.8,44449.8,44469.8,0,281
2025-02-05 09:15:00,44478.8,44492.8,44473.8,44479.8,0,277
2025-02-05 09:00:00,44470.8,44483.8,44448.8,44479.8,0,346
2025-02-05 08:45:00,44473.8,44481.8,44468.8,44472.8,0,180
2025-02-05 08:30:00,44491.8,44501.8,44466.8,44473.8,0,232
2025-02-05 08:15:00,44466.8,44496.8,44465.8,44490.8,0,196
2025-02-05 08:00:00,44471.8,44472.8,44458.8,44466.8,0,187
2025-02-05 07:45:00,44472.8,44478.8,44466.8,44469.8,0,163
2025-02-05 07:30:00,44484.8,44487.8,44472.8,44473.8,0,169
2025-02-05 07:15:00,44492.8,44498.8,44482.8,44483.8,0,170
2025-02-05 07:00:00,44494.8,44498.8,44484.8,44492.8,0,175
2025-02-05 06:45:00,44496.8,44499.8,44485.8,44493.8,0,111
2025-02-05 06:30:00,44484.8,44498.8,44480.8,44497.8,0,145
2025-02-05 06:15:00,44491.8,44494.8,44479.8,44484.8,0,132
2025-02-05 06:00:00,44499.8,44503.8,44485.8,44491.8,0,161
2025-02-05 05:45:00,44516.8,44517.8,44495.8,44499.8,0,182
2025-02-05 05:30:00,44503.8,44519.8,44503.8,44517.8,0,136
2025-02-05 05:15:00,44510.8,44513.8,44492.8,44503.8,0,154
2025-02-05 05:00:00,44507.8,44518.8,44501.8,44510.8,0,167
2025-02-05 04:45:00,44534.8,44540.8,44504.8,44506.8,0,172
2025-02-05 04:30:00,44529.8,44537.8,44523.8,44534.8,0,188
2025-02-05 04:15:00,44549.8,44549.8,44523.8,44529.8,0,215
2025-02-05 04:00:00,44537.8,44553.8,44527.8,44550.8,0,248
2025-02-05 03:45:00,44551.8,44559.8,44536.8,44538.8,0,267
2025-02-05 03:30:00,44588.8,44588.8,44543.8,44551.8,0,376
2025-02-05 03:15:00,44587.8,44603.8,44581.8,44587.8,0,263
2025-02-05 03:00:00,44585.8,44597.8,44582.8,44587.8,0,275
2025-02-05 02:45:00,44589.8,44599.8,44577.8,44585.8,0,200
2025-02-05 02:30:00,44574.8,44603.8,44574.8,44589.8,0,250
2025-02-05 02:15:00,44571.8,44576.8,44559.8,44574.8,0,219
2025-02-05 02:00:00,44551.8,44576.8,44534.8,44571.8,0,336
2025-02-05 01:45:00,44570.8,44570.8,44547.8,44548.8,0,194
2025-02-05 01:30:00,44568.8,44574.8,44553.8,44570.8,0,199
2025-02-05 01:15:00,44580.8,44580.8,44550.8,44564.8,0,223
2025-02-05 01:00:00,44567.8,44588.8,44548.8,44580.8,0,330
2025-02-04 23:45:00,44563.4,44579.8,44550.4,44561.4,0,349
2025-02-04 23:30:00,44550.4,44565.8,44541.4,44563.4,0,390
2025-02-04 23:15:00,44546.4,44558.8,44519.4,44549.4,0,528
2025-02-04 23:00:00,44591.4,44627.9,44524.9,44545.9,0,980
2025-02-04 22:45:00,44588.9,44619.9,44569.9,44591.9,0,746
2025-02-04 22:30:00,44550.9,44612.9,44548.9,44588.9,0,618
2025-02-04 22:15:00,44606.9,44611.9,44544.9,44555.9,0,674
2025-02-04 22:00:00,44594.9,44618.9,44571.9,44607.9,0,669
2025-02-04 21:45:00,44619.9,44627.9,44548.9,44590.9,0,658
2025-02-04 21:30:00,44600.9,44639.9,44600.9,44618.9,0,601
2025-02-04 21:15:00,44608.9,44630.9,44594.9,44599.9,0,617
2025-02-04 21:00:00,44497.9,44611.9,44493.9,44608.9,0,643
2025-02-04 20:45:00,44510.9,44536.9,44497.9,44497.9,0,612
2025-02-04 20:30:00,44533.9,44540.9,44491.9,44510.9,0,620
2025-02-04 20:15:00,44538.9,44549.9,44520.9,44533.9,0,595
2025-02-04 20:00:00,44551.9,44557.9,44506.9,44537.9,0,803
2025-02-04 19:45:00,44492.9,44555.9,44479.9,44552.9,0,775
2025-02-04 19:30:00,44463.9,44501.9,44430.9,44494.9,0,903
2025-02-04 19:15:00,44557.9,44563.9,44453.9,44460.9,0,1010
2025-02-04 19:00:00,44518.9,44566.9,44518.9,44557.9,0,722
2025-02-04 18:45:00,44515.9,44521.9,44467.9,44518.9,0,843
2025-02-04 18:30:00,44570.9,44579.9,44505.9,44514.9,0,770
2025-02-04 18:15:00,44526.9,44576.9,44524.9,44569.9,0,748
2025-02-04 18:00:00,44447.9,44529.9,44445.9,44525.9,0,867
2025-02-04 17:45:00,44470.9,44499.9,44432.9,44442.9,0,935
2025-02-04 17:30:00,44453.9,44493.9,44431.9,44471.9,0,973
2025-02-04 17:15:00,44457.9,44506.9,44446.9,44454.9,0,1021
2025-02-04 17:00:00,44389.9,44496.9,44359.3,44454.9,0,1205
2025-02-04 16:45:00,44411.9,44428.9,44359.9,44389.9,0,1060
2025-02-04 16:30:00,44454.3,44455.3,44362.9,44412.9,0,1250
2025-02-04 16:15:00,44393.8,44460.3,44362.8,44458.3,0,572
2025-02-04 16:00:00,44376.8,44414.3,44372.3,44393.3,0,451
2025-02-04 15:45:00,44373.8,44382.8,44355.3,44376.8,0,466
2025-02-04 15:30:00,44411.8,44413.8,44361.8,44373.8,0,415
2025-02-04 15:15:00,44397.8,44421.8,44389.8,44411.8,0,446
2025-02-04 15:00:00,44403.8,44417.8,44372.3,44398.8,0,455
2025-02-04 14:45:00,44404.8,44422.8,44381.8,44404.8,0,478
2025-02-04 14:30:00,44387.8,44417.8,44376.8,44405.8,0,487
2025-02-04 14:15:00,44361.8,44388.8,44359.3,44387.8,0,450
2025-02-04 14:00:00,44333.8,44377.8,44333.8,44361.8,0,350
2025-02-04 13:45:00,44340.3,44348.8,44315.8,44333.8,0,360
2025-02-04 13:30:00,44390.4,44390.4,44334.8,44338.8,0,411
2025-02-04 13:15:00,44371.8,44394.8,44347.8,44390.8,0,390
2025-02-04 13:00:00,44371.8,44405.8,44356.8,44371.8,0,384
2025-02-04 12:45:00,44371.9,44383.8,44352.8,44366.8,0,303
2025-02-04 12:30:00,44363.8,44375.8,44341.8,44371.9,0,327
2025-02-04 12:15:00,44355.8,44378.8,44350.8,44363.8,0,329
2025-02-04 12:00:00,44331.8,44360.8,44322.8,44356.8,0,393
2025-02-04 11:45:00,44338.8,44356.8,44327.8,44333.8,0,385
2025-02-04 11:30:00,44360.8,44363.8,44318.8,44340.8,0,425
2025-02-04 11:15:00,44362.8,44370.8,44339.8,44359.8,0,449
2025-02-04 11:00:00,44309.8,44375.8,44309.8,44361.8,0,571
2025-02-04 10:45:00,44279.8,44321.8,44260.8,44307.8,0,591
2025-02-04 10:30:00,44337.8,44358.8,44263.8,44279.8,0,632
2025-02-04 10:15:00,44357.8,44404.8,44331.8,44335.8,0,631
2025-02-04 10:00:00,44392.4,44435.4,44328.4,44359.8,0,710
2025-02-04 09:45:00,44407.8,44441.8,44386.8,44390.8,0,376
2025-02-04 09:30:00,44413.8,44431.8,44398.8,44407.8,0,337
2025-02-04 09:15:00,44433.8,44443.8,44402.8,44413.4,0,315
2025-02-04 09:00:00,44425.8,44433.8,44396.8,44433.8,0,341
2025-02-04 08:45:00,44374.8,44429.8,44365.8,44426.8,0,337
2025-02-04 08:30:00,44368.8,44382.8,44341.8,44375.8,0,417
2025-02-04 08:15:00,44378.8,44388.8,44358.8,44369.8,0,367
2025-02-04 08:00:00,44400.8,44417.8,44368.8,44378.8,0,501
2025-02-04 07:45:00,44404.8,44464.8,44396.8,44398.8,0,453
2025-02-04 07:30:00,44393.0,44421.8,44370.8,44404.8,0,494
2025-02-04 07:15:00,44335.8,44402.8,44271.8,44395.0,0,850
2025-02-04 07:00:00,44485.8,44485.8,44247.8,44336.8,0,881
2025-02-04 06:45:00,44500.8,44504.8,44477.8,44484.8,0,193
2025-02-04 06:30:00,44519.8,44519.8,44492.8,44499.8,0,143
2025-02-04 06:15:00,44521.8,44523.8,44508.8,44519.8,0,157
2025-02-04 06:00:00,44498.8,44521.8,44497.8,44521.8,0,165
2025-02-04 05:45:00,44476.8,44498.8,44474.8,44495.8,0,244
2025-02-04 05:30:00,44520.8,44523.8,44462.8,44477.8,0,273
2025-02-04 05:15:00,44510.8,44521.8,44504.8,44521.8,0,146
2025-02-04 05:00:00,44516.8,44522.8,44495.8,44510.8,0,232
2025-02-04 04:45:00,44506.8,44525.8,44505.8,44516.8,0,223
2025-02-04 04:30:00,44539.8,44541.8,44498.8,44505.8,0,259
2025-02-04 04:15:00,44552.8,44554.8,44529.8,44539.8,0,224
2025-02-04 04:00:00,44557.8,44561.8,44544.8,44553.8,0,238
2025-02-04 03:45:00,44549.8,44563.8,44540.8,44556.8,0,234
2025-02-04 03:30:00,44562.8,44564.8,44522.8,44549.8,0,287
2025-02-04 03:15:00,44560.8,44574.8,44555.8,44562.8,0,282
2025-02-04 03:00:00,44609.8,44609.8,44554.8,44558.8,0,313
2025-02-04 02:45:00,44617.8,44617.8,44593.8,44609.8,0,220
2025-02-04 02:30:00,44604.8,44618.8,44604.8,44617.8,0,202
2025-02-04 02:15:00,44606.8,44623.8,44590.8,44604.8,0,257
2025-02-04 02:00:00,44637.8,44639.8,44604.8,44606.8,0,264
2025-02-04 01:45:00,44642.8,44655.8,44623.8,44639.8,0,209
2025-02-04 01:30:00,44650.8,44655.8,44639.8,44642.8,0,228
2025-02-04 01:15:00,44644.8,44664.8,44633.8,44653.8,0,233
2025-02-04 01:00:00,44697.4,44702.8,44643.8,44645.8,0,313
2025-02-03 23:45:00,44655.4,44675.4,44629.8,44630.4,0,594
2025-02-03 23:30:00,44567.9,44707.4,44547.4,44656.4,0,946
2025-02-03 23:15:00,44459.4,44591.8,44459.4,44569.4,0,823
2025-02-03 23:00:00,44463.8,44498.8,44453.4,44462.4,0,808
2025-02-03 22:45:00,44506.9,44573.9,44444.9,44455.9,0,1070
2025-02-03 22:30:00,44499.9,44538.9,44468.9,44504.9,0,943
2025-02-03 22:15:00,44545.9,44576.9,44487.9,44496.9,0,856
2025-02-03 22:00:00,44599.9,44607.9,44540.9,44546.9,0,828
2025-02-03 21:45:00,44601.9,44629.9,44580.9,44599.9,0,773
2025-02-03 21:30:00,44578.9,44603.9,44553.9,44600.9,0,774
2025-02-03 21:15:00,44577.9,44607.9,44573.9,44575.9,0,808
2025-02-03 21:00:00,44534.9,44579.9,44525.9,44577.9,0,905
2025-02-03 20:45:00,44489.9,44551.9,44486.9,44537.9,0,900
2025-02-03 20:30:00,44495.9,44538.9,44456.9,44484.9,0,1050
2025-02-03 20:15:00,44467.9,44515.9,44435.9,44490.9,0,1031
2025-02-03 20:00:00,44451.9,44495.9,44366.9,44469.9,0,1136
2025-02-03 19:45:00,44409.9,44495.9,44354.9,44453.9,0,1240
2025-02-03 19:30:00,44469.9,44489.9,44396.9,44403.9,0,1112
2025-02-03 19:15:00,44418.9,44546.9,44405.9,44472.9,0,1047
2025-02-03 19:00:00,44433.9,44463.9,44395.9,44419.9,0,1188
2025-02-03 18:45:00,44554.9,44554.9,44407.9,44430.9,0,1180
2025-02-03 18:30:00,44484.9,44556.9,44447.9,44551.9,0,1140
2025-02-03 18:15:00,44483.9,44555.9,44459.9,44480.9,0,1224
2025-02-03 18:00:00,44442.9,44494.9,44308.4,44484.9,0,1380
2025-02-03 17:45:00,44444.9,44468.9,44365.9,44450.9,0,1368
2025-02-03 17:30:00,44367.9,44501.9,44317.9,44446.9,0,1524
2025-02-03 17:15:00,43982.9,44372.9,43940.9,44371.9,0,1485
2025-02-03 17:00:00,43963.3,44024.9,43878.9,43981.9,0,1290
2025-02-03 16:45:00,44038.4,44055.9,43935.9,43967.3,0,1252
2025-02-03 16:30:00,44022.8,44204.9,43979.8,44033.9,0,1454
2025-02-03 16:15:00,43955.8,44031.8,43917.8,44031.8,0,778
2025-02-03 16:00:00,43975.8,43981.8,43920.8,43956.8,0,646
2025-02-03 15:45:00,43977.8,43988.8,43953.8,43975.8,0,457
2025-02-03 15:30:00,44011.8,44034.3,43964.8,43977.8,0,531
2025-02-03 15:15:00,44029.8,44048.8,43990.8,44010.8,0,556
2025-02-03 15:00:00,43912.3,44055.3,43912.3,44030.8,0,918
2025-02-03 14:45:00,43935.8,43938.8,43893.8,43912.8,0,549
2025-02-03 14:30:00,43974.8,43981.8,43934.8,43935.8,0,447
2025-02-03 14:15:00,43988.8,44001.8,43971.3,43976.8,0,481
2025-02-03 14:00:00,43996.8,44030.8,43971.8,43989.8,0,556
2025-02-03 13:45:00,44013.8,44020.8,43968.8,43994.8,0,405
2025-02-03 13:30:00,44029.8,44035.3,44008.8,44014.3,0,332
2025-02-03 13:15:00,44057.8,44057.8,44024.8,44030.8,0,329
2025-02-03 13:00:00,44015.8,44060.8,44015.8,44057.8,0,389
2025-02-03 12:45:00,44027.8,44033.8,43999.8,44015.8,0,379
2025-02-03 12:30:00,43977.8,44030.8,43977.8,44027.8,0,417
2025-02-03 12:15:00,43978.8,43983.8,43963.8,43978.8,0,366
2025-02-03 12:00:00,43947.3,43982.8,43934.8,43978.8,0,561
2025-02-03 11:45:00,43984.8,43989.8,43941.8,43947.3,0,481
2025-02-03 11:30:00,44014.8,44035.8,43978.8,43984.8,0,538
2025-02-03 11:15:00,44015.8,44024.8,43989.8,44015.8,0,590
2025-02-03 11:00:00,44066.8,44069.8,43993.8,44016.8,0,778
2025-02-03 10:45:00,44042.8,44076.8,44029.8,44065.8,0,480
2025-02-03 10:30:00,44027.8,44065.8,44013.8,44045.8,0,581
2025-02-03 10:15:00,44001.8,44089.8,43980.8,44028.8,0,771
2025-02-03 10:00:00,43931.8,44003.8,43923.8,44001.8,0,765
2025-02-03 09:45:00,43946.8,43988.8,43928.8,43935.8,0,527
2025-02-03 09:30:00,43952.8,43956.8,43926.8,43946.8,0,390
2025-02-03 09:15:00,43950.8,43963.8,43936.8,43952.8,0,364
2025-02-03 09:00:00,43934.8,43963.8,43926.8,43950.8,0,460
2025-02-03 08:45:00,43922.8,43963.8,43906.8,43928.8,0,382
2025-02-03 08:30:00,43929.8,43946.8,43914.8,43922.8,0,374
2025-02-03 08:15:00,43946.8,43952.8,43916.8,43928.8,0,357
2025-02-03 08:00:00,43950.8,43971.8,43943.8,43947.8,0,316
2025-02-03 07:45:00,43919.8,43956.8,43913.8,43952.8,0,277
2025-02-03 07:30:00,43899.8,43922.8,43891.8,43920.8,0,252
2025-02-03 07:15:00,43915.8,43920.8,43894.8,43898.8,0,228
2025-02-03 07:00:00,43910.8,43925.8,43893.8,43916.8,0,287
2025-02-03 06:45:00,43881.8,43917.8,43880.8,43908.8,0,273
2025-02-03 06:30:00,43933.8,43933.8,43858.8,43881.8,0,355
2025-02-03 06:15:00,43962.8,43965.8,43932.8,43933.8,0,241
2025-02-03 06:00:00,43945.8,43968.8,43939.8,43962.8,0,380
2025-02-03 05:45:00,43929.8,43952.8,43920.8,43944.8,0,273
2025-02-03 05:30:00,43944.8,43969.8,43918.8,43929.8,0,343
2025-02-03 05:15:00,43915.8,43946.8,43911.8,43944.8,0,323
2025-02-03 05:00:00,43949.8,43949.8,43909.8,43914.8,0,365
2025-02-03 04:45:00,43943.8,43958.8,43886.8,43948.8,0,520
2025-02-03 04:30:00,43990.8,43994.8,43898.8,43942.8,0,530
2025-02-03 04:15:00,44009.8,44015.8,43985.8,43989.8,0,409
2025-02-03 04:00:00,44041.8,44047.8,43977.8,44010.8,0,524
2025-02-03 03:45:00,44066.8,44090.8,44019.8,44041.8,0,492
2025-02-03 03:30:00,44085.8,44115.8,44067.8,44067.8,0,492
2025-02-03 03:15:00,44061.8,44116.8,44055.8,44085.8,0,555
2025-02-03 03:00:00,44054.8,44072.8,43995.8,44063.8,0,685
2025-02-03 02:45:00,44068.8,44077.8,44023.8,44058.8,0,589
2025-02-03 02:30:00,44082.8,44103.8,44050.8,44069.8,0,643
2025-02-03 02:15:00,44103.8,44107.8,44023.8,44082.8,0,828
2025-02-03 02:00:00,44076.4,44138.4,44046.9,44103.8,0,590
2025-02-03 01:45:00,44061.8,44114.4,44059.4,44076.4,0,397
2025-02-03 01:30:00,44027.8,44063.8,44013.8,44061.8,0,535
2025-02-03 01:15:00,44053.8,44078.8,43947.8,44018.8,0,1007
2025-02-03 01:00:00,44087.8,44177.4,44008.8,44055.8,0,1478
2025-01-31 23:45:00,44556.4,44588.8,44554.8,44558.8,0,204
2025-01-31 23:30:00,44574.8,44575.8,44549.8,44557.8,0,308
2025-01-31 23:15:00,44565.9,44588.8,44556.8,44573.8,0,415
2025-01-31 23:00:00,44567.8,44596.8,44541.8,44567.8,0,1011
2025-01-31 22:45:00,44547.9,44656.9,44547.9,44567.9,0,1282
2025-01-31 22:30:00,44564.9,44593.9,44535.9,44548.9,0,1107
2025-01-31 22:15:00,44558.9,44600.9,44542.9,44559.9,0,1190
2025-01-31 22:00:00,44663.9,44663.9,44532.9,44558.9,0,1201
2025-01-31 21:45:00,44590.9,44688.9,44548.9,44665.9,0,1206
2025-01-31 21:30:00,44682.9,44725.9,44582.9,44592.9,0,1145
2025-01-31 21:15:00,44640.9,44686.9,44601.9,44682.9,0,1194
2025-01-31 21:00:00,44695.9,44719.9,44555.9,44643.9,0,1249
2025-01-31 20:45:00,44730.9,44766.9,44677.9,44695.9,0,1181
2025-01-31 20:30:00,44754.9,44768.9,44629.9,44735.9,0,1309
2025-01-31 20:15:00,44932.9,44943.9,44749.9,44762.9,0,1088
2025-01-31 20:00:00,44919.9,44949.9,44906.9,44931.9,0,602
2025-01-31 19:45:00,44962.9,44968.9,44908.9,44918.9,0,713
2025-01-31 19:30:00,44971.9,44989.9,44954.9,44963.9,0,670
2025-01-31 19:15:00,44908.9,44979.9,44885.9,44972.9,0,767
2025-01-31 19:00:00,44902.9,44918.9,44853.9,44906.9,0,907
2025-01-31 18:45:00,44907.9,44911.9,44869.9,44903.9,0,743
2025-01-31 18:30:00,44907.9,44918.9,44877.9,44907.9,0,824
2025-01-31 18:15:00,44933.9,44943.9,44905.9,44906.9,0,788
2025-01-31 18:00:00,44912.9,44956.9,44887.9,44931.9,0,769
2025-01-31 17:45:00,44910.9,44959.9,44898.9,44908.9,0,825
2025-01-31 17:30:00,44972.9,44993.9,44915.9,44915.9,0,910
2025-01-31 17:15:00,44948.9,44975.9,44902.9,44971.9,0,899
2025-01-31 17:00:00,44927.9,44969.9,44900.9,44948.9,0,966
2025-01-31 16:45:00,44982.9,44992.9,44910.9,44925.9,0,917
2025-01-31 16:30:00,45042.8,45068.8,44966.9,44978.9,0,1166
2025-01-31 16:15:00,44997.8,45038.8,44989.3,45038.8,0,537
2025-01-31 16:00:00,45045.8,45049.8,44992.3,44996.8,0,520
2025-01-31 15:45:00,45048.8,45055.8,45027.8,45045.8,0,460
2025-01-31 15:30:00,45059.3,45073.4,45016.8,45048.8,0,562
2025-01-31 15:15:00,45058.8,45061.3,45046.8,45059.4,0,365
2025-01-31 15:00:00,45064.3,45066.3,45048.8,45058.8,0,373
2025-01-31 14:45:00,45078.3,45084.8,45060.8,45064.8,0,285
2025-01-31 14:30:00,45083.3,45088.3,45068.3,45077.8,0,284
2025-01-31 14:15:00,45088.8,45099.8,45079.8,45083.3,0,276
2025-01-31 14:00:00,45097.8,45097.8,45075.3,45087.8,0,367
2025-01-31 13:45:00,45085.8,45097.3,45074.8,45097.3,0,224
2025-01-31 13:30:00,45077.8,45087.8,45068.8,45085.8,0,183
2025-01-31 13:15:00,45076.8,45091.3,45074.8,45077.8,0,173
2025-01-31 13:00:00,45065.8,45087.8,45065.8,45076.8,0,199
2025-01-31 12:45:00,45090.3,45090.3,45062.8,45065.8,0,228
2025-01-31 12:30:00,45078.8,45092.8,45076.8,45091.8,0,204
2025-01-31 12:15:00,45058.3,45083.8,45058.3,45078.8,0,200
2025-01-31 12:00:00,45056.8,45069.8,45053.8,45057.8,0,230
2025-01-31 11:45:00,45081.3,45082.8,45053.3,45056.8,0,241
2025-01-31 11:30:00,45092.8,45101.8,45077.8,45080.8,0,215
2025-01-31 11:15:00,45080.8,45095.3,45072.8,45092.3,0,257
2025-01-31 11:00:00,45047.8,45085.8,45040.3,45080.8,0,407
2025-01-31 10:45:00,45035.3,45054.8,45033.8,45042.8,0,225
2025-01-31 10:30:00,45021.8,45043.3,45021.8,45036.3,0,197
2025-01-31 10:15:00,45014.3,45026.8,45010.3,45022.8,0,256
2025-01-31 10:00:00,45028.8,45030.8,45008.8,45014.8,0,335
2025-01-31 09:45:00,45035.8,45044.8,45024.8,45025.8,0,147
2025-01-31 09:30:00,45029.8,45041.8,45029.8,45034.8,0,118
2025-01-31 09:15:00,45027.8,45037.8,45024.8,45029.8,0,141
2025-01-31 09:00:00,45008.8,45031.8,45002.8,45026.8,0,145
2025-01-31 08:45:00,45019.8,45022.8,45006.8,45008.8,0,81
2025-01-31 08:30:00,45016.8,45020.8,45009.8,45019.8,0,84
2025-01-31 08:15:00,45010.8,45019.8,45009.8,45017.8,0,98
2025-01-31 08:00:00,45000.8,45012.8,44994.8,45011.8,0,120
2025-01-31 07:45:00,45001.8,45002.8,44996.8,45000.8,0,89
2025-01-31 07:30:00,44997.8,45004.8,44996.8,45001.8,0,84
2025-01-31 07:15:00,44992.8,45000.8,44991.8,44997.8,0,83
2025-01-31 07:00:00,44970.8,44994.8,44968.8,44992.8,0,137
2025-01-31 06:45:00,44972.8,44977.8,44966.4,44969.8,0,96
2025-01-31 06:30:00,44977.8,44979.8,44968.8,44972.8,0,101
2025-01-31 06:15:00,44974.8,44985.8,44974.8,44977.8,0,106
2025-01-31 06:00:00,44969.8,44976.8,44961.8,44976.8,0,88
2025-01-31 05:45:00,44975.8,44979.8,44967.8,44969.8,0,91
2025-01-31 05:30:00,44979.8,44980.8,44970.8,44975.8,0,97
2025-01-31 05:15:00,44982.8,44988.8,44977.8,44980.8,0,106
2025-01-31 05:00:00,44972.8,44982.8,44969.8,44982.8,0,98
2025-01-31 04:45:00,44982.8,44988.8,44970.8,44973.8,0,120
2025-01-31 04:30:00,44985.8,44992.8,44975.8,44980.8,0,153
2025-01-31 04:15:00,44997.8,44998.8,44979.8,44985.8,0,129
2025-01-31 04:00:00,44989.8,45002.8,44989.8,44997.8,0,176
2025-01-31 03:45:00,44967.8,44994.8,44967.8,44989.8,0,206
2025-01-31 03:30:00,44958.8,44973.8,44957.8,44967.8,0,209
2025-01-31 03:15:00,44968.8,44979.8,44909.8,44958.8,0,298
2025-01-31 03:00:00,44972.8,44977.8,44958.8,44968.8,0,201
2025-01-31 02:45:00,44985.8,44992.8,44970.8,44973.8,0,174
2025-01-31 02:30:00,44978.8,44986.8,44972.8,44985.8,0,198
2025-01-31 02:15:00,44964.8,44980.8,44958.8,44978.8,0,205
2025-01-31 02:00:00,44981.8,44982.8,44951.8,44965.8,0,325
2025-01-31 01:45:00,44959.8,44992.8,44954.8,44981.8,0,237
2025-01-31 01:30:00,44955.8,44964.8,44943.8,44959.8,0,265
2025-01-31 01:15:00,44988.8,44994.8,44951.8,44955.8,0,214
2025-01-31 01:00:00,44986.9,44999.8,44962.4,44989.8,0,331
2025-01-30 23:45:00,44920.4,44942.8,44918.9,44934.4,0,534
2025-01-30 23:30:00,44922.0,44965.8,44876.0,44921.4,0,629
2025-01-30 23:15:00,44959.9,44969.8,44922.9,44929.9,0,476
2025-01-30 23:00:00,44921.8,44982.8,44898.4,44961.9,0,1022
2025-01-30 22:45:00,44689.9,44958.9,44675.9,44923.9,0,1405
2025-01-30 22:30:00,45015.9,45021.9,44677.9,44697.9,0,1138
2025-01-30 22:15:00,45046.9,45049.9,45016.9,45016.9,0,589
2025-01-30 22:00:00,45028.9,45058.9,45022.9,45044.9,0,572
2025-01-30 21:45:00,44989.9,45034.9,44986.9,45029.9,0,528
2025-01-30 21:30:00,44999.9,44999.9,44969.9,44989.9,0,631
2025-01-30 21:15:00,45012.9,45020.9,44990.9,44999.9,0,582
2025-01-30 21:00:00,45018.9,45020.9,44988.9,45012.9,0,608
2025-01-30 20:45:00,45015.9,45043.9,45011.9,45017.9,0,579
2025-01-30 20:30:00,44965.9,45040.9,44965.9,45013.9,0,606
2025-01-30 20:15:00,44921.9,44972.9,44911.9,44966.9,0,581
2025-01-30 20:00:00,44868.9,44930.9,44866.9,44922.9,0,578
2025-01-30 19:45:00,44838.9,44874.9,44833.9,44868.9,0,631
2025-01-30 19:30:00,44823.9,44869.9,44820.9,44838.9,0,773
2025-01-30 19:15:00,44862.9,44873.9,44800.9,44820.9,0,824
2025-01-30 19:00:00,44931.9,44931.9,44853.9,44864.9,0,772
2025-01-30 18:45:00,44882.9,44938.9,44874.9,44930.9,0,666
2025-01-30 18:30:00,44830.9,44883.9,44805.9,44882.9,0,778
2025-01-30 18:15:00,44765.9,44838.9,44746.9,44830.9,0,904
2025-01-30 18:00:00,44814.9,44833.9,44762.9,44764.9,0,1009
2025-01-30 17:45:00,44893.9,44911.9,44791.9,44814.9,0,1009
2025-01-30 17:30:00,44786.9,44915.9,44778.9,44895.9,0,980
2025-01-30 17:15:00,44838.9,44869.9,44774.9,44786.9,0,971
2025-01-30 17:00:00,44845.9,44857.9,44762.9,44838.9,0,1130
2025-01-30 16:45:00,44827.9,44913.9,44801.9,44849.9,0,1008
2025-01-30 16:30:00,44687.8,44834.9,44687.8,44827.9,0,1216
2025-01-30 16:15:00,44682.8,44748.8,44653.3,44685.8,0,655
2025-01-30 16:00:00,44725.8,44727.8,44683.8,44683.8,0,589
2025-01-30 15:45:00,44660.8,44726.8,44653.8,44725.8,0,673
2025-01-30 15:30:00,44695.3,44726.8,44646.3,44660.8,0,730
2025-01-30 15:15:00,44705.3,44708.4,44673.8,44696.3,0,462
2025-01-30 15:00:00,44709.8,44714.3,44669.3,44703.3,0,427
2025-01-30 14:45:00,44730.8,44732.8,44701.8,44708.8,0,342
2025-01-30 14:30:00,44715.8,44754.8,44702.8,44730.3,0,421
2025-01-30 14:15:00,44726.8,44733.3,44689.3,44714.8,0,555
2025-01-30 14:00:00,44838.3,44845.8,44705.3,44727.3,0,729
2025-01-30 13:45:00,44853.3,44868.3,44829.8,44838.3,0,421
2025-01-30 13:30:00,44955.3,44956.8,44812.3,44853.8,0,592
2025-01-30 13:15:00,44947.8,44959.8,44938.3,44955.3,0,272
2025-01-30 13:00:00,44929.3,44948.8,44918.8,44947.8,0,343
2025-01-30 12:45:00,44944.8,44953.8,44929.8,44930.8,0,225
2025-01-30 12:30:00,44941.8,44957.8,44941.8,44944.8,0,246
2025-01-30 12:15:00,44948.3,44953.8,44936.8,44941.8,0,310
2025-01-30 12:00:00,44928.8,44952.8,44922.8,44947.8,0,275
2025-01-30 11:45:00,44919.8,44931.8,44915.8,44929.3,0,291
2025-01-30 11:30:00,44941.3,44942.8,44916.8,44919.8,0,308
2025-01-30 11:15:00,44934.3,44947.8,44932.3,44940.8,0,379
2025-01-30 11:00:00,44930.8,44936.3,44911.8,44934.3,0,473
2025-01-30 10:45:00,44919.8,44936.3,44917.3,44932.8,0,241
2025-01-30 10:30:00,44925.8,44929.8,44913.3,44919.8,0,279
2025-01-30 10:15:00,44903.8,44926.3,44900.8,44925.3,0,334
2025-01-30 10:00:00,44890.8,44911.8,44887.8,44902.8,0,445
2025-01-30 09:45:00,44884.8,44894.8,44875.8,44891.8,0,148
2025-01-30 09:30:00,44863.8,44887.8,44862.8,44883.8,0,154
2025-01-30 09:15:00,44839.8,44863.8,44835.8,44863.8,0,150
2025-01-30 09:00:00,44851.8,44851.8,44834.8,44839.8,0,193
2025-01-30 08:45:00,44843.8,44852.8,44839.8,44851.8,0,108
2025-01-30 08:30:00,44841.8,44849.8,44831.8,44842.8,0,139
2025-01-30 08:15:00,44847.8,44850.8,44837.8,44842.8,0,124
2025-01-30 08:00:00,44849.8,44860.8,44842.8,44847.8,0,122
2025-01-30 07:45:00,44855.8,44855.8,44840.8,44849.8,0,111
2025-01-30 07:30:00,44849.8,44855.8,44839.8,44855.8,0,122
2025-01-30 07:15:00,44841.8,44851.8,44838.8,44848.8,0,118
2025-01-30 07:00:00,44847.8,44848.8,44830.8,44840.8,0,130
2025-01-30 06:45:00,44856.8,44857.8,44846.8,44847.8,0,94
2025-01-30 06:30:00,44870.8,44870.8,44849.8,44855.8,0,113
2025-01-30 06:15:00,44871.8,44875.8,44868.8,44870.8,0,87
2025-01-30 06:00:00,44873.8,44881.8,44867.8,44871.8,0,114
2025-01-30 05:45:00,44852.8,44875.8,44848.8,44873.8,0,124
2025-01-30 05:30:00,44862.8,44865.8,44848.8,44851.8,0,96
2025-01-30 05:15:00,44866.8,44868.8,44860.8,44861.8,0,96
2025-01-30 05:00:00,44857.8,44868.8,44856.8,44866.8,0,110
2025-01-30 04:45:00,44863.8,44864.8,44854.8,44855.8,0,109
2025-01-30 04:30:00,44881.8,44882.8,44860.8,44863.8,0,125
2025-01-30 04:15:00,44878.8,44887.8,44871.8,44881.8,0,154
2025-01-30 04:00:00,44863.8,44879.8,44863.8,44877.8,0,121
2025-01-30 03:45:00,44874.8,44880.8,44861.8,44863.8,0,168
2025-01-30 03:30:00,44853.8,44886.8,44851.8,44873.8,0,204
2025-01-30 03:15:00,44855.8,44865.8,44849.8,44855.8,0,201
2025-01-30 03:00:00,44857.8,44857.8,44834.8,44856.8,0,197
2025-01-30 02:45:00,44845.8,44858.8,44841.8,44858.8,0,184
2025-01-30 02:30:00,44835.8,44853.8,44834.8,44844.8,0,162
2025-01-30 02:15:00,44819.8,44837.8,44819.8,44835.8,0,206
2025-01-30 02:00:00,44797.8,44825.8,44784.8,44819.8,0,319
2025-01-30 01:45:00,44771.8,44809.8,44771.8,44797.8,0,289
2025-01-30 01:30:00,44772.8,44786.8,44755.8,44771.8,0,365
2025-01-30 01:15:00,44780.8,44798.8,44759.8,44770.8,0,483
2025-01-30 01:00:00,44730.4,44797.8,44730.4,44782.8,0,622
2025-01-29 23:45:00,44798.9,44833.4,44787.9,44824.9,0,645
2025-01-29 23:30:00,44838.9,44842.4,44768.0,44798.9,0,1098
2025-01-29 23:15:00,44860.4,44879.8,44813.9,44838.9,0,1007
2025-01-29 23:00:00,44756.8,44895.4,44617.9,44858.4,0,1704
2025-01-29 22:45:00,44794.9,44826.9,44729.9,44762.9,0,1206
2025-01-29 22:30:00,44863.9,44881.9,44757.9,44789.9,0,1194
2025-01-29 22:15:00,44783.9,44887.9,44702.9,44859.9,0,1156
2025-01-29 22:00:00,44803.9,44824.9,44727.9,44783.9,0,1148
2025-01-29 21:45:00,44822.9,44867.9,44772.9,44812.9,0,1217
2025-01-29 21:30:00,44619.9,44848.9,44613.9,44817.9,0,1344
2025-01-29 21:15:00,44675.9,44695.9,44615.9,44619.9,0,1009
2025-01-29 21:00:00,44802.3,44802.9,44653.9,44674.9,0,1265
2025-01-29 20:45:00,44794.9,44839.9,44785.9,44802.3,0,706
2025-01-29 20:30:00,44845.9,44855.9,44781.9,44793.9,0,827
2025-01-29 20:15:00,44810.9,44847.9,44798.9,44843.9,0,890
2025-01-29 20:00:00,44830.9,44844.9,44705.9,44810.9,0,1126
2025-01-29 19:45:00,44852.9,44854.9,44814.9,44829.9,0,679
2025-01-29 19:30:00,44890.9,44905.9,44848.9,44853.9,0,593
2025-01-29 19:15:00,44885.9,44927.9,44883.9,44890.9,0,599
2025-01-29 19:00:00,44860.9,44914.9,44855.9,44885.9,0,743
2025-01-29 18:45:00,44875.9,44911.9,44847.9,44859.9,0,758
2025-01-29 18:30:00,44891.9,44920.9,44848.9,44874.9,0,741
2025-01-29 18:15:00,44900.9,44912.9,44876.9,44891.9,0,735
2025-01-29 18:00:00,44915.9,44940.9,44872.9,44901.9,0,834
2025-01-29 17:45:00,44974.9,44988.9,44912.9,44914.9,0,822
2025-01-29 17:30:00,44947.9,45001.9,44915.6,44972.9,0,893
2025-01-29 17:15:00,44930.9,44968.9,44920.9,44943.9,0,903
2025-01-29 17:00:00,44922.9,44983.9,44897.9,44928.9,0,1014
2025-01-29 16:45:00,44886.9,44932.9,44878.9,44918.9,0,1030
2025-01-29 16:30:00,44859.8,44966.9,44851.9,44885.9,0,1201
2025-01-29 16:15:00,44840.3,44865.8,44838.8,44862.8,0,429
2025-01-29 16:00:00,44833.8,44847.8,44820.8,44841.3,0,435
2025-01-29 15:45:00,44815.3,44834.8,44791.8,44833.8,0,389
2025-01-29 15:30:00,44817.8,44831.3,44800.8,44815.8,0,506
2025-01-29 15:15:00,44839.8,44845.8,44814.8,44818.8,0,523
2025-01-29 15:00:00,44877.8,44878.8,44835.8,44839.8,0,401
2025-01-29 14:45:00,44870.8,44884.8,44868.3,44879.8,0,248
2025-01-29 14:30:00,44874.8,44882.8,44867.8,44870.8,0,224
2025-01-29 14:15:00,44881.3,44887.3,44862.8,44875.8,0,321
2025-01-29 14:00:00,44906.8,44906.8,44878.8,44880.8,0,324
2025-01-29 13:45:00,44895.8,44914.8,44890.8,44901.8,0,189
2025-01-29 13:30:00,44887.8,44896.8,44877.8,44895.8,0,211
2025-01-29 13:15:00,44882.8,44890.8,44877.3,44886.8,0,171
2025-01-29 13:00:00,44891.8,44900.3,44877.8,44883.8,0,184
2025-01-29 12:45:00,44872.8,44892.8,44868.8,44892.3,0,213
2025-01-29 12:30:00,44865.8,44882.8,44849.8,44872.8,0,227
2025-01-29 12:15:00,44858.8,44878.8,44851.8,44866.8,0,217
2025-01-29 12:00:00,44846.8,44870.3,44846.8,44857.8,0,251
2025-01-29 11:45:00,44837.3,44856.3,44832.8,44846.8,0,231
2025-01-29 11:30:00,44841.8,44844.8,44824.8,44837.3,0,228
2025-01-29 11:15:00,44848.8,44858.8,44838.3,44841.8,0,328
2025-01-29 11:00:00,44839.3,44850.8,44812.8,44848.8,0,379
2025-01-29 10:45:00,44851.8,44857.8,44839.3,44839.8,0,186
2025-01-29 10:30:00,44862.8,44866.8,44837.3,44850.8,0,247
2025-01-29 10:15:00,44851.8,44863.8,44837.8,44861.8,0,219
2025-01-29 10:00:00,44865.8,44871.8,44849.8,44852.8,0,326
2025-01-29 09:45:00,44853.8,44865.8,44848.8,44865.8,0,154
2025-01-29 09:30:00,44869.8,44873.8,44853.8,44853.8,0,148
2025-01-29 09:15:00,44878.8,44882.8,44865.8,44869.8,0,146
2025-01-29 09:00:00,44904.8,44904.8,44877.8,44879.8,0,213
2025-01-29 08:45:00,44911.8,44913.8,44890.8,44903.8,0,197
2025-01-29 08:30:00,44895.8,44918.8,44891.8,44911.8,0,288
2025-01-29 08:15:00,44884.8,44897.8,44877.8,44895.8,0,258
2025-01-29 08:00:00,44872.8,44936.8,44872.8,44884.8,0,469
2025-01-29 07:45:00,44871.8,44874.8,44863.8,44865.8,0,77
2025-01-29 07:30:00,44882.8,44882.8,44871.8,44871.8,0,79
2025-01-29 07:15:00,44879.8,44884.8,44875.8,44882.8,0,55
2025-01-29 07:00:00,44883.8,44885.8,44878.8,44879.8,0,69
2025-01-29 06:45:00,44886.8,44889.8,44881.8,44883.8,0,59
2025-01-29 06:30:00,44892.8,44893.8,44883.8,44886.8,0,77
2025-01-29 06:15:00,44882.8,44892.8,44881.8,44892.8,0,80
2025-01-29 06:00:00,44868.8,44885.8,44868.8,44882.8,0,121
2025-01-29 05:45:00,44860.8,44870.8,44859.8,44867.8,0,94
2025-01-29 05:30:00,44853.8,44865.8,44845.8,44860.8,0,86
2025-01-29 05:15:00,44862.8,44865.8,44850.8,44853.8,0,100
2025-01-29 05:00:00,44876.8,44879.8,44857.8,44863.8,0,83
2025-01-29 04:45:00,44878.8,44884.8,44872.8,44876.8,0,104
2025-01-29 04:30:00,44862.8,44882.8,44862.8,44878.8,0,93
2025-01-29 04:15:00,44869.8,44869.8,44856.8,44862.8,0,82
2025-01-29 04:00:00,44858.8,44871.8,44858.8,44869.8,0,89
2025-01-29 03:45:00,44865.8,44867.8,44857.8,44858.8,0,89
2025-01-29 03:30:00,44868.8,44874.8,44863.8,44865.8,0,113
2025-01-29 03:15:00,44859.8,44872.8,44855.8,44868.8,0,96
2025-01-29 03:00:00,44865.8,44872.8,44856.8,44859.8,0,178
2025-01-29 02:45:00,44857.8,44870.8,44857.8,44867.8,0,155
2025-01-29 02:30:00,44857.8,44867.8,44846.8,44857.8,0,206
2025-01-29 02:15:00,44857.8,44868.8,44852.8,44857.8,0,163
2025-01-29 02:00:00,44851.8,44882.8,44846.8,44857.8,0,239
2025-01-29 01:45:00,44863.8,44868.8,44845.8,44849.8,0,134
2025-01-29 01:30:00,44871.8,44871.8,44855.8,44863.8,0,126
2025-01-29 01:15:00,44861.8,44884.8,44859.8,44871.8,0,184
2025-01-29 01:00:00,44857.8,44867.8,44854.8,44861.8,0,151
2025-01-28 23:45:00,44872.8,44874.8,44864.8,44868.8,0,99
2025-01-28 23:30:00,44859.8,44873.8,44857.8,44872.8,0,120
2025-01-28 23:15:00,44865.8,44869.8,44854.8,44858.8,0,139
2025-01-28 23:00:00,44879.4,44879.4,44849.8,44865.8,0,483
2025-01-28 22:45:00,44927.9,44936.9,44879.9,44880.9,0,820
2025-01-28 22:30:00,44885.9,44929.9,44876.9,44925.9,0,635
2025-01-28 22:15:00,44901.9,44920.9,44876.9,44886.9,0,533
2025-01-28 22:00:00,44902.9,44915.9,44884.9,44901.9,0,667
2025-01-28 21:45:00,44871.9,44906.9,44868.9,44902.9,0,576
2025-01-28 21:30:00,44862.9,44882.9,44858.9,44870.9,0,552
2025-01-28 21:15:00,44819.9,44868.9,44813.9,44862.9,0,609
2025-01-28 21:00:00,44856.9,44866.9,44812.9,44819.9,0,739
2025-01-28 20:45:00,44898.9,44902.9,44856.9,44856.9,0,708
2025-01-28 20:30:00,44918.9,44945.9,44876.9,44898.9,0,671
2025-01-28 20:15:00,44930.9,44946.9,44901.9,44917.9,0,579
2025-01-28 20:00:00,44897.9,44936.9,44893.9,44930.9,0,569
2025-01-28 19:45:00,44876.9,44913.9,44862.9,44895.9,0,649
2025-01-28 19:30:00,44864.9,44879.9,44841.9,44875.9,0,651
2025-01-28 19:15:00,44882.9,44890.9,44849.9,44864.9,0,767
2025-01-28 19:00:00,44838.9,44900.9,44810.9,44882.9,0,797
2025-01-28 18:45:00,44810.9,44844.9,44761.9,44842.9,0,911
2025-01-28 18:30:00,44805.9,44823.9,44750.9,44807.9,0,1024
2025-01-28 18:15:00,44979.9,44985.9,44787.9,44806.9,0,1013
2025-01-28 18:00:00,44986.9,45013.9,44967.9,44975.9,0,857
2025-01-28 17:45:00,44932.9,45001.9,44911.9,44985.9,0,865
2025-01-28 17:30:00,44896.9,44936.9,44874.9,44932.9,0,997
2025-01-28 17:15:00,44842.9,44915.9,44838.9,44895.9,0,950
2025-01-28 17:00:00,44720.9,44854.9,44711.9,44843.9,0,1079
2025-01-28 16:45:00,44756.9,44774.9,44651.9,44720.9,0,1118
2025-01-28 16:30:00,44767.8,44826.6,44721.9,44755.9,0,1290
2025-01-28 16:15:00,44748.8,44781.8,44738.8,44758.8,0,614
2025-01-28 16:00:00,44698.8,44753.8,44693.8,44748.8,0,562
2025-01-28 15:45:00,44702.8,44718.3,44688.3,44701.8,0,471
2025-01-28 15:30:00,44740.8,44751.8,44701.8,44703.8,0,554
2025-01-28 15:15:00,44752.8,44765.8,44721.3,44742.8,0,431
2025-01-28 15:00:00,44766.3,44771.8,44740.8,44751.8,0,423
2025-01-28 14:45:00,44767.8,44780.3,44753.8,44766.8,0,457
2025-01-28 14:30:00,44719.3,44771.8,44705.3,44767.8,0,535
2025-01-28 14:15:00,44704.8,44723.8,44693.8,44717.8,0,534
2025-01-28 14:00:00,44751.8,44758.8,44700.8,44702.8,0,581
2025-01-28 13:45:00,44765.8,44777.8,44750.8,44752.8,0,330
2025-01-28 13:30:00,44771.8,44782.8,44752.8,44766.8,0,399
2025-01-28 13:15:00,44789.8,44791.3,44766.8,44772.3,0,339
2025-01-28 13:00:00,44773.8,44792.8,44773.8,44790.3,0,374
2025-01-28 12:45:00,44784.8,44785.3,44767.8,44773.3,0,354
2025-01-28 12:30:00,44802.8,44809.8,44781.3,44784.8,0,305
2025-01-28 12:15:00,44805.3,44811.8,44793.3,44801.8,0,293
2025-01-28 12:00:00,44781.8,44815.3,44781.8,44804.3,0,384
2025-01-28 11:45:00,44786.8,44791.8,44776.8,44781.8,0,357
2025-01-28 11:30:00,44767.3,44788.8,44759.3,44786.8,0,492
2025-01-28 11:15:00,44785.8,44791.3,44762.8,44765.3,0,534
2025-01-28 11:00:00,44765.8,44791.8,44745.8,44782.8,0,671
2025-01-28 10:45:00,44730.3,44770.8,44720.8,44763.8,0,558
2025-01-28 10:30:00,44680.8,44732.8,44678.8,44732.8,0,484
2025-01-28 10:15:00,44652.3,44693.8,44635.8,44677.8,0,568
2025-01-28 10:00:00,44654.8,44679.8,44641.8,44651.8,0,670
2025-01-28 09:45:00,44670.8,44672.8,44646.8,44657.8,0,280
2025-01-28 09:30:00,44659.8,44671.8,44641.8,44669.8,0,284
2025-01-28 09:15:00,44613.8,44669.8,44610.8,44660.8,0,345
2025-01-28 09:00:00,44619.8,44632.8,44597.8,44613.8,0,389
2025-01-28 08:45:00,44622.8,44626.8,44611.8,44620.8,0,188
2025-01-28 08:30:00,44648.8,44662.8,44619.8,44623.8,0,245
2025-01-28 08:15:00,44668.8,44670.8,44640.8,44645.8,0,207
2025-01-28 08:00:00,44665.8,44675.8,44663.8,44669.8,0,199
2025-01-28 07:45:00,44640.8,44665.8,44639.8,44665.8,0,163
2025-01-28 07:30:00,44652.8,44656.8,44626.8,44640.8,0,209
2025-01-28 07:15:00,44662.8,44664.8,44649.8,44653.8,0,164
2025-01-28 07:00:00,44686.8,44706.8,44657.8,44662.8,0,205
2025-01-28 06:45:00,44676.8,44688.8,44673.8,44686.8,0,139
2025-01-28 06:30:00,44666.8,44684.8,44663.8,44676.8,0,161
2025-01-28 06:15:00,44679.8,44681.8,44658.8,44666.8,0,212
2025-01-28 06:00:00,44677.8,44684.8,44666.8,44679.8,0,246
2025-01-28 05:45:00,44695.8,44695.8,44674.8,44677.8,0,200
2025-01-28 05:30:00,44699.8,44716.8,44693.8,44695.8,0,289
2025-01-28 05:15:00,44679.8,44701.8,44675.8,44698.8,0,187
2025-01-28 05:00:00,44677.8,44689.8,44670.8,44678.8,0,196
2025-01-28 04:45:00,44672.8,44687.8,44662.8,44677.8,0,259
2025-01-28 04:30:00,44691.8,44700.8,44668.8,44671.8,0,284
2025-01-28 04:15:00,44694.8,44716.8,44688.8,44691.8,0,295
2025-01-28 04:00:00,44650.8,44709.8,44638.8,44694.8,0,570
2025-01-28 03:45:00,44720.8,44726.8,44638.4,44654.8,0,414
2025-01-28 03:30:00,44724.8,44732.8,44714.8,44721.8,0,224
2025-01-28 03:15:00,44723.8,44735.8,44706.8,44725.8,0,235
2025-01-28 03:00:00,44687.8,44727.8,44687.8,44723.8,0,293
2025-01-28 02:45:00,44694.8,44708.8,44679.8,44686.8,0,300
2025-01-28 02:30:00,44686.8,44697.8,44659.8,44694.8,0,367
2025-01-28 02:15:00,44703.8,44710.8,44678.8,44685.8,0,335
2025-01-28 02:00:00,44727.8,44731.8,44696.8,44704.8,0,370
2025-01-28 01:45:00,44699.8,44730.8,44680.8,44724.8,0,361
2025-01-28 01:30:00,44667.8,44707.8,44663.8,44698.8,0,468
2025-01-28 01:15:00,44713.8,44717.8,44643.8,44667.8,0,704
2025-01-28 01:00:00,44748.9,44749.3,44711.8,44713.8,0,456
2025-01-27 23:45:00,44764.4,44764.4,44738.0,44746.8,0,217
2025-01-27 23:30:00,44756.8,44765.8,44745.8,44764.8,0,296
2025-01-27 23:15:00,44755.8,44770.8,44750.8,44756.8,0,378
2025-01-27 23:00:00,44748.8,44781.8,44737.4,44755.8,0,773
2025-01-27 22:45:00,44679.9,44764.9,44623.9,44748.9,0,1107
2025-01-27 22:30:00,44656.9,44688.9,44632.9,44681.9,0,978
2025-01-27 22:15:00,44618.9,44692.9,44606.9,44648.9,0,971
2025-01-27 22:00:00,44665.9,44693.9,44586.9,44621.9,0,1043
2025-01-27 21:45:00,44723.9,44724.9,44646.9,44665.9,0,979
2025-01-27 21:30:00,44749.9,44752.9,44710.9,44723.9,0,961
2025-01-27 21:15:00,44613.9,44761.9,44608.9,44752.9,0,898
2025-01-27 21:00:00,44581.9,44635.9,44581.9,44612.9,0,844
2025-01-27 20:45:00,44585.9,44593.9,44560.9,44578.9,0,856
2025-01-27 20:30:00,44524.9,44588.9,44510.9,44586.9,0,961
2025-01-27 20:15:00,44498.9,44537.9,44487.9,44523.9,0,821
2025-01-27 20:00:00,44517.9,44529.9,44487.9,44500.9,0,828
2025-01-27 19:45:00,44599.9,44599.9,44509.9,44514.9,0,899
2025-01-27 19:30:00,44582.9,44608.9,44566.9,44599.9,0,980
2025-01-27 19:15:00,44502.9,44596.9,44489.9,44583.9,0,934
2025-01-27 19:00:00,44442.9,44515.9,44424.9,44502.9,0,992
2025-01-27 18:45:00,44398.9,44458.9,44378.9,44442.9,0,1058
2025-01-27 18:30:00,44379.9,44432.9,44374.9,44401.9,0,959
2025-01-27 18:15:00,44413.9,44436.9,44363.9,44380.9,0,999
2025-01-27 18:00:00,44403.9,44427.9,44365.9,44414.9,0,1081
2025-01-27 17:45:00,44456.9,44458.9,44383.9,44404.9,0,1101
2025-01-27 17:30:00,44421.9,44463.9,44397.9,44458.9,0,1149
2025-01-27 17:15:00,44324.9,44448.9,44289.9,44426.9,0,1252
2025-01-27 17:00:00,44357.9,44378.9,44296.9,44328.9,0,1237
2025-01-27 16:45:00,44301.9,44366.9,44280.9,44359.9,0,1249
2025-01-27 16:30:00,44095.8,44395.9,44088.3,44301.9,0,1459
2025-01-27 16:15:00,44094.8,44110.8,44069.8,44090.8,0,664
2025-01-27 16:00:00,44132.8,44136.8,44074.8,44094.8,0,633
2025-01-27 15:45:00,44129.8,44146.8,44104.8,44132.8,0,586
2025-01-27 15:30:00,44174.8,44184.8,44120.9,44128.8,0,655
2025-01-27 15:15:00,44127.8,44181.8,44126.8,44174.8,0,562
2025-01-27 15:00:00,44127.8,44142.3,44103.8,44127.8,0,645
2025-01-27 14:45:00,44151.8,44174.8,44102.3,44129.8,0,578
2025-01-27 14:30:00,44055.8,44153.8,44049.8,44153.8,0,515
2025-01-27 14:15:00,44039.8,44057.8,44019.8,44052.8,0,527
2025-01-27 14:00:00,44023.8,44047.8,43994.8,44040.8,0,736
2025-01-27 13:45:00,44059.8,44070.8,44023.8,44028.8,0,663
2025-01-27 13:30:00,44035.8,44070.8,44020.8,44058.8,0,671
2025-01-27 13:15:00,44069.8,44082.8,44027.8,44036.8,0,826
2025-01-27 13:00:00,44034.3,44082.3,44019.3,44069.8,0,891
2025-01-27 12:45:00,44078.8,44117.8,43984.8,44037.3,0,995
2025-01-27 12:30:00,44033.8,44079.8,44003.8,44079.8,0,644
2025-01-27 12:15:00,44002.8,44036.8,43973.8,44033.8,0,572
2025-01-27 12:00:00,44088.8,44095.8,43997.8,44002.8,0,596
2025-01-27 11:45:00,44079.8,44092.3,44060.8,44086.8,0,518
2025-01-27 11:30:00,44033.8,44089.8,44024.8,44080.8,0,588
2025-01-27 11:15:00,43984.8,44047.8,43972.8,44029.8,0,676
2025-01-27 11:00:00,43946.8,44000.8,43928.3,43983.8,0,997
2025-01-27 10:45:00,43886.8,43945.3,43879.8,43943.8,0,735
2025-01-27 10:30:00,43970.8,43972.8,43860.3,43886.8,0,785
2025-01-27 10:15:00,44069.8,44070.8,43958.8,43970.8,0,824
2025-01-27 10:00:00,44004.8,44085.3,43987.8,44068.8,0,813
2025-01-27 09:45:00,44092.8,44094.8,44001.8,44002.8,0,539
2025-01-27 09:30:00,44052.8,44094.8,44047.8,44092.8,0,427
2025-01-27 09:15:00,44075.8,44092.8,44027.8,44052.8,0,540
2025-01-27 09:00:00,44095.8,44124.8,44068.8,44074.8,0,477
2025-01-27 08:45:00,44090.8,44109.8,44075.8,44094.8,0,386
2025-01-27 08:30:00,44157.8,44157.8,44067.8,44090.8,0,452
2025-01-27 08:15:00,44181.8,44192.8,44153.8,44157.8,0,282
2025-01-27 08:00:00,44198.8,44206.8,44171.8,44181.8,0,295
2025-01-27 07:45:00,44217.8,44217.8,44181.8,44197.8,0,264
2025-01-27 07:30:00,44224.8,44228.8,44197.8,44217.8,0,330
2025-01-27 07:15:00,44270.8,44278.8,44218.8,44223.8,0,294
2025-01-27 07:00:00,44276.8,44282.8,44255.8,44270.8,0,200
2025-01-27 06:45:00,44272.8,44283.8,44272.8,44277.8,0,128
2025-01-27 06:30:00,44289.8,44290.8,44261.8,44272.8,0,201
2025-01-27 06:15:00,44293.8,44293.8,44276.8,44289.8,0,185
2025-01-27 06:00:00,44304.8,44307.8,44286.8,44293.8,0,186
2025-01-27 05:45:00,44311.8,44311.8,44295.8,44304.8,0,198
2025-01-27 05:30:00,44314.8,44317.8,44293.8,44311.8,0,205
2025-01-27 05:15:00,44307.8,44316.8,44294.8,44314.8,0,187
2025-01-27 05:00:00,44272.8,44307.8,44261.8,44307.8,0,175
2025-01-27 04:45:00,44266.8,44280.8,44260.8,44272.8,0,150
2025-01-27 04:30:00,44254.8,44269.8,44249.8,44267.8,0,197
2025-01-27 04:15:00,44235.8,44256.8,44233.8,44254.8,0,212
2025-01-27 04:00:00,44252.8,44258.8,44233.8,44235.8,0,302
2025-01-27 03:45:00,44255.8,44255.8,44223.8,44252.8,0,388
2025-01-27 03:30:00,44289.8,44290.8,44245.8,44256.8,0,413
2025-01-27 03:15:00,44299.8,44313.8,44281.8,44291.8,0,228
2025-01-27 03:00:00,44289.8,44310.8,44279.8,44299.8,0,349
2025-01-27 02:45:00,44322.8,44332.8,44286.8,44289.8,0,270
2025-01-27 02:30:00,44357.8,44357.8,44315.8,44323.8,0,235
2025-01-27 02:15:00,44356.8,44367.8,44345.8,44358.8,0,174
2025-01-27 02:00:00,44366.8,44375.8,44343.8,44357.8,0,179
2025-01-27 01:45:00,44385.8,44392.8,44356.8,44366.8,0,223
2025-01-27 01:30:00,44394.8,44405.8,44382.8,44385.8,0,197
2025-01-27 01:15:00,44373.8,44394.8,44350.8,44394.8,0,316
2025-01-27 01:00:00,44331.8,44382.8,44322.4,44373.8,0,586
2025-01-24 23:45:00,44410.5,44422.5,44408.5,44422.5,0,63
2025-01-24 23:30:00,44396.7,44411.5,44388.5,44410.5,0,145
2025-01-24 23:15:00,44394.5,44404.7,44384.5,44397.5,0,149
2025-01-24 23:00:00,44431.5,44432.5,44381.5,44394.5,0,397
2025-01-24 22:45:00,44373.6,44449.6,44366.6,44436.6,0,830
2025-01-24 22:30:00,44390.6,44399.6,44358.6,44375.6,0,659
2025-01-24 22:15:00,44423.6,44425.6,44380.6,44390.6,0,626
2025-01-24 22:00:00,44420.6,44450.6,44405.6,44424.6,0,605
2025-01-24 21:45:00,44435.6,44454.6,44414.6,44421.6,0,531
2025-01-24 21:30:00,44421.6,44436.6,44413.6,44435.6,0,602
2025-01-24 21:15:00,44418.6,44446.6,44407.6,44422.6,0,671
2025-01-24 21:00:00,44448.6,44466.6,44406.6,44418.6,0,781
2025-01-24 20:45:00,44487.6,44499.6,44429.6,44448.6,0,710
2025-01-24 20:30:00,44492.6,44512.6,44481.6,44487.6,0,569
2025-01-24 20:15:00,44491.6,44500.6,44467.6,44492.6,0,643
2025-01-24 20:00:00,44507.6,44518.6,44471.6,44489.6,0,745
2025-01-24 19:45:00,44540.6,44552.6,44495.6,44507.6,0,610
2025-01-24 19:30:00,44530.6,44555.6,44519.6,44540.6,0,605
2025-01-24 19:15:00,44519.6,44578.6,44513.6,44530.6,0,613
2025-01-24 19:00:00,44524.6,44556.6,44493.6,44519.6,0,672
2025-01-24 18:45:00,44535.6,44549.6,44515.6,44525.6,0,559
2025-01-24 18:30:00,44541.6,44551.6,44529.6,44534.6,0,505
2025-01-24 18:15:00,44521.6,44542.6,44511.6,44540.6,0,566
2025-01-24 18:00:00,44462.6,44527.6,44458.6,44522.6,0,683
2025-01-24 17:45:00,44475.6,44513.6,44459.6,44463.6,0,788
2025-01-24 17:30:00,44496.6,44497.6,44465.6,44474.6,0,802
2025-01-24 17:15:00,44471.6,44519.6,44468.6,44498.6,0,864
2025-01-24 17:00:00,44463.5,44485.6,44419.3,44473.6,0,988
2025-01-24 16:45:00,44518.3,44563.3,44430.6,44463.6,0,1000
2025-01-24 16:30:00,44504.3,44556.6,44480.3,44522.6,0,1125
2025-01-24 16:15:00,44496.3,44510.3,44458.3,44500.3,0,485
2025-01-24 16:00:00,44496.3,44525.3,44489.3,44496.3,0,456
2025-01-24 15:45:00,44476.3,44498.3,44475.8,44497.3,0,263
2025-01-24 15:30:00,44481.8,44483.3,44460.8,44476.8,0,327
2025-01-24 15:15:00,44470.8,44494.3,44468.8,44481.8,0,357
2025-01-24 15:00:00,44497.8,44500.3,44458.8,44469.8,0,345
2025-01-24 14:45:00,44466.8,44501.8,44457.3,44498.3,0,341
2025-01-24 14:30:00,44464.8,44468.8,44442.3,44466.8,0,355
2025-01-24 14:15:00,44476.3,44490.8,44460.3,44465.3,0,403
2025-01-24 14:00:00,44544.3,44544.3,44471.3,44476.8,0,416
2025-01-24 13:45:00,44544.3,44548.3,44534.8,44543.8,0,273
2025-01-24 13:30:00,44525.8,44547.8,44525.8,44544.3,0,251
2025-01-24 13:15:00,44537.8,44538.8,44515.8,44525.3,0,214
2025-01-24 13:00:00,44521.8,44547.3,44517.8,44537.8,0,303
2025-01-24 12:45:00,44504.8,44529.8,44499.3,44521.8,0,273
2025-01-24 12:30:00,44520.3,44528.3,44500.3,44504.8,0,330
2025-01-24 12:15:00,44540.8,44540.8,44517.3,44519.8,0,253
2025-01-24 12:00:00,44542.3,44548.8,44537.8,44540.3,0,223
2025-01-24 11:45:00,44535.8,44550.3,44531.8,44543.8,0,255
2025-01-24 11:30:00,44558.8,44569.3,44533.8,44537.8,0,299
2025-01-24 11:15:00,44577.8,44578.8,44555.3,44558.3,0,314
2025-01-24 11:00:00,44582.3,44589.8,44571.3,44577.8,0,363
2025-01-24 10:45:00,44585.8,44595.8,44574.3,44582.8,0,323
2025-01-24 10:30:00,44578.8,44586.3,44563.8,44585.8,0,394
2025-01-24 10:15:00,44576.8,44581.8,44560.8,44579.3,0,347
2025-01-24 10:00:00,44570.8,44577.8,44562.8,44575.8,0,377
2025-01-24 09:45:00,44571.8,44576.8,44562.8,44574.8,0,209
2025-01-24 09:30:00,44568.8,44575.8,44566.8,44571.8,0,134
2025-01-24 09:15:00,44566.8,44569.8,44555.8,44568.8,0,165
2025-01-24 09:00:00,44557.8,44576.8,44554.8,44567.8,0,168
2025-01-24 08:45:00,44558.8,44567.8,44555.8,44558.8,0,132
2025-01-24 08:30:00,44560.8,44571.8,44556.8,44557.8,0,159
2025-01-24 08:15:00,44553.8,44561.8,44553.8,44560.8,0,101
2025-01-24 08:00:00,44555.8,44557.8,44546.8,44552.8,0,121
2025-01-24 07:45:00,44559.8,44559.8,44549.8,44555.8,0,59
2025-01-24 07:30:00,44549.8,44559.8,44547.8,44559.8,0,84
2025-01-24 07:15:00,44555.8,44555.8,44544.8,44549.8,0,89
2025-01-24 07:00:00,44557.8,44561.8,44553.8,44554.8,0,104
2025-01-24 06:45:00,44557.8,44560.8,44554.8,44557.8,0,71
2025-01-24 06:30:00,44554.8,44563.8,44553.8,44557.8,0,126
2025-01-24 06:15:00,44570.8,44571.8,44550.8,44554.8,0,194
2025-01-24 06:00:00,44563.8,44571.8,44562.8,44570.8,0,105
2025-01-24 05:45:00,44563.8,44573.8,44561.8,44563.8,0,116
2025-01-24 05:30:00,44562.8,44574.8,44557.8,44563.8,0,182
2025-01-24 05:15:00,44582.8,44584.8,44561.8,44562.8,0,206
2025-01-24 05:00:00,44599.8,44607.8,44583.8,44583.8,0,120
2025-01-24 04:45:00,44597.8,44604.8,44593.8,44599.8,0,105
2025-01-24 04:30:00,44588.8,44603.8,44586.8,44597.8,0,155
2025-01-24 04:15:00,44575.8,44600.8,44575.8,44589.8,0,320
2025-01-24 04:00:00,44562.8,44577.8,44556.8,44576.8,0,123
2025-01-24 03:45:00,44553.8,44567.8,44553.8,44562.8,0,133
2025-01-24 03:30:00,44560.8,44561.8,44551.8,44554.8,0,171
2025-01-24 03:15:00,44567.8,44572.8,44559.8,44559.8,0,152
2025-01-24 03:00:00,44561.8,44568.8,44551.8,44567.8,0,139
2025-01-24 02:45:00,44560.8,44562.8,44551.8,44561.8,0,133
2025-01-24 02:30:00,44560.8,44567.8,44559.8,44560.8,0,99
2025-01-24 02:15:00,44556.8,44566.8,44556.8,44559.8,0,111
2025-01-24 02:00:00,44566.8,44570.8,44556.8,44556.8,0,101
2025-01-24 01:45:00,44565.8,44571.8,44559.8,44566.8,0,89
2025-01-24 01:30:00,44555.8,44567.8,44555.8,44565.8,0,68
2025-01-24 01:15:00,44548.8,44560.8,44546.8,44555.8,0,53
2025-01-24 01:00:00,44554.8,44562.8,44545.8,44548.8,0,220
2025-01-23 23:45:00,44557.8,44568.8,44554.8,44567.8,0,132
2025-01-23 23:30:00,44569.8,44569.8,44531.4,44557.4,0,320
2025-01-23 23:15:00,44572.8,44573.8,44558.8,44569.8,0,160
2025-01-23 23:00:00,44583.8,44586.8,44563.8,44572.8,0,409
2025-01-23 22:45:00,44503.9,44590.9,44502.9,44584.9,0,806
2025-01-23 22:30:00,44529.9,44535.9,44492.9,44504.9,0,610
2025-01-23 22:15:00,44535.9,44550.9,44526.9,44529.9,0,474
2025-01-23 22:00:00,44534.9,44545.9,44519.9,44535.9,0,565
2025-01-23 21:45:00,44539.9,44554.9,44529.9,44533.9,0,462
2025-01-23 21:30:00,44529.9,44548.9,44519.9,44539.9,0,474
2025-01-23 21:15:00,44520.9,44541.9,44500.9,44528.9,0,480
2025-01-23 21:00:00,44535.9,44536.9,44505.9,44521.9,0,560
2025-01-23 20:45:00,44524.9,44547.9,44519.9,44535.9,0,484
2025-01-23 20:30:00,44550.9,44556.9,44512.9,44524.9,0,467
2025-01-23 20:15:00,44561.9,44573.9,44542.9,44550.9,0,463
2025-01-23 20:00:00,44535.9,44567.9,44529.9,44560.9,0,415
2025-01-23 19:45:00,44495.9,44537.9,44492.9,44535.9,0,477
2025-01-23 19:30:00,44466.9,44499.9,44456.9,44495.9,0,499
2025-01-23 19:15:00,44464.9,44475.9,44438.9,44467.9,0,514
2025-01-23 19:00:00,44454.9,44473.9,44438.9,44463.9,0,580
2025-01-23 18:45:00,44441.9,44474.9,44440.9,44454.9,0,649
2025-01-23 18:30:00,44435.9,44444.9,44416.9,44440.9,0,719
2025-01-23 18:15:00,44379.9,44446.9,44371.9,44435.9,0,792
2025-01-23 18:00:00,44367.9,44395.9,44332.9,44378.9,0,793
2025-01-23 17:45:00,44332.9,44366.9,44323.9,44366.9,0,653
2025-01-23 17:30:00,44259.9,44333.9,44251.9,44333.9,0,678
2025-01-23 17:15:00,44295.9,44317.9,44252.4,44257.9,0,714
2025-01-23 17:00:00,44298.9,44320.9,44262.9,44294.9,0,891
2025-01-23 16:45:00,44280.9,44320.9,44267.9,44297.9,0,914
2025-01-23 16:30:00,44200.3,44299.9,44200.3,44278.9,0,1176
2025-01-23 16:15:00,44211.3,44231.8,44193.8,44200.3,0,470
2025-01-23 16:00:00,44237.8,44241.8,44207.8,44210.8,0,350
2025-01-23 15:45:00,44219.8,44236.3,44215.8,44236.3,0,305
2025-01-23 15:30:00,44211.9,44231.8,44202.3,44220.8,0,467
2025-01-23 15:15:00,44208.8,44224.8,44205.3,44211.9,0,384
2025-01-23 15:00:00,44256.8,44257.8,44205.8,44206.8,0,386
2025-01-23 14:45:00,44243.8,44259.8,44235.8,44256.8,0,270
2025-01-23 14:30:00,44234.3,44261.3,44229.8,44243.8,0,341
2025-01-23 14:15:00,44217.8,44237.3,44207.3,44234.8,0,278
2025-01-23 14:00:00,44226.3,44232.3,44208.9,44217.8,0,343
2025-01-23 13:45:00,44225.3,44236.8,44222.3,44226.8,0,252
2025-01-23 13:30:00,44225.8,44227.8,44210.8,44225.3,0,288
2025-01-23 13:15:00,44225.8,44238.3,44209.8,44225.8,0,276
2025-01-23 13:00:00,44182.3,44227.3,44177.8,44226.3,0,347
2025-01-23 12:45:00,44205.8,44208.8,44180.3,44182.3,0,228
2025-01-23 12:30:00,44210.3,44212.8,44203.3,44205.8,0,198
2025-01-23 12:15:00,44200.8,44214.8,44193.8,44210.3,0,265
2025-01-23 12:00:00,44179.3,44202.8,44177.8,44200.8,0,290
2025-01-23 11:45:00,44161.8,44185.8,44159.8,44179.8,0,305
2025-01-23 11:30:00,44156.8,44167.8,44152.3,44162.8,0,270
2025-01-23 11:15:00,44158.8,44162.3,44148.3,44156.3,0,315
2025-01-23 11:00:00,44153.3,44166.8,44152.8,44159.8,0,333
2025-01-23 10:45:00,44165.8,44166.8,44145.8,44152.8,0,290
2025-01-23 10:30:00,44178.8,44178.8,44154.8,44165.8,0,361
2025-01-23 10:15:00,44173.3,44181.8,44162.8,44177.8,0,306
2025-01-23 10:00:00,44166.8,44179.8,44156.3,44174.3,0,397
2025-01-23 09:45:00,44155.8,44168.8,44152.8,44167.8,0,172
2025-01-23 09:30:00,44155.8,44159.8,44148.8,44155.8,0,140
2025-01-23 09:15:00,44150.8,44156.8,44147.8,44155.8,0,110
2025-01-23 09:00:00,44160.8,44168.8,44147.8,44151.8,0,137
2025-01-23 08:45:00,44162.8,44164.8,44158.8,44160.8,0,91
2025-01-23 08:30:00,44167.8,44169.8,44158.8,44162.8,0,91
2025-01-23 08:15:00,44171.8,44176.8,44163.8,44168.8,0,104
2025-01-23 08:00:00,44163.8,44172.8,44163.8,44171.8,0,81
2025-01-23 07:45:00,44169.8,44169.8,44162.8,44163.8,0,72
2025-01-23 07:30:00,44171.8,44172.8,44166.8,44169.8,0,75
2025-01-23 07:15:00,44178.8,44181.8,44170.8,44171.8,0,84
2025-01-23 07:00:00,44175.8,44180.8,44171.8,44178.8,0,82
2025-01-23 06:45:00,44175.8,44179.8,44174.8,44176.8,0,58
2025-01-23 06:30:00,44177.8,44177.8,44174.8,44175.8,0,59
2025-01-23 06:15:00,44171.8,44180.8,44171.8,44177.8,0,76
2025-01-23 06:00:00,44168.8,44176.8,44168.8,44171.8,0,69
2025-01-23 05:45:00,44171.8,44172.8,44163.8,44168.8,0,87
2025-01-23 05:30:00,44168.8,44176.8,44162.8,44171.8,0,95
2025-01-23 05:15:00,44167.8,44173.8,44163.8,44168.8,0,123
2025-01-23 05:00:00,44169.8,44180.8,44164.8,44167.8,0,92
2025-01-23 04:45:00,44172.8,44174.8,44168.8,44169.8,0,98
2025-01-23 04:30:00,44174.8,44179.8,44168.8,44172.8,0,97
2025-01-23 04:15:00,44163.8,44175.8,44162.8,44174.8,0,103
2025-01-23 04:00:00,44170.8,44170.8,44155.8,44163.8,0,163
2025-01-23 03:45:00,44190.8,44190.8,44167.8,44171.8,0,156
2025-01-23 03:30:00,44187.8,44194.8,44185.8,44190.8,0,107
2025-01-23 03:15:00,44201.8,44202.8,44187.8,44187.8,0,153
2025-01-23 03:00:00,44194.8,44205.8,44194.8,44201.8,0,120
2025-01-23 02:45:00,44185.8,44197.8,44181.8,44194.8,0,128
2025-01-23 02:30:00,44176.8,44189.8,44175.8,44185.8,0,126
2025-01-23 02:15:00,44185.8,44189.8,44170.8,44176.8,0,115
2025-01-23 02:00:00,44174.8,44186.8,44171.8,44186.8,0,174
2025-01-23 01:45:00,44185.8,44186.8,44173.8,44174.8,0,128
2025-01-23 01:30:00,44184.8,44186.8,44173.8,44184.8,0,152
2025-01-23 01:15:00,44181.8,44194.8,44180.8,44184.8,0,128
2025-01-23 01:00:00,44191.8,44195.8,44176.8,44181.8,0,135
2025-01-22 23:45:00,44161.8,44179.8,44158.4,44179.8,0,123
2025-01-22 23:30:00,44156.8,44168.8,44154.4,44162.8,0,126
2025-01-22 23:15:00,44171.8,44171.8,44153.4,44156.8,0,157
2025-01-22 23:00:00,44175.8,44189.8,44165.4,44172.4,0,347
2025-01-22 22:45:00,44186.9,44194.9,44150.9,44176.9,0,745
2025-01-22 22:30:00,44201.9,44224.9,44182.9,44187.9,0,528
2025-01-22 22:15:00,44238.9,44239.9,44200.9,44201.9,0,420
2025-01-22 22:00:00,44225.9,44244.9,44216.9,44238.9,0,405
2025-01-22 21:45:00,44213.9,44228.9,44205.9,44225.9,0,382
2025-01-22 21:30:00,44172.9,44216.9,44160.9,44213.9,0,421
2025-01-22 21:15:00,44165.9,44199.9,44160.9,44171.9,0,465
2025-01-22 21:00:00,44170.9,44182.9,44149.9,44165.9,0,569
2025-01-22 20:45:00,44222.9,44227.9,44166.9,44170.9,0,485
2025-01-22 20:30:00,44202.9,44224.9,44184.9,44221.9,0,417
2025-01-22 20:15:00,44192.9,44218.9,44186.3,44201.9,0,481
2025-01-22 20:00:00,44153.9,44193.9,44151.9,44192.9,0,447
2025-01-22 19:45:00,44170.9,44179.9,44148.9,44152.9,0,416
2025-01-22 19:30:00,44168.9,44190.9,44165.9,44170.9,0,431
2025-01-22 19:15:00,44149.9,44184.9,44149.9,44168.9,0,463
2025-01-22 19:00:00,44178.9,44185.9,44146.9,44149.9,0,557
2025-01-22 18:45:00,44148.9,44203.9,44142.9,44178.9,0,550
2025-01-22 18:30:00,44160.9,44182.9,44144.9,44147.9,0,571
2025-01-22 18:15:00,44095.9,44162.9,44090.9,44158.9,0,659
2025-01-22 18:00:00,44135.9,44138.9,44080.9,44095.9,0,785
2025-01-22 17:45:00,44159.9,44159.9,44112.9,44134.9,0,770
2025-01-22 17:30:00,44196.9,44196.9,44140.9,44156.9,0,776
2025-01-22 17:15:00,44196.9,44236.9,44178.9,44196.9,0,839
2025-01-22 17:00:00,44188.9,44220.9,44153.3,44196.9,0,925
2025-01-22 16:45:00,44139.9,44196.9,44107.9,44184.9,0,1020
2025-01-22 16:30:00,44211.8,44223.8,44112.9,44139.9,0,1278
2025-01-22 16:15:00,44200.8,44217.8,44176.8,44203.8,0,549
2025-01-22 16:00:00,44232.8,44238.3,44199.8,44199.8,0,478
2025-01-22 15:45:00,44226.8,44232.3,44212.8,44232.3,0,328
2025-01-22 15:30:00,44220.8,44230.3,44202.8,44228.3,0,453
2025-01-22 15:15:00,44219.3,44223.3,44204.8,44220.8,0,320
2025-01-22 15:00:00,44189.8,44223.3,44188.3,44218.8,0,323
2025-01-22 14:45:00,44197.3,44216.3,44191.3,44193.3,0,279
2025-01-22 14:30:00,44219.8,44219.8,44184.8,44197.3,0,295
2025-01-22 14:15:00,44193.8,44238.8,44184.3,44218.8,0,365
2025-01-22 14:00:00,44168.3,44202.3,44163.8,44193.3,0,499
2025-01-22 13:45:00,44110.8,44167.8,44100.3,44167.8,0,357
2025-01-22 13:30:00,44149.8,44149.8,44105.3,44110.8,0,273
2025-01-22 13:15:00,44147.8,44160.8,44124.8,44149.8,0,317
2025-01-22 13:00:00,44131.3,44154.8,44126.8,44147.3,0,228
2025-01-22 12:45:00,44131.8,44139.8,44124.8,44132.3,0,174
2025-01-22 12:30:00,44127.3,44139.8,44121.3,44131.8,0,224
2025-01-22 12:15:00,44135.8,44140.3,44121.8,44126.8,0,235
2025-01-22 12:00:00,44135.8,44144.3,44128.8,44135.8,0,265
2025-01-22 11:45:00,44142.8,44150.3,44130.3,44135.8,0,261
2025-01-22 11:30:00,44151.3,44152.8,44138.3,44141.8,0,283
2025-01-22 11:15:00,44144.8,44154.3,44135.3,44151.3,0,382
2025-01-22 11:00:00,44132.8,44147.8,44126.3,44145.3,0,423
2025-01-22 10:45:00,44131.8,44134.3,44114.3,44133.3,0,314
2025-01-22 10:30:00,44118.8,44143.8,44118.8,44131.3,0,400
2025-01-22 10:15:00,44091.3,44118.8,44090.3,44118.8,0,369
2025-01-22 10:00:00,44059.8,44091.3,44058.8,44089.3,0,331
2025-01-22 09:45:00,44070.8,44070.8,44051.8,44062.8,0,175
2025-01-22 09:30:00,44069.8,44077.8,44066.8,44071.8,0,140
2025-01-22 09:15:00,44069.8,44069.8,44058.8,44069.8,0,164
2025-01-22 09:00:00,44058.8,44078.8,44051.8,44069.8,0,142
2025-01-22 08:45:00,44070.8,44071.8,44056.8,44057.8,0,88
2025-01-22 08:30:00,44071.8,44072.8,44064.8,44070.8,0,98
2025-01-22 08:15:00,44084.8,44085.8,44067.8,44072.8,0,95
2025-01-22 08:00:00,44085.8,44088.8,44082.8,44084.8,0,101
2025-01-22 07:45:00,44084.8,44086.8,44083.8,44086.8,0,57
2025-01-22 07:30:00,44084.8,44089.8,44082.8,44085.8,0,71
2025-01-22 07:15:00,44085.8,44087.8,44081.8,44085.8,0,96
2025-01-22 07:00:00,44093.8,44093.8,44085.8,44086.8,0,83
2025-01-22 06:45:00,44089.8,44095.8,44088.8,44093.8,0,82
2025-01-22 06:30:00,44074.8,44098.8,44074.8,44089.8,0,118
2025-01-22 06:15:00,44078.8,44078.8,44072.8,44075.8,0,67
2025-01-22 06:00:00,44083.8,44084.8,44074.8,44078.8,0,82
2025-01-22 05:45:00,44085.8,44086.8,44076.8,44082.8,0,76
2025-01-22 05:30:00,44081.8,44088.8,44081.8,44086.8,0,78
2025-01-22 05:15:00,44086.8,44087.8,44078.8,44081.8,0,69
2025-01-22 05:00:00,44088.8,44093.8,44079.8,44086.8,0,106
2025-01-22 04:45:00,44086.8,44090.8,44084.8,44088.8,0,99
2025-01-22 04:30:00,44097.8,44100.8,44086.8,44086.8,0,129
2025-01-22 04:15:00,44102.8,44105.8,44096.8,44098.8,0,105
2025-01-22 04:00:00,44085.8,44103.8,44085.8,44102.8,0,124
2025-01-22 03:45:00,44077.8,44091.8,44077.8,44087.8,0,146
2025-01-22 03:30:00,44082.8,44082.8,44074.8,44077.8,0,131
2025-01-22 03:15:00,44071.8,44086.8,44071.8,44082.8,0,169
2025-01-22 03:00:00,44091.8,44091.8,44063.8,44070.8,0,222
2025-01-22 02:45:00,44080.8,44092.8,44079.8,44091.8,0,154
2025-01-22 02:30:00,44078.8,44087.8,44075.8,44079.8,0,153
2025-01-22 02:15:00,44069.8,44080.8,44065.8,44078.8,0,186
2025-01-22 02:00:00,44078.8,44085.8,44065.8,44069.8,0,216
2025-01-22 01:45:00,44050.8,44079.8,44048.8,44077.8,0,148
2025-01-22 01:30:00,44037.8,44053.8,44035.8,44048.8,0,199
2025-01-22 01:15:00,44062.8,44064.8,44035.8,44037.8,0,228
2025-01-22 01:00:00,44055.8,44096.8,44026.8,44062.8,0,499
2025-01-21 23:45:00,44073.8,44078.8,44070.8,44078.8,0,118
2025-01-21 23:30:00,44069.8,44073.8,44063.8,44073.8,0,169
2025-01-21 23:15:00,44071.8,44073.8,44064.8,44069.8,0,209
2025-01-21 23:00:00,44069.8,44100.8,44059.8,44072.8,0,503
2025-01-21 22:45:00,44063.9,44092.9,44051.9,44066.9,0,703
2025-01-21 22:30:00,44030.9,44064.9,44001.9,44063.9,0,560
2025-01-21 22:15:00,43996.9,44034.9,43994.9,44032.9,0,547
2025-01-21 22:00:00,43987.9,44001.9,43975.9,43996.9,0,493
2025-01-21 21:45:00,43972.9,43993.9,43964.9,43989.9,0,556
2025-01-21 21:30:00,44000.9,44000.9,43951.9,43973.9,0,642
2025-01-21 21:15:00,43998.9,44014.9,43976.9,43998.9,0,609
2025-01-21 21:00:00,43997.9,44009.9,43975.9,43999.9,0,592
2025-01-21 20:45:00,43975.9,44005.9,43956.9,43997.9,0,559
2025-01-21 20:30:00,43995.9,43998.9,43955.9,43973.9,0,607
2025-01-21 20:15:00,43983.9,44010.9,43981.3,43995.9,0,569
2025-01-21 20:00:00,43980.9,43999.9,43953.9,43984.9,0,631
2025-01-21 19:45:00,43979.9,43994.9,43973.9,43982.9,0,639
2025-01-21 19:30:00,43965.9,44013.9,43962.9,43978.9,0,662
2025-01-21 19:15:00,43965.9,43980.9,43931.9,43966.9,0,667
2025-01-21 19:00:00,43960.9,43973.9,43934.9,43964.9,0,688
2025-01-21 18:45:00,43923.9,43971.9,43923.9,43960.9,0,819
2025-01-21 18:30:00,43951.9,43970.9,43912.9,43923.9,0,879
2025-01-21 18:15:00,43907.9,43955.9,43900.9,43953.9,0,732
2025-01-21 18:00:00,43866.9,43918.9,43839.9,43907.9,0,891
2025-01-21 17:45:00,43844.9,43882.9,43804.9,43867.9,0,1001
2025-01-21 17:30:00,43819.9,43858.9,43789.9,43845.9,0,1007
2025-01-21 17:15:00,43768.9,43828.9,43764.9,43822.9,0,1015
2025-01-21 17:00:00,43820.9,43841.9,43727.9,43768.9,0,1166
2025-01-21 16:45:00,43797.9,43873.9,43755.9,43818.9,0,1186
2025-01-21 16:30:00,43678.8,43798.9,43677.9,43795.9,0,1319
2025-01-21 16:15:00,43709.8,43735.8,43678.9,43686.8,0,500
2025-01-21 16:00:00,43707.8,43722.8,43699.8,43709.8,0,374
2025-01-21 15:45:00,43694.8,43725.3,43693.8,43707.3,0,323
2025-01-21 15:30:00,43684.8,43710.3,43682.8,43694.8,0,277
2025-01-21 15:15:00,43711.8,43711.8,43671.8,43681.8,0,398
2025-01-21 15:00:00,43721.8,43736.8,43695.8,43712.8,0,402
2025-01-21 14:45:00,43706.8,43723.8,43702.8,43719.8,0,298
2025-01-21 14:30:00,43730.8,43736.8,43706.8,43706.8,0,298
2025-01-21 14:15:00,43707.8,43734.8,43707.8,43731.8,0,325
2025-01-21 14:00:00,43674.8,43707.8,43651.8,43706.8,0,390
2025-01-21 13:45:00,43682.8,43694.3,43665.8,43675.8,0,276
2025-01-21 13:30:00,43646.3,43688.8,43620.8,43682.8,0,374
2025-01-21 13:15:00,43687.8,43688.8,43636.8,43646.8,0,298
2025-01-21 13:00:00,43671.8,43689.8,43667.8,43687.8,0,219
2025-01-21 12:45:00,43705.8,43707.8,43669.8,43671.3,0,229
2025-01-21 12:30:00,43725.8,43725.8,43699.8,43705.8,0,221
2025-01-21 12:15:00,43709.3,43727.8,43704.8,43725.8,0,264
2025-01-21 12:00:00,43697.8,43755.8,43697.8,43710.3,0,421
2025-01-21 11:45:00,43662.8,43698.8,43662.8,43698.8,0,262
2025-01-21 11:30:00,43661.3,43670.3,43651.3,43662.8,0,314
2025-01-21 11:15:00,43670.8,43672.8,43638.8,43661.8,0,397
2025-01-21 11:00:00,43656.8,43673.3,43646.8,43670.8,0,433
2025-01-21 10:45:00,43673.8,43685.3,43653.8,43657.8,0,303
2025-01-21 10:30:00,43664.8,43697.8,43662.8,43673.8,0,380
2025-01-21 10:15:00,43652.8,43680.8,43646.8,43663.8,0,368
2025-01-21 10:00:00,43645.8,43671.8,43614.8,43653.8,0,494
2025-01-21 09:45:00,43666.8,43668.8,43636.8,43653.8,0,225
2025-01-21 09:30:00,43635.8,43666.8,43624.8,43663.8,0,283
2025-01-21 09:15:00,43621.8,43637.8,43599.8,43635.8,0,240
2025-01-21 09:00:00,43621.8,43628.8,43606.8,43621.8,0,292
2025-01-21 08:45:00,43611.8,43621.8,43604.8,43621.8,0,187
2025-01-21 08:30:00,43637.8,43638.8,43606.8,43611.8,0,173
2025-01-21 08:15:00,43636.8,43643.8,43630.8,43636.8,0,155
2025-01-21 08:00:00,43624.8,43637.8,43624.8,43636.8,0,155
2025-01-21 07:45:00,43643.8,43643.8,43622.8,43624.8,0,129
2025-01-21 07:30:00,43644.8,43644.8,43614.8,43643.8,0,194
2025-01-21 07:15:00,43646.8,43650.8,43641.8,43644.8,0,112
2025-01-21 07:00:00,43645.8,43659.8,43644.8,43646.8,0,154
2025-01-21 06:45:00,43649.8,43656.8,43641.8,43645.8,0,113
2025-01-21 06:30:00,43658.8,43658.8,43642.8,43649.8,0,147
2025-01-21 06:15:00,43656.8,43671.8,43648.8,43656.8,0,121
2025-01-21 06:00:00,43665.8,43669.8,43640.8,43656.8,0,133
2025-01-21 05:45:00,43670.8,43673.8,43651.8,43664.8,0,171
2025-01-21 05:30:00,43673.8,43681.8,43659.8,43670.8,0,199
2025-01-21 05:15:00,43670.8,43691.8,43669.8,43673.8,0,252
2025-01-21 05:00:00,43629.8,43681.8,43627.8,43670.8,0,286
2025-01-21 04:45:00,43613.8,43633.8,43613.8,43629.8,0,174
2025-01-21 04:30:00,43613.8,43622.8,43592.8,43613.8,0,344
2025-01-21 04:15:00,43642.8,43642.8,43613.8,43614.8,0,322
2025-01-21 04:00:00,43601.8,43652.8,43601.8,43642.8,0,423
2025-01-21 03:45:00,43583.8,43625.8,43558.8,43597.8,0,523
2025-01-21 03:30:00,43595.8,43601.8,43510.9,43583.8,0,757
2025-01-21 03:15:00,43530.8,43658.8,43520.4,43596.4,0,809
2025-01-21 03:00:00,43417.8,43555.4,43330.4,43530.8,0,726
2025-01-21 02:45:00,43760.8,43771.8,43397.8,43419.8,0,967
2025-01-21 02:30:00,43761.8,43772.8,43745.8,43760.8,0,260
2025-01-21 02:15:00,43801.8,43807.8,43755.8,43761.8,0,345
2025-01-21 02:00:00,43783.8,43807.8,43779.8,43801.8,0,303
2025-01-21 01:45:00,43739.8,43786.8,43738.8,43783.8,0,228
2025-01-21 01:30:00,43737.8,43751.8,43720.8,43738.8,0,185
2025-01-21 01:15:00,43742.8,43756.8,43732.8,43738.8,0,218
2025-01-21 01:00:00,43709.4,43747.8,43697.4,43742.8,0,310
2025-01-20 19:45:00,43680.9,43723.4,43663.3,43679.9,0,407
2025-01-20 19:30:00,43625.9,43703.4,43618.4,43679.4,0,646
2025-01-20 19:15:00,43675.9,43705.9,43564.9,43627.9,0,523
2025-01-20 19:00:00,43679.9,43696.9,43650.9,43675.9,0,316
2025-01-20 18:45:00,43695.9,43710.6,43684.9,43684.9,0,270
2025-01-20 18:30:00,43709.9,43715.9,43691.9,43696.9,0,368
2025-01-20 18:15:00,43680.9,43711.9,43670.9,43709.9,0,375
2025-01-20 18:00:00,43644.9,43701.9,43642.9,43681.9,0,418
2025-01-20 17:45:00,43607.9,43646.9,43574.9,43644.9,0,532
2025-01-20 17:30:00,43663.9,43663.9,43598.9,43607.9,0,594
2025-01-20 17:15:00,43748.9,43751.9,43657.9,43662.9,0,594
2025-01-20 17:00:00,43776.9,43777.9,43734.9,43746.9,0,591
2025-01-20 16:45:00,43821.9,43828.9,43762.9,43779.9,0,645
2025-01-20 16:30:00,43732.8,43826.9,43730.8,43821.9,0,701
2025-01-20 16:15:00,43662.8,43749.3,43654.8,43732.8,0,558
2025-01-20 16:00:00,43707.8,43730.3,43661.8,43661.8,0,586
2025-01-20 15:45:00,43628.8,43715.8,43618.4,43708.8,0,675
2025-01-20 15:30:00,43490.3,43645.8,43465.4,43628.8,0,1034
2025-01-20 15:15:00,43504.8,43509.3,43489.8,43489.8,0,234
2025-01-20 15:00:00,43508.8,43509.8,43487.8,43504.8,0,331
2025-01-20 14:45:00,43515.8,43523.8,43500.8,43509.8,0,253
2025-01-20 14:30:00,43494.8,43523.3,43494.8,43514.8,0,277
2025-01-20 14:15:00,43523.3,43527.3,43490.3,43494.8,0,340
2025-01-20 14:00:00,43548.8,43549.8,43522.8,43523.3,0,225
2025-01-20 13:45:00,43557.3,43563.8,43547.3,43548.3,0,189
2025-01-20 13:30:00,43565.8,43577.8,43554.3,43556.8,0,208
2025-01-20 13:15:00,43561.3,43567.8,43555.8,43566.3,0,241
2025-01-20 13:00:00,43545.8,43564.3,43542.3,43561.8,0,239
2025-01-20 12:45:00,43537.3,43554.3,43535.3,43545.8,0,206
2025-01-20 12:30:00,43542.8,43544.8,43531.8,43537.8,0,199
2025-01-20 12:15:00,43536.8,43547.8,43525.8,43542.8,0,207
2025-01-20 12:00:00,43547.8,43557.8,43522.8,43536.8,0,245
2025-01-20 11:45:00,43547.8,43551.8,43539.3,43547.8,0,195
2025-01-20 11:30:00,43552.8,43557.3,43534.8,43547.8,0,219
2025-01-20 11:15:00,43558.8,43562.3,43543.3,43552.8,0,226
2025-01-20 11:00:00,43549.3,43570.3,43544.8,43559.8,0,254
2025-01-20 10:45:00,43559.8,43561.8,43548.3,43550.8,0,264
2025-01-20 10:30:00,43537.8,43571.8,43532.8,43559.8,0,307
2025-01-20 10:15:00,43584.8,43586.3,43530.8,43538.3,0,355
2025-01-20 10:00:00,43587.8,43589.8,43565.8,43583.8,0,363
2025-01-20 09:45:00,43553.8,43587.8,43551.8,43585.8,0,151
2025-01-20 09:30:00,43541.8,43555.8,43540.8,43552.8,0,132
2025-01-20 09:15:00,43539.8,43543.8,43533.8,43540.8,0,106
2025-01-20 09:00:00,43546.8,43549.8,43529.8,43538.8,0,182
2025-01-20 08:45:00,43535.8,43556.8,43534.8,43545.8,0,116
2025-01-20 08:30:00,43538.8,43545.8,43527.8,43535.8,0,98
2025-01-20 08:15:00,43526.8,43538.8,43523.8,43538.8,0,75
2025-01-20 08:00:00,43536.8,43538.8,43519.8,43526.8,0,109
2025-01-20 07:45:00,43536.8,43536.8,43531.8,43535.8,0,69
2025-01-20 07:30:00,43535.8,43537.8,43532.8,43536.8,0,78
2025-01-20 07:15:00,43537.8,43542.8,43531.8,43535.8,0,67
2025-01-20 07:00:00,43537.8,43539.8,43534.8,43537.8,0,98
2025-01-20 06:45:00,43517.8,43538.8,43516.8,43537.8,0,71
2025-01-20 06:30:00,43512.8,43518.8,43508.8,43517.8,0,79
2025-01-20 06:15:00,43516.8,43520.8,43507.8,43512.8,0,92
2025-01-20 06:00:00,43513.8,43523.8,43511.8,43515.8,0,104
2025-01-20 05:45:00,43503.8,43515.8,43499.8,43512.8,0,100
2025-01-20 05:30:00,43502.8,43512.8,43500.8,43503.8,0,125
2025-01-20 05:15:00,43496.8,43513.8,43496.8,43503.8,0,138
2025-01-20 05:00:00,43488.8,43496.8,43484.8,43495.8,0,99
2025-01-20 04:45:00,43486.8,43488.8,43476.8,43488.8,0,135
2025-01-20 04:30:00,43480.8,43488.8,43480.8,43486.8,0,125
2025-01-20 04:15:00,43483.8,43487.8,43475.8,43480.8,0,170
2025-01-20 04:00:00,43488.8,43491.8,43480.8,43483.8,0,189
2025-01-20 03:45:00,43486.8,43497.8,43485.8,43488.8,0,183
2025-01-20 03:30:00,43476.8,43489.8,43471.8,43486.8,0,176
2025-01-20 03:15:00,43491.8,43493.8,43471.8,43476.8,0,176
2025-01-20 03:00:00,43490.8,43503.8,43483.8,43492.8,0,211
2025-01-20 02:45:00,43469.8,43492.8,43465.8,43490.8,0,185
2025-01-20 02:30:00,43477.8,43485.8,43468.8,43470.8,0,153
2025-01-20 02:15:00,43492.8,43493.8,43472.8,43477.8,0,200
2025-01-20 02:00:00,43483.8,43494.8,43471.8,43491.8,0,212
2025-01-20 01:45:00,43480.8,43481.8,43465.8,43481.8,0,203
2025-01-20 01:30:00,43488.8,43489.8,43455.8,43478.8,0,216
2025-01-20 01:15:00,43478.8,43501.8,43477.8,43487.8,0,206
2025-01-20 01:00:00,43526.4,43546.4,43467.8,43478.8,0,398
2025-01-17 23:45:00,43504.8,43508.8,43497.8,43502.8,0,94
2025-01-17 23:30:00,43482.8,43504.8,43481.4,43504.8,0,129
2025-01-17 23:15:00,43486.8,43491.8,43479.8,43482.4,0,210
2025-01-17 23:00:00,43505.8,43512.8,43480.8,43486.8,0,459
2025-01-17 22:45:00,43560.9,43574.9,43503.9,43504.9,0,901
2025-01-17 22:30:00,43554.9,43585.9,43547.9,43562.9,0,731
2025-01-17 22:15:00,43543.9,43568.9,43533.9,43553.9,0,680
2025-01-17 22:00:00,43547.9,43551.9,43501.9,43542.9,0,827
2025-01-17 21:45:00,43564.9,43570.9,43533.9,43548.9,0,600
2025-01-17 21:30:00,43566.9,43584.9,43549.9,43563.9,0,654
2025-01-17 21:15:00,43566.9,43582.9,43529.9,43564.9,0,605
2025-01-17 21:00:00,43588.9,43592.9,43557.9,43567.9,0,709
2025-01-17 20:45:00,43580.9,43602.9,43563.9,43589.9,0,691
2025-01-17 20:30:00,43620.9,43620.9,43569.9,43579.9,0,627
2025-01-17 20:15:00,43631.9,43637.9,43612.9,43620.9,0,581
2025-01-17 20:00:00,43629.9,43648.9,43610.9,43632.9,0,615
2025-01-17 19:45:00,43656.9,43659.9,43613.9,43629.9,0,639
2025-01-17 19:30:00,43655.9,43680.9,43648.9,43655.9,0,607
2025-01-17 19:15:00,43628.9,43658.9,43623.9,43654.9,0,551
2025-01-17 19:00:00,43613.9,43631.9,43587.9,43628.9,0,749
2025-01-17 18:45:00,43638.9,43649.9,43602.9,43617.9,0,724
2025-01-17 18:30:00,43621.9,43642.9,43597.9,43637.9,0,810
2025-01-17 18:15:00,43595.9,43647.9,43594.9,43619.9,0,776
2025-01-17 18:00:00,43574.9,43600.9,43549.9,43594.9,0,864
2025-01-17 17:45:00,43556.9,43580.9,43549.9,43575.9,0,837
2025-01-17 17:30:00,43542.9,43562.9,43525.9,43556.9,0,936
2025-01-17 17:15:00,43500.9,43547.9,43469.9,43543.9,0,1026
2025-01-17 17:00:00,43506.9,43536.9,43486.9,43502.9,0,1076
2025-01-17 16:45:00,43478.9,43553.9,43478.9,43502.9,0,1125
2025-01-17 16:30:00,43482.8,43520.9,43430.9,43477.9,0,1351
2025-01-17 16:15:00,43465.8,43503.8,43446.8,43484.3,0,880
2025-01-17 16:00:00,43432.8,43482.3,43432.3,43465.8,0,752
2025-01-17 15:45:00,43422.8,43436.8,43408.3,43432.3,0,708
2025-01-17 15:30:00,43419.8,43462.8,43413.3,43423.8,0,720
2025-01-17 15:15:00,43412.3,43432.8,43405.8,43419.8,0,519
2025-01-17 15:00:00,43351.3,43415.8,43350.8,43412.8,0,563
2025-01-17 14:45:00,43348.8,43358.8,43336.8,43352.3,0,301
2025-01-17 14:30:00,43359.8,43365.3,43332.3,43348.8,0,404
2025-01-17 14:15:00,43347.8,43363.8,43334.8,43359.8,0,429
2025-01-17 14:00:00,43334.3,43352.3,43306.8,43348.3,0,480
2025-01-17 13:45:00,43360.3,43360.8,43326.8,43335.3,0,393
2025-01-17 13:30:00,43345.3,43366.8,43343.8,43360.8,0,338
2025-01-17 13:15:00,43331.3,43349.3,43331.3,43345.8,0,277
2025-01-17 13:00:00,43323.8,43338.8,43323.8,43330.8,0,347
2025-01-17 12:45:00,43316.8,43327.8,43295.8,43320.8,0,388
2025-01-17 12:30:00,43313.3,43319.3,43302.3,43316.8,0,281
2025-01-17 12:15:00,43318.3,43327.3,43309.3,43312.8,0,305
2025-01-17 12:00:00,43291.8,43318.8,43281.3,43317.8,0,316
2025-01-17 11:45:00,43283.3,43293.3,43278.8,43291.8,0,275
2025-01-17 11:30:00,43317.8,43318.8,43280.8,43282.8,0,323
2025-01-17 11:15:00,43308.8,43327.3,43303.3,43317.8,0,345
2025-01-17 11:00:00,43288.8,43312.8,43283.3,43308.3,0,463
2025-01-17 10:45:00,43273.3,43297.3,43267.3,43293.8,0,298
2025-01-17 10:30:00,43264.8,43282.8,43263.8,43274.3,0,310
2025-01-17 10:15:00,43269.8,43270.8,43252.8,43265.3,0,389
2025-01-17 10:00:00,43253.8,43277.8,43247.8,43269.8,0,472
2025-01-17 09:45:00,43233.8,43262.8,43230.8,43249.8,0,246
2025-01-17 09:30:00,43232.8,43237.8,43215.8,43232.8,0,240
2025-01-17 09:15:00,43232.8,43247.8,43223.8,43232.8,0,187
2025-01-17 09:00:00,43246.8,43250.8,43223.8,43233.8,0,229
2025-01-17 08:45:00,43239.8,43249.8,43237.8,43243.8,0,109
2025-01-17 08:30:00,43239.8,43253.8,43233.8,43239.8,0,174
2025-01-17 08:15:00,43229.8,43243.8,43229.8,43237.8,0,102
2025-01-17 08:00:00,43241.8,43244.8,43229.8,43229.8,0,125
2025-01-17 07:45:00,43237.8,43243.8,43230.8,43241.8,0,108
2025-01-17 07:30:00,43248.8,43254.8,43232.8,43237.8,0,138
2025-01-17 07:15:00,43242.8,43248.8,43240.8,43248.8,0,125
2025-01-17 07:00:00,43241.8,43250.8,43239.8,43242.8,0,142
2025-01-17 06:45:00,43241.8,43244.8,43234.8,43241.8,0,84
2025-01-17 06:30:00,43254.8,43255.8,43240.8,43241.8,0,124
2025-01-17 06:15:00,43234.8,43255.8,43234.8,43253.8,0,148
2025-01-17 06:00:00,43229.8,43236.8,43228.8,43234.8,0,116
2025-01-17 05:45:00,43220.8,43232.8,43218.8,43229.8,0,129
2025-01-17 05:30:00,43199.8,43220.8,43199.8,43220.8,0,133
2025-01-17 05:15:00,43194.8,43203.8,43191.8,43198.8,0,119
2025-01-17 05:00:00,43200.8,43210.8,43192.8,43195.8,0,117
2025-01-17 04:45:00,43219.8,43219.8,43198.8,43200.8,0,130
2025-01-17 04:30:00,43233.8,43234.8,43217.8,43219.8,0,155
2025-01-17 04:15:00,43236.8,43245.8,43230.8,43233.8,0,142
2025-01-17 04:00:00,43228.8,43236.8,43228.8,43236.8,0,162
2025-01-17 03:45:00,43233.8,43238.8,43226.8,43228.8,0,126
2025-01-17 03:30:00,43206.8,43232.8,43203.8,43232.8,0,141
2025-01-17 03:15:00,43203.8,43208.8,43196.8,43206.8,0,134
2025-01-17 03:00:00,43177.8,43204.8,43177.8,43203.8,0,186
2025-01-17 02:45:00,43179.8,43181.8,43167.8,43177.8,0,122
2025-01-17 02:30:00,43172.8,43180.8,43172.8,43179.8,0,118
2025-01-17 02:15:00,43170.8,43176.8,43162.8,43172.8,0,172
2025-01-17 02:00:00,43180.8,43189.8,43169.8,43170.8,0,158
2025-01-17 01:45:00,43167.8,43180.8,43161.8,43180.8,0,152
2025-01-17 01:30:00,43158.8,43171.8,43156.8,43168.8,0,117
2025-01-17 01:15:00,43153.8,43167.8,43151.8,43158.8,0,163
2025-01-17 01:00:00,43147.8,43160.8,43131.8,43153.8,0,178
2025-01-16 23:45:00,43143.8,43146.8,43129.8,43139.8,0,181
2025-01-16 23:30:00,43129.8,43148.8,43129.8,43137.8,0,280
2025-01-16 23:15:00,43112.8,43134.8,43109.8,43129.8,0,482
2025-01-16 23:00:00,43187.8,43200.8,43106.8,43111.8,0,599
2025-01-16 22:45:00,43258.9,43264.9,43169.9,43186.9,0,997
2025-01-16 22:30:00,43189.9,43269.9,43189.9,43256.9,0,812
2025-01-16 22:15:00,43203.9,43217.9,43173.9,43190.9,0,845
2025-01-16 22:00:00,43218.9,43245.9,43202.9,43202.9,0,628
2025-01-16 21:45:00,43206.9,43235.9,43182.9,43219.9,0,660
2025-01-16 21:30:00,43204.9,43225.9,43184.9,43205.9,0,673
2025-01-16 21:15:00,43168.9,43210.9,43141.9,43203.9,0,777
2025-01-16 21:00:00,43135.9,43182.9,43109.9,43167.9,0,808
2025-01-16 20:45:00,43171.9,43180.9,43124.9,43136.9,0,958
2025-01-16 20:30:00,43202.9,43212.9,43146.9,43171.9,0,937
2025-01-16 20:15:00,43236.9,43247.9,43195.9,43206.9,0,765
2025-01-16 20:00:00,43232.9,43264.9,43225.9,43236.9,0,661
2025-01-16 19:45:00,43250.9,43260.9,43222.9,43232.9,0,735
2025-01-16 19:30:00,43298.9,43298.9,43242.9,43251.9,0,811
2025-01-16 19:15:00,43291.9,43300.9,43249.9,43295.9,0,888
2025-01-16 19:00:00,43287.9,43304.9,43277.9,43291.9,0,812
2025-01-16 18:45:00,43226.9,43293.9,43223.9,43291.9,0,896
2025-01-16 18:30:00,43247.9,43259.9,43192.9,43227.9,0,1067
2025-01-16 18:15:00,43212.9,43253.9,43152.9,43246.9,0,1118
2025-01-16 18:00:00,43216.9,43261.9,43196.9,43210.9,0,1031
2025-01-16 17:45:00,43175.9,43216.9,43160.9,43215.9,0,1071
2025-01-16 17:30:00,43154.9,43210.9,43126.9,43175.9,0,1115
2025-01-16 17:15:00,43161.9,43186.9,43127.9,43154.9,0,1184
2025-01-16 17:00:00,43170.9,43223.9,43120.9,43160.9,0,1287
2025-01-16 16:45:00,43219.9,43223.9,43148.9,43170.9,0,1145
2025-01-16 16:30:00,43246.8,43326.9,43208.9,43211.9,0,1258
2025-01-16 16:15:00,43152.3,43250.8,43149.8,43244.8,0,654
2025-01-16 16:00:00,43123.8,43153.3,43121.8,43151.8,0,636
2025-01-16 15:45:00,43097.3,43138.8,43096.8,43125.8,0,651
2025-01-16 15:30:00,43147.3,43175.8,43095.8,43096.8,0,850
2025-01-16 15:15:00,43131.8,43161.3,43116.8,43134.3,0,467
2025-01-16 15:00:00,43158.8,43158.8,43115.8,43131.8,0,479
2025-01-16 14:45:00,43187.8,43193.8,43150.8,43158.8,0,394
2025-01-16 14:30:00,43221.8,43223.8,43163.3,43187.8,0,518
2025-01-16 14:15:00,43214.8,43229.8,43182.8,43221.8,0,430
2025-01-16 14:00:00,43221.8,43240.8,43177.8,43214.8,0,536
2025-01-16 13:45:00,43158.8,43230.3,43158.8,43221.3,0,376
2025-01-16 13:30:00,43197.3,43199.8,43144.8,43157.8,0,390
2025-01-16 13:15:00,43260.3,43262.8,43196.8,43197.8,0,404
2025-01-16 13:00:00,43287.8,43301.8,43223.3,43259.8,0,521
2025-01-16 12:45:00,43295.8,43379.8,43278.3,43285.3,0,567
2025-01-16 12:30:00,43310.8,43316.3,43290.8,43295.3,0,352
2025-01-16 12:15:00,43274.8,43312.8,43268.8,43310.8,0,363
2025-01-16 12:00:00,43282.8,43282.8,43244.3,43274.8,0,392
2025-01-16 11:45:00,43264.8,43300.3,43263.8,43281.8,0,347
2025-01-16 11:30:00,43259.8,43279.3,43250.8,43263.3,0,474
2025-01-16 11:15:00,43264.8,43281.3,43259.8,43259.8,0,507
2025-01-16 11:00:00,43253.8,43273.8,43245.8,43265.8,0,613
2025-01-16 10:45:00,43299.8,43309.8,43251.8,43252.8,0,498
2025-01-16 10:30:00,43315.8,43321.8,43294.8,43298.8,0,521
2025-01-16 10:15:00,43341.8,43346.3,43313.8,43315.8,0,545
2025-01-16 10:00:00,43355.8,43366.8,43335.8,43340.8,0,616
2025-01-16 09:45:00,43371.8,43376.8,43354.8,43355.8,0,317
2025-01-16 09:30:00,43354.8,43374.8,43348.8,43371.8,0,335
2025-01-16 09:15:00,43364.8,43365.8,43337.8,43354.8,0,313
2025-01-16 09:00:00,43311.8,43371.8,43300.8,43364.8,0,378
2025-01-16 08:45:00,43312.8,43328.8,43306.8,43312.8,0,228
2025-01-16 08:30:00,43313.8,43332.8,43308.8,43312.8,0,220
2025-01-16 08:15:00,43315.8,43316.8,43293.8,43314.8,0,336
2025-01-16 08:00:00,43278.8,43316.8,43274.8,43316.8,0,271
2025-01-16 07:45:00,43284.8,43292.8,43278.8,43278.8,0,107
2025-01-16 07:30:00,43289.8,43293.8,43265.8,43284.8,0,249
2025-01-16 07:15:00,43294.8,43294.8,43285.8,43289.8,0,117
2025-01-16 07:00:00,43304.8,43306.8,43289.8,43295.8,0,111
2025-01-16 06:45:00,43309.8,43309.8,43300.8,43304.8,0,67
2025-01-16 06:30:00,43316.8,43317.8,43305.8,43308.8,0,72
2025-01-16 06:15:00,43319.8,43319.8,43313.8,43315.8,0,67
2025-01-16 06:00:00,43309.8,43321.8,43308.8,43319.8,0,80
2025-01-16 05:45:00,43312.8,43313.8,43300.8,43309.8,0,97
2025-01-16 05:30:00,43309.8,43316.8,43307.8,43312.8,0,94
2025-01-16 05:15:00,43320.8,43320.8,43308.8,43309.8,0,105
2025-01-16 05:00:00,43301.8,43322.8,43299.8,43320.8,0,119
2025-01-16 04:45:00,43297.8,43302.8,43293.8,43301.8,0,91
2025-01-16 04:30:00,43286.8,43299.8,43285.8,43297.8,0,131
2025-01-16 04:15:00,43298.8,43301.8,43282.8,43285.8,0,133
2025-01-16 04:00:00,43298.8,43304.8,43291.8,43298.8,0,160
2025-01-16 03:45:00,43329.8,43331.8,43296.8,43298.8,0,187
2025-01-16 03:30:00,43308.8,43330.8,43306.8,43329.8,0,221
2025-01-16 03:15:00,43313.8,43313.8,43303.3,43307.8,0,196
2025-01-16 03:00:00,43345.8,43345.8,43311.8,43313.8,0,236
2025-01-16 02:45:00,43356.8,43357.8,43330.8,43346.8,0,192
2025-01-16 02:30:00,43355.8,43357.8,43342.8,43355.8,0,231
2025-01-16 02:15:00,43324.8,43366.8,43324.8,43355.8,0,180
2025-01-16 02:00:00,43314.8,43326.8,43306.8,43324.8,0,143
2025-01-16 01:45:00,43314.8,43314.8,43301.8,43314.8,0,105
2025-01-16 01:30:00,43319.8,43330.8,43308.8,43315.8,0,131
2025-01-16 01:15:00,43297.8,43320.8,43294.8,43318.8,0,79
2025-01-16 01:00:00,43284.8,43314.8,43279.8,43297.8,0,175
2025-01-15 23:45:00,43270.8,43280.8,43266.8,43280.8,0,156
2025-01-15 23:30:00,43275.4,43275.4,43262.8,43271.8,0,129
2025-01-15 23:15:00,43269.8,43281.8,43268.8,43276.8,0,199
2025-01-15 23:00:00,43260.8,43293.8,43258.8,43267.8,0,427
2025-01-15 22:45:00,43301.9,43331.9,43255.9,43266.9,0,825
2025-01-15 22:30:00,43333.9,43341.9,43285.9,43301.9,0,721
2025-01-15 22:15:00,43357.9,43359.9,43323.9,43332.9,0,567
2025-01-15 22:00:00,43338.9,43370.9,43335.9,43356.9,0,579
2025-01-15 21:45:00,43302.9,43349.9,43295.9,43337.9,0,600
2025-01-15 21:30:00,43287.9,43346.9,43287.9,43302.9,0,612
2025-01-15 21:15:00,43269.9,43295.9,43253.9,43288.9,0,568
2025-01-15 21:00:00,43285.9,43295.9,43262.9,43271.9,0,593
2025-01-15 20:45:00,43268.9,43299.9,43265.9,43286.9,0,584
2025-01-15 20:30:00,43246.9,43277.9,43232.9,43267.9,0,667
2025-01-15 20:15:00,43203.9,43247.9,43199.9,43246.9,0,609
2025-01-15 20:00:00,43172.9,43222.9,43171.9,43204.9,0,679
2025-01-15 19:45:00,43231.9,43238.9,43161.9,43168.9,0,749
2025-01-15 19:30:00,43181.9,43236.9,43167.9,43232.9,0,713
2025-01-15 19:15:00,43173.9,43200.9,43136.9,43179.9,0,823
2025-01-15 19:00:00,43133.9,43189.9,43119.9,43171.9,0,877
2025-01-15 18:45:00,43109.9,43149.9,43092.9,43134.9,0,921
2025-01-15 18:30:00,43178.9,43178.9,43089.9,43105.9,0,1039
2025-01-15 18:15:00,43222.9,43235.9,43147.9,43180.9,0,989
2025-01-15 18:00:00,43196.9,43240.9,43176.9,43222.9,0,954
2025-01-15 17:45:00,43196.9,43221.9,43139.9,43192.9,0,1073
2025-01-15 17:30:00,43253.9,43270.9,43174.9,43196.9,0,1038
2025-01-15 17:15:00,43294.9,43316.9,43250.9,43253.9,0,1013
2025-01-15 17:00:00,43275.9,43304.9,43216.9,43291.9,0,1036
2025-01-15 16:45:00,43209.9,43290.9,43192.9,43270.9,0,1218
2025-01-15 16:30:00,43195.8,43228.9,43110.9,43209.9,0,1386
2025-01-15 16:15:00,43206.8,43229.3,43166.8,43189.3,0,808
2025-01-15 16:00:00,43231.8,43254.3,43188.8,43207.3,0,797
2025-01-15 15:45:00,43199.8,43241.8,43193.8,43231.8,0,885
2025-01-15 15:30:00,42757.3,43202.8,42752.3,43196.8,0,1440
2025-01-15 15:15:00,42749.8,42775.8,42741.8,42753.3,0,447
2025-01-15 15:00:00,42748.8,42774.3,42745.8,42747.8,0,411
2025-01-15 14:45:00,42768.8,42772.8,42744.3,42747.8,0,361
2025-01-15 14:30:00,42744.8,42768.8,42714.8,42767.8,0,396
2025-01-15 14:15:00,42740.3,42793.8,42714.4,42743.3,0,541
2025-01-15 14:00:00,42770.8,42777.8,42740.8,42741.8,0,475
2025-01-15 13:45:00,42681.3,42791.8,42672.8,42779.3,0,709
2025-01-15 13:30:00,42651.3,42684.3,42650.3,42680.8,0,265
2025-01-15 13:15:00,42651.3,42651.8,42636.8,42649.8,0,225
2025-01-15 13:00:00,42649.3,42653.3,42641.8,42652.3,0,220
2025-01-15 12:45:00,42635.3,42648.8,42633.8,42647.8,0,236
2025-01-15 12:30:00,42613.3,42635.8,42613.3,42635.3,0,232
2025-01-15 12:15:00,42598.8,42621.3,42579.8,42613.8,0,319
2025-01-15 12:00:00,42606.3,42613.3,42595.3,42598.8,0,228
2025-01-15 11:45:00,42620.8,42627.8,42599.3,42605.8,0,301
2025-01-15 11:30:00,42591.3,42624.8,42590.8,42621.8,0,224
2025-01-15 11:15:00,42601.8,42601.8,42578.8,42591.8,0,294
2025-01-15 11:00:00,42585.3,42601.8,42580.3,42601.3,0,314
2025-01-15 10:45:00,42594.8,42597.3,42578.8,42585.3,0,276
2025-01-15 10:30:00,42582.8,42594.8,42575.8,42594.8,0,243
2025-01-15 10:15:00,42590.3,42590.3,42567.8,42582.8,0,332
2025-01-15 10:00:00,42590.8,42598.3,42567.3,42591.3,0,462
2025-01-15 09:45:00,42573.8,42589.8,42571.8,42589.8,0,112
2025-01-15 09:30:00,42581.8,42585.8,42571.8,42573.8,0,133
2025-01-15 09:15:00,42585.8,42590.8,42579.8,42581.8,0,127
2025-01-15 09:00:00,42569.8,42585.8,42569.8,42585.8,0,125
2025-01-15 08:45:00,42572.8,42573.8,42566.8,42568.8,0,68
2025-01-15 08:30:00,42572.8,42575.8,42569.8,42571.8,0,66
2025-01-15 08:15:00,42558.8,42572.8,42558.8,42572.8,0,63
2025-01-15 08:00:00,42559.8,42563.8,42555.8,42557.8,0,72
2025-01-15 07:45:00,42564.8,42567.8,42559.8,42559.8,0,73
2025-01-15 07:30:00,42568.8,42573.8,42563.8,42564.8,0,74
2025-01-15 07:15:00,42566.8,42570.8,42564.8,42568.8,0,74
2025-01-15 07:00:00,42577.8,42578.8,42562.8,42566.8,0,123
2025-01-15 06:45:00,42577.8,42578.8,42573.8,42577.8,0,52
2025-01-15 06:30:00,42570.8,42579.8,42570.8,42577.8,0,53
2025-01-15 06:15:00,42570.8,42573.8,42569.8,42570.8,0,54
2025-01-15 06:00:00,42581.8,42581.8,42568.8,42570.8,0,61
2025-01-15 05:45:00,42583.8,42585.8,42580.8,42580.8,0,59
2025-01-15 05:30:00,42588.8,42590.8,42581.8,42583.8,0,70
2025-01-15 05:15:00,42588.8,42589.8,42582.8,42588.8,0,63
2025-01-15 05:00:00,42590.8,42590.8,42584.8,42588.8,0,54
2025-01-15 04:45:00,42591.8,42593.8,42587.8,42590.8,0,86
2025-01-15 04:30:00,42610.8,42611.8,42589.8,42591.8,0,84
2025-01-15 04:15:00,42604.8,42612.8,42604.8,42610.8,0,73
2025-01-15 04:00:00,42610.8,42614.8,42602.8,42604.8,0,107
2025-01-15 03:45:00,42610.8,42614.8,42608.8,42611.8,0,85
2025-01-15 03:30:00,42613.8,42613.8,42598.8,42610.8,0,117
2025-01-15 03:15:00,42600.8,42616.8,42598.8,42613.8,0,94
2025-01-15 03:00:00,42600.8,42605.8,42596.8,42600.8,0,113
2025-01-15 02:45:00,42592.8,42602.8,42587.8,42600.8,0,93
2025-01-15 02:30:00,42589.8,42593.8,42584.8,42593.8,0,99
2025-01-15 02:15:00,42592.8,42601.8,42588.8,42589.8,0,104
2025-01-15 02:00:00,42601.8,42602.8,42588.8,42592.8,0,148
2025-01-15 01:45:00,42589.8,42603.8,42587.8,42601.8,0,97
2025-01-15 01:30:00,42588.8,42600.8,42583.8,42589.8,0,119
2025-01-15 01:15:00,42594.8,42600.8,42586.8,42588.8,0,125
2025-01-15 01:00:00,42601.4,42610.8,42590.8,42594.8,0,162
2025-01-14 23:45:00,42616.8,42617.8,42603.4,42608.8,0,215
2025-01-14 23:30:00,42606.8,42621.8,42601.8,42619.8,0,201
2025-01-14 23:15:00,42600.8,42608.8,42592.8,42606.8,0,265
2025-01-14 23:00:00,42544.8,42600.8,42542.8,42600.8,0,646
2025-01-14 22:45:00,42425.9,42556.9,42421.9,42547.9,0,1086
2025-01-14 22:30:00,42426.9,42441.9,42386.9,42425.9,0,968
2025-01-14 22:15:00,42370.9,42436.9,42368.9,42422.9,0,1012
2025-01-14 22:00:00,42395.9,42417.9,42309.9,42367.9,0,1177
2025-01-14 21:45:00,42543.9,42551.9,42383.3,42396.9,0,1003
2025-01-14 21:30:00,42523.9,42579.9,42515.9,42541.9,0,752
2025-01-14 21:15:00,42532.9,42569.9,42519.9,42521.9,0,784
2025-01-14 21:00:00,42550.9,42551.9,42500.9,42530.9,0,837
2025-01-14 20:45:00,42493.9,42562.9,42482.9,42550.9,0,773
2025-01-14 20:30:00,42405.9,42502.9,42395.9,42493.9,0,789
2025-01-14 20:15:00,42344.9,42420.9,42333.9,42406.9,0,731
2025-01-14 20:00:00,42315.9,42361.9,42308.9,42344.9,0,806
2025-01-14 19:45:00,42289.9,42329.9,42263.9,42316.9,0,869
2025-01-14 19:30:00,42260.9,42306.9,42184.9,42289.9,0,936
2025-01-14 19:15:00,42246.9,42292.9,42219.9,42261.9,0,866
2025-01-14 19:00:00,42180.9,42264.9,42169.9,42246.9,0,920
2025-01-14 18:45:00,42239.9,42260.9,42184.9,42184.9,0,981
2025-01-14 18:30:00,42331.9,42363.9,42230.9,42239.9,0,1079
2025-01-14 18:15:00,42354.9,42403.9,42327.9,42332.9,0,1021
2025-01-14 18:00:00,42465.9,42470.9,42330.9,42354.9,0,1172
2025-01-14 17:45:00,42537.9,42547.9,42447.9,42462.9,0,1095
2025-01-14 17:30:00,42483.9,42543.9,42442.9,42540.9,0,1121
2025-01-14 17:15:00,42481.9,42520.9,42449.9,42482.9,0,1118
2025-01-14 17:00:00,42391.9,42511.9,42387.9,42481.9,0,1191
2025-01-14 16:45:00,42506.9,42520.9,42363.9,42385.9,0,1263
2025-01-14 16:30:00,42497.4,42520.9,42431.9,42506.9,0,1294
2025-01-14 16:15:00,42448.8,42508.8,42445.8,42500.8,0,556
2025-01-14 16:00:00,42441.8,42456.8,42405.8,42448.8,0,771
2025-01-14 15:45:00,42462.8,42504.8,42431.8,42439.8,0,763
2025-01-14 15:30:00,42343.3,42582.8,42343.3,42458.8,0,1183
2025-01-14 15:15:00,42387.8,42388.8,42327.8,42344.3,0,528
2025-01-14 15:00:00,42413.8,42413.8,42384.8,42387.8,0,520
2025-01-14 14:45:00,42431.8,42437.8,42407.8,42414.3,0,440
2025-01-14 14:30:00,42404.3,42436.8,42398.8,42432.8,0,460
2025-01-14 14:15:00,42401.8,42415.8,42369.8,42404.8,0,583
2025-01-14 14:00:00,42430.8,42440.8,42398.3,42400.8,0,611
2025-01-14 13:45:00,42449.3,42449.3,42427.8,42431.8,0,349
2025-01-14 13:30:00,42457.8,42460.8,42445.3,42449.8,0,316
2025-01-14 13:15:00,42480.3,42480.3,42442.8,42457.8,0,346
2025-01-14 13:00:00,42472.8,42480.8,42454.8,42480.3,0,321
2025-01-14 12:45:00,42472.8,42485.8,42470.3,42473.8,0,284
2025-01-14 12:30:00,42460.8,42488.8,42454.3,42472.3,0,297
2025-01-14 12:15:00,42462.8,42476.8,42449.8,42461.8,0,333
2025-01-14 12:00:00,42465.8,42477.3,42448.3,42461.3,0,306
2025-01-14 11:45:00,42467.3,42470.3,42450.8,42464.8,0,317
2025-01-14 11:30:00,42463.8,42486.8,42456.3,42466.8,0,445
2025-01-14 11:15:00,42481.3,42487.8,42449.8,42463.3,0,530
2025-01-14 11:00:00,42469.8,42493.8,42457.8,42481.8,0,637
2025-01-14 10:45:00,42466.3,42494.8,42462.8,42468.8,0,436
2025-01-14 10:30:00,42449.8,42474.3,42421.3,42466.8,0,449
2025-01-14 10:15:00,42435.3,42476.3,42433.8,42450.8,0,464
2025-01-14 10:00:00,42410.8,42436.8,42399.8,42433.8,0,491
2025-01-14 09:45:00,42418.8,42422.8,42397.8,42406.8,0,217
2025-01-14 09:30:00,42394.8,42418.8,42389.8,42418.8,0,204
2025-01-14 09:15:00,42371.8,42412.8,42371.8,42395.8,0,241
2025-01-14 09:00:00,42391.8,42397.8,42359.8,42371.8,0,233
2025-01-14 08:45:00,42394.8,42395.8,42379.8,42390.8,0,126
2025-01-14 08:30:00,42418.8,42418.8,42392.8,42394.8,0,162
2025-01-14 08:15:00,42419.8,42423.8,42414.8,42419.8,0,147
2025-01-14 08:00:00,42408.8,42418.8,42407.8,42418.8,0,132
2025-01-14 07:45:00,42405.8,42410.8,42402.8,42407.8,0,119
2025-01-14 07:30:00,42385.8,42409.8,42383.8,42404.8,0,135
2025-01-14 07:15:00,42390.8,42393.8,42382.8,42385.8,0,95
2025-01-14 07:00:00,42387.8,42392.8,42386.8,42391.8,0,116
2025-01-14 06:45:00,42384.8,42390.8,42382.8,42387.8,0,75
2025-01-14 06:30:00,42372.8,42390.8,42371.8,42384.8,0,120
2025-01-14 06:15:00,42363.8,42373.8,42356.8,42372.8,0,94
2025-01-14 06:00:00,42368.8,42369.8,42359.8,42362.8,0,111
2025-01-14 05:45:00,42369.8,42375.8,42364.8,42367.8,0,115
2025-01-14 05:30:00,42366.8,42373.8,42365.8,42369.8,0,112
2025-01-14 05:15:00,42376.8,42376.8,42361.8,42366.8,0,154
2025-01-14 05:00:00,42378.8,42380.8,42369.8,42376.8,0,181
2025-01-14 04:45:00,42359.8,42380.8,42357.8,42378.8,0,146
2025-01-14 04:30:00,42366.8,42368.8,42357.8,42359.8,0,118
2025-01-14 04:15:00,42347.8,42371.8,42347.8,42366.8,0,178
2025-01-14 04:00:00,42379.8,42384.8,42343.8,42347.8,0,228
2025-01-14 03:45:00,42380.8,42382.8,42370.8,42379.8,0,203
2025-01-14 03:30:00,42373.8,42387.8,42369.8,42380.8,0,244
2025-01-14 03:15:00,42379.8,42384.8,42370.8,42373.8,0,187
2025-01-14 03:00:00,42387.8,42387.8,42361.8,42379.8,0,237
2025-01-14 02:45:00,42372.8,42394.8,42372.8,42387.8,0,192
2025-01-14 02:30:00,42383.8,42385.8,42372.8,42372.8,0,183
2025-01-14 02:15:00,42392.8,42404.8,42379.8,42382.8,0,247
2025-01-14 02:00:00,42407.8,42412.8,42377.8,42391.8,0,305
2025-01-14 01:45:00,42431.8,42440.8,42403.8,42406.8,0,238
2025-01-14 01:30:00,42391.8,42450.8,42391.8,42431.8,0,277
2025-01-14 01:15:00,42399.8,42402.8,42383.8,42391.8,0,146
2025-01-14 01:00:00,42394.8,42416.8,42377.8,42399.8,0,212
2025-01-13 23:45:00,42341.8,42355.8,42328.8,42353.8,0,245
2025-01-13 23:30:00,42351.8,42353.8,42331.8,42340.8,0,248
2025-01-13 23:15:00,42330.8,42356.8,42326.8,42351.8,0,272
2025-01-13 23:00:00,42312.8,42337.8,42301.8,42329.8,0,532
2025-01-13 22:45:00,42250.9,42345.9,42239.9,42318.9,0,1001
2025-01-13 22:30:00,42265.9,42299.9,42247.9,42250.9,0,924
2025-01-13 22:15:00,42254.9,42309.9,42246.9,42262.9,0,923
2025-01-13 22:00:00,42242.9,42277.9,42211.9,42255.9,0,899
2025-01-13 21:45:00,42270.9,42273.9,42195.9,42250.9,0,991
2025-01-13 21:30:00,42254.9,42288.9,42211.9,42271.9,0,935
2025-01-13 21:15:00,42203.9,42258.9,42171.9,42255.9,0,865
2025-01-13 21:00:00,42234.9,42234.9,42173.9,42201.9,0,911
2025-01-13 20:45:00,42208.9,42273.9,42192.9,42235.9,0,987
2025-01-13 20:30:00,42207.9,42236.9,42187.9,42209.9,0,883
2025-01-13 20:15:00,42184.9,42208.9,42158.9,42207.9,0,859
2025-01-13 20:00:00,42203.9,42215.9,42163.9,42183.9,0,855
2025-01-13 19:45:00,42097.9,42207.9,42094.9,42204.9,0,933
2025-01-13 19:30:00,42115.9,42127.9,42074.9,42099.9,0,960
2025-01-13 19:15:00,42082.9,42135.9,42077.9,42116.9,0,940
2025-01-13 19:00:00,41977.9,42095.9,41963.9,42084.9,0,1025
2025-01-13 18:45:00,42119.9,42119.9,41965.9,41976.9,0,1034
2025-01-13 18:30:00,42082.9,42129.9,42027.9,42116.9,0,1035
2025-01-13 18:15:00,42088.9,42135.9,42074.9,42081.9,0,1057
2025-01-13 18:00:00,42158.9,42165.9,42075.9,42087.9,0,1110
2025-01-13 17:45:00,42177.9,42203.9,42122.9,42153.9,0,1116
2025-01-13 17:30:00,42060.9,42197.9,42051.9,42178.9,0,1166
2025-01-13 17:15:00,42064.9,42160.9,42042.9,42058.9,0,1182
2025-01-13 17:00:00,42148.9,42174.9,42047.9,42063.9,0,1226
2025-01-13 16:45:00,42048.9,42155.9,42019.9,42153.9,0,1248
2025-01-13 16:30:00,41879.8,42055.9,41860.8,42054.9,0,1374
2025-01-13 16:15:00,41880.8,41911.8,41869.8,41887.8,0,825
2025-01-13 16:00:00,41912.8,41919.8,41853.8,41880.8,0,913
2025-01-13 15:45:00,41917.8,41947.3,41908.3,41912.8,0,657
2025-01-13 15:30:00,41896.8,41944.8,41887.8,41919.3,0,601
2025-01-13 15:15:00,41895.8,41918.3,41889.8,41894.8,0,551
2025-01-13 15:00:00,41889.8,41903.8,41857.8,41896.3,0,663
2025-01-13 14:45:00,41907.8,41918.3,41888.8,41891.8,0,642
2025-01-13 14:30:00,41857.3,41907.8,41846.3,41907.8,0,700
2025-01-13 14:15:00,41808.8,41869.8,41802.8,41855.8,0,571
2025-01-13 14:00:00,41836.8,41854.8,41809.8,41809.8,0,549
2025-01-13 13:45:00,41828.3,41844.8,41820.8,41831.8,0,345
2025-01-13 13:30:00,41810.8,41835.8,41792.8,41827.8,0,387
2025-01-13 13:15:00,41779.8,41814.3,41777.3,41810.8,0,367
2025-01-13 13:00:00,41795.8,41813.8,41757.3,41780.3,0,569
2025-01-13 12:45:00,41818.8,41830.8,41780.8,41795.8,0,374
2025-01-13 12:30:00,41795.8,41824.8,41793.8,41818.8,0,359
2025-01-13 12:15:00,41804.3,41809.8,41779.3,41795.8,0,375
2025-01-13 12:00:00,41792.8,41809.3,41773.8,41804.8,0,421
2025-01-13 11:45:00,41796.8,41816.8,41780.8,41794.8,0,448
2025-01-13 11:30:00,41804.8,41830.8,41794.8,41797.8,0,534
2025-01-13 11:15:00,41791.8,41849.8,41785.8,41803.8,0,704
2025-01-13 11:00:00,41801.8,41814.8,41766.3,41794.8,0,786
2025-01-13 10:45:00,41817.8,41837.8,41795.8,41801.8,0,479
2025-01-13 10:30:00,41812.8,41843.8,41798.8,41817.8,0,530
2025-01-13 10:15:00,41884.8,41899.8,41804.3,41812.8,0,624
2025-01-13 10:00:00,41870.8,41910.8,41860.8,41885.8,0,550
2025-01-13 09:45:00,41885.8,41901.8,41854.8,41877.8,0,317
2025-01-13 09:30:00,41874.8,41887.8,41862.8,41884.8,0,252
2025-01-13 09:15:00,41882.8,41887.8,41858.8,41874.8,0,286
2025-01-13 09:00:00,41890.8,41902.8,41872.8,41882.8,0,314
2025-01-13 08:45:00,41889.8,41899.8,41885.8,41890.8,0,143
2025-01-13 08:30:00,41897.8,41908.8,41880.8,41888.8,0,164
2025-01-13 08:15:00,41900.8,41915.8,41894.8,41897.8,0,159
2025-01-13 08:00:00,41861.8,41901.8,41861.8,41900.8,0,179
2025-01-13 07:45:00,41856.8,41873.8,41851.8,41862.8,0,126
2025-01-13 07:30:00,41859.8,41863.8,41841.8,41857.8,0,164
2025-01-13 07:15:00,41871.8,41874.8,41857.8,41859.8,0,115
2025-01-13 07:00:00,41874.8,41877.8,41866.8,41871.8,0,108
2025-01-13 06:45:00,41866.8,41875.8,41863.8,41874.8,0,120
2025-01-13 06:30:00,41870.8,41870.8,41852.8,41866.8,0,124
2025-01-13 06:15:00,41863.8,41873.8,41856.8,41870.8,0,149
2025-01-13 06:00:00,41844.8,41874.8,41843.8,41862.8,0,175
2025-01-13 05:45:00,41840.8,41849.8,41831.8,41844.8,0,189
2025-01-13 05:30:00,41832.8,41840.8,41819.8,41840.8,0,256
2025-01-13 05:15:00,41851.8,41863.8,41805.8,41830.8,0,327
2025-01-13 05:00:00,41871.8,41884.8,41849.8,41851.8,0,270
2025-01-13 04:45:00,41873.8,41877.8,41859.8,41871.8,0,245
2025-01-13 04:30:00,41901.8,41901.8,41872.8,41873.8,0,185
2025-01-13 04:15:00,41880.8,41907.8,41876.8,41901.8,0,235
2025-01-13 04:00:00,41877.8,41896.8,41865.8,41880.8,0,277
2025-01-13 03:45:00,41875.8,41892.8,41853.8,41877.8,0,458
2025-01-13 03:30:00,41925.8,41925.8,41868.8,41875.8,0,470
2025-01-13 03:15:00,41927.8,41949.8,41923.8,41926.8,0,269
2025-01-13 03:00:00,41956.8,41962.8,41926.8,41928.8,0,297
2025-01-13 02:45:00,41976.8,41981.8,41939.8,41955.8,0,288
2025-01-13 02:30:00,41979.8,41990.8,41953.8,41975.8,0,269
2025-01-13 02:15:00,42002.8,42010.8,41978.8,41979.8,0,231
2025-01-13 02:00:00,41966.8,42008.8,41966.8,42002.8,0,313
2025-01-13 01:45:00,42011.8,42011.8,41953.8,41966.8,0,355
2025-01-13 01:30:00,41998.8,42036.8,41998.8,42012.8,0,287
2025-01-13 01:15:00,41964.8,42000.8,41964.8,41997.4,0,214
2025-01-13 01:00:00,41978.4,42006.4,41898.4,41964.8,0,425
2025-01-10 23:45:00,41994.4,42003.8,41984.4,41993.8,0,150
2025-01-10 23:30:00,41999.9,42008.8,41983.8,41994.8,0,244
2025-01-10 23:15:00,41922.9,42047.8,41902.8,42001.4,0,585
2025-01-10 23:00:00,41948.8,41948.8,41866.8,41924.4,0,851
2025-01-10 22:45:00,41945.9,41969.9,41901.9,41942.9,0,1058
2025-01-10 22:30:00,41935.9,41989.9,41895.9,41944.9,0,980
2025-01-10 22:15:00,41965.9,41986.9,41916.9,41935.9,0,1003
2025-01-10 22:00:00,42039.9,42067.9,41962.9,41967.9,0,929
2025-01-10 21:45:00,42038.9,42073.9,42001.9,42040.9,0,911
2025-01-10 21:30:00,42076.9,42077.9,42011.9,42041.9,0,898
2025-01-10 21:15:00,42036.9,42106.9,42019.9,42077.9,0,943
2025-01-10 21:00:00,42189.9,42191.9,42020.9,42033.9,0,1095
2025-01-10 20:45:00,42134.9,42192.9,42111.9,42188.9,0,909
2025-01-10 20:30:00,42152.9,42175.9,42102.9,42133.9,0,916
2025-01-10 20:15:00,42061.9,42185.9,42049.9,42152.9,0,895
2025-01-10 20:00:00,42032.9,42073.9,41999.9,42061.9,0,846
2025-01-10 19:45:00,41991.9,42051.9,41976.9,42036.9,0,848
2025-01-10 19:30:00,41949.9,42000.9,41935.9,41993.9,0,960
2025-01-10 19:15:00,41908.9,41959.9,41890.9,41953.9,0,1030
2025-01-10 19:00:00,41926.9,41938.9,41883.9,41908.9,0,1003
2025-01-10 18:45:00,42000.9,42015.9,41915.9,41923.9,0,1054
2025-01-10 18:30:00,41969.9,42009.9,41910.9,42002.9,0,1076
2025-01-10 18:15:00,41997.9,42031.9,41958.9,41972.9,0,1099
2025-01-10 18:00:00,42042.9,42056.9,41969.9,41998.9,0,1144
2025-01-10 17:45:00,42067.9,42120.9,42013.9,42043.9,0,1227
2025-01-10 17:30:00,42099.9,42155.9,42046.9,42066.9,0,1226
2025-01-10 17:15:00,42027.9,42118.9,42001.9,42099.9,0,1302
2025-01-10 17:00:00,42246.3,42246.3,42007.9,42027.9,0,1441
2025-01-10 16:45:00,42351.9,42373.9,42235.9,42259.9,0,1353
2025-01-10 16:30:00,42444.8,42447.8,42282.9,42343.9,0,1505
2025-01-10 16:15:00,42407.3,42450.8,42393.8,42436.8,0,997
2025-01-10 16:00:00,42326.8,42418.8,42287.3,42407.8,0,1013
2025-01-10 15:45:00,42332.8,42365.8,42282.8,42330.8,0,1078
2025-01-10 15:30:00,42613.3,42613.3,42223.3,42331.8,0,1595
2025-01-10 15:15:00,42620.3,42638.4,42591.8,42619.3,0,535
2025-01-10 15:00:00,42632.3,42632.3,42600.8,42622.8,0,478
2025-01-10 14:45:00,42611.3,42634.8,42582.8,42632.8,0,389
2025-01-10 14:30:00,42581.8,42632.8,42579.8,42612.8,0,401
2025-01-10 14:15:00,42573.3,42594.8,42571.3,42582.8,0,408
2025-01-10 14:00:00,42618.8,42629.8,42563.8,42572.8,0,610
2025-01-10 13:45:00,42647.8,42650.8,42617.8,42617.8,0,399
2025-01-10 13:30:00,42651.3,42666.8,42639.3,42647.3,0,395
2025-01-10 13:15:00,42664.8,42664.8,42645.8,42651.8,0,371
2025-01-10 13:00:00,42613.8,42679.3,42611.8,42665.8,0,452
2025-01-10 12:45:00,42627.8,42631.8,42601.8,42612.8,0,374
2025-01-10 12:30:00,42607.3,42631.8,42601.8,42627.8,0,350
2025-01-10 12:15:00,42568.8,42608.8,42567.8,42607.3,0,360
2025-01-10 12:00:00,42589.3,42606.8,42568.8,42569.8,0,411
2025-01-10 11:45:00,42547.8,42590.8,42536.3,42589.3,0,466
2025-01-10 11:30:00,42586.8,42599.8,42548.3,42548.8,0,446
2025-01-10 11:15:00,42557.8,42588.3,42548.3,42585.3,0,489
2025-01-10 11:00:00,42626.8,42634.8,42534.8,42558.3,0,587
2025-01-10 10:45:00,42652.3,42657.8,42615.3,42627.3,0,429
2025-01-10 10:30:00,42647.8,42668.3,42633.8,42652.3,0,452
2025-01-10 10:15:00,42640.3,42659.8,42626.8,42645.8,0,451
2025-01-10 10:00:00,42612.8,42641.8,42603.8,42639.8,0,610
2025-01-10 09:45:00,42630.8,42632.8,42608.8,42619.8,0,248
2025-01-10 09:30:00,42614.8,42638.8,42609.8,42630.8,0,221
2025-01-10 09:15:00,42602.8,42627.8,42600.8,42617.8,0,270
2025-01-10 09:00:00,42585.8,42602.8,42568.8,42602.8,0,285
2025-01-10 08:45:00,42595.8,42608.8,42575.8,42585.8,0,219
2025-01-10 08:30:00,42594.8,42606.8,42591.8,42595.8,0,157
2025-01-10 08:15:00,42597.8,42605.8,42591.8,42594.8,0,179
2025-01-10 08:00:00,42604.8,42606.8,42590.8,42597.8,0,187
2025-01-10 07:45:00,42601.8,42609.8,42596.8,42604.8,0,141
2025-01-10 07:30:00,42603.8,42604.8,42596.8,42602.8,0,192
2025-01-10 07:15:00,42587.8,42604.8,42587.8,42603.8,0,169
2025-01-10 07:00:00,42584.8,42592.8,42578.8,42588.8,0,140
2025-01-10 06:45:00,42574.8,42586.8,42559.8,42583.8,0,145
2025-01-10 06:30:00,42563.8,42574.8,42561.8,42574.8,0,132
2025-01-10 06:15:00,42562.8,42568.8,42556.8,42564.8,0,132
2025-01-10 06:00:00,42563.8,42567.8,42551.8,42563.8,0,183
2025-01-10 05:45:00,42561.8,42576.8,42556.8,42563.8,0,170
2025-01-10 05:30:00,42557.8,42562.8,42546.8,42561.8,0,170
2025-01-10 05:15:00,42561.8,42564.8,42555.8,42557.8,0,143
2025-01-10 05:00:00,42546.8,42564.8,42545.8,42562.8,0,116
2025-01-10 04:45:00,42542.8,42553.8,42539.8,42546.8,0,121
2025-01-10 04:30:00,42546.8,42551.8,42539.8,42542.8,0,148
2025-01-10 04:15:00,42532.8,42552.8,42529.8,42546.8,0,181
2025-01-10 04:00:00,42526.8,42535.8,42517.8,42531.8,0,258
2025-01-10 03:45:00,42526.8,42532.8,42516.8,42525.8,0,232
2025-01-10 03:30:00,42508.8,42530.8,42500.8,42524.8,0,270
2025-01-10 03:15:00,42507.8,42522.8,42503.8,42508.8,0,246
2025-01-10 03:00:00,42470.8,42509.8,42468.8,42507.8,0,340
2025-01-10 02:45:00,42472.8,42495.8,42466.8,42466.8,0,285
2025-01-10 02:30:00,42485.8,42492.8,42463.8,42472.8,0,240
2025-01-10 02:15:00,42480.8,42496.8,42458.8,42485.8,0,388
2025-01-10 02:00:00,42512.8,42519.8,42478.8,42481.8,0,322
2025-01-10 01:45:00,42509.8,42514.8,42492.8,42512.8,0,288
2025-01-10 01:30:00,42539.8,42539.8,42479.8,42513.8,0,368
2025-01-10 01:15:00,42571.8,42571.8,42531.8,42535.8,0,311
2025-01-10 01:00:00,42578.8,42590.8,42541.4,42570.8,0,330
2025-01-09 16:15:00,42566.8,42602.8,42563.3,42597.3,0,457
2025-01-09 16:00:00,42606.8,42606.8,42540.8,42566.8,0,623
2025-01-09 15:45:00,42642.3,42642.8,42596.8,42606.8,0,372
2025-01-09 15:30:00,42638.8,42652.8,42613.8,42642.8,0,394
2025-01-09 15:15:00,42653.8,42655.8,42617.8,42641.3,0,393
2025-01-09 15:00:00,42639.8,42660.8,42631.3,42653.3,0,327
2025-01-09 14:45:00,42596.8,42643.8,42593.8,42642.8,0,370
2025-01-09 14:30:00,42588.8,42615.8,42588.8,42598.8,0,381
2025-01-09 14:15:00,42640.8,42640.8,42583.8,42588.3,0,385
2025-01-09 14:00:00,42617.3,42646.3,42606.8,42641.8,0,380
2025-01-09 13:45:00,42598.8,42629.8,42598.8,42617.8,0,456
2025-01-09 13:30:00,42644.8,42645.3,42592.8,42598.8,0,440
2025-01-09 13:15:00,42614.3,42646.3,42612.8,42643.8,0,296
2025-01-09 13:00:00,42648.8,42649.8,42611.8,42613.8,0,354
2025-01-09 12:45:00,42650.3,42662.8,42641.8,42651.3,0,264
2025-01-09 12:30:00,42664.8,42671.3,42647.8,42650.8,0,278
2025-01-09 12:15:00,42667.3,42680.8,42665.3,42668.8,0,239
2025-01-09 12:00:00,42647.8,42668.3,42646.8,42666.8,0,281
2025-01-09 11:45:00,42663.8,42663.8,42632.8,42647.8,0,302
2025-01-09 11:30:00,42642.8,42676.8,42639.8,42663.8,0,339
2025-01-09 11:15:00,42630.8,42653.8,42624.8,42642.8,0,425
2025-01-09 11:00:00,42635.8,42642.8,42624.3,42630.8,0,411
2025-01-09 10:45:00,42632.8,42641.8,42611.8,42634.3,0,387
2025-01-09 10:30:00,42599.8,42647.3,42597.8,42632.8,0,442
2025-01-09 10:15:00,42541.8,42599.8,42534.8,42599.8,0,491
2025-01-09 10:00:00,42529.8,42546.8,42499.8,42541.8,0,614
2025-01-09 09:45:00,42555.8,42556.8,42518.8,42528.8,0,325
2025-01-09 09:30:00,42574.8,42574.8,42551.8,42555.8,0,282
2025-01-09 09:15:00,42597.8,42601.8,42570.8,42573.8,0,220
2025-01-09 09:00:00,42604.8,42604.8,42591.8,42597.8,0,175
2025-01-09 08:45:00,42597.8,42611.8,42596.8,42605.8,0,126
2025-01-09 08:30:00,42607.8,42607.8,42593.8,42598.8,0,157
2025-01-09 08:15:00,42604.8,42607.8,42595.8,42606.8,0,128
2025-01-09 08:00:00,42606.8,42611.8,42600.8,42604.8,0,129
2025-01-09 07:45:00,42591.8,42608.8,42591.8,42608.8,0,97
2025-01-09 07:30:00,42580.8,42594.8,42578.8,42590.8,0,93
2025-01-09 07:15:00,42591.8,42599.8,42577.8,42580.8,0,119
2025-01-09 07:00:00,42572.8,42593.8,42560.8,42591.8,0,174
2025-01-09 06:45:00,42565.8,42575.8,42561.8,42572.8,0,105
2025-01-09 06:30:00,42559.8,42568.8,42554.8,42565.8,0,117
2025-01-09 06:15:00,42560.8,42563.8,42553.8,42559.8,0,128
2025-01-09 06:00:00,42580.8,42588.8,42556.8,42560.8,0,177
2025-01-09 05:45:00,42606.8,42606.8,42576.8,42580.8,0,177
2025-01-09 05:30:00,42609.8,42618.8,42605.8,42606.8,0,111
2025-01-09 05:15:00,42609.8,42611.8,42599.8,42609.8,0,101
2025-01-09 05:00:00,42610.8,42611.8,42602.8,42609.8,0,112
2025-01-09 04:45:00,42607.8,42614.8,42605.8,42611.8,0,108
2025-01-09 04:30:00,42603.8,42610.8,42598.8,42608.8,0,131
2025-01-09 04:15:00,42580.8,42607.8,42579.8,42603.8,0,173
2025-01-09 04:00:00,42568.8,42581.8,42566.8,42580.8,0,191
2025-01-09 03:45:00,42582.8,42583.8,42565.8,42568.8,0,208
2025-01-09 03:30:00,42592.8,42592.8,42569.8,42585.8,0,207
2025-01-09 03:15:00,42591.8,42594.8,42581.8,42592.8,0,175
2025-01-09 03:00:00,42592.8,42599.8,42580.8,42591.8,0,238
2025-01-09 02:45:00,42574.8,42594.8,42574.8,42592.8,0,181
2025-01-09 02:30:00,42582.8,42590.8,42562.8,42575.8,0,253
2025-01-09 02:15:00,42584.8,42613.8,42580.8,42581.8,0,199
2025-01-09 02:00:00,42615.8,42626.8,42576.8,42583.8,0,228
2025-01-09 01:45:00,42643.8,42644.8,42610.8,42614.8,0,175
2025-01-09 01:30:00,42652.8,42656.8,42643.8,42643.8,0,119
2025-01-09 01:15:00,42646.8,42657.8,42646.8,42652.8,0,100
2025-01-09 01:00:00,42640.4,42656.8,42640.4,42646.8,0,103
2025-01-08 23:45:00,42655.8,42671.4,42655.8,42657.4,0,231
2025-01-08 23:30:00,42669.4,42670.8,42618.8,42655.8,0,454
2025-01-08 23:15:00,42638.4,42671.8,42637.8,42669.8,0,242
2025-01-08 23:00:00,42644.8,42680.4,42634.4,42637.8,0,533
2025-01-08 22:45:00,42614.9,42687.9,42604.9,42640.9,0,877
2025-01-08 22:30:00,42627.9,42640.9,42578.9,42618.9,0,756
2025-01-08 22:15:00,42548.9,42642.9,42548.9,42628.9,0,811
2025-01-08 22:00:00,42574.9,42602.9,42547.9,42548.9,0,867
2025-01-08 21:45:00,42561.9,42601.9,42555.9,42571.9,0,938
2025-01-08 21:30:00,42664.9,42664.9,42552.9,42563.9,0,1067
2025-01-08 21:15:00,42537.9,42692.9,42532.9,42672.9,0,953
2025-01-08 21:00:00,42489.4,42606.9,42457.9,42533.9,0,1106
2025-01-08 20:45:00,42604.9,42604.9,42439.9,42486.4,0,880
2025-01-08 20:30:00,42580.9,42609.9,42555.9,42606.9,0,783
2025-01-08 20:15:00,42528.9,42610.9,42519.9,42583.9,0,836
2025-01-08 20:00:00,42456.9,42557.9,42451.9,42529.9,0,982
2025-01-08 19:45:00,42437.9,42476.9,42402.9,42457.9,0,787
2025-01-08 19:30:00,42404.9,42441.9,42383.9,42437.9,0,926
2025-01-08 19:15:00,42463.9,42492.9,42384.9,42403.9,0,921
2025-01-08 19:00:00,42591.9,42604.9,42452.9,42459.9,0,923
2025-01-08 18:45:00,42625.9,42626.9,42555.9,42591.9,0,792
2025-01-08 18:30:00,42546.9,42642.9,42545.9,42625.9,0,832
2025-01-08 18:15:00,42551.9,42579.9,42524.9,42545.9,0,902
2025-01-08 18:00:00,42547.9,42575.9,42497.9,42552.9,0,996
2025-01-08 17:45:00,42455.9,42547.9,42431.9,42546.9,0,973
2025-01-08 17:30:00,42372.9,42480.9,42362.9,42457.9,0,1152
2025-01-08 17:15:00,42437.9,42449.9,42366.9,42374.9,0,1217
2025-01-08 17:00:00,42367.9,42512.9,42361.9,42436.9,0,1275
2025-01-08 16:45:00,42408.9,42476.9,42367.9,42372.9,0,1273
2025-01-08 16:30:00,42573.8,42573.8,42392.9,42411.9,0,1329
2025-01-08 16:15:00,42577.8,42594.8,42554.8,42565.8,0,730
2025-01-08 16:00:00,42601.8,42615.8,42566.8,42579.8,0,775
2025-01-08 15:45:00,42545.8,42607.8,42542.8,42601.8,0,594
2025-01-08 15:30:00,42556.3,42616.8,42537.8,42545.8,0,891
2025-01-08 15:15:00,42508.8,42600.8,42508.8,42557.3,0,811
2025-01-08 15:00:00,42468.8,42560.8,42468.8,42508.4,0,804
2025-01-08 14:45:00,42507.8,42516.8,42459.8,42468.8,0,674
2025-01-08 14:30:00,42471.8,42524.8,42440.8,42507.8,0,882
2025-01-08 14:15:00,42520.8,42525.3,42452.3,42470.8,0,907
2025-01-08 14:00:00,42582.3,42582.3,42509.8,42520.8,0,839
2025-01-08 13:45:00,42508.8,42593.8,42506.3,42581.8,0,814
2025-01-08 13:30:00,42639.8,42648.8,42471.8,42507.8,0,1145
2025-01-08 13:15:00,42692.3,42696.8,42626.8,42641.8,0,578
2025-01-08 13:00:00,42697.8,42708.8,42688.8,42692.3,0,327
2025-01-08 12:45:00,42700.8,42707.8,42694.8,42699.8,0,245
2025-01-08 12:30:00,42683.8,42703.3,42676.3,42700.3,0,288
2025-01-08 12:15:00,42685.8,42697.8,42678.8,42683.8,0,300
2025-01-08 12:00:00,42677.8,42696.3,42675.3,42684.8,0,335
2025-01-08 11:45:00,42676.3,42678.8,42657.3,42676.8,0,336
2025-01-08 11:30:00,42646.8,42683.8,42643.3,42676.8,0,392
2025-01-08 11:15:00,42651.3,42662.8,42642.3,42645.8,0,396
2025-01-08 11:00:00,42645.8,42673.3,42636.8,42652.8,0,491
2025-01-08 10:45:00,42668.8,42669.8,42637.8,42645.8,0,372
2025-01-08 10:30:00,42635.8,42672.8,42629.8,42669.8,0,366
2025-01-08 10:15:00,42635.8,42656.8,42626.3,42635.8,0,419
2025-01-08 10:00:00,42628.8,42649.8,42625.8,42636.8,0,472
2025-01-08 09:45:00,42608.8,42634.8,42605.8,42634.8,0,163
2025-01-08 09:30:00,42607.8,42617.8,42603.8,42608.8,0,213
2025-01-08 09:15:00,42631.8,42636.8,42602.8,42608.8,0,250
2025-01-08 09:00:00,42623.8,42633.8,42609.8,42631.8,0,284
2025-01-08 08:45:00,42639.8,42640.8,42622.8,42624.8,0,139
2025-01-08 08:30:00,42661.8,42661.8,42632.8,42639.8,0,192
2025-01-08 08:15:00,42664.8,42666.8,42656.8,42661.8,0,104
2025-01-08 08:00:00,42674.8,42675.8,42662.8,42664.8,0,116
2025-01-08 07:45:00,42666.8,42676.8,42666.8,42675.8,0,99
2025-01-08 07:30:00,42658.8,42666.8,42648.8,42665.8,0,128
2025-01-08 07:15:00,42652.8,42663.8,42652.8,42657.8,0,134
2025-01-08 07:00:00,42638.8,42651.8,42638.8,42651.8,0,172
2025-01-08 06:45:00,42647.8,42652.8,42631.8,42638.8,0,172
2025-01-08 06:30:00,42656.8,42662.8,42647.8,42647.8,0,130
2025-01-08 06:15:00,42658.8,42658.8,42645.8,42656.8,0,98
2025-01-08 06:00:00,42644.8,42662.8,42644.8,42658.8,0,119
2025-01-08 05:45:00,42636.8,42644.8,42633.8,42643.8,0,186
2025-01-08 05:30:00,42632.8,42641.8,42628.8,42636.8,0,161
2025-01-08 05:15:00,42633.8,42638.8,42621.8,42632.8,0,213
2025-01-08 05:00:00,42643.8,42647.8,42628.8,42633.8,0,165
2025-01-08 04:45:00,42636.8,42651.8,42630.8,42643.8,0,113
2025-01-08 04:30:00,42647.8,42648.8,42620.8,42636.8,0,215
2025-01-08 04:15:00,42655.8,42662.8,42643.8,42646.8,0,133
2025-01-08 04:00:00,42642.8,42658.8,42637.8,42655.8,0,129
2025-01-08 03:45:00,42630.8,42643.8,42630.8,42642.8,0,143
2025-01-08 03:30:00,42621.8,42641.8,42618.8,42630.8,0,181
2025-01-08 03:15:00,42614.8,42623.8,42606.8,42621.8,0,153
2025-01-08 03:00:00,42606.8,42620.8,42600.8,42614.8,0,180
2025-01-08 02:45:00,42609.8,42616.8,42595.8,42606.8,0,152
2025-01-08 02:30:00,42593.8,42611.8,42590.8,42609.8,0,187
2025-01-08 02:15:00,42599.8,42601.8,42587.8,42594.8,0,196
2025-01-08 02:00:00,42580.8,42603.8,42574.8,42599.8,0,215
2025-01-08 01:45:00,42551.8,42581.8,42545.8,42579.8,0,179
2025-01-08 01:30:00,42559.8,42574.8,42550.8,42551.8,0,130
2025-01-08 01:15:00,42540.8,42561.8,42539.8,42557.8,0,117
2025-01-08 01:00:00,42553.4,42559.4,42523.8,42539.8,0,158
2025-01-07 23:45:00,42562.8,42566.8,42543.8,42544.8,0,185
2025-01-07 23:30:00,42570.8,42574.8,42558.8,42562.8,0,141
2025-01-07 23:15:00,42571.8,42578.8,42559.8,42570.8,0,228
2025-01-07 23:00:00,42569.8,42576.8,42555.8,42571.8,0,479
2025-01-07 22:45:00,42472.9,42578.9,42458.9,42566.9,0,1098
2025-01-07 22:30:00,42474.9,42528.9,42415.9,42468.9,0,1050
2025-01-07 22:15:00,42562.9,42577.9,42460.9,42470.9,0,925
2025-01-07 22:00:00,42620.9,42626.9,42537.9,42559.9,0,890
2025-01-07 21:45:00,42674.9,42692.9,42615.9,42621.9,0,774
2025-01-07 21:30:00,42687.9,42693.9,42614.9,42676.9,0,747
2025-01-07 21:15:00,42692.9,42697.9,42656.9,42693.9,0,762
2025-01-07 21:00:00,42688.9,42731.9,42672.9,42692.9,0,804
2025-01-07 20:45:00,42678.9,42714.9,42674.9,42688.9,0,795
2025-01-07 20:30:00,42740.9,42740.9,42656.9,42675.9,0,897
2025-01-07 20:15:00,42706.9,42746.9,42690.9,42741.9,0,742
2025-01-07 20:00:00,42653.9,42730.9,42652.9,42708.9,0,894
2025-01-07 19:45:00,42642.9,42659.9,42580.9,42651.9,0,951
2025-01-07 19:30:00,42670.9,42734.9,42637.9,42642.9,0,1024
2025-01-07 19:15:00,42715.9,42753.9,42645.9,42668.9,0,1024
2025-01-07 19:00:00,42667.9,42719.9,42661.9,42717.9,0,1004
2025-01-07 18:45:00,42767.9,42792.9,42656.9,42666.9,0,1151
2025-01-07 18:30:00,42770.9,42814.9,42676.9,42768.9,0,1214
2025-01-07 18:15:00,42777.9,42800.9,42713.9,42770.9,0,1189
2025-01-07 18:00:00,42821.9,42856.9,42764.9,42777.9,0,1219
2025-01-07 17:45:00,42696.9,42824.9,42623.9,42818.9,0,1285
2025-01-07 17:30:00,42827.9,42838.9,42666.9,42704.9,0,1310
2025-01-07 17:15:00,42693.9,42856.9,42653.9,42830.9,0,1289
2025-01-07 17:00:00,42895.3,42911.9,42681.9,42695.9,0,1389
2025-01-07 16:45:00,42899.9,42945.9,42845.9,42936.9,0,1138
2025-01-07 16:30:00,42931.3,42972.9,42898.9,42899.9,0,1301
2025-01-07 16:15:00,42871.8,42930.8,42866.8,42929.8,0,653
2025-01-07 16:00:00,42871.8,42882.3,42862.3,42870.8,0,520
2025-01-07 15:45:00,42863.8,42875.3,42859.8,42873.8,0,407
2025-01-07 15:30:00,42833.8,42865.8,42829.3,42864.8,0,397
2025-01-07 15:15:00,42831.8,42852.8,42826.8,42834.8,0,350
2025-01-07 15:00:00,42810.8,42837.8,42809.3,42832.3,0,397
2025-01-07 14:45:00,42839.3,42849.3,42799.3,42811.8,0,427
2025-01-07 14:30:00,42796.3,42843.8,42796.3,42838.8,0,339
2025-01-07 14:15:00,42792.8,42796.8,42783.8,42796.3,0,339
2025-01-07 14:00:00,42778.8,42804.3,42768.3,42792.3,0,432
2025-01-07 13:45:00,42783.3,42792.8,42773.8,42779.8,0,360
2025-01-07 13:30:00,42809.8,42811.3,42772.3,42782.3,0,399
2025-01-07 13:15:00,42790.8,42810.8,42783.8,42809.8,0,291
2025-01-07 13:00:00,42773.3,42798.8,42769.3,42790.8,0,399
2025-01-07 12:45:00,42770.3,42783.8,42762.3,42772.8,0,234
2025-01-07 12:30:00,42776.3,42789.3,42769.3,42769.3,0,265
2025-01-07 12:15:00,42771.3,42782.3,42762.3,42775.3,0,229
2025-01-07 12:00:00,42745.8,42773.3,42738.8,42772.3,0,340
2025-01-07 11:45:00,42754.3,42755.3,42730.3,42746.8,0,454
2025-01-07 11:30:00,42767.3,42770.8,42741.8,42754.3,0,465
2025-01-07 11:15:00,42773.8,42774.8,42755.3,42767.3,0,374
2025-01-07 11:00:00,42779.8,42781.8,42769.8,42773.3,0,458
2025-01-07 10:45:00,42782.3,42797.3,42759.8,42779.8,0,444
2025-01-07 10:30:00,42712.3,42782.3,42711.3,42782.3,0,438
2025-01-07 10:15:00,42715.8,42727.8,42704.3,42711.8,0,465
2025-01-07 10:00:00,42746.8,42755.8,42711.3,42715.8,0,683
2025-01-07 09:45:00,42723.8,42738.8,42719.8,42738.8,0,229
2025-01-07 09:30:00,42701.8,42721.8,42700.8,42721.8,0,248
2025-01-07 09:15:00,42733.8,42734.8,42697.8,42701.8,0,262
2025-01-07 09:00:00,42726.8,42733.8,42710.8,42733.8,0,336
2025-01-07 08:45:00,42717.8,42729.8,42706.8,42726.8,0,191
2025-01-07 08:30:00,42708.8,42716.8,42701.8,42716.8,0,214
2025-01-07 08:15:00,42720.8,42727.8,42704.8,42706.8,0,152
2025-01-07 08:00:00,42723.8,42732.8,42720.8,42721.8,0,136
2025-01-07 07:45:00,42707.8,42726.8,42705.8,42724.8,0,173
2025-01-07 07:30:00,42714.8,42720.8,42704.8,42707.8,0,242
2025-01-07 07:15:00,42723.8,42724.8,42687.8,42713.8,0,329
2025-01-07 07:00:00,42722.8,42727.8,42717.8,42723.8,0,178
2025-01-07 06:45:00,42724.8,42731.8,42722.8,42723.8,0,129
2025-01-07 06:30:00,42740.8,42742.8,42723.8,42724.8,0,160
2025-01-07 06:15:00,42734.8,42740.8,42727.8,42740.8,0,131
2025-01-07 06:00:00,42740.8,42741.8,42725.8,42735.8,0,122
2025-01-07 05:45:00,42732.8,42741.8,42726.8,42741.8,0,161
2025-01-07 05:30:00,42715.8,42736.8,42714.8,42732.8,0,169
2025-01-07 05:15:00,42721.8,42724.8,42713.8,42714.8,0,116
2025-01-07 05:00:00,42714.8,42723.8,42699.8,42720.8,0,227
2025-01-07 04:45:00,42725.8,42736.8,42710.8,42714.8,0,224
2025-01-07 04:30:00,42745.8,42745.8,42720.8,42725.8,0,158
2025-01-07 04:15:00,42737.8,42751.8,42735.8,42745.8,0,133
2025-01-07 04:00:00,42723.8,42741.8,42716.8,42737.8,0,190
2025-01-07 03:45:00,42720.8,42734.8,42713.8,42723.8,0,194
2025-01-07 03:30:00,42712.8,42737.8,42709.8,42720.8,0,206
2025-01-07 03:15:00,42739.8,42740.8,42711.8,42711.8,0,212
2025-01-07 03:00:00,42748.8,42751.8,42732.8,42739.8,0,208
2025-01-07 02:45:00,42764.8,42766.8,42739.8,42748.8,0,206
2025-01-07 02:30:00,42753.8,42770.8,42752.8,42763.8,0,163
2025-01-07 02:15:00,42766.8,42774.8,42753.8,42754.8,0,178
2025-01-07 02:00:00,42762.8,42769.8,42750.8,42766.8,0,244
2025-01-07 01:45:00,42774.8,42782.8,42760.8,42764.8,0,200
2025-01-07 01:30:00,42774.8,42777.8,42762.8,42776.8,0,146
2025-01-07 01:15:00,42794.8,42794.8,42770.8,42773.8,0,159
2025-01-07 01:00:00,42793.4,42810.8,42789.8,42795.8,0,126
2025-01-06 23:45:00,42771.8,42784.8,42766.8,42780.8,0,148
2025-01-06 23:30:00,42777.8,42784.8,42766.8,42771.8,0,120
2025-01-06 23:15:00,42781.8,42782.8,42773.8,42777.8,0,200
2025-01-06 23:00:00,42748.8,42787.8,42748.8,42780.8,0,605
2025-01-06 22:45:00,42697.9,42754.9,42643.9,42749.9,0,1027
2025-01-06 22:30:00,42724.9,42755.9,42689.9,42699.9,0,801
2025-01-06 22:15:00,42702.9,42748.9,42670.9,42726.9,0,830
2025-01-06 22:00:00,42731.9,42757.9,42700.9,42703.9,0,909
2025-01-06 21:45:00,42796.9,42818.9,42725.9,42734.9,0,866
2025-01-06 21:30:00,42799.9,42827.9,42775.9,42798.9,0,889
2025-01-06 21:15:00,42832.9,42854.9,42797.9,42799.9,0,844
2025-01-06 21:00:00,42829.9,42836.9,42748.9,42832.9,0,1027
2025-01-06 20:45:00,42858.9,42861.9,42796.9,42822.9,0,930
2025-01-06 20:30:00,42928.9,42932.9,42845.9,42859.9,0,873
2025-01-06 20:15:00,42943.9,42960.9,42917.9,42928.9,0,866
2025-01-06 20:00:00,42982.9,42986.9,42902.9,42942.9,0,943
2025-01-06 19:45:00,43027.9,43041.9,42944.9,42979.9,0,885
2025-01-06 19:30:00,43064.9,43077.9,43005.9,43027.9,0,853
2025-01-06 19:15:00,43096.9,43123.9,43051.9,43066.9,0,760
2025-01-06 19:00:00,43158.9,43158.9,43081.9,43096.9,0,798
2025-01-06 18:45:00,43131.9,43165.9,43107.9,43160.9,0,737
2025-01-06 18:30:00,43101.9,43159.9,43097.9,43130.9,0,833
2025-01-06 18:15:00,43038.9,43104.9,43025.9,43100.9,0,884
2025-01-06 18:00:00,43021.9,43040.9,42954.9,43038.9,0,876
2025-01-06 17:45:00,42996.9,43043.9,42976.9,43020.9,0,989
2025-01-06 17:30:00,43041.9,43049.9,42980.9,42996.9,0,1047
2025-01-06 17:15:00,43084.9,43091.9,42987.9,43040.9,0,1071
2025-01-06 17:00:00,43012.9,43102.9,43000.9,43085.9,0,1217
2025-01-06 16:45:00,42897.9,43026.9,42895.9,43013.4,0,1160
2025-01-06 16:30:00,42935.8,42956.9,42843.9,42891.9,0,1373
2025-01-06 16:15:00,43018.8,43018.8,42851.8,42927.8,0,1139
2025-01-06 16:00:00,43017.3,43027.3,43001.3,43019.8,0,441
2025-01-06 15:45:00,42969.3,43026.8,42969.3,43016.8,0,500
2025-01-06 15:30:00,42946.3,42968.8,42946.3,42968.8,0,466
2025-01-06 15:15:00,42939.8,42952.8,42932.8,42946.3,0,426
2025-01-06 15:00:00,42942.8,42962.8,42938.3,42939.8,0,414
2025-01-06 14:45:00,42945.3,42970.8,42936.3,42941.8,0,480
2025-01-06 14:30:00,42921.8,42946.8,42909.8,42946.3,0,413
2025-01-06 14:15:00,42914.8,42928.8,42901.8,42921.3,0,532
2025-01-06 14:00:00,42934.3,42951.8,42905.3,42913.3,0,600
2025-01-06 13:45:00,42912.8,42934.8,42894.8,42934.8,0,515
2025-01-06 13:30:00,42906.8,42927.8,42888.3,42912.3,0,629
2025-01-06 13:15:00,42808.8,42902.3,42808.8,42902.3,0,748
2025-01-06 13:00:00,42776.8,42812.8,42742.8,42806.8,0,674
2025-01-06 12:45:00,42807.8,42808.8,42762.8,42776.8,0,411
2025-01-06 12:30:00,42836.3,42837.3,42806.8,42807.8,0,370
2025-01-06 12:15:00,42826.3,42845.8,42819.3,42836.3,0,277
2025-01-06 12:00:00,42843.8,42846.8,42817.3,42826.3,0,379
2025-01-06 11:45:00,42824.3,42848.8,42824.3,42844.3,0,268
2025-01-06 11:30:00,42810.8,42832.3,42806.3,42823.8,0,329
2025-01-06 11:15:00,42818.8,42833.3,42807.8,42810.8,0,362
2025-01-06 11:00:00,42817.8,42854.3,42816.3,42817.8,0,429
2025-01-06 10:45:00,42795.8,42825.8,42795.8,42816.8,0,278
2025-01-06 10:30:00,42788.3,42800.3,42784.3,42796.8,0,333
2025-01-06 10:15:00,42816.8,42817.3,42771.8,42788.3,0,398
2025-01-06 10:00:00,42791.8,42817.8,42784.3,42816.8,0,431
2025-01-06 09:45:00,42799.8,42801.8,42790.8,42791.8,0,118
2025-01-06 09:30:00,42791.8,42805.8,42788.8,42799.8,0,144
2025-01-06 09:15:00,42774.8,42792.8,42768.8,42791.8,0,166
2025-01-06 09:00:00,42777.8,42785.8,42763.8,42774.8,0,196
2025-01-06 08:45:00,42774.8,42784.8,42770.8,42779.8,0,114
2025-01-06 08:30:00,42761.8,42779.8,42760.8,42775.8,0,127
2025-01-06 08:15:00,42756.8,42769.8,42756.8,42761.8,0,91
2025-01-06 08:00:00,42758.8,42763.8,42753.8,42756.8,0,97
2025-01-06 07:45:00,42756.8,42760.8,42750.8,42758.8,0,108
2025-01-06 07:30:00,42754.8,42770.8,42754.8,42756.8,0,119
2025-01-06 07:15:00,42738.8,42755.8,42736.8,42754.8,0,95
2025-01-06 07:00:00,42730.8,42739.8,42728.8,42739.8,0,84
2025-01-06 06:45:00,42734.8,42735.8,42726.8,42730.8,0,61
2025-01-06 06:30:00,42737.8,42741.8,42733.8,42734.8,0,88
2025-01-06 06:15:00,42722.8,42738.8,42717.8,42737.8,0,80
2025-01-06 06:00:00,42720.8,42726.8,42719.8,42722.8,0,67
2025-01-06 05:45:00,42725.8,42728.8,42717.8,42720.8,0,93
2025-01-06 05:30:00,42723.8,42735.8,42720.8,42726.8,0,72
2025-01-06 05:15:00,42728.8,42730.8,42718.8,42722.8,0,72
2025-01-06 05:00:00,42733.8,42734.8,42724.8,42728.8,0,100
2025-01-06 04:45:00,42721.8,42736.8,42720.8,42733.8,0,92
2025-01-06 04:30:00,42718.8,42731.8,42713.8,42721.8,0,121
2025-01-06 04:15:00,42736.8,42743.8,42717.8,42718.8,0,160
2025-01-06 04:00:00,42728.8,42739.8,42708.8,42736.8,0,174
2025-01-06 03:45:00,42729.8,42734.8,42715.8,42728.8,0,137
2025-01-06 03:30:00,42737.8,42745.8,42725.8,42729.8,0,166
2025-01-06 03:15:00,42747.8,42754.8,42736.8,42737.8,0,116
2025-01-06 03:00:00,42745.8,42752.8,42738.8,42747.8,0,138
2025-01-06 02:45:00,42727.8,42752.8,42725.8,42746.8,0,186
2025-01-06 02:30:00,42749.8,42750.8,42726.8,42727.8,0,227
2025-01-06 02:15:00,42761.8,42763.8,42742.8,42749.8,0,270
2025-01-06 02:00:00,42775.8,42790.8,42757.8,42760.8,0,271
2025-01-06 01:45:00,42773.8,42784.8,42764.8,42773.8,0,229
2025-01-06 01:30:00,42767.8,42779.8,42748.8,42772.8,0,224
2025-01-06 01:15:00,42785.8,42789.8,42762.8,42766.8,0,140
2025-01-06 01:00:00,42784.4,42787.8,42763.8,42786.8,0,304
2025-01-03 23:45:00,42745.8,42751.8,42737.8,42745.8,0,97
2025-01-03 23:30:00,42746.8,42750.8,42741.8,42745.8,0,136
2025-01-03 23:15:00,42758.8,42760.8,42740.8,42746.8,0,153
2025-01-03 23:00:00,42756.8,42775.8,42742.8,42758.8,0,414
2025-01-03 22:45:00,42754.9,42787.9,42724.9,42762.9,0,854
2025-01-03 22:30:00,42773.9,42778.9,42739.9,42754.9,0,653
2025-01-03 22:15:00,42759.9,42784.9,42739.9,42781.9,0,509
2025-01-03 22:00:00,42765.9,42765.9,42718.9,42759.9,0,632
2025-01-03 21:45:00,42798.9,42805.9,42760.9,42769.9,0,532
2025-01-03 21:30:00,42780.9,42827.9,42777.9,42798.9,0,448
2025-01-03 21:15:00,42773.9,42791.9,42762.9,42780.9,0,495
2025-01-03 21:00:00,42747.9,42781.9,42743.9,42772.9,0,549
2025-01-03 20:45:00,42752.9,42776.9,42732.9,42752.9,0,519
2025-01-03 20:30:00,42767.9,42783.9,42742.9,42751.9,0,623
2025-01-03 20:15:00,42691.9,42765.9,42686.9,42765.9,0,547
2025-01-03 20:00:00,42696.9,42701.9,42665.9,42690.9,0,549
2025-01-03 19:45:00,42678.9,42702.9,42658.9,42697.9,0,620
2025-01-03 19:30:00,42682.9,42700.9,42661.9,42676.9,0,677
2025-01-03 19:15:00,42687.9,42722.9,42667.9,42678.9,0,720
2025-01-03 19:00:00,42670.9,42734.9,42670.9,42685.9,0,666
2025-01-03 18:45:00,42701.9,42708.9,42665.9,42670.9,0,732
2025-01-03 18:30:00,42653.9,42717.9,42645.9,42701.9,0,842
2025-01-03 18:15:00,42612.9,42656.9,42599.9,42652.9,0,880
2025-01-03 18:00:00,42694.9,42721.9,42594.9,42614.9,0,1011
2025-01-03 17:45:00,42651.9,42701.9,42628.9,42689.9,0,1026
2025-01-03 17:30:00,42619.9,42681.9,42584.9,42650.9,0,1097
2025-01-03 17:15:00,42593.9,42623.9,42469.9,42618.9,0,1249
2025-01-03 17:00:00,42527.4,42649.9,42513.9,42591.9,0,1258
2025-01-03 16:45:00,42680.9,42682.6,42517.9,42526.4,0,1165
2025-01-03 16:30:00,42633.8,42743.9,42622.8,42684.9,0,1227
2025-01-03 16:15:00,42603.8,42639.8,42595.3,42636.8,0,539
2025-01-03 16:00:00,42549.8,42604.3,42549.3,42603.8,0,403
2025-01-03 15:45:00,42576.3,42583.3,42544.8,42546.8,0,371
2025-01-03 15:30:00,42571.8,42592.8,42570.3,42576.8,0,280
2025-01-03 15:15:00,42569.8,42573.8,42550.8,42571.8,0,307
2025-01-03 15:00:00,42555.8,42578.8,42552.3,42569.3,0,372
2025-01-03 14:45:00,42542.8,42561.3,42540.3,42555.3,0,253
2025-01-03 14:30:00,42544.8,42551.8,42535.8,42542.3,0,319
2025-01-03 14:15:00,42521.8,42544.8,42509.8,42544.3,0,349
2025-01-03 14:00:00,42504.8,42523.3,42500.8,42522.8,0,325
2025-01-03 13:45:00,42496.8,42510.8,42492.3,42506.8,0,198
2025-01-03 13:30:00,42513.8,42513.8,42493.8,42496.8,0,292
2025-01-03 13:15:00,42497.8,42518.3,42493.8,42513.8,0,262
2025-01-03 13:00:00,42509.8,42515.8,42486.3,42497.8,0,319
2025-01-03 12:45:00,42530.8,42530.8,42500.8,42506.3,0,335
2025-01-03 12:30:00,42548.8,42549.8,42523.3,42530.8,0,327
2025-01-03 12:15:00,42564.8,42565.8,42534.3,42549.3,0,291
2025-01-03 12:00:00,42588.8,42588.8,42555.8,42564.8,0,346
2025-01-03 11:45:00,42589.8,42598.8,42573.8,42587.8,0,315
2025-01-03 11:30:00,42589.8,42596.8,42575.3,42591.8,0,373
2025-01-03 11:15:00,42568.8,42604.8,42564.8,42590.3,0,453
2025-01-03 11:00:00,42503.8,42570.3,42495.8,42568.8,0,521
2025-01-03 10:45:00,42501.8,42516.8,42489.8,42503.8,0,431
2025-01-03 10:30:00,42498.8,42502.8,42478.8,42500.8,0,595
2025-01-03 10:15:00,42536.8,42548.8,42500.3,42501.8,0,527
2025-01-03 10:00:00,42506.8,42547.3,42506.8,42537.3,0,626
2025-01-03 09:45:00,42511.8,42524.8,42503.8,42504.8,0,218
2025-01-03 09:30:00,42512.8,42519.8,42503.8,42511.8,0,258
2025-01-03 09:15:00,42490.8,42530.8,42490.8,42512.8,0,370
2025-01-03 09:00:00,42501.8,42514.8,42473.8,42490.8,0,263
2025-01-03 08:45:00,42513.8,42517.8,42499.8,42501.8,0,127
2025-01-03 08:30:00,42506.8,42516.8,42499.8,42513.8,0,151
2025-01-03 08:15:00,42487.8,42508.8,42481.8,42507.8,0,151
2025-01-03 08:00:00,42476.8,42488.8,42471.8,42487.8,0,141
2025-01-03 07:45:00,42484.8,42488.8,42468.8,42477.8,0,166
2025-01-03 07:30:00,42480.8,42487.8,42472.8,42484.8,0,121
2025-01-03 07:15:00,42479.8,42483.8,42467.8,42480.8,0,116
2025-01-03 07:00:00,42482.8,42485.8,42468.8,42479.8,0,171
2025-01-03 06:45:00,42490.8,42497.8,42481.8,42481.8,0,107
2025-01-03 06:30:00,42497.8,42498.8,42485.8,42490.8,0,103
2025-01-03 06:15:00,42491.8,42499.8,42488.8,42497.8,0,81
2025-01-03 06:00:00,42503.8,42511.8,42489.8,42490.8,0,107
2025-01-03 05:45:00,42516.8,42516.8,42499.8,42503.8,0,82
2025-01-03 05:30:00,42515.8,42519.8,42504.8,42513.8,0,127
2025-01-03 05:15:00,42520.8,42520.8,42508.8,42513.8,0,137
2025-01-03 05:00:00,42500.8,42521.8,42500.8,42521.8,0,193
2025-01-03 04:45:00,42504.8,42504.8,42483.8,42500.8,0,169
2025-01-03 04:30:00,42520.8,42522.8,42498.8,42504.8,0,194
2025-01-03 04:15:00,42501.8,42528.8,42501.8,42520.8,0,215
2025-01-03 04:00:00,42476.8,42504.8,42475.8,42501.8,0,213
2025-01-03 03:45:00,42475.8,42493.8,42462.8,42476.8,0,230
2025-01-03 03:30:00,42479.8,42492.8,42472.8,42475.8,0,200
2025-01-03 03:15:00,42504.8,42504.8,42474.8,42481.8,0,189
2025-01-03 03:00:00,42504.8,42518.8,42501.8,42504.8,0,179
2025-01-03 02:45:00,42494.8,42503.8,42491.8,42502.8,0,140
2025-01-03 02:30:00,42496.8,42505.8,42489.8,42494.8,0,224
2025-01-03 02:15:00,42475.8,42506.8,42472.8,42495.8,0,263
2025-01-03 02:00:00,42428.8,42484.8,42419.8,42477.8,0,258
2025-01-03 01:45:00,42425.8,42433.8,42404.8,42428.8,0,167
2025-01-03 01:30:00,42431.8,42441.8,42419.8,42425.8,0,150
2025-01-03 01:15:00,42444.8,42454.8,42421.8,42430.8,0,181
2025-01-03 01:00:00,42455.4,42456.8,42430.8,42444.8,0,162
2025-01-02 23:45:00,42460.8,42472.8,42456.8,42465.9,0,195
2025-01-02 23:30:00,42489.4,42491.8,42455.8,42460.8,0,246
2025-01-02 23:15:00,42475.4,42492.8,42465.8,42489.4,0,342
2025-01-02 23:00:00,42453.8,42485.8,42453.8,42479.8,0,599
2025-01-02 22:45:00,42467.9,42504.9,42414.9,42448.9,0,1149
2025-01-02 22:30:00,42483.9,42528.9,42414.9,42468.9,0,1088
2025-01-02 22:15:00,42465.9,42498.9,42434.9,42478.9,0,916
2025-01-02 22:00:00,42312.9,42490.9,42312.9,42469.9,0,997
2025-01-02 21:45:00,42356.9,42424.9,42303.9,42310.9,0,1022
2025-01-02 21:30:00,42386.9,42386.9,42296.9,42354.9,0,942
2025-01-02 21:15:00,42306.9,42394.9,42290.9,42389.9,0,952
2025-01-02 21:00:00,42293.9,42376.9,42263.9,42304.9,0,1073
2025-01-02 20:45:00,42322.9,42324.9,42215.9,42293.9,0,1095
2025-01-02 20:30:00,42320.9,42332.9,42221.9,42326.9,0,1146
2025-01-02 20:15:00,42290.9,42341.9,42248.9,42323.9,0,1119
2025-01-02 20:00:00,42363.9,42377.9,42274.9,42286.9,0,1210
2025-01-02 19:45:00,42308.9,42386.9,42245.9,42363.9,0,1274
2025-01-02 19:30:00,42452.9,42456.9,42260.9,42305.9,0,1305
2025-01-02 19:15:00,42697.9,42701.9,42446.9,42458.9,0,1134
2025-01-02 19:00:00,42652.9,42719.9,42626.9,42695.9,0,1010
2025-01-02 18:45:00,42677.9,42705.9,42621.9,42655.9,0,1007
2025-01-02 18:30:00,42639.9,42719.9,42606.9,42675.9,0,1065
2025-01-02 18:15:00,42569.9,42650.9,42541.9,42639.9,0,1176
2025-01-02 18:00:00,42677.9,42694.9,42499.9,42568.9,0,1278
2025-01-02 17:45:00,42669.9,42763.9,42630.9,42675.9,0,1224
2025-01-02 17:30:00,42695.9,42721.9,42615.9,42670.9,0,1324
2025-01-02 17:15:00,42914.9,42938.9,42671.9,42701.9,0,1325
2025-01-02 17:00:00,42929.9,42945.9,42837.9,42909.9,0,1256
2025-01-02 16:45:00,42798.4,42967.9,42787.9,42932.9,0,1331
2025-01-02 16:30:00,42910.8,42951.9,42726.9,42797.4,0,1464
2025-01-02 16:15:00,42923.8,42944.8,42889.8,42910.8,0,743
2025-01-02 16:00:00,42891.8,42928.8,42859.8,42924.8,0,801
2025-01-02 15:45:00,42945.3,42946.8,42886.8,42891.8,0,565
2025-01-02 15:30:00,42908.4,42960.8,42884.3,42947.8,0,589
2025-01-02 15:15:00,42914.8,42921.8,42891.8,42898.4,0,427
2025-01-02 15:00:00,42931.8,42944.8,42911.8,42914.3,0,402
2025-01-02 14:45:00,42936.8,42938.8,42883.8,42931.8,0,477
2025-01-02 14:30:00,42983.8,42986.3,42928.8,42936.8,0,348
2025-01-02 14:15:00,42981.8,42998.8,42970.8,42983.8,0,352
2025-01-02 14:00:00,42953.8,42990.8,42951.8,42982.8,0,534
2025-01-02 13:45:00,42860.8,42954.8,42859.8,42953.8,0,398
2025-01-02 13:30:00,42831.8,42860.8,42813.8,42860.8,0,310
2025-01-02 13:15:00,42833.8,42845.8,42827.8,42833.8,0,251
2025-01-02 13:00:00,42829.8,42840.8,42799.8,42834.8,0,352
2025-01-02 12:45:00,42830.8,42835.8,42784.8,42829.8,0,365
2025-01-02 12:30:00,42816.8,42835.8,42806.3,42831.8,0,282
2025-01-02 12:15:00,42798.8,42829.8,42792.8,42816.8,0,303
2025-01-02 12:00:00,42824.8,42830.8,42784.8,42797.8,0,388
2025-01-02 11:45:00,42804.8,42826.8,42795.8,42824.8,0,344
2025-01-02 11:30:00,42813.8,42822.8,42762.8,42806.8,0,484
2025-01-02 11:15:00,42807.8,42821.3,42798.3,42814.8,0,538
2025-01-02 11:00:00,42779.8,42818.8,42758.8,42808.8,0,708
2025-01-02 10:45:00,42746.8,42791.8,42734.8,42778.8,0,600
2025-01-02 10:30:00,42736.8,42777.8,42715.8,42746.8,0,734
2025-01-02 10:15:00,42847.8,42848.8,42735.3,42737.3,0,651
2025-01-02 10:00:00,42771.8,42872.8,42770.8,42848.8,0,738
2025-01-02 09:45:00,42801.8,42801.8,42768.8,42768.8,0,305
2025-01-02 09:30:00,42820.8,42824.8,42802.8,42804.8,0,213
2025-01-02 09:15:00,42800.8,42820.8,42796.8,42820.8,0,227
2025-01-02 09:00:00,42785.8,42809.8,42785.8,42800.8,0,254
2025-01-02 08:45:00,42788.8,42793.8,42782.8,42786.8,0,146
2025-01-02 08:30:00,42780.8,42803.8,42774.8,42788.8,0,176
2025-01-02 08:15:00,42781.8,42797.8,42775.8,42780.8,0,119
2025-01-02 08:00:00,42780.8,42784.8,42775.8,42780.8,0,153
2025-01-02 07:45:00,42773.8,42791.8,42773.8,42780.8,0,162
2025-01-02 07:30:00,42757.8,42776.8,42748.8,42773.8,0,177
2025-01-02 07:15:00,42751.8,42766.8,42746.8,42758.8,0,205
2025-01-02 07:00:00,42734.8,42753.8,42727.8,42751.8,0,191
2025-01-02 06:45:00,42734.8,42742.8,42727.8,42733.8,0,151
2025-01-02 06:30:00,42714.8,42736.8,42711.8,42734.8,0,199
2025-01-02 06:15:00,42719.8,42723.8,42694.8,42714.8,0,206
2025-01-02 06:00:00,42718.8,42730.8,42710.8,42720.8,0,169
2025-01-02 05:45:00,42721.8,42725.8,42708.8,42718.8,0,198
2025-01-02 05:30:00,42744.8,42747.8,42716.8,42720.8,0,154
2025-01-02 05:15:00,42718.8,42755.8,42712.8,42744.8,0,213
2025-01-02 05:00:00,42738.8,42742.8,42718.8,42719.8,0,157
2025-01-02 04:45:00,42740.8,42748.8,42727.8,42739.8,0,212
2025-01-02 04:30:00,42714.8,42741.8,42706.8,42738.8,0,256
2025-01-02 04:15:00,42684.8,42725.8,42677.8,42714.8,0,295
2025-01-02 04:00:00,42669.8,42690.8,42663.8,42684.8,0,323
2025-01-02 03:45:00,42687.8,42693.8,42665.8,42669.8,0,337
2025-01-02 03:30:00,42654.8,42694.8,42638.8,42687.8,0,438
2025-01-02 03:15:00,42649.8,42668.8,42637.8,42654.8,0,421
2025-01-02 03:00:00,42605.8,42656.8,42605.8,42649.8,0,452
2025-01-02 02:45:00,42586.8,42623.8,42586.8,42605.8,0,415
2025-01-02 02:30:00,42502.8,42587.8,42489.8,42586.8,0,451
2025-01-02 02:15:00,42561.8,42568.8,42462.8,42502.8,0,604
2025-01-02 02:00:00,42618.8,42618.8,42536.8,42563.8,0,500
2025-01-02 01:45:00,42607.8,42629.8,42578.8,42617.8,0,289
2025-01-02 01:30:00,42675.8,42686.8,42606.8,42607.8,0,302
2025-01-02 01:15:00,42693.8,42709.8,42663.8,42675.8,0,222
2025-01-02 01:00:00,42674.8,42736.8,42667.8,42693.8,0,316
