DateTime,Open,High,Low,Close,Volume,TickVolume
2025-07-15 20:00:00,44095.1,44165.1,44085.5,44160.5,0,2589
2025-07-15 19:00:00,44214.5,44239.1,44092.5,44096.1,0,4395
2025-07-15 18:00:00,44154.5,44266.1,44149.1,44213.5,0,4833
2025-07-15 17:00:00,44330.5,44363.1,44144.5,44152.5,0,5938
2025-07-15 16:00:00,44431.6,44532.9,44310.1,44328.5,0,4970
2025-07-15 15:00:00,44450.9,44504.9,44383.1,44430.6,0,2667
2025-07-15 14:00:00,44473.1,44519.1,44427.1,44451.9,0,1559
2025-07-15 13:00:00,44450.1,44525.9,44440.5,44475.6,0,1352
2025-07-15 12:00:00,44418.9,44458.9,44413.9,44452.1,0,842
2025-07-15 11:00:00,44475.5,44475.5,44392.1,44417.9,0,1729
2025-07-15 10:00:00,44522.0,44525.9,44479.1,44484.0,0,1714
2025-07-15 09:00:00,44515.0,44534.2,44485.0,44520.0,0,1102
2025-07-15 08:00:00,44486.8,44531.2,44482.0,44514.0,0,1191
2025-07-15 07:00:00,44446.4,44491.1,44437.4,44486.1,0,589
2025-07-15 06:00:00,44443.4,44475.7,44420.7,44445.4,0,857
2025-07-15 05:00:00,44553.7,44567.7,44427.1,44442.4,0,2085
2025-07-15 04:00:00,44429.4,44617.1,44412.1,44551.7,0,1590
2025-07-15 03:00:00,44437.4,44455.4,44418.4,44430.4,0,866
2025-07-15 02:00:00,44417.4,44446.7,44407.4,44436.4,0,439
2025-07-15 01:00:00,44439.9,44443.9,44413.1,44418.4,0,629
2025-07-14 23:00:00,44475.4,44482.9,44443.4,44461.9,0,801
2025-07-14 22:00:00,44455.5,44491.9,44425.1,44476.9,0,2983
2025-07-14 21:00:00,44442.1,44484.1,44429.5,44453.5,0,2373
2025-07-14 20:00:00,44407.1,44468.1,44402.5,44444.1,0,2773
2025-07-14 19:00:00,44397.1,44439.1,44347.5,44406.1,0,3417
2025-07-14 18:00:00,44371.1,44449.1,44313.5,44398.1,0,4285
2025-07-14 17:00:00,44365.1,44417.1,44306.5,44372.1,0,5316
2025-07-14 16:00:00,44238.9,44460.1,44220.1,44363.1,0,4460
2025-07-14 15:00:00,44257.1,44274.5,44226.6,44239.9,0,1439
2025-07-14 14:00:00,44260.6,44286.9,44237.1,44258.1,0,1618
2025-07-14 13:00:00,44249.0,44267.1,44233.5,44261.1,0,1098
2025-07-14 12:00:00,44224.1,44265.1,44210.6,44248.0,0,1059
2025-07-14 11:00:00,44236.1,44240.9,44172.1,44222.1,0,1758
2025-07-14 10:00:00,44149.9,44245.6,44109.9,44237.1,0,2036
2025-07-14 09:00:00,44138.8,44165.8,44107.8,44149.2,0,1466
2025-07-14 08:00:00,44187.0,44213.0,44130.2,44139.8,0,782
2025-07-14 07:00:00,44186.7,44198.1,44172.7,44186.4,0,477
2025-07-14 06:00:00,44172.4,44191.4,44160.1,44187.7,0,601
2025-07-14 05:00:00,44187.4,44205.7,44169.7,44173.4,0,618
2025-07-14 04:00:00,44184.1,44204.4,44159.7,44186.4,0,979
2025-07-14 03:00:00,44218.4,44239.7,44184.1,44185.1,0,1223
2025-07-14 02:00:00,44232.8,44237.8,44168.8,44221.5,0,1222
2025-07-14 01:00:00,44203.0,44242.8,44151.8,44233.8,0,1348
2025-07-11 23:00:00,44357.0,44367.5,44316.8,44341.5,0,1400
2025-07-11 22:00:00,44404.1,44420.5,44321.5,44363.5,0,4148
2025-07-11 21:00:00,44397.5,44420.1,44339.1,44405.1,0,3042
2025-07-11 20:00:00,44366.5,44407.1,44341.5,44399.5,0,3261
2025-07-11 19:00:00,44326.5,44371.1,44278.5,44367.5,0,3885
2025-07-11 18:00:00,44413.1,44416.1,44305.5,44325.5,0,4533
2025-07-11 17:00:00,44397.5,44457.5,44371.1,44415.1,0,4814
2025-07-11 16:00:00,44402.1,44452.1,44280.5,44398.5,0,4774
2025-07-11 15:00:00,44411.9,44421.9,44371.9,44403.1,0,1965
2025-07-11 14:00:00,44352.1,44444.1,44349.1,44413.9,0,1623
2025-07-11 13:00:00,44352.9,44386.1,44313.1,44345.6,0,2005
2025-07-11 12:00:00,44439.9,44453.5,44343.1,44354.9,0,1758
2025-07-11 11:00:00,44404.6,44455.9,44398.1,44438.9,0,2348
2025-07-11 10:00:00,44524.9,44536.9,44403.1,44404.1,0,2722
2025-07-11 09:00:00,44480.8,44543.8,44480.2,44528.2,0,1506
2025-07-11 08:00:00,44551.0,44564.8,44479.8,44479.8,0,925
2025-07-11 07:00:00,44538.7,44573.4,44510.4,44550.4,0,872
2025-07-11 06:00:00,44495.4,44542.7,44495.4,44537.7,0,774
2025-07-11 05:00:00,44476.4,44509.4,44472.4,44496.4,0,878
2025-07-11 04:00:00,44452.7,44501.4,44418.7,44477.4,0,1760
2025-07-11 03:00:00,44705.4,44706.4,44401.7,44451.7,0,3806
2025-07-11 02:00:00,44686.7,44708.7,44672.4,44706.4,0,491
2025-07-11 01:00:00,44656.9,44690.7,44645.9,44685.7,0,554
2025-07-10 23:00:00,44671.9,44673.9,44626.9,44634.4,0,1315
2025-07-10 22:00:00,44728.5,44760.1,44641.9,44675.9,0,3178
2025-07-10 21:00:00,44771.5,44805.1,44710.5,44729.5,0,2630
2025-07-10 20:00:00,44724.1,44801.1,44715.5,44772.5,0,2703
2025-07-10 19:00:00,44700.1,44753.1,44692.1,44722.1,0,3102
2025-07-10 18:00:00,44684.5,44767.1,44684.5,44701.1,0,3796
2025-07-10 17:00:00,44523.1,44692.1,44506.5,44683.5,0,4945
2025-07-10 16:00:00,44413.9,44548.1,44386.1,44521.1,0,4117
2025-07-10 15:00:00,44471.4,44472.9,44395.1,44414.9,0,1598
2025-07-10 14:00:00,44420.5,44487.9,44414.6,44472.9,0,1293
2025-07-10 13:00:00,44395.1,44424.4,44388.9,44421.0,0,766
2025-07-10 12:00:00,44383.1,44409.9,44368.0,44397.1,0,904
2025-07-10 11:00:00,44356.0,44404.4,44350.0,44381.6,0,1004
2025-07-10 10:00:00,44347.0,44374.1,44328.6,44358.0,0,1413
2025-07-10 09:00:00,44387.2,44395.2,44341.2,44348.0,0,943
2025-07-10 08:00:00,44367.8,44388.2,44362.0,44388.2,0,565
2025-07-10 07:00:00,44370.4,44374.4,44358.4,44366.1,0,461
2025-07-10 06:00:00,44417.4,44417.4,44359.4,44371.4,0,549
2025-07-10 05:00:00,44394.4,44433.4,44394.4,44418.4,0,549
2025-07-10 04:00:00,44419.4,44430.4,44387.1,44392.4,0,949
2025-07-10 03:00:00,44462.4,44462.4,44413.7,44417.4,0,1079
2025-07-10 02:00:00,44508.4,44512.4,44460.4,44463.4,0,499
2025-07-10 01:00:00,44477.9,44527.7,44477.9,44507.4,0,481
2025-07-09 23:00:00,44476.9,44517.4,44459.9,44489.4,0,1184
2025-07-09 22:00:00,44466.1,44503.9,44425.3,44477.9,0,3158
2025-07-09 21:00:00,44393.9,44479.1,44392.5,44467.1,0,3199
2025-07-09 20:00:00,44323.5,44436.1,44302.5,44394.9,0,3537
2025-07-09 19:00:00,44338.1,44375.1,44285.5,44324.5,0,3565
2025-07-09 18:00:00,44304.1,44390.1,44254.5,44339.1,0,4562
2025-07-09 17:00:00,44501.1,44509.7,44280.5,44307.1,0,5633
2025-07-09 16:00:00,44424.6,44593.1,44412.1,44502.1,0,4271
2025-07-09 15:00:00,44390.1,44446.9,44369.1,44423.1,0,1652
2025-07-09 14:00:00,44347.0,44405.9,44341.9,44391.1,0,1125
2025-07-09 13:00:00,44337.5,44357.9,44317.0,44348.0,0,1219
2025-07-09 12:00:00,44296.0,44375.4,44296.0,44338.0,0,1377
2025-07-09 11:00:00,44293.6,44319.9,44284.1,44294.0,0,1264
2025-07-09 10:00:00,44273.9,44307.9,44242.1,44294.1,0,1339
2025-07-09 09:00:00,44231.0,44286.8,44200.2,44273.2,0,1102
2025-07-09 08:00:00,44245.0,44246.0,44210.0,44230.0,0,558
2025-07-09 07:00:00,44225.4,44252.4,44219.4,44244.4,0,442
2025-07-09 06:00:00,44240.4,44245.4,44219.4,44224.4,0,511
2025-07-09 05:00:00,44246.4,44262.4,44233.1,44239.4,0,619
2025-07-09 04:00:00,44215.4,44251.4,44183.1,44245.4,0,939
2025-07-09 03:00:00,44240.7,44242.1,44195.1,44216.4,0,823
2025-07-09 02:00:00,44271.4,44291.4,44238.4,44246.7,0,527
2025-07-09 01:00:00,44286.9,44302.5,44259.4,44272.4,0,368
2025-07-08 23:00:00,44259.4,44283.9,44243.9,44266.9,0,1160
2025-07-08 22:00:00,44287.3,44318.5,44238.5,44257.9,0,3471
2025-07-08 21:00:00,44315.5,44330.1,44259.5,44288.3,0,3158
2025-07-08 20:00:00,44301.1,44335.1,44226.5,44316.5,0,4214
2025-07-08 19:00:00,44372.1,44416.1,44283.5,44300.1,0,4483
2025-07-08 18:00:00,44290.1,44392.1,44269.5,44366.5,0,4447
2025-07-08 17:00:00,44369.5,44404.1,44242.5,44288.1,0,5892
2025-07-08 16:00:00,44382.9,44466.1,44309.5,44368.5,0,4205
2025-07-08 15:00:00,44414.9,44414.9,44354.9,44383.9,0,1961
2025-07-08 14:00:00,44394.5,44441.9,44384.9,44415.9,0,1462
2025-07-08 13:00:00,44369.1,44407.1,44345.1,44394.0,0,1292
2025-07-08 12:00:00,44392.6,44407.9,44358.1,44367.6,0,1302
2025-07-08 11:00:00,44459.6,44459.6,44368.1,44393.1,0,1662
2025-07-08 10:00:00,44438.0,44472.9,44405.1,44459.1,0,1557
2025-07-08 09:00:00,44430.0,44447.0,44409.8,44435.0,0,1001
2025-07-08 08:00:00,44394.0,44433.0,44388.0,44431.0,0,666
2025-07-08 07:00:00,44386.4,44414.4,44383.4,44393.4,0,549
2025-07-08 06:00:00,44410.4,44411.4,44378.4,44387.4,0,561
2025-07-08 05:00:00,44366.4,44413.4,44363.4,44409.4,0,708
2025-07-08 04:00:00,44375.4,44402.4,44352.7,44367.4,0,931
2025-07-08 03:00:00,44355.4,44390.4,44320.4,44376.4,0,1341
2025-07-08 02:00:00,44311.4,44357.4,44303.4,44356.4,0,894
2025-07-08 01:00:00,44343.9,44345.9,44263.7,44310.4,0,1029
2025-07-07 23:00:00,44419.4,44422.9,44289.4,44320.9,0,1704
2025-07-07 22:00:00,44364.5,44436.9,44299.5,44426.9,0,4472
2025-07-07 21:00:00,44337.3,44375.1,44178.5,44367.5,0,4824
2025-07-07 20:00:00,44334.1,44448.1,44305.5,44336.3,0,4547
2025-07-07 19:00:00,44514.1,44546.5,44296.5,44332.1,0,5697
2025-07-07 18:00:00,44624.1,44634.1,44459.5,44515.1,0,4163
2025-07-07 17:00:00,44781.1,44792.1,44595.5,44626.1,0,4973
2025-07-07 16:00:00,44784.4,44823.4,44691.1,44783.1,0,4462
2025-07-07 15:00:00,44853.1,44882.4,44774.1,44785.9,0,1913
2025-07-07 14:00:00,44813.6,44860.4,44812.1,44854.1,0,1259
2025-07-07 13:00:00,44858.4,44868.1,44811.6,44812.6,0,1353
2025-07-07 12:00:00,44759.0,44859.9,44749.1,44858.9,0,1211
2025-07-07 11:00:00,44725.0,44802.9,44723.1,44758.0,0,1834
2025-07-07 10:00:00,44705.8,44730.9,44687.1,44720.5,0,1707
2025-07-07 09:00:00,44722.0,44725.1,44683.2,44707.8,0,1285
2025-07-07 08:00:00,44706.0,44739.0,44696.0,44723.0,0,718
2025-07-07 07:00:00,44721.4,44749.1,44698.7,44705.4,0,565
2025-07-07 06:00:00,44698.4,44725.4,44670.1,44722.4,0,655
2025-07-07 05:00:00,44712.4,44732.4,44694.1,44699.4,0,912
2025-07-07 04:00:00,44749.4,44760.4,44693.1,44713.4,0,1452
2025-07-07 03:00:00,44710.4,44761.1,44702.4,44750.4,0,1009
2025-07-07 02:00:00,44706.5,44745.8,44700.5,44714.5,0,988
2025-07-07 01:00:00,44773.0,44804.0,44699.8,44707.5,0,1178
2025-07-04 19:00:00,44593.5,44625.1,44568.5,44584.1,0,1152
2025-07-04 18:00:00,44632.5,44648.1,44580.5,44594.5,0,1288
2025-07-04 17:00:00,44634.1,44655.1,44606.5,44634.5,0,1487
2025-07-04 16:00:00,44595.9,44637.1,44576.5,44635.1,0,1661
2025-07-04 15:00:00,44594.1,44610.9,44572.1,44594.9,0,1093
2025-07-04 14:00:00,44552.9,44604.4,44544.1,44595.1,0,1447
2025-07-04 13:00:00,44607.5,44620.9,44520.6,44551.9,0,1346
2025-07-04 12:00:00,44584.6,44618.9,44570.1,44608.0,0,1609
2025-07-04 11:00:00,44600.9,44621.9,44557.9,44585.1,0,1582
2025-07-04 10:00:00,44690.9,44710.0,44596.1,44599.9,0,1700
2025-07-04 09:00:00,44728.0,44732.8,44685.2,44690.2,0,1043
2025-07-04 08:00:00,44701.0,44731.1,44691.8,44730.0,0,611
2025-07-04 07:00:00,44715.4,44724.4,44690.4,44699.4,0,597
2025-07-04 06:00:00,44743.4,44746.4,44715.4,44716.4,0,425
2025-07-04 05:00:00,44761.4,44763.4,44725.4,44742.4,0,542
2025-07-04 04:00:00,44740.1,44785.4,44737.7,44760.4,0,590
2025-07-04 03:00:00,44768.4,44770.7,44739.1,44739.1,0,738
2025-07-04 02:00:00,44772.4,44780.4,44762.4,44769.4,0,455
2025-07-04 01:00:00,44791.9,44807.4,44764.7,44775.4,0,851
2025-07-03 20:00:00,44816.5,44868.1,44812.5,44832.5,0,699
2025-07-03 19:00:00,44853.5,44904.1,44809.5,44818.5,0,3352
2025-07-03 18:00:00,44857.1,44893.1,44794.5,44854.5,0,3511
2025-07-03 17:00:00,44734.1,44898.1,44730.5,44858.1,0,4440
2025-07-03 16:00:00,44547.1,44778.1,44546.9,44733.1,0,4081
2025-07-03 15:00:00,44547.9,44662.2,44535.1,44548.1,0,2682
2025-07-03 14:00:00,44544.1,44558.1,44526.1,44548.9,0,997
2025-07-03 13:00:00,44532.0,44547.5,44510.5,44545.1,0,815
2025-07-03 12:00:00,44491.4,44536.9,44491.4,44533.0,0,1117
2025-07-03 11:00:00,44535.0,44538.1,44490.1,44491.9,0,1053
2025-07-03 10:00:00,44548.1,44570.9,44529.1,44536.0,0,1125
2025-07-03 09:00:00,44546.0,44567.2,44529.8,44548.8,0,806
2025-07-03 08:00:00,44540.0,44550.0,44529.0,44545.0,0,540
2025-07-03 07:00:00,44530.4,44552.4,44528.4,44539.4,0,438
2025-07-03 06:00:00,44512.4,44557.4,44509.7,44529.4,0,698
2025-07-03 05:00:00,44518.4,44518.4,44478.1,44513.4,0,535
2025-07-03 04:00:00,44526.4,44534.4,44510.4,44519.4,0,625
2025-07-03 03:00:00,44538.4,44553.7,44521.1,44527.4,0,666
2025-07-03 02:00:00,44527.4,44539.4,44522.4,44539.4,0,322
2025-07-03 01:00:00,44519.9,44531.9,44497.1,44525.4,0,514
2025-07-02 23:00:00,44519.9,44549.9,44488.4,44531.9,0,1213
2025-07-02 22:00:00,44505.5,44530.1,44495.5,44518.9,0,3049
2025-07-02 21:00:00,44476.1,44526.1,44454.5,44504.5,0,2765
2025-07-02 20:00:00,44499.5,44507.1,44462.5,44475.1,0,2815
2025-07-02 19:00:00,44526.5,44535.1,44461.5,44498.5,0,3432
2025-07-02 18:00:00,44483.5,44590.1,44449.5,44525.5,0,4059
2025-07-02 17:00:00,44441.1,44517.1,44383.5,44482.5,0,5132
2025-07-02 16:00:00,44527.9,44551.4,44390.5,44444.1,0,4924
2025-07-02 15:00:00,44601.5,44615.9,44513.9,44526.9,0,3130
2025-07-02 14:00:00,44627.1,44660.1,44582.1,44602.0,0,1543
2025-07-02 13:00:00,44616.1,44645.4,44601.0,44628.1,0,1216
2025-07-02 12:00:00,44594.0,44620.0,44585.6,44615.1,0,1067
2025-07-02 11:00:00,44617.9,44630.4,44569.0,44595.0,0,1881
2025-07-02 10:00:00,44699.0,44699.0,44598.1,44616.9,0,1829
2025-07-02 09:00:00,44628.0,44695.2,44626.2,44694.0,0,1230
2025-07-02 08:00:00,44640.0,44640.0,44608.8,44630.0,0,694
2025-07-02 07:00:00,44609.4,44660.1,44606.4,44640.4,0,674
2025-07-02 06:00:00,44599.1,44616.4,44594.4,44608.4,0,497
2025-07-02 05:00:00,44528.4,44597.1,44515.1,44595.1,0,704
2025-07-02 04:00:00,44563.4,44567.4,44523.1,44529.4,0,617
2025-07-02 03:00:00,44560.4,44579.4,44556.4,44564.4,0,785
2025-07-02 02:00:00,44569.4,44573.4,44547.4,44559.4,0,490
2025-07-02 01:00:00,44550.9,44570.4,44531.4,44570.4,0,704
2025-07-01 23:00:00,44546.9,44572.9,44530.4,44555.9,0,1639
2025-07-01 22:00:00,44602.5,44642.1,44528.5,44544.9,0,4844
2025-07-01 21:00:00,44612.3,44635.1,44539.5,44607.5,0,3280
2025-07-01 20:00:00,44474.1,44618.1,44451.5,44610.3,0,4045
2025-07-01 19:00:00,44563.5,44655.1,44470.5,44473.1,0,4808
2025-07-01 18:00:00,44393.5,44593.1,44388.5,44562.5,0,5497
2025-07-01 17:00:00,44197.5,44420.1,44194.5,44394.5,0,5572
2025-07-01 16:00:00,44078.0,44283.1,44043.2,44221.5,0,4015
2025-07-01 15:00:00,44096.9,44103.4,44020.1,44079.0,0,2004
2025-07-01 14:00:00,44082.4,44104.9,44075.0,44098.9,0,1208
2025-07-01 13:00:00,44093.6,44106.4,44062.6,44083.4,0,969
2025-07-01 12:00:00,44096.5,44102.9,44053.6,44092.6,0,1247
2025-07-01 11:00:00,44096.1,44114.4,44062.1,44097.0,0,1733
2025-07-01 10:00:00,44084.9,44135.9,44060.9,44096.9,0,1774
2025-07-01 09:00:00,44083.2,44094.2,44061.0,44085.2,0,972
2025-07-01 08:00:00,44071.0,44099.8,44062.2,44081.2,0,686
2025-07-01 07:00:00,44084.4,44100.4,44068.4,44070.4,0,513
2025-07-01 06:00:00,44099.4,44109.4,44081.4,44086.4,0,557
2025-07-01 05:00:00,44163.1,44164.4,44096.4,44098.4,0,565
2025-07-01 04:00:00,44161.4,44168.7,44141.4,44164.1,0,736
2025-07-01 03:00:00,44117.7,44167.4,44117.7,44160.4,0,1060
2025-07-01 02:00:00,44073.4,44115.7,44062.4,44115.7,0,569
2025-07-01 01:00:00,44060.9,44101.4,44059.9,44072.4,0,504
2025-06-30 23:00:00,44110.9,44128.9,44066.9,44077.9,0,1662
2025-06-30 22:00:00,44039.5,44172.1,44024.5,44105.9,0,4457
2025-06-30 21:00:00,43974.1,44042.1,43950.5,44038.5,0,3684
2025-06-30 20:00:00,44028.5,44049.1,43918.5,43977.1,0,3080
2025-06-30 19:00:00,44037.1,44066.1,43988.5,44027.5,0,3057
2025-06-30 18:00:00,43964.1,44100.1,43930.5,44036.1,0,3761
2025-06-30 17:00:00,44045.1,44049.5,43947.5,43965.1,0,4562
2025-06-30 16:00:00,44080.4,44114.9,43995.5,44044.1,0,4007
2025-06-30 15:00:00,44090.0,44114.4,44048.6,44079.4,0,1306
2025-06-30 14:00:00,44068.0,44116.4,44068.0,44090.5,0,1098
2025-06-30 13:00:00,44049.0,44077.0,44047.0,44067.5,0,778
2025-06-30 12:00:00,44073.0,44085.0,44036.9,44050.5,0,1075
2025-06-30 11:00:00,44098.0,44114.1,44065.1,44072.5,0,1380
2025-06-30 10:00:00,44139.9,44140.9,44085.6,44095.0,0,1472
2025-06-30 09:00:00,44133.8,44164.2,44117.0,44141.2,0,1011
2025-06-30 08:00:00,44097.0,44140.8,44091.0,44135.8,0,642
2025-06-30 07:00:00,44098.4,44110.4,44092.4,44096.4,0,377
2025-06-30 06:00:00,44095.4,44110.4,44088.4,44099.4,0,460
2025-06-30 05:00:00,44066.4,44114.4,44062.4,44096.4,0,695
2025-06-30 04:00:00,44069.4,44082.4,44054.4,44067.4,0,819
2025-06-30 03:00:00,44040.4,44074.4,44035.4,44070.4,0,985
2025-06-30 02:00:00,44055.5,44090.5,44039.5,44043.5,0,961
2025-06-30 01:00:00,43971.0,44088.8,43970.0,44056.5,0,1115
2025-06-27 23:00:00,43842.1,43984.1,43792.5,43970.5,0,2074
2025-06-27 22:00:00,43627.1,43870.1,43610.1,43841.1,0,4613
2025-06-27 21:00:00,43781.5,43809.1,43589.9,43626.1,0,5554
2025-06-27 20:00:00,43952.1,43952.1,43723.5,43779.5,0,3963
2025-06-27 19:00:00,43912.1,44005.8,43894.5,43954.1,0,3204
2025-06-27 18:00:00,43778.1,43921.1,43763.5,43910.1,0,3605
2025-06-27 17:00:00,43676.5,43810.1,43676.5,43776.1,0,4747
2025-06-27 16:00:00,43564.2,43702.1,43541.2,43668.5,0,3870
2025-06-27 15:00:00,43591.6,43608.9,43552.0,43565.2,0,1890
2025-06-27 14:00:00,43551.1,43598.9,43548.0,43591.1,0,1161
2025-06-27 13:00:00,43543.0,43553.0,43525.2,43549.6,0,882
2025-06-27 12:00:00,43554.2,43557.1,43527.2,43542.0,0,858
2025-06-27 11:00:00,43575.0,43575.0,43533.7,43552.7,0,1256
2025-06-27 10:00:00,43580.9,43589.9,43557.2,43573.1,0,1490
2025-06-27 09:00:00,43522.1,43603.9,43519.1,43580.2,0,1076
2025-06-27 08:00:00,43497.1,43533.1,43496.1,43526.1,0,485
2025-06-27 07:00:00,43514.5,43517.2,43496.2,43496.5,0,287
2025-06-27 06:00:00,43517.5,43527.5,43509.5,43509.5,0,421
2025-06-27 05:00:00,43493.5,43519.5,43487.5,43518.5,0,445
2025-06-27 04:00:00,43476.8,43505.5,43467.5,43492.5,0,651
2025-06-27 03:00:00,43482.5,43506.5,43474.5,43478.8,0,1063
2025-06-27 02:00:00,43506.5,43511.5,43475.5,43483.5,0,693
2025-06-27 01:00:00,43470.0,43535.2,43459.0,43505.5,0,1000
2025-06-26 23:00:00,43440.5,43445.0,43403.0,43436.0,0,1425
2025-06-26 22:00:00,43400.6,43470.0,43380.6,43442.0,0,3177
2025-06-26 21:00:00,43372.6,43439.2,43363.6,43399.6,0,2362
2025-06-26 20:00:00,43363.4,43421.2,43339.6,43373.6,0,2579
2025-06-26 19:00:00,43291.6,43388.2,43288.6,43364.4,0,2780
2025-06-26 18:00:00,43304.6,43345.2,43270.6,43293.6,0,3583
2025-06-26 17:00:00,43178.6,43316.2,43148.2,43303.6,0,4395
2025-06-26 16:00:00,43134.0,43274.2,43103.7,43175.6,0,3954
2025-06-26 15:00:00,43129.2,43138.0,43068.2,43135.0,0,1899
2025-06-26 14:00:00,43114.6,43156.5,43112.6,43128.2,0,1210
2025-06-26 13:00:00,43100.6,43147.2,43092.1,43114.1,0,1078
2025-06-26 12:00:00,43117.2,43122.5,43095.1,43102.1,0,1122
2025-06-26 11:00:00,43092.1,43142.0,43090.6,43116.7,0,1443
2025-06-26 10:00:00,43095.2,43136.5,43088.1,43091.1,0,1301
2025-06-26 09:00:00,43073.1,43110.9,43070.1,43096.9,0,912
2025-06-26 08:00:00,43064.1,43077.1,43052.9,43075.1,0,479
2025-06-26 07:00:00,43057.5,43065.2,43042.5,43063.5,0,355
2025-06-26 06:00:00,43039.5,43073.5,43039.5,43056.5,0,487
2025-06-26 05:00:00,43016.5,43046.5,43016.5,43038.5,0,424
2025-06-26 04:00:00,43030.5,43033.5,43003.5,43015.5,0,533
2025-06-26 03:00:00,43027.5,43045.5,43016.2,43031.5,0,759
2025-06-26 02:00:00,43022.5,43033.5,42988.5,43028.5,0,925
2025-06-26 01:00:00,43002.0,43040.5,43002.0,43021.5,0,527
2025-06-25 23:00:00,43020.5,43025.0,42967.5,43003.5,0,1263
2025-06-25 22:00:00,42953.2,43034.0,42945.6,43018.0,0,3506
2025-06-25 21:00:00,42943.2,42960.2,42904.6,42954.2,0,3006
2025-06-25 20:00:00,42977.2,42995.2,42886.6,42941.2,0,3501
2025-06-25 19:00:00,43020.4,43072.2,42970.6,42976.2,0,3090
2025-06-25 18:00:00,43061.2,43062.6,42987.6,43019.4,0,3834
2025-06-25 17:00:00,43088.0,43112.2,43021.6,43063.2,0,4576
2025-06-25 16:00:00,43137.1,43138.1,43032.6,43089.0,0,3885
2025-06-25 15:00:00,43139.2,43149.6,43116.1,43135.6,0,1426
2025-06-25 14:00:00,43103.6,43149.1,43082.7,43136.7,0,1163
2025-06-25 13:00:00,43111.6,43116.5,43084.7,43102.6,0,889
2025-06-25 12:00:00,43145.6,43162.5,43099.7,43110.6,0,779
2025-06-25 11:00:00,43144.6,43153.5,43083.7,43146.6,0,1490
2025-06-25 10:00:00,43132.2,43168.1,43130.2,43143.6,0,1466
2025-06-25 09:00:00,43165.1,43177.9,43130.9,43132.9,0,684
2025-06-25 08:00:00,43159.1,43168.1,43151.9,43166.1,0,416
2025-06-25 07:00:00,43130.5,43159.8,43130.5,43158.5,0,196
2025-06-25 06:00:00,43120.5,43147.5,43120.5,43131.5,0,346
2025-06-25 05:00:00,43121.5,43130.5,43110.5,43119.5,0,419
2025-06-25 04:00:00,43148.5,43148.5,43114.5,43120.5,0,739
2025-06-25 03:00:00,43131.8,43157.5,43120.5,43150.5,0,953
2025-06-25 02:00:00,43104.5,43134.8,43084.5,43126.8,0,606
2025-06-25 01:00:00,43103.0,43112.5,43080.0,43105.5,0,792
2025-06-24 23:00:00,43117.0,43135.0,43105.0,43113.0,0,1306
2025-06-24 22:00:00,43152.2,43225.2,43116.0,43116.0,0,3140
2025-06-24 21:00:00,43130.4,43153.2,43109.6,43151.2,0,2406
2025-06-24 20:00:00,43101.6,43149.2,43065.6,43129.4,0,2817
2025-06-24 19:00:00,43054.6,43150.2,43028.6,43100.6,0,3119
2025-06-24 18:00:00,42977.2,43075.2,42961.6,43053.6,0,3325
2025-06-24 17:00:00,42869.6,42996.2,42814.2,42975.2,0,4736
2025-06-24 16:00:00,42884.0,43016.2,42851.6,42878.6,0,4372
2025-06-24 15:00:00,42887.2,42908.0,42833.2,42885.0,0,2168
2025-06-24 14:00:00,42905.1,42920.1,42843.2,42888.2,0,2052
2025-06-24 13:00:00,42921.0,42940.6,42877.7,42906.1,0,1675
2025-06-24 12:00:00,42915.1,42967.1,42902.1,42923.0,0,1391
2025-06-24 11:00:00,42936.0,42943.6,42846.5,42916.1,0,2680
2025-06-24 10:00:00,43003.1,43042.5,42845.9,42937.6,0,3228
2025-06-24 09:00:00,42911.1,43015.1,42910.1,43001.1,0,1998
2025-06-24 08:00:00,42829.1,42923.9,42826.1,42908.1,0,1047
2025-06-24 07:00:00,42831.5,42837.5,42795.5,42828.5,0,626
2025-06-24 06:00:00,42800.5,42839.5,42797.5,42833.5,0,625
2025-06-24 05:00:00,42850.5,42850.5,42784.5,42802.5,0,1133
2025-06-24 04:00:00,42809.5,42855.5,42782.5,42851.5,0,1335
2025-06-24 03:00:00,42794.5,42826.8,42760.5,42808.5,0,1832
2025-06-24 02:00:00,42757.5,42821.8,42751.5,42796.5,0,1661
2025-06-24 01:00:00,42614.0,42791.8,42609.0,42758.5,0,2345
2025-06-23 23:00:00,42615.5,42632.5,42593.0,42631.0,0,1450
2025-06-23 22:00:00,42510.2,42645.0,42505.2,42617.0,0,4116
2025-06-23 21:00:00,42511.4,42559.2,42432.6,42511.2,0,4425
2025-06-23 20:00:00,42098.5,42549.2,42073.7,42510.4,0,6466
2025-06-23 19:00:00,42249.2,42267.6,41999.3,42099.5,0,6617
2025-06-23 18:00:00,42273.2,42363.6,42216.2,42250.2,0,4512
2025-06-23 17:00:00,42367.6,42455.2,42270.2,42272.2,0,5241
2025-06-23 16:00:00,42255.1,42368.2,42145.0,42363.6,0,4486
2025-06-23 15:00:00,42152.6,42258.1,42139.3,42253.1,0,2154
2025-06-23 14:00:00,42214.6,42223.1,42089.6,42151.6,0,2498
2025-06-23 13:00:00,42263.2,42300.0,42210.1,42214.1,0,1922
2025-06-23 12:00:00,42283.6,42304.0,42228.7,42264.2,0,1606
2025-06-23 11:00:00,42254.1,42320.1,42232.6,42281.6,0,2072
2025-06-23 10:00:00,42128.2,42266.1,42123.2,42255.1,0,2619
2025-06-23 09:00:00,42132.2,42160.3,42101.2,42123.2,0,1427
2025-06-23 08:00:00,42089.2,42153.1,42087.2,42134.2,0,1143
2025-06-23 07:00:00,42094.6,42106.6,42081.6,42088.6,0,507
2025-06-23 06:00:00,42083.6,42105.6,42079.6,42092.6,0,582
2025-06-23 05:00:00,42073.6,42097.3,42064.6,42084.6,0,793
2025-06-23 04:00:00,42051.6,42082.3,42035.6,42072.6,0,1301
2025-06-23 03:00:00,42098.6,42104.6,42034.6,42052.6,0,1872
2025-06-23 02:00:00,42116.5,42118.5,42066.5,42101.5,0,1447
2025-06-23 01:00:00,41950.0,42167.2,41947.0,42118.5,0,2271
2025-06-20 23:00:00,42203.4,42296.6,42203.4,42266.6,0,1900
2025-06-20 22:00:00,42157.4,42273.2,42139.5,42211.4,0,4771
2025-06-20 21:00:00,42152.4,42252.6,42128.5,42156.4,0,3735
2025-06-20 20:00:00,42280.4,42324.4,42098.7,42153.4,0,4534
2025-06-20 19:00:00,42257.2,42313.2,42209.6,42282.4,0,4439
2025-06-20 18:00:00,42232.6,42366.6,42176.2,42258.2,0,5184
2025-06-20 17:00:00,42329.4,42382.2,42222.2,42233.6,0,6434
2025-06-20 16:00:00,42343.1,42456.2,42306.2,42325.4,0,4935
2025-06-20 15:00:00,42233.1,42378.1,42230.1,42342.1,0,2757
2025-06-20 14:00:00,42139.7,42310.2,42122.2,42234.1,0,2363
2025-06-20 13:00:00,42151.1,42161.1,42100.7,42140.1,0,1365
2025-06-20 12:00:00,42079.2,42165.1,42073.2,42153.1,0,1415
2025-06-20 11:00:00,42144.1,42212.1,42072.2,42078.2,0,1963
2025-06-20 10:00:00,42084.2,42158.6,42064.2,42145.1,0,1881
2025-06-20 09:00:00,42130.2,42165.1,42079.2,42088.2,0,1481
2025-06-20 08:00:00,42107.2,42130.3,42073.2,42129.2,0,991
2025-06-20 07:00:00,42096.6,42118.6,42083.6,42106.6,0,555
2025-06-20 06:00:00,42061.6,42112.6,42051.6,42095.6,0,800
2025-06-20 05:00:00,42029.6,42073.6,42018.6,42060.6,0,879
2025-06-20 04:00:00,42079.6,42093.6,41994.6,42027.6,0,1637
2025-06-20 03:00:00,42050.6,42118.3,42049.6,42078.6,0,1549
2025-06-20 02:00:00,42059.6,42076.6,42031.6,42051.6,0,1389
2025-06-20 01:00:00,41993.1,42091.9,41969.6,42056.6,0,2159
2025-06-19 19:00:00,41791.7,41873.3,41790.7,41811.5,0,1620
2025-06-19 18:00:00,41870.5,41901.5,41784.7,41790.7,0,2407
2025-06-19 17:00:00,41838.3,41895.3,41819.5,41868.5,0,2384
2025-06-19 16:00:00,41921.2,41960.1,41781.3,41835.3,0,2712
2025-06-19 15:00:00,41998.1,42015.3,41902.3,41922.2,0,1781
2025-06-19 14:00:00,42058.2,42065.2,41975.3,41999.1,0,1292
2025-06-19 13:00:00,42034.1,42075.1,41999.2,42056.2,0,1326
2025-06-19 12:00:00,42036.2,42067.2,42027.2,42034.2,0,1055
2025-06-19 11:00:00,41975.2,42082.7,41974.2,42037.2,0,1851
2025-06-19 10:00:00,42103.2,42106.2,41957.3,41974.2,0,2553
2025-06-19 09:00:00,42089.2,42108.2,42051.2,42105.2,0,1760
2025-06-19 08:00:00,42166.1,42167.1,42083.2,42088.2,0,734
2025-06-19 07:00:00,42151.5,42170.5,42137.6,42165.5,0,521
2025-06-19 06:00:00,42104.6,42157.5,42103.6,42152.5,0,620
2025-06-19 05:00:00,42081.6,42129.6,42065.6,42100.6,0,910
2025-06-19 04:00:00,42138.6,42138.6,41987.3,42082.6,0,1985
2025-06-19 03:00:00,42192.5,42197.5,42078.3,42136.6,0,1539
2025-06-19 02:00:00,42169.5,42200.5,42161.5,42193.5,0,753
2025-06-19 01:00:00,42195.5,42219.0,42146.5,42170.5,0,715
2025-06-18 23:00:00,42212.0,42252.0,42202.0,42214.0,0,1628
2025-06-18 22:00:00,42210.4,42300.4,42136.7,42214.0,0,6744
2025-06-18 21:00:00,42366.8,42474.2,42181.2,42207.4,0,6690
2025-06-18 20:00:00,42341.6,42405.2,42288.6,42370.8,0,3705
2025-06-18 19:00:00,42381.6,42437.4,42331.4,42345.6,0,3795
2025-06-18 18:00:00,42514.4,42526.4,42370.2,42380.6,0,4054
2025-06-18 17:00:00,42348.4,42548.2,42325.2,42513.4,0,4784
2025-06-18 16:00:00,42246.2,42369.2,42207.2,42346.4,0,4109
2025-06-18 15:00:00,42287.6,42303.0,42243.0,42243.2,0,1935
2025-06-18 14:00:00,42206.1,42318.0,42187.2,42286.1,0,1867
2025-06-18 13:00:00,42329.6,42332.1,42198.6,42205.1,0,1902
2025-06-18 12:00:00,42306.2,42359.0,42306.2,42330.1,0,1212
2025-06-18 11:00:00,42316.1,42325.5,42262.2,42305.2,0,1918
2025-06-18 10:00:00,42289.2,42346.0,42285.2,42314.1,0,1926
2025-06-18 09:00:00,42266.1,42351.0,42259.1,42290.0,0,1464
2025-06-18 08:00:00,42254.1,42281.1,42252.1,42269.1,0,711
2025-06-18 07:00:00,42248.5,42266.8,42227.5,42253.5,0,671
2025-06-18 06:00:00,42262.5,42270.5,42243.5,42249.5,0,647
2025-06-18 05:00:00,42255.5,42296.5,42247.5,42263.5,0,741
2025-06-18 04:00:00,42252.2,42285.2,42244.5,42253.5,0,1290
2025-06-18 03:00:00,42146.5,42268.5,42146.5,42253.2,0,1925
2025-06-18 02:00:00,42122.6,42177.8,42115.6,42147.5,0,1537
2025-06-18 01:00:00,42232.0,42232.0,42114.3,42124.6,0,1447
2025-06-17 23:00:00,42253.0,42270.0,42228.5,42261.0,0,1658
2025-06-17 22:00:00,42249.4,42289.2,42201.2,42245.0,0,4287
2025-06-17 21:00:00,42276.2,42285.2,42162.6,42248.4,0,4691
2025-06-17 20:00:00,42421.2,42454.2,42255.2,42284.2,0,4740
2025-06-17 19:00:00,42476.4,42541.2,42400.6,42423.2,0,3821
2025-06-17 18:00:00,42468.6,42576.6,42436.6,42475.4,0,3868
2025-06-17 17:00:00,42473.6,42537.2,42424.6,42469.6,0,4329
2025-06-17 16:00:00,42315.0,42454.2,42295.2,42445.6,0,4324
2025-06-17 15:00:00,42374.6,42398.2,42306.2,42314.0,0,2332
2025-06-17 14:00:00,42304.2,42379.5,42296.2,42375.1,0,1649
2025-06-17 13:00:00,42290.1,42334.0,42244.5,42306.2,0,1735
2025-06-17 12:00:00,42325.1,42363.5,42258.0,42291.1,0,1972
2025-06-17 11:00:00,42273.0,42354.0,42259.2,42322.1,0,2514
2025-06-17 10:00:00,42359.0,42393.2,42218.2,42272.0,0,3558
2025-06-17 09:00:00,42399.1,42439.3,42348.0,42358.3,0,1802
2025-06-17 08:00:00,42396.1,42415.3,42369.1,42397.1,0,1317
2025-06-17 07:00:00,42415.5,42435.8,42376.5,42395.5,0,1090
2025-06-17 06:00:00,42449.8,42453.8,42377.5,42413.5,0,1703
2025-06-17 05:00:00,42403.5,42457.8,42324.5,42451.8,0,1888
2025-06-17 04:00:00,42421.5,42444.2,42360.5,42404.5,0,2261
2025-06-17 03:00:00,42312.2,42426.8,42303.8,42423.5,0,2762
2025-06-17 02:00:00,42449.5,42492.2,42310.2,42311.2,0,2876
2025-06-17 01:00:00,42586.0,42598.0,42418.5,42450.5,0,1781
2025-06-16 23:00:00,42557.0,42600.0,42552.0,42556.5,0,1306
2025-06-16 22:00:00,42543.4,42556.0,42476.6,42553.0,0,3881
2025-06-16 21:00:00,42544.6,42590.2,42499.6,42542.4,0,2922
2025-06-16 20:00:00,42587.2,42652.6,42539.2,42545.6,0,3445
2025-06-16 19:00:00,42593.6,42650.2,42563.6,42588.2,0,3284
2025-06-16 18:00:00,42699.2,42705.2,42575.6,42592.6,0,4164
2025-06-16 17:00:00,42648.6,42747.2,42642.6,42700.2,0,4986
2025-06-16 16:00:00,42472.1,42668.2,42409.7,42642.6,0,4496
2025-06-16 15:00:00,42450.6,42500.0,42439.2,42469.1,0,1738
2025-06-16 14:00:00,42403.2,42459.0,42364.2,42451.1,0,1678
2025-06-16 13:00:00,42356.0,42410.5,42342.6,42409.2,0,1326
2025-06-16 12:00:00,42400.1,42413.1,42335.2,42357.0,0,1452
2025-06-16 11:00:00,42418.2,42422.2,42344.7,42402.1,0,2028
2025-06-16 10:00:00,42347.1,42443.0,42347.0,42426.2,0,2407
2025-06-16 09:00:00,42275.1,42361.1,42270.1,42348.1,0,1603
2025-06-16 08:00:00,42224.1,42295.3,42224.1,42276.1,0,951
2025-06-16 07:00:00,42225.5,42236.5,42217.2,42223.5,0,536
2025-06-16 06:00:00,42256.5,42261.5,42219.2,42226.5,0,546
2025-06-16 05:00:00,42240.5,42276.8,42225.5,42258.5,0,854
2025-06-16 04:00:00,42250.5,42263.5,42227.8,42239.5,0,1169
2025-06-16 03:00:00,42231.5,42256.5,42204.8,42251.5,0,1880
2025-06-16 02:00:00,42168.5,42248.8,42147.5,42233.5,0,1883
2025-06-16 01:00:00,42046.0,42203.5,42012.0,42166.5,0,2143
2025-06-13 23:00:00,42215.6,42239.2,42177.2,42209.6,0,2452
2025-06-13 22:00:00,42185.2,42218.6,42095.7,42211.6,0,5767
2025-06-13 21:00:00,42374.2,42402.2,42084.7,42184.6,0,6457
2025-06-13 20:00:00,42506.2,42514.2,42334.2,42372.2,0,4864
2025-06-13 19:00:00,42571.6,42610.2,42453.6,42507.2,0,4226
2025-06-13 18:00:00,42437.6,42626.2,42410.6,42573.6,0,5105
2025-06-13 17:00:00,42403.6,42445.2,42265.6,42433.6,0,6567
2025-06-13 16:00:00,42553.1,42601.0,42357.0,42360.6,0,5211
2025-06-13 15:00:00,42582.0,42623.0,42549.2,42552.1,0,2589
2025-06-13 14:00:00,42536.0,42596.0,42524.2,42583.0,0,2661
2025-06-13 13:00:00,42489.1,42545.0,42456.2,42535.0,0,2606
2025-06-13 12:00:00,42485.0,42541.0,42430.0,42486.1,0,3262
2025-06-13 11:00:00,42507.0,42544.2,42453.2,42483.5,0,3367
2025-06-13 10:00:00,42495.2,42525.0,42417.1,42508.0,0,3619
2025-06-13 09:00:00,42446.3,42499.9,42389.0,42496.9,0,3242
2025-06-13 08:00:00,42385.0,42445.3,42353.1,42445.3,0,2307
2025-06-13 07:00:00,42423.8,42427.8,42331.5,42385.2,0,1966
2025-06-13 06:00:00,42349.5,42435.8,42315.2,42424.8,0,2471
2025-06-13 05:00:00,42462.2,42464.5,42208.2,42348.5,0,3641
2025-06-13 04:00:00,42441.8,42465.8,42292.2,42464.2,0,4638
2025-06-13 03:00:00,42777.8,42779.8,42377.8,42442.8,0,6963
2025-06-13 02:00:00,42924.5,42928.5,42773.8,42778.8,0,907
2025-06-13 01:00:00,42936.0,42945.0,42896.2,42925.5,0,863
2025-06-12 23:00:00,42994.5,43001.0,42939.5,42954.0,0,1463
2025-06-12 22:00:00,42986.2,43000.0,42923.6,42997.0,0,3180
2025-06-12 21:00:00,42964.4,42993.2,42920.6,42987.2,0,3114
2025-06-12 20:00:00,42905.2,42982.2,42899.6,42963.4,0,3165
2025-06-12 19:00:00,42884.2,42954.2,42835.2,42903.2,0,4279
2025-06-12 18:00:00,42873.6,42938.2,42806.2,42882.2,0,4934
2025-06-12 17:00:00,42748.2,42934.2,42722.6,42872.6,0,4777
2025-06-12 16:00:00,42764.0,42803.0,42641.6,42749.2,0,4584
2025-06-12 15:00:00,42604.6,42767.0,42604.6,42763.0,0,2844
2025-06-12 14:00:00,42635.5,42661.0,42588.2,42605.1,0,2193
2025-06-12 13:00:00,42624.2,42662.0,42594.7,42637.0,0,2172
2025-06-12 12:00:00,42690.1,42708.5,42623.2,42623.2,0,1946
2025-06-12 11:00:00,42687.0,42717.0,42633.2,42688.1,0,2717
2025-06-12 10:00:00,42809.2,42846.5,42678.2,42693.0,0,2493
2025-06-12 09:00:00,42774.1,42809.9,42744.9,42808.9,0,1326
2025-06-12 08:00:00,42777.1,42785.3,42741.9,42775.1,0,863
2025-06-12 07:00:00,42758.8,42777.8,42745.2,42777.5,0,565
2025-06-12 06:00:00,42727.5,42778.5,42722.5,42757.8,0,711
2025-06-12 05:00:00,42741.5,42752.8,42715.5,42726.5,0,995
2025-06-12 04:00:00,42767.8,42806.5,42688.8,42740.5,0,1776
2025-06-12 03:00:00,42843.5,42851.8,42750.2,42766.8,0,1777
2025-06-12 02:00:00,42830.5,42874.5,42818.8,42840.5,0,1095
2025-06-12 01:00:00,42851.0,42913.5,42820.2,42838.5,0,1069
2025-06-11 23:00:00,42907.0,42917.0,42869.0,42886.5,0,1683
2025-06-11 22:00:00,42871.6,42917.0,42793.6,42904.0,0,6041
2025-06-11 21:00:00,43021.2,43038.2,42761.2,42870.6,0,6727
2025-06-11 20:00:00,43042.6,43151.2,43010.6,43023.2,0,4079
2025-06-11 19:00:00,43039.2,43061.2,42953.2,43041.6,0,4477
2025-06-11 18:00:00,43050.2,43084.2,42993.6,43038.2,0,4488
2025-06-11 17:00:00,42960.6,43085.6,42916.6,43051.2,0,4680
2025-06-11 16:00:00,42956.2,42985.2,42831.2,42963.6,0,5498
2025-06-11 15:00:00,42819.2,43125.8,42757.0,42957.2,0,5007
2025-06-11 14:00:00,42821.2,42830.5,42745.2,42818.2,0,1626
2025-06-11 13:00:00,42814.0,42839.7,42796.0,42822.2,0,1092
2025-06-11 12:00:00,42856.5,42859.5,42810.5,42813.0,0,1051
2025-06-11 11:00:00,42828.2,42874.2,42810.7,42856.0,0,1486
2025-06-11 10:00:00,42809.0,42840.0,42777.2,42827.2,0,1865
2025-06-11 09:00:00,42800.3,42816.3,42780.9,42808.3,0,1287
2025-06-11 08:00:00,42783.1,42818.1,42768.9,42798.3,0,1029
2025-06-11 07:00:00,42800.5,42824.8,42777.2,42782.5,0,662
2025-06-11 06:00:00,42790.5,42804.8,42779.2,42801.5,0,625
2025-06-11 05:00:00,42801.5,42808.5,42783.5,42791.5,0,595
2025-06-11 04:00:00,42821.5,42838.5,42772.5,42800.5,0,1274
2025-06-11 03:00:00,42874.5,42890.5,42819.5,42822.5,0,1486
2025-06-11 02:00:00,42899.5,42935.2,42814.5,42879.5,0,1643
2025-06-11 01:00:00,42881.0,42908.8,42864.5,42900.5,0,568
2025-06-10 23:00:00,42896.0,42902.0,42845.5,42876.0,0,1441
2025-06-10 22:00:00,42873.6,42943.2,42817.6,42901.0,0,4059
2025-06-10 21:00:00,42845.9,42897.6,42761.6,42872.6,0,3834
2025-06-10 20:00:00,42905.6,42959.2,42837.6,42844.9,0,3177
2025-06-10 19:00:00,42810.6,42911.2,42810.6,42903.6,0,3005
2025-06-10 18:00:00,42818.6,42855.2,42729.2,42811.6,0,4249
2025-06-10 17:00:00,42775.6,42861.2,42757.6,42815.6,0,4086
2025-06-10 16:00:00,42792.2,42834.0,42749.6,42776.6,0,3888
2025-06-10 15:00:00,42795.2,42819.0,42785.2,42791.2,0,1730
2025-06-10 14:00:00,42780.5,42798.5,42738.2,42795.7,0,1842
2025-06-10 13:00:00,42742.1,42782.5,42742.1,42780.0,0,1429
2025-06-10 12:00:00,42733.1,42757.0,42714.2,42742.6,0,1417
2025-06-10 11:00:00,42740.2,42752.0,42671.2,42735.1,0,2540
2025-06-10 10:00:00,42768.1,42794.0,42662.2,42743.2,0,3268
2025-06-10 09:00:00,42790.1,42805.9,42753.9,42769.1,0,2056
2025-06-10 08:00:00,42884.1,42900.3,42691.3,42788.1,0,2801
2025-06-10 07:00:00,42910.5,42919.5,42882.5,42883.5,0,483
2025-06-10 06:00:00,42935.5,42943.5,42908.5,42911.5,0,470
2025-06-10 05:00:00,42919.5,42948.8,42891.5,42934.5,0,779
2025-06-10 04:00:00,42826.5,42944.2,42825.5,42918.5,0,1467
2025-06-10 03:00:00,42797.5,42838.5,42767.5,42827.5,0,893
2025-06-10 02:00:00,42797.5,42806.5,42792.5,42801.5,0,380
2025-06-10 01:00:00,42790.0,42822.5,42790.0,42796.5,0,571
2025-06-09 23:00:00,42788.5,42805.5,42766.0,42802.0,0,1320
2025-06-09 22:00:00,42880.6,42897.2,42778.0,42786.0,0,3439
2025-06-09 21:00:00,42887.4,42928.2,42848.6,42879.6,0,2708
2025-06-09 20:00:00,42825.6,42911.2,42822.0,42889.4,0,3173
2025-06-09 19:00:00,42752.6,42863.2,42721.6,42824.6,0,3161
2025-06-09 18:00:00,42675.6,42775.2,42667.6,42753.6,0,3707
2025-06-09 17:00:00,42675.2,42721.6,42587.6,42673.6,0,4902
2025-06-09 16:00:00,42828.0,42846.0,42664.6,42668.6,0,4279
2025-06-09 15:00:00,42848.2,42858.6,42824.2,42827.0,0,1626
2025-06-09 14:00:00,42813.0,42873.2,42812.0,42848.7,0,1753
2025-06-09 13:00:00,42820.0,42835.0,42798.7,42813.5,0,1018
2025-06-09 12:00:00,42850.7,42858.0,42816.1,42819.0,0,1148
2025-06-09 11:00:00,42826.0,42857.0,42798.2,42850.2,0,1714
2025-06-09 10:00:00,42789.0,42826.5,42752.0,42826.5,0,1846
2025-06-09 09:00:00,42740.1,42790.1,42722.3,42789.3,0,952
2025-06-09 08:00:00,42741.3,42742.3,42717.1,42739.1,0,699
2025-06-09 07:00:00,42727.5,42744.5,42716.5,42739.8,0,509
2025-06-09 06:00:00,42740.5,42740.5,42705.5,42729.5,0,567
2025-06-09 05:00:00,42751.5,42765.5,42725.2,42742.5,0,678
2025-06-09 04:00:00,42771.5,42772.5,42737.2,42748.5,0,715
2025-06-09 03:00:00,42784.8,42799.8,42762.5,42770.5,0,1061
2025-06-09 02:00:00,42756.5,42799.2,42746.5,42787.8,0,898
2025-06-09 01:00:00,42858.0,42862.0,42744.8,42755.5,0,1559
2025-06-06 23:00:00,42783.7,42818.2,42773.4,42809.2,0,1187
2025-06-06 22:00:00,42774.6,42829.6,42767.6,42778.2,0,3979
2025-06-06 21:00:00,42709.4,42829.2,42709.4,42776.6,0,3807
2025-06-06 20:00:00,42652.2,42725.2,42608.6,42710.4,0,3850
2025-06-06 19:00:00,42715.2,42757.2,42598.6,42651.2,0,4667
2025-06-06 18:00:00,42787.2,42862.2,42614.6,42714.2,0,5511
2025-06-06 17:00:00,42904.2,42913.2,42781.6,42786.2,0,5202
2025-06-06 16:00:00,42651.2,42956.2,42636.2,42906.2,0,5531
2025-06-06 15:00:00,42476.2,42668.0,42474.7,42652.2,0,3538
2025-06-06 14:00:00,42457.2,42488.0,42430.0,42477.2,0,1972
2025-06-06 13:00:00,42489.7,42502.0,42455.2,42458.7,0,1225
2025-06-06 12:00:00,42509.0,42517.0,42476.2,42489.2,0,1314
2025-06-06 11:00:00,42518.6,42526.5,42480.2,42508.5,0,1800
2025-06-06 10:00:00,42533.2,42555.0,42510.2,42515.6,0,1855
2025-06-06 09:00:00,42495.1,42535.3,42476.1,42534.3,0,1224
2025-06-06 08:00:00,42492.3,42511.1,42483.1,42494.1,0,868
2025-06-06 07:00:00,42464.5,42491.8,42451.8,42490.8,0,715
2025-06-06 06:00:00,42446.5,42476.5,42435.5,42463.5,0,749
2025-06-06 05:00:00,42453.5,42458.5,42432.5,42445.5,0,836
2025-06-06 04:00:00,42450.5,42480.2,42431.5,42451.5,0,1158
2025-06-06 03:00:00,42407.5,42466.8,42407.5,42451.5,0,1574
2025-06-06 02:00:00,42400.5,42424.8,42375.5,42404.5,0,1232
2025-06-06 01:00:00,42339.0,42402.5,42332.0,42401.5,0,964
2025-06-05 23:00:00,42359.5,42415.0,42352.0,42366.0,0,2651
2025-06-05 22:00:00,42508.6,42528.2,42238.2,42356.0,0,7445
2025-06-05 21:00:00,42521.2,42539.2,42340.2,42503.6,0,5139
2025-06-05 20:00:00,42429.2,42597.2,42404.6,42520.2,0,4473
2025-06-05 19:00:00,42603.2,42641.2,42388.6,42431.2,0,5176
2025-06-05 18:00:00,42504.6,42616.2,42501.6,42598.6,0,4547
2025-06-05 17:00:00,42290.2,42529.2,42287.2,42502.6,0,6745
2025-06-05 16:00:00,42555.2,42581.0,42266.6,42289.2,0,6059
2025-06-05 15:00:00,42485.1,42708.0,42432.2,42553.2,0,3292
2025-06-05 14:00:00,42485.7,42506.1,42465.2,42486.1,0,1536
2025-06-05 13:00:00,42511.0,42533.1,42472.2,42486.2,0,1345
2025-06-05 12:00:00,42540.0,42551.5,42499.2,42510.0,0,1466
2025-06-05 11:00:00,42540.2,42580.5,42521.5,42541.0,0,1899
2025-06-05 10:00:00,42449.0,42550.0,42448.0,42541.2,0,1985
2025-06-05 09:00:00,42458.1,42462.1,42438.1,42449.3,0,769
2025-06-05 08:00:00,42467.1,42468.1,42440.9,42459.1,0,653
2025-06-05 07:00:00,42447.5,42467.5,42443.5,42465.5,0,341
2025-06-05 06:00:00,42439.5,42455.5,42432.5,42448.5,0,448
2025-06-05 05:00:00,42463.2,42465.5,42426.5,42438.5,0,532
2025-06-05 04:00:00,42451.5,42462.5,42434.5,42462.2,0,758
2025-06-05 03:00:00,42433.5,42474.5,42430.5,42450.5,0,898
2025-06-05 02:00:00,42446.5,42454.5,42423.5,42432.5,0,666
2025-06-05 01:00:00,42441.0,42472.5,42428.0,42445.5,0,760
2025-06-04 23:00:00,42461.0,42474.0,42442.5,42447.5,0,1243
2025-06-04 22:00:00,42546.6,42564.6,42462.0,42462.0,0,3646
2025-06-04 21:00:00,42612.4,42641.2,42538.6,42551.2,0,2955
2025-06-04 20:00:00,42576.6,42625.2,42576.6,42610.4,0,2710
2025-06-04 19:00:00,42580.2,42587.2,42517.6,42575.6,0,4074
2025-06-04 18:00:00,42628.6,42657.2,42546.6,42579.6,0,4546
2025-06-04 17:00:00,42604.6,42647.2,42525.6,42624.6,0,5650
2025-06-04 16:00:00,42559.2,42687.0,42548.2,42613.6,0,4366
2025-06-04 15:00:00,42638.2,42657.0,42517.7,42558.2,0,3004
2025-06-04 14:00:00,42642.2,42653.5,42612.7,42637.2,0,1266
2025-06-04 13:00:00,42624.2,42646.2,42610.2,42642.7,0,1335
2025-06-04 12:00:00,42623.0,42649.0,42611.7,42626.7,0,1326
2025-06-04 11:00:00,42627.2,42669.2,42616.7,42622.0,0,1838
2025-06-04 10:00:00,42581.0,42630.0,42553.2,42626.2,0,1848
2025-06-04 09:00:00,42556.1,42590.1,42539.1,42580.3,0,1125
2025-06-04 08:00:00,42533.1,42562.3,42529.9,42555.1,0,599
2025-06-04 07:00:00,42543.5,42558.8,42532.2,42532.5,0,433
2025-06-04 06:00:00,42536.5,42549.8,42527.5,42544.5,0,524
2025-06-04 05:00:00,42562.5,42567.5,42537.5,42537.5,0,672
2025-06-04 04:00:00,42585.5,42600.5,42550.5,42560.5,0,1063
2025-06-04 03:00:00,42596.8,42618.8,42576.5,42584.5,0,1304
2025-06-04 02:00:00,42586.5,42608.5,42570.5,42595.8,0,887
2025-06-04 01:00:00,42580.0,42612.8,42568.5,42587.5,0,468
2025-06-03 23:00:00,42569.5,42570.0,42536.0,42562.5,0,1369
2025-06-03 22:00:00,42577.2,42598.2,42515.2,42570.0,0,3874
2025-06-03 21:00:00,42552.2,42611.2,42492.2,42576.2,0,3992
2025-06-03 20:00:00,42533.6,42603.2,42519.2,42550.2,0,2958
2025-06-03 19:00:00,42509.2,42550.2,42466.6,42532.6,0,3059
2025-06-03 18:00:00,42389.6,42512.2,42387.6,42510.2,0,3814
2025-06-03 17:00:00,42259.2,42400.2,42212.6,42392.2,0,5298
2025-06-03 16:00:00,42266.1,42404.2,42251.2,42261.2,0,4344
2025-06-03 15:00:00,42255.6,42293.0,42239.2,42264.1,0,2001
2025-06-03 14:00:00,42216.2,42261.0,42195.2,42256.1,0,1586
2025-06-03 13:00:00,42189.1,42219.0,42161.2,42214.7,0,1559
2025-06-03 12:00:00,42162.1,42201.0,42145.2,42188.1,0,1489
2025-06-03 11:00:00,42138.2,42164.1,42092.2,42163.1,0,2109
2025-06-03 10:00:00,42190.1,42208.6,42086.1,42139.2,0,2532
2025-06-03 09:00:00,42208.1,42215.1,42166.1,42191.1,0,992
2025-06-03 08:00:00,42181.1,42208.1,42176.1,42206.1,0,575
2025-06-03 07:00:00,42193.5,42195.5,42167.5,42180.5,0,385
2025-06-03 06:00:00,42205.5,42205.5,42166.2,42195.5,0,646
2025-06-03 05:00:00,42241.5,42247.5,42172.5,42206.5,0,945
2025-06-03 04:00:00,42257.5,42267.5,42237.5,42240.5,0,898
2025-06-03 03:00:00,42256.5,42271.5,42245.5,42256.5,0,959
2025-06-03 02:00:00,42304.5,42337.8,42245.8,42257.5,0,1212
2025-06-03 01:00:00,42337.0,42338.0,42303.5,42303.5,0,373
2025-06-02 23:00:00,42338.0,42384.5,42337.0,42340.0,0,1659
2025-06-02 22:00:00,42275.6,42351.0,42269.6,42337.0,0,3748
2025-06-02 21:00:00,42130.3,42278.4,42110.7,42276.6,0,3726
2025-06-02 20:00:00,42143.6,42172.2,42083.3,42131.3,0,3829
2025-06-02 19:00:00,42136.3,42147.2,42044.7,42142.6,0,4107
2025-06-02 18:00:00,42147.2,42160.2,42026.7,42134.3,0,5017
2025-06-02 17:00:00,41943.7,42155.6,41869.7,42144.2,0,6633
2025-06-02 16:00:00,42165.1,42186.0,41975.7,41982.7,0,5317
2025-06-02 15:00:00,42147.0,42195.0,42122.1,42167.1,0,2046
2025-06-02 14:00:00,42111.2,42192.0,42088.2,42146.0,0,1916
2025-06-02 13:00:00,42051.2,42131.1,42038.1,42112.2,0,2066
2025-06-02 12:00:00,42091.1,42100.1,42008.3,42050.2,0,2438
2025-06-02 11:00:00,42037.1,42122.3,42015.1,42092.1,0,2827
2025-06-02 10:00:00,42041.2,42118.1,41943.6,42038.1,0,3371
2025-06-02 09:00:00,42082.2,42090.2,42024.2,42043.2,0,1645
2025-06-02 08:00:00,42102.2,42125.2,42065.2,42084.2,0,1057
2025-06-02 07:00:00,42107.6,42135.6,42089.6,42101.6,0,664
2025-06-02 06:00:00,42146.5,42147.5,42096.6,42106.6,0,1117
2025-06-02 05:00:00,42145.5,42170.5,42114.6,42145.5,0,976
2025-06-02 04:00:00,42162.5,42186.5,42125.6,42144.5,0,1327
2025-06-02 03:00:00,42150.5,42195.5,42140.5,42161.5,0,1626
2025-06-02 02:00:00,42158.5,42163.5,42116.5,42153.5,0,1067
2025-06-02 01:00:00,42163.0,42207.5,42154.5,42159.5,0,1165
2025-05-30 23:00:00,42246.2,42314.2,42201.1,42226.6,0,2301
2025-05-30 22:00:00,42262.2,42403.2,42243.2,42254.2,0,6195
2025-05-30 21:00:00,42090.3,42276.2,42085.7,42263.2,0,5003
2025-05-30 20:00:00,42001.7,42150.2,41983.7,42089.3,0,5388
2025-05-30 19:00:00,42178.4,42249.2,41921.7,42003.7,0,6747
2025-05-30 18:00:00,42196.2,42260.2,42127.7,42177.4,0,5399
2025-05-30 17:00:00,42167.6,42308.2,42167.6,42195.2,0,5762
2025-05-30 16:00:00,42101.1,42226.2,42077.3,42166.6,0,5630
2025-05-30 15:00:00,42192.1,42234.0,41960.3,42099.1,0,4959
2025-05-30 14:00:00,42208.0,42236.2,42184.2,42190.1,0,1567
2025-05-30 13:00:00,42178.1,42229.0,42160.2,42208.5,0,1457
2025-05-30 12:00:00,42188.1,42232.1,42175.1,42176.1,0,1597
2025-05-30 11:00:00,42197.0,42235.2,42169.7,42189.1,0,2009
2025-05-30 10:00:00,42148.2,42222.0,42128.1,42201.0,0,2494
2025-05-30 09:00:00,42220.1,42235.0,42148.0,42151.0,0,1885
2025-05-30 08:00:00,42185.1,42245.3,42178.1,42219.1,0,1089
2025-05-30 07:00:00,42182.5,42196.5,42167.5,42185.5,0,579
2025-05-30 06:00:00,42191.8,42196.8,42159.5,42183.5,0,739
2025-05-30 05:00:00,42179.2,42205.8,42171.5,42192.8,0,929
2025-05-30 04:00:00,42161.5,42182.5,42059.9,42180.2,0,1924
2025-05-30 03:00:00,42152.2,42197.2,42145.5,42160.5,0,1712
2025-05-30 02:00:00,42183.5,42207.5,42151.2,42154.2,0,1210
2025-05-30 01:00:00,42184.0,42226.5,42148.2,42184.5,0,1335
2025-05-29 23:00:00,42249.0,42265.0,42198.0,42215.5,0,1577
2025-05-29 22:00:00,42180.2,42301.2,42156.6,42251.0,0,5287
2025-05-29 21:00:00,42116.3,42220.2,42056.7,42177.2,0,4916
2025-05-29 20:00:00,42129.7,42194.2,42107.7,42115.3,0,5071
2025-05-29 19:00:00,41930.3,42158.2,41850.7,42133.7,0,5828
2025-05-29 18:00:00,42200.2,42210.2,41887.7,41929.3,0,6200
2025-05-29 17:00:00,42217.6,42248.2,42090.7,42201.2,0,7029
2025-05-29 16:00:00,42234.0,42305.0,42146.6,42218.6,0,5523
2025-05-29 15:00:00,42286.0,42320.0,42182.2,42233.0,0,3536
2025-05-29 14:00:00,42390.0,42394.0,42282.2,42287.0,0,2586
2025-05-29 13:00:00,42501.0,42504.0,42338.2,42389.0,0,2658
2025-05-29 12:00:00,42614.5,42622.1,42496.2,42502.0,0,1876
2025-05-29 11:00:00,42706.0,42721.0,42599.7,42614.0,0,2032
2025-05-29 10:00:00,42656.0,42711.0,42610.2,42702.7,0,2090
2025-05-29 09:00:00,42713.9,42714.1,42644.9,42654.3,0,1657
2025-05-29 08:00:00,42715.1,42750.3,42698.1,42715.9,0,1170
2025-05-29 07:00:00,42673.5,42719.5,42673.5,42714.5,0,804
2025-05-29 06:00:00,42695.2,42742.8,42664.2,42674.5,0,1194
2025-05-29 05:00:00,42683.2,42732.8,42674.2,42697.2,0,1809
2025-05-29 04:00:00,42656.5,42686.8,42580.2,42682.2,0,2386
2025-05-29 03:00:00,42632.5,42672.5,42541.2,42655.5,0,3489
2025-05-29 02:00:00,42314.2,42679.8,42314.2,42633.5,0,5401
2025-05-29 01:00:00,42128.1,42324.5,42115.1,42310.2,0,1747
2025-05-28 23:00:00,42137.1,42227.0,42096.1,42150.0,0,3847
2025-05-28 22:00:00,42221.6,42288.2,42071.7,42135.1,0,5617
2025-05-28 21:00:00,42228.0,42278.2,42101.7,42222.6,0,3655
2025-05-28 20:00:00,42272.2,42311.2,42221.6,42229.0,0,3118
2025-05-28 19:00:00,42216.2,42291.2,42216.2,42270.2,0,3387
2025-05-28 18:00:00,42271.2,42313.2,42193.6,42215.2,0,4316
2025-05-28 17:00:00,42389.2,42406.2,42253.6,42273.2,0,5442
2025-05-28 16:00:00,42359.7,42484.2,42342.0,42390.2,0,4692
2025-05-28 15:00:00,42373.0,42411.0,42356.7,42358.2,0,1851
2025-05-28 14:00:00,42400.7,42404.2,42352.2,42374.0,0,1534
2025-05-28 13:00:00,42298.0,42406.0,42294.0,42401.2,0,1621
2025-05-28 12:00:00,42282.7,42300.5,42251.0,42300.0,0,1366
2025-05-28 11:00:00,42292.2,42315.1,42279.0,42282.2,0,1439
2025-05-28 10:00:00,42322.2,42343.0,42288.7,42295.0,0,1622
2025-05-28 09:00:00,42345.1,42360.3,42312.0,42323.0,0,996
2025-05-28 08:00:00,42346.1,42366.1,42333.1,42347.1,0,577
2025-05-28 07:00:00,42354.5,42359.8,42340.5,42345.5,0,327
2025-05-28 06:00:00,42369.5,42386.5,42353.5,42355.5,0,580
2025-05-28 05:00:00,42379.5,42385.5,42363.2,42368.5,0,583
2025-05-28 04:00:00,42391.5,42407.5,42373.5,42378.5,0,847
2025-05-28 03:00:00,42407.5,42410.5,42388.8,42390.5,0,904
2025-05-28 02:00:00,42424.5,42446.8,42411.5,42411.5,0,678
2025-05-28 01:00:00,42428.0,42430.8,42402.5,42424.2,0,566
2025-05-27 23:00:00,42386.5,42439.5,42367.0,42434.5,0,1564
2025-05-27 22:00:00,42328.6,42389.0,42312.6,42384.0,0,3705
2025-05-27 21:00:00,42352.6,42383.2,42328.6,42329.6,0,3085
2025-05-27 20:00:00,42282.6,42361.2,42267.3,42354.6,0,3135
2025-05-27 19:00:00,42234.6,42343.2,42230.6,42281.6,0,3830
2025-05-27 18:00:00,42151.2,42240.2,42115.7,42232.6,0,3859
2025-05-27 17:00:00,41997.7,42174.2,41997.7,42150.2,0,4949
2025-05-27 16:00:00,42114.1,42160.0,41905.7,42002.3,0,5070
2025-05-27 15:00:00,42196.0,42196.0,42084.8,42112.1,0,2600
2025-05-27 14:00:00,42151.2,42222.5,42132.3,42198.0,0,1814
2025-05-27 13:00:00,42190.1,42217.0,42154.2,42154.2,0,1574
2025-05-27 12:00:00,42166.0,42222.2,42156.2,42189.1,0,1740
2025-05-27 11:00:00,42196.0,42203.0,42139.3,42165.0,0,2229
2025-05-27 10:00:00,42053.3,42240.0,42039.3,42198.0,0,2584
2025-05-27 09:00:00,42006.0,42077.3,42004.0,42054.0,0,1114
2025-05-27 08:00:00,41984.2,42020.2,41965.2,42007.0,0,1019
2025-05-27 07:00:00,41958.6,41989.6,41953.3,41984.6,0,588
2025-05-27 06:00:00,41983.6,41995.9,41946.3,41959.6,0,841
2025-05-27 05:00:00,41978.6,41989.6,41962.6,41984.6,0,862
2025-05-27 04:00:00,42051.3,42051.3,41975.3,41979.6,0,1241
2025-05-27 03:00:00,42020.6,42052.6,41990.9,42052.3,0,1277
2025-05-27 02:00:00,42041.6,42052.6,42005.6,42021.6,0,863
2025-05-27 01:00:00,42083.6,42099.1,42027.9,42040.6,0,459
2025-05-26 19:00:00,42094.3,42109.3,42055.7,42093.7,0,1136
2025-05-26 18:00:00,42001.3,42098.3,41959.7,42097.3,0,1483
2025-05-26 17:00:00,42070.7,42079.3,41989.7,41998.3,0,1755
2025-05-26 16:00:00,42070.1,42132.3,42033.3,42074.3,0,1799
2025-05-26 15:00:00,42089.2,42121.6,42062.3,42071.1,0,1018
2025-05-26 14:00:00,42065.2,42097.2,42054.3,42088.2,0,758
2025-05-26 13:00:00,42065.2,42094.1,42051.3,42065.6,0,787
2025-05-26 12:00:00,42064.2,42094.2,42050.3,42064.2,0,1012
2025-05-26 11:00:00,42102.3,42135.1,42054.3,42063.2,0,1339
2025-05-26 10:00:00,42051.2,42114.1,42027.3,42101.3,0,1918
2025-05-26 09:00:00,41985.3,42072.3,41957.3,42047.2,0,1784
2025-05-26 08:00:00,42025.2,42027.3,41979.0,41984.3,0,812
2025-05-26 07:00:00,42003.6,42033.3,41983.6,42024.6,0,568
2025-05-26 06:00:00,41955.6,42019.3,41953.3,42005.6,0,858
2025-05-26 05:00:00,41978.6,42008.3,41951.6,41954.6,0,1160
2025-05-26 04:00:00,41935.6,41984.6,41909.3,41977.6,0,1369
2025-05-26 03:00:00,41921.6,41984.9,41896.3,41936.6,0,1990
2025-05-26 02:00:00,41890.5,41977.5,41890.5,41923.5,0,1686
2025-05-26 01:00:00,41624.0,42009.3,41619.5,41889.5,0,2028
2025-05-23 23:00:00,41617.3,41619.8,41549.3,41571.7,0,1818
2025-05-23 22:00:00,41737.7,41788.3,41570.7,41620.3,0,5721
2025-05-23 21:00:00,41737.7,41804.3,41685.7,41738.7,0,5257
2025-05-23 20:00:00,41613.7,41784.3,41596.7,41735.7,0,4802
2025-05-23 19:00:00,41553.7,41660.3,41522.3,41612.7,0,5366
2025-05-23 18:00:00,41505.3,41688.9,41485.7,41550.7,0,6232
2025-05-23 17:00:00,41499.3,41640.3,41491.7,41500.3,0,7446
2025-05-23 16:00:00,41350.1,41548.3,41274.3,41501.3,0,7101
2025-05-23 15:00:00,41330.1,41413.1,41182.1,41347.1,0,6668
2025-05-23 14:00:00,41838.1,41853.8,41278.3,41326.1,0,5483
2025-05-23 13:00:00,41854.8,41870.1,41798.1,41843.1,0,2100
2025-05-23 12:00:00,41891.7,41891.7,41750.3,41855.3,0,2226
2025-05-23 11:00:00,41930.2,41957.1,41888.8,41892.7,0,1965
2025-05-23 10:00:00,41841.3,41973.1,41841.3,41931.2,0,2067
2025-05-23 09:00:00,41871.2,41871.2,41790.2,41844.0,0,1761
2025-05-23 08:00:00,41859.2,41899.0,41858.0,41869.2,0,851
2025-05-23 07:00:00,41907.6,41907.6,41847.9,41858.6,0,629
2025-05-23 06:00:00,41921.6,41936.6,41892.6,41906.6,0,938
2025-05-23 05:00:00,41895.6,41963.6,41890.6,41920.6,0,865
2025-05-23 04:00:00,41926.6,41927.6,41886.6,41894.6,0,1273
2025-05-23 03:00:00,41891.6,41927.6,41887.6,41927.6,0,1203
2025-05-23 02:00:00,41850.9,41898.3,41838.3,41892.6,0,946
2025-05-23 01:00:00,41956.1,41956.1,41847.6,41851.9,0,1040
2025-05-22 23:00:00,41886.1,41950.6,41871.6,41949.6,0,2095
2025-05-22 22:00:00,42063.7,42123.9,41858.1,41888.1,0,5430
2025-05-22 21:00:00,42054.3,42094.7,42002.7,42064.7,0,4641
2025-05-22 20:00:00,41885.3,42081.3,41854.7,42048.7,0,5044
2025-05-22 19:00:00,41960.3,42053.3,41884.3,41887.3,0,5424
2025-05-22 18:00:00,41839.3,41967.3,41791.7,41957.3,0,6103
2025-05-22 17:00:00,41904.3,41961.3,41742.7,41836.3,0,7106
2025-05-22 16:00:00,41786.3,41916.3,41768.3,41896.3,0,5903
2025-05-22 15:00:00,41682.3,41795.1,41640.3,41788.3,0,4063
2025-05-22 14:00:00,41855.1,41915.1,41674.3,41674.3,0,2963
2025-05-22 13:00:00,41846.2,41880.3,41810.8,41852.6,0,1774
2025-05-22 12:00:00,41869.3,41892.1,41828.2,41847.2,0,1512
2025-05-22 11:00:00,41881.2,41899.3,41843.3,41870.3,0,2053
2025-05-22 10:00:00,41885.1,41936.3,41854.1,41883.2,0,2275
2025-05-22 09:00:00,41895.2,41930.3,41864.0,41886.3,0,1299
2025-05-22 08:00:00,41864.2,41903.2,41853.0,41896.2,0,878
2025-05-22 07:00:00,41889.6,41891.6,41857.6,41862.6,0,408
2025-05-22 06:00:00,41875.6,41910.6,41873.6,41890.6,0,657
2025-05-22 05:00:00,41876.6,41911.3,41859.6,41874.6,0,765
2025-05-22 04:00:00,41911.9,41935.3,41874.6,41877.6,0,1166
2025-05-22 03:00:00,41854.6,41915.9,41843.6,41912.9,0,1534
2025-05-22 02:00:00,41822.6,41872.9,41812.6,41855.6,0,960
2025-05-22 01:00:00,41852.1,41870.1,41775.9,41825.6,0,1262
2025-05-21 23:00:00,41877.6,41884.1,41792.1,41823.1,0,2807
2025-05-21 22:00:00,41924.7,41971.3,41805.7,41876.1,0,7294
2025-05-21 21:00:00,42033.3,42058.3,41901.7,41916.7,0,7147
2025-05-21 20:00:00,42355.2,42366.2,41847.3,42034.3,0,8563
2025-05-21 19:00:00,42364.2,42430.2,42337.6,42354.2,0,3871
2025-05-21 18:00:00,42350.6,42418.2,42318.6,42361.6,0,4964
2025-05-21 17:00:00,42354.2,42458.2,42240.6,42349.6,0,6236
2025-05-21 16:00:00,42345.2,42417.2,42250.2,42357.2,0,5215
2025-05-21 15:00:00,42419.7,42431.7,42316.2,42346.2,0,2706
2025-05-21 14:00:00,42336.7,42420.2,42313.7,42420.2,0,2098
2025-05-21 13:00:00,42380.1,42385.1,42261.2,42337.2,0,2412
2025-05-21 12:00:00,42451.1,42466.0,42370.2,42381.1,0,1748
2025-05-21 11:00:00,42525.1,42532.1,42426.6,42449.6,0,1764
2025-05-21 10:00:00,42490.9,42545.1,42490.9,42526.1,0,1715
2025-05-21 09:00:00,42539.1,42546.1,42489.9,42491.9,0,1833
2025-05-21 08:00:00,42573.1,42603.3,42534.9,42540.1,0,924
2025-05-21 07:00:00,42593.5,42598.5,42559.5,42572.5,0,627
2025-05-21 06:00:00,42598.5,42610.5,42575.5,42594.5,0,760
2025-05-21 05:00:00,42626.5,42629.5,42588.2,42598.8,0,968
2025-05-21 04:00:00,42652.5,42664.5,42600.5,42627.5,0,1088
2025-05-21 03:00:00,42662.5,42677.5,42629.5,42654.5,0,1202
2025-05-21 02:00:00,42620.5,42662.5,42617.5,42661.5,0,731
2025-05-21 01:00:00,42661.0,42671.0,42552.2,42619.5,0,1745
2025-05-20 23:00:00,42694.5,42702.0,42651.0,42669.0,0,1381
2025-05-20 22:00:00,42573.4,42707.0,42499.6,42697.0,0,4614
2025-05-20 21:00:00,42720.2,42734.2,42532.6,42574.4,0,4667
2025-05-20 20:00:00,42695.2,42735.2,42685.6,42721.2,0,3118
2025-05-20 19:00:00,42709.2,42719.2,42633.6,42694.2,0,3273
2025-05-20 18:00:00,42679.6,42773.2,42648.6,42710.2,0,4066
2025-05-20 17:00:00,42733.6,42785.2,42677.6,42681.6,0,5316
2025-05-20 16:00:00,42793.1,42831.0,42663.6,42736.6,0,5038
2025-05-20 15:00:00,42796.7,42835.1,42766.7,42792.1,0,1976
2025-05-20 14:00:00,42833.7,42839.0,42799.2,42799.2,0,1330
2025-05-20 13:00:00,42731.2,42841.5,42697.0,42838.2,0,1617
2025-05-20 12:00:00,42748.1,42776.1,42716.6,42733.0,0,1301
2025-05-20 11:00:00,42753.1,42779.2,42736.1,42747.1,0,1767
2025-05-20 10:00:00,42741.0,42785.0,42707.1,42754.1,0,1903
2025-05-20 09:00:00,42722.1,42740.1,42703.9,42738.1,0,1422
2025-05-20 08:00:00,42772.1,42804.1,42722.9,42725.1,0,986
2025-05-20 07:00:00,42762.5,42777.5,42756.5,42772.5,0,698
2025-05-20 06:00:00,42773.5,42788.8,42759.5,42761.5,0,695
2025-05-20 05:00:00,42760.5,42796.2,42755.5,42774.5,0,938
2025-05-20 04:00:00,42837.5,42837.5,42729.8,42761.5,0,1417
2025-05-20 03:00:00,42866.5,42887.5,42838.5,42838.5,0,1102
2025-05-20 02:00:00,42829.5,42899.5,42820.5,42867.5,0,927
2025-05-20 01:00:00,42799.0,42828.5,42793.0,42828.5,0,555
2025-05-19 23:00:00,42800.5,42807.5,42741.5,42803.5,0,1353
2025-05-19 22:00:00,42772.6,42818.0,42699.2,42798.0,0,4271
2025-05-19 21:00:00,42767.2,42789.2,42700.2,42769.6,0,3822
2025-05-19 20:00:00,42788.0,42859.2,42760.6,42766.2,0,4086
2025-05-19 19:00:00,42659.6,42815.6,42644.6,42789.0,0,3956
2025-05-19 18:00:00,42602.2,42672.2,42537.6,42657.6,0,5027
2025-05-19 17:00:00,42599.6,42700.2,42567.6,42601.2,0,5695
2025-05-19 16:00:00,42423.1,42614.6,42333.2,42601.6,0,5224
2025-05-19 15:00:00,42424.7,42448.2,42383.2,42422.1,0,2172
2025-05-19 14:00:00,42361.0,42438.0,42349.2,42425.2,0,1765
2025-05-19 13:00:00,42316.0,42375.0,42279.0,42359.5,0,1680
2025-05-19 12:00:00,42280.0,42334.5,42254.7,42315.5,0,1633
2025-05-19 11:00:00,42269.2,42327.0,42263.2,42281.0,0,2358
2025-05-19 10:00:00,42291.2,42326.0,42267.5,42268.2,0,2344
2025-05-19 09:00:00,42335.1,42358.3,42271.0,42294.0,0,1742
2025-05-19 08:00:00,42320.1,42344.3,42306.1,42336.1,0,1224
2025-05-19 07:00:00,42326.8,42345.8,42308.8,42320.5,0,981
2025-05-19 06:00:00,42404.5,42413.5,42313.2,42325.8,0,1330
2025-05-19 05:00:00,42417.5,42460.5,42400.2,42405.5,0,1024
2025-05-19 04:00:00,42403.5,42449.2,42397.5,42419.5,0,1270
2025-05-19 03:00:00,42395.8,42409.5,42358.8,42401.5,0,1774
2025-05-19 02:00:00,42400.5,42447.2,42378.5,42398.8,0,1065
2025-05-19 01:00:00,42381.0,42421.8,42337.0,42399.5,0,1272
2025-05-16 23:00:00,42650.2,42650.2,42395.2,42399.7,0,1594
2025-05-16 22:00:00,42618.6,42674.2,42590.6,42648.2,0,3973
2025-05-16 21:00:00,42543.2,42656.2,42535.2,42619.6,0,3113
2025-05-16 20:00:00,42524.6,42591.2,42513.6,42544.2,0,3647
2025-05-16 19:00:00,42324.6,42533.2,42318.6,42526.6,0,3963
2025-05-16 18:00:00,42349.2,42385.2,42318.2,42325.6,0,4331
2025-05-16 17:00:00,42359.5,42399.6,42263.6,42347.2,0,5473
2025-05-16 16:00:00,42403.2,42413.0,42240.2,42363.0,0,4946
2025-05-16 15:00:00,42460.7,42464.1,42402.7,42403.7,0,1755
2025-05-16 14:00:00,42426.0,42472.0,42401.7,42461.2,0,1280
2025-05-16 13:00:00,42433.2,42461.5,42421.2,42427.0,0,1148
2025-05-16 12:00:00,42441.2,42453.0,42421.1,42434.2,0,1214
2025-05-16 11:00:00,42391.2,42462.0,42387.2,42439.2,0,1571
2025-05-16 10:00:00,42318.0,42395.0,42306.2,42392.2,0,1577
2025-05-16 09:00:00,42303.1,42352.1,42299.0,42317.3,0,912
2025-05-16 08:00:00,42302.1,42318.1,42297.1,42304.1,0,455
2025-05-16 07:00:00,42300.5,42315.2,42294.5,42301.5,0,407
2025-05-16 06:00:00,42303.5,42318.5,42296.5,42302.5,0,408
2025-05-16 05:00:00,42271.5,42308.5,42264.5,42304.5,0,648
2025-05-16 04:00:00,42282.8,42288.5,42261.2,42272.5,0,989
2025-05-16 03:00:00,42331.5,42347.5,42280.5,42283.8,0,1045
2025-05-16 02:00:00,42324.5,42346.8,42317.5,42329.5,0,583
2025-05-16 01:00:00,42332.0,42360.5,42321.5,42322.5,0,689
2025-05-15 23:00:00,42343.5,42385.0,42320.5,42362.0,0,1797
2025-05-15 22:00:00,42320.6,42369.2,42277.2,42345.0,0,5406
2025-05-15 21:00:00,42217.2,42339.2,42187.6,42319.6,0,4704
2025-05-15 20:00:00,42255.6,42296.9,42204.6,42216.2,0,4051
2025-05-15 19:00:00,42200.6,42264.2,42155.6,42253.6,0,4188
2025-05-15 18:00:00,41994.7,42223.2,41981.7,42198.6,0,5125
2025-05-15 17:00:00,41917.3,41995.3,41897.7,41993.7,0,6126
2025-05-15 16:00:00,41908.2,41962.3,41831.3,41914.3,0,5301
2025-05-15 15:00:00,41929.1,41970.3,41857.4,41906.3,0,2804
2025-05-15 14:00:00,41908.3,41946.1,41882.3,41931.1,0,1902
2025-05-15 13:00:00,41930.3,41931.1,41880.3,41909.3,0,1641
2025-05-15 12:00:00,41865.2,41933.2,41863.3,41931.3,0,2003
2025-05-15 11:00:00,41783.3,41902.1,41783.3,41866.2,0,2615
2025-05-15 10:00:00,41843.1,41864.8,41771.8,41779.3,0,2614
2025-05-15 09:00:00,41830.0,41878.0,41824.0,41839.4,0,1226
2025-05-15 08:00:00,41889.2,41894.2,41811.4,41831.0,0,1127
2025-05-15 07:00:00,41889.6,41895.6,41876.6,41888.6,0,386
2025-05-15 06:00:00,41893.6,41903.9,41879.3,41888.6,0,511
2025-05-15 05:00:00,41882.6,41905.6,41861.3,41894.6,0,673
2025-05-15 04:00:00,41893.6,41906.9,41868.6,41881.6,0,947
2025-05-15 03:00:00,41857.6,41909.9,41852.6,41894.6,0,999
2025-05-15 02:00:00,42007.6,42007.6,41828.9,41859.6,0,1488
2025-05-15 01:00:00,42019.1,42033.1,41999.3,42006.6,0,615
2025-05-14 23:00:00,42047.1,42081.1,42032.6,42037.6,0,1402
2025-05-14 22:00:00,42096.5,42142.2,42024.7,42051.1,0,4627
2025-05-14 21:00:00,42064.3,42123.3,42014.7,42095.5,0,4216
2025-05-14 20:00:00,42076.3,42087.3,41960.3,42062.3,0,4532
2025-05-14 19:00:00,42163.2,42194.2,42038.7,42077.3,0,4094
2025-05-14 18:00:00,42163.6,42197.6,42021.7,42164.2,0,5020
2025-05-14 17:00:00,42205.2,42260.2,42143.6,42159.6,0,5998
2025-05-14 16:00:00,42207.0,42270.0,42125.7,42203.2,0,5023
2025-05-14 15:00:00,42167.2,42252.0,42163.2,42208.0,0,2222
2025-05-14 14:00:00,42150.2,42205.0,42150.2,42168.2,0,2012
2025-05-14 13:00:00,42137.2,42167.7,42100.8,42148.2,0,1381
2025-05-14 12:00:00,42194.2,42201.0,42119.3,42138.2,0,2085
2025-05-14 11:00:00,42195.0,42223.0,42167.2,42193.2,0,2257
2025-05-14 10:00:00,42181.1,42218.0,42152.0,42197.0,0,2207
2025-05-14 09:00:00,42174.1,42193.0,42142.0,42179.1,0,1129
2025-05-14 08:00:00,42184.1,42200.1,42168.0,42173.1,0,803
2025-05-14 07:00:00,42170.2,42200.5,42153.5,42183.5,0,563
2025-05-14 06:00:00,42151.5,42178.5,42149.5,42170.5,0,682
2025-05-14 05:00:00,42160.5,42165.5,42130.6,42150.5,0,763
2025-05-14 04:00:00,42166.5,42181.8,42138.3,42161.5,0,1218
2025-05-14 03:00:00,42188.5,42194.5,42152.2,42167.5,0,1137
2025-05-14 02:00:00,42185.5,42211.8,42172.8,42187.5,0,848
2025-05-14 01:00:00,42195.0,42204.0,42163.5,42186.5,0,646
2025-05-13 23:00:00,42142.0,42168.0,42124.1,42158.0,0,1550
2025-05-13 22:00:00,42257.6,42310.6,42145.0,42145.0,0,4242
2025-05-13 21:00:00,42255.6,42280.2,42191.6,42258.6,0,3690
2025-05-13 20:00:00,42221.4,42344.2,42205.6,42253.6,0,3768
2025-05-13 19:00:00,42263.6,42269.2,42193.6,42219.4,0,3914
2025-05-13 18:00:00,42240.6,42345.2,42227.6,42262.6,0,4642
2025-05-13 17:00:00,42277.6,42396.2,42224.6,42248.6,0,6081
2025-05-13 16:00:00,42241.0,42318.2,42200.2,42274.6,0,5232
2025-05-13 15:00:00,42201.0,42371.2,42187.2,42240.0,0,3579
2025-05-13 14:00:00,42212.0,42240.0,42144.2,42200.0,0,1938
2025-05-13 13:00:00,42390.2,42394.0,42191.0,42210.0,0,2333
2025-05-13 12:00:00,42326.1,42393.5,42319.2,42391.2,0,1363
2025-05-13 11:00:00,42302.1,42366.5,42302.1,42325.1,0,1989
2025-05-13 10:00:00,42323.2,42348.0,42289.2,42301.1,0,2241
2025-05-13 09:00:00,42327.0,42358.3,42317.1,42319.0,0,1478
2025-05-13 08:00:00,42300.1,42332.3,42288.0,42326.0,0,996
2025-05-13 07:00:00,42308.5,42318.5,42269.8,42297.5,0,938
2025-05-13 06:00:00,42341.5,42348.5,42306.5,42307.5,0,868
2025-05-13 05:00:00,42353.5,42380.5,42322.2,42343.5,0,1182
2025-05-13 04:00:00,42336.5,42362.5,42323.5,42354.5,0,1421
2025-05-13 03:00:00,42371.5,42372.5,42328.5,42334.5,0,1822
2025-05-13 02:00:00,42400.5,42459.8,42370.5,42370.5,0,840
2025-05-13 01:00:00,42415.0,42450.5,42389.8,42398.5,0,967
2025-05-12 23:00:00,42424.5,42489.5,42422.0,42448.0,0,1689
2025-05-12 22:00:00,42371.2,42430.0,42303.2,42420.0,0,4828
2025-05-12 21:00:00,42332.2,42431.2,42325.2,42370.2,0,4020
2025-05-12 20:00:00,42293.6,42391.2,42292.6,42328.2,0,4286
2025-05-12 19:00:00,42123.7,42300.9,42106.7,42294.6,0,4229
2025-05-12 18:00:00,42244.2,42281.2,42118.7,42122.7,0,5681
2025-05-12 17:00:00,42254.6,42332.2,42109.7,42237.6,0,6735
2025-05-12 16:00:00,42289.2,42362.0,42204.6,42248.6,0,6292
2025-05-12 15:00:00,42241.2,42378.0,42233.2,42287.2,0,2963
2025-05-12 14:00:00,42294.0,42330.0,42197.0,42239.2,0,3661
2025-05-12 13:00:00,42148.0,42317.0,42130.3,42302.0,0,2886
2025-05-12 12:00:00,42067.3,42150.0,42054.3,42149.0,0,2216
2025-05-12 11:00:00,42037.3,42129.3,42007.1,42065.3,0,3969
2025-05-12 10:00:00,41718.2,42261.0,41716.2,42036.3,0,5078
2025-05-12 09:00:00,41707.2,41738.4,41673.2,41720.2,0,1367
2025-05-12 08:00:00,41703.2,41724.2,41689.2,41706.2,0,767
2025-05-12 07:00:00,41710.6,41722.6,41698.6,41701.6,0,559
2025-05-12 06:00:00,41670.6,41717.6,41658.3,41711.6,0,713
2025-05-12 05:00:00,41673.6,41681.6,41656.6,41671.6,0,950
2025-05-12 04:00:00,41659.6,41710.9,41652.6,41674.6,0,1608
2025-05-12 03:00:00,41655.6,41694.6,41640.6,41658.6,0,1978
2025-05-12 02:00:00,41628.2,41704.8,41616.5,41657.5,0,1854
2025-05-12 01:00:00,41739.0,41787.0,41603.2,41626.2,0,2481
2025-05-09 23:00:00,41226.7,41284.3,41211.2,41277.7,0,1321
2025-05-09 22:00:00,41275.7,41345.3,41208.7,41225.7,0,4764
2025-05-09 21:00:00,41292.7,41303.3,41216.7,41274.7,0,3985
2025-05-09 20:00:00,41155.3,41306.3,41132.7,41294.7,0,4518
2025-05-09 19:00:00,41331.3,41338.3,41134.7,41154.3,0,5289
2025-05-09 18:00:00,41278.7,41338.3,41219.7,41334.3,0,5568
2025-05-09 17:00:00,41440.7,41479.3,41203.7,41277.7,0,6824
2025-05-09 16:00:00,41469.1,41516.1,41364.7,41445.7,0,5132
2025-05-09 15:00:00,41418.3,41517.3,41404.3,41468.1,0,2507
2025-05-09 14:00:00,41412.1,41516.1,41267.3,41420.3,0,3219
2025-05-09 13:00:00,41360.3,41436.8,41357.8,41411.1,0,1441
2025-05-09 12:00:00,41315.1,41363.6,41312.3,41359.3,0,1324
2025-05-09 11:00:00,41340.3,41343.1,41282.3,41316.1,0,2202
2025-05-09 10:00:00,41358.2,41404.1,41319.3,41341.3,0,2464
2025-05-09 09:00:00,41390.2,41397.4,41344.4,41362.2,0,1442
2025-05-09 08:00:00,41393.2,41395.2,41349.2,41389.2,0,1417
2025-05-09 07:00:00,41384.6,41402.9,41366.3,41392.6,0,826
2025-05-09 06:00:00,41347.6,41389.6,41295.9,41383.6,0,1458
2025-05-09 05:00:00,41351.9,41421.6,41331.6,41348.6,0,1154
2025-05-09 04:00:00,41278.6,41353.3,41271.6,41350.9,0,1184
2025-05-09 03:00:00,41315.6,41318.6,41219.9,41276.6,0,1844
2025-05-09 02:00:00,41355.6,41370.6,41299.9,41316.6,0,1161
2025-05-09 01:00:00,41380.1,41384.1,41337.6,41356.6,0,587
2025-05-08 23:00:00,41393.6,41442.1,41375.1,41396.1,0,1706
2025-05-08 22:00:00,41626.3,41691.3,41363.1,41394.1,0,5881
2025-05-08 21:00:00,41564.3,41679.3,41549.7,41629.3,0,4479
2025-05-08 20:00:00,41763.7,41771.7,41561.3,41566.3,0,4658
2025-05-08 19:00:00,41652.7,41785.3,41650.7,41765.7,0,4930
2025-05-08 18:00:00,41220.3,41721.3,41188.3,41656.3,0,6626
2025-05-08 17:00:00,41284.7,41396.3,41153.7,41224.3,0,7153
2025-05-08 16:00:00,41339.1,41384.1,41243.7,41289.7,0,5392
2025-05-08 15:00:00,41424.3,41447.6,41269.3,41342.1,0,3447
2025-05-08 14:00:00,41522.1,41527.1,41410.3,41423.3,0,2001
2025-05-08 13:00:00,41475.2,41521.1,41454.3,41521.1,0,1420
2025-05-08 12:00:00,41419.3,41488.1,41413.3,41474.2,0,1107
2025-05-08 11:00:00,41316.2,41421.3,41310.2,41420.3,0,1452
2025-05-08 10:00:00,41293.3,41380.6,41282.1,41315.2,0,2205
2025-05-08 09:00:00,41334.0,41334.0,41273.0,41294.0,0,1464
2025-05-08 08:00:00,41364.2,41374.4,41329.2,41335.4,0,1129
2025-05-08 07:00:00,41357.9,41376.9,41336.6,41363.6,0,861
2025-05-08 06:00:00,41256.3,41367.3,41247.6,41356.9,0,1339
2025-05-08 05:00:00,41190.6,41265.9,41190.6,41253.3,0,1353
2025-05-08 04:00:00,41180.6,41277.3,41159.6,41189.6,0,3088
2025-05-08 03:00:00,41075.6,41218.9,41041.9,41179.6,0,2012
2025-05-08 02:00:00,41080.6,41111.6,41063.6,41073.6,0,839
2025-05-08 01:00:00,41065.1,41089.6,41027.9,41079.6,0,621
2025-05-07 23:00:00,41096.6,41168.1,41056.6,41086.1,0,2546
2025-05-07 22:00:00,41176.7,41277.7,40925.7,41097.1,0,8532
2025-05-07 21:00:00,41036.2,41200.3,40817.7,41175.7,0,8026
2025-05-07 20:00:00,41201.7,41240.3,40992.7,41033.6,0,4280
2025-05-07 19:00:00,41083.7,41209.3,41036.7,41200.7,0,4763
2025-05-07 18:00:00,40978.3,41091.3,40939.7,41084.7,0,6097
2025-05-07 17:00:00,41072.3,41077.3,40932.7,40979.3,0,5599
2025-05-07 16:00:00,41013.1,41082.3,40940.3,41069.3,0,5940
2025-05-07 15:00:00,41089.3,41098.1,40994.1,41014.1,0,2975
2025-05-07 14:00:00,41112.2,41138.6,41052.8,41090.3,0,1652
2025-05-07 13:00:00,41032.7,41132.8,41001.3,41110.2,0,1781
2025-05-07 12:00:00,41054.2,41074.1,41016.6,41032.2,0,1756
2025-05-07 11:00:00,41038.2,41064.6,41002.3,41053.2,0,1933
2025-05-07 10:00:00,40998.1,41052.1,40985.8,41039.2,0,2051
2025-05-07 09:00:00,41014.2,41038.4,40974.1,40998.4,0,1655
2025-05-07 08:00:00,41052.2,41056.2,41003.0,41015.2,0,1356
2025-05-07 07:00:00,41049.6,41091.3,41043.6,41051.6,0,861
2025-05-07 06:00:00,41041.6,41072.9,41038.6,41048.6,0,1197
2025-05-07 05:00:00,41103.6,41103.6,41009.3,41039.6,0,1811
2025-05-07 04:00:00,41129.6,41159.3,41077.6,41100.6,0,2174
2025-05-07 03:00:00,41101.3,41166.9,41034.9,41130.6,0,2420
2025-05-07 02:00:00,41102.6,41119.6,41060.3,41102.3,0,1923
2025-05-07 01:00:00,40940.6,41235.9,40923.1,41103.6,0,3720
2025-05-06 23:00:00,40820.1,40830.1,40661.2,40732.6,0,2550
2025-05-06 22:00:00,40943.7,40958.3,40808.1,40818.1,0,4809
2025-05-06 21:00:00,40792.3,40947.7,40789.3,40945.7,0,4726
2025-05-06 20:00:00,40880.3,40966.3,40781.7,40790.3,0,5320
2025-05-06 19:00:00,40973.3,41169.7,40874.3,40882.3,0,5957
2025-05-06 18:00:00,41051.7,41099.3,40965.7,40974.3,0,4917
2025-05-06 17:00:00,40834.3,41098.3,40811.7,41049.7,0,6101
2025-05-06 16:00:00,40961.3,40981.1,40744.7,40831.3,0,5271
2025-05-06 15:00:00,40937.3,40977.1,40910.3,40962.3,0,2374
2025-05-06 14:00:00,41036.1,41059.3,40888.1,40935.3,0,2495
2025-05-06 13:00:00,40974.1,41035.1,40952.3,41035.1,0,1635
2025-05-06 12:00:00,40994.1,41002.1,40917.3,40973.1,0,2449
2025-05-06 11:00:00,41063.3,41063.3,40940.1,40995.1,0,2717
2025-05-06 10:00:00,41189.3,41196.3,41063.3,41066.3,0,2011
2025-05-06 09:00:00,41121.4,41192.0,41114.4,41190.0,0,1145
2025-05-06 08:00:00,41188.2,41188.2,41105.0,41120.4,0,768
2025-05-06 07:00:00,41201.6,41204.6,41164.6,41187.6,0,422
2025-05-06 06:00:00,41182.6,41200.6,41152.3,41200.6,0,603
2025-05-06 05:00:00,41187.6,41196.6,41164.6,41183.6,0,906
2025-05-06 04:00:00,41216.6,41236.6,41170.3,41189.6,0,1405
2025-05-06 03:00:00,41208.6,41241.3,41193.3,41215.6,0,1142
2025-05-06 02:00:00,41217.6,41231.9,41204.6,41209.6,0,645
2025-05-06 01:00:00,41223.1,41244.9,41204.6,41218.6,0,408
2025-05-05 23:00:00,41233.6,41236.6,41187.1,41220.1,0,1513
2025-05-05 22:00:00,41387.3,41390.3,41208.1,41235.1,0,4922
2025-05-05 21:00:00,41406.7,41449.3,41370.7,41388.3,0,2900
2025-05-05 20:00:00,41412.3,41444.3,41339.7,41405.7,0,3561
2025-05-05 19:00:00,41381.5,41440.3,41367.7,41413.3,0,3834
2025-05-05 18:00:00,41353.7,41389.3,41286.7,41380.5,0,4876
2025-05-05 17:00:00,41177.8,41365.3,41162.7,41355.7,0,6421
2025-05-05 16:00:00,41087.3,41184.3,41044.3,41175.8,0,4973
2025-05-05 15:00:00,41054.7,41092.1,41036.3,41086.3,0,1896
2025-05-05 14:00:00,41079.1,41090.1,41026.3,41054.2,0,1603
2025-05-05 13:00:00,41050.2,41087.6,41040.8,41082.1,0,1600
2025-05-05 12:00:00,41032.1,41073.1,40996.8,41051.2,0,1844
2025-05-05 11:00:00,41081.3,41118.1,41014.1,41031.1,0,2123
2025-05-05 10:00:00,41086.1,41090.1,41037.3,41081.8,0,1930
2025-05-05 09:00:00,41048.4,41121.0,41048.4,41085.4,0,1488
2025-05-05 08:00:00,41009.2,41065.4,41009.2,41046.4,0,1193
2025-05-05 07:00:00,41056.6,41059.6,41002.3,41008.6,0,949
2025-05-05 06:00:00,41047.3,41070.6,41016.6,41057.6,0,989
2025-05-05 05:00:00,41024.6,41060.9,41021.3,41046.3,0,1073
2025-05-05 04:00:00,41120.6,41123.6,41020.3,41026.6,0,1528
2025-05-05 03:00:00,41126.6,41143.9,41112.6,41121.6,0,1357
2025-05-05 02:00:00,41200.5,41213.5,41082.8,41129.5,0,1540
2025-05-05 01:00:00,41243.0,41266.5,41181.5,41199.5,0,1502
2025-05-02 23:00:00,41288.7,41340.3,41285.7,41312.3,0,1310
2025-05-02 22:00:00,41286.7,41363.7,41239.7,41287.7,0,5556
2025-05-02 21:00:00,41300.5,41373.3,41235.7,41289.7,0,3956
2025-05-02 20:00:00,41355.7,41369.3,41263.7,41302.5,0,4642
2025-05-02 19:00:00,41239.3,41387.3,41229.3,41354.7,0,5460
2025-05-02 18:00:00,41208.3,41244.3,41063.7,41237.3,0,5014
2025-05-02 17:00:00,41085.7,41257.3,41054.3,41206.3,0,6639
2025-05-02 16:00:00,41199.1,41258.3,41025.3,41083.7,0,6249
2025-05-02 15:00:00,40915.2,41200.1,40901.2,41197.1,0,3052
2025-05-02 14:00:00,40916.7,40955.3,40890.3,40916.2,0,2125
2025-05-02 13:00:00,40937.2,40974.1,40903.3,40919.2,0,2079
2025-05-02 12:00:00,40878.1,40958.2,40849.3,40935.2,0,2248
2025-05-02 11:00:00,40988.2,41009.7,40875.3,40879.1,0,2657
2025-05-02 10:00:00,41008.2,41086.2,40983.3,40987.2,0,3133
2025-05-02 09:00:00,41042.2,41047.2,40990.1,41005.2,0,2255
2025-05-02 08:00:00,41092.2,41099.2,41027.2,41043.2,0,1341
2025-05-02 07:00:00,41093.6,41132.9,41058.6,41091.6,0,1119
2025-05-02 06:00:00,41096.6,41109.6,41084.6,41092.6,0,983
2025-05-02 05:00:00,41078.6,41116.6,41033.3,41095.6,0,1896
2025-05-02 04:00:00,41041.6,41137.6,41014.6,41079.6,0,2939
2025-05-02 03:00:00,40712.6,41058.9,40688.7,41042.6,0,3626
2025-05-02 02:00:00,40706.7,40748.9,40683.7,40708.7,0,1248
2025-05-02 01:00:00,40717.1,40732.6,40650.7,40707.7,0,744
2025-05-01 23:00:00,40742.1,40817.1,40611.2,40697.2,0,3041
2025-05-01 22:00:00,40912.3,40976.3,40700.2,40739.1,0,5689
2025-05-01 21:00:00,40852.3,40972.3,40839.7,40911.3,0,4909
2025-05-01 20:00:00,40798.3,40954.3,40796.3,40854.3,0,5183
2025-05-01 19:00:00,40877.3,40932.3,40771.7,40797.3,0,6181
2025-05-01 18:00:00,41042.3,41097.3,40835.7,40878.3,0,5493
2025-05-01 17:00:00,40891.3,41047.3,40815.0,41041.3,0,6770
2025-05-01 16:00:00,40829.3,40952.3,40757.3,40807.8,0,6044
2025-05-01 15:00:00,40967.3,40995.1,40829.3,40830.3,0,3293
2025-05-01 14:00:00,40963.3,41009.1,40920.3,40969.3,0,2467
2025-05-01 13:00:00,40993.3,41021.1,40957.3,40980.8,0,1947
2025-05-01 12:00:00,40924.1,41004.6,40921.3,40994.3,0,1627
2025-05-01 11:00:00,40845.8,40926.1,40806.3,40925.1,0,1773
2025-05-01 10:00:00,40840.3,40879.1,40811.3,40846.3,0,1662
2025-05-01 09:00:00,40871.1,40896.4,40839.1,40839.1,0,1411
2025-05-01 08:00:00,40892.2,40937.4,40863.4,40870.1,0,1246
2025-05-01 07:00:00,40893.6,40902.3,40865.3,40891.6,0,724
2025-05-01 06:00:00,40836.6,40896.9,40827.6,40892.6,0,1028
2025-05-01 05:00:00,40865.6,40890.3,40832.6,40837.6,0,803
2025-05-01 04:00:00,40832.6,40884.9,40820.6,40866.6,0,1208
2025-05-01 03:00:00,40803.1,40864.9,40794.1,40830.6,0,1740
2025-05-01 02:00:00,40779.9,40807.9,40742.6,40801.1,0,1508
2025-05-01 01:00:00,40764.1,40843.9,40740.3,40780.9,0,1678
2025-04-30 23:00:00,40641.7,40806.6,40553.2,40709.2,0,3801
2025-04-30 22:00:00,40289.8,40783.1,40282.8,40630.2,0,6700
2025-04-30 21:00:00,40394.8,40561.4,40278.4,40290.8,0,6816
2025-04-30 20:00:00,40338.8,40435.4,40180.8,40396.8,0,5823
2025-04-30 19:00:00,40305.8,40374.4,40193.8,40336.8,0,5991
2025-04-30 18:00:00,40133.4,40330.9,40126.8,40312.8,0,6699
2025-04-30 17:00:00,39769.4,40172.4,39741.8,40136.4,0,8037
2025-04-30 16:00:00,40216.4,40249.2,39741.8,39774.4,0,7104
2025-04-30 15:00:00,40566.4,40587.2,40149.4,40215.4,0,3976
2025-04-30 14:00:00,40590.9,40624.7,40547.4,40567.4,0,2288
2025-04-30 13:00:00,40551.2,40597.2,40398.9,40591.4,0,2056
2025-04-30 12:00:00,40507.4,40574.2,40507.4,40550.2,0,1303
2025-04-30 11:00:00,40535.2,40587.7,40510.4,40510.4,0,2097
2025-04-30 10:00:00,40522.2,40556.2,40497.4,40539.2,0,1892
2025-04-30 09:00:00,40458.4,40523.4,40452.4,40522.4,0,1390
2025-04-30 08:00:00,40447.3,40458.4,40422.1,40457.4,0,925
2025-04-30 07:00:00,40435.7,40462.0,40427.7,40446.7,0,677
2025-04-30 06:00:00,40431.7,40445.7,40391.0,40436.7,0,976
2025-04-30 05:00:00,40459.7,40472.7,40431.4,40432.7,0,961
2025-04-30 04:00:00,40480.0,40496.0,40445.7,40460.7,0,1431
2025-04-30 03:00:00,40524.7,40553.0,40470.0,40481.0,0,1629
2025-04-30 02:00:00,40533.7,40552.0,40517.4,40527.7,0,812
2025-04-30 01:00:00,40579.2,40597.7,40536.7,40536.7,0,611
2025-04-29 23:00:00,40524.2,40629.2,40524.2,40607.2,0,2384
2025-04-29 22:00:00,40562.4,40627.8,40512.2,40525.2,0,5123
2025-04-29 21:00:00,40607.4,40645.4,40542.8,40561.4,0,4810
2025-04-29 20:00:00,40366.8,40630.4,40343.8,40605.4,0,5220
2025-04-29 19:00:00,40420.4,40545.4,40335.8,40367.8,0,5584
2025-04-29 18:00:00,40514.8,40533.4,40384.8,40416.8,0,6173
2025-04-29 17:00:00,40373.8,40522.4,40226.8,40517.8,0,7202
2025-04-29 16:00:00,40308.2,40446.8,40195.4,40371.3,0,6279
2025-04-29 15:00:00,40388.2,40415.2,40294.4,40304.2,0,2874
2025-04-29 14:00:00,40348.2,40424.4,40322.4,40390.2,0,2624
2025-04-29 13:00:00,40336.3,40440.2,40276.2,40350.2,0,2772
2025-04-29 12:00:00,40339.4,40367.2,40305.4,40335.3,0,1919
2025-04-29 11:00:00,40335.4,40357.7,40268.2,40338.4,0,2132
2025-04-29 10:00:00,40257.2,40360.2,40239.4,40334.4,0,2272
2025-04-29 09:00:00,40259.3,40294.5,40239.1,40254.5,0,1466
2025-04-29 08:00:00,40268.3,40293.5,40239.1,40257.3,0,1353
2025-04-29 07:00:00,40291.7,40333.7,40247.0,40268.7,0,1013
2025-04-29 06:00:00,40275.7,40295.7,40259.7,40290.7,0,944
2025-04-29 05:00:00,40311.7,40340.0,40252.4,40274.7,0,1315
2025-04-29 04:00:00,40268.0,40314.4,40252.7,40310.7,0,1096
2025-04-29 03:00:00,40266.7,40277.7,40211.7,40269.0,0,1209
2025-04-29 02:00:00,40193.7,40268.0,40182.7,40263.7,0,989
2025-04-29 01:00:00,40193.2,40215.7,40162.4,40192.7,0,557
2025-04-28 23:00:00,40229.2,40240.2,40185.2,40199.7,0,1478
2025-04-28 22:00:00,40107.4,40321.8,40097.8,40230.2,0,5174
2025-04-28 21:00:00,40051.8,40124.4,40022.8,40102.4,0,4442
2025-04-28 20:00:00,39979.4,40062.4,39876.8,40049.8,0,5373
2025-04-28 19:00:00,40063.8,40077.4,39951.4,39981.4,0,5655
2025-04-28 18:00:00,40257.4,40282.4,40037.8,40067.4,0,6471
2025-04-28 17:00:00,40208.8,40362.4,40185.4,40258.4,0,6994
2025-04-28 16:00:00,40161.4,40432.4,40156.4,40209.4,0,5444
2025-04-28 15:00:00,40097.4,40171.2,40032.7,40162.4,0,2338
2025-04-28 14:00:00,40033.4,40124.2,40019.2,40095.4,0,1938
2025-04-28 13:00:00,40125.3,40128.3,40025.2,40035.4,0,1912
2025-04-28 12:00:00,40097.2,40151.2,40076.4,40124.3,0,1585
2025-04-28 11:00:00,40009.3,40098.7,39999.3,40095.2,0,1848
2025-04-28 10:00:00,40033.3,40093.2,39998.4,40006.3,0,2175
2025-04-28 09:00:00,39930.3,40038.5,39930.3,40030.3,0,1492
2025-04-28 08:00:00,39963.3,39966.5,39919.5,39931.3,0,963
2025-04-28 07:00:00,39943.7,39969.8,39943.4,39962.7,0,582
2025-04-28 06:00:00,39965.0,39975.8,39933.0,39944.7,0,808
2025-04-28 05:00:00,39965.7,39994.8,39952.4,39964.0,0,826
2025-04-28 04:00:00,39958.4,39984.7,39944.4,39964.7,0,1185
2025-04-28 03:00:00,39992.7,40010.4,39950.7,39959.4,0,1173
2025-04-28 02:00:00,40024.5,40031.2,39985.5,39995.5,0,789
2025-04-28 01:00:00,40078.0,40084.0,40000.2,40025.5,0,1268
2025-04-25 23:00:00,40114.8,40173.8,40079.8,40128.4,0,2109
2025-04-25 22:00:00,40077.8,40140.4,40011.4,40104.8,0,5533
2025-04-25 21:00:00,39930.4,40125.4,39901.8,40078.8,0,5049
2025-04-25 20:00:00,40013.8,40138.4,39868.8,39929.4,0,5464
2025-04-25 19:00:00,39928.8,40036.4,39922.8,40014.8,0,4369
2025-04-25 18:00:00,39878.4,39948.4,39800.8,39927.8,0,5898
2025-04-25 17:00:00,39852.9,39987.4,39709.8,39882.4,0,7716
2025-04-25 16:00:00,39944.2,40093.4,39842.8,39845.4,0,5914
2025-04-25 15:00:00,39934.3,40010.2,39897.4,39945.2,0,3448
2025-04-25 14:00:00,39862.2,39994.4,39853.2,39936.3,0,3457
2025-04-25 13:00:00,40099.3,40164.2,39855.2,39859.2,0,3985
2025-04-25 12:00:00,40121.4,40137.2,40062.2,40098.3,0,2518
2025-04-25 11:00:00,40140.3,40182.2,40094.4,40120.4,0,2824
2025-04-25 10:00:00,40205.4,40218.2,40030.2,40138.3,0,3826
2025-04-25 09:00:00,40133.3,40211.1,40102.1,40206.1,0,2009
2025-04-25 08:00:00,40115.3,40156.3,40111.1,40131.3,0,1372
2025-04-25 07:00:00,40151.0,40225.7,40102.7,40115.7,0,1829
2025-04-25 06:00:00,40052.7,40158.7,40040.7,40150.0,0,1758
2025-04-25 05:00:00,40074.7,40095.7,40042.7,40053.7,0,1551
2025-04-25 04:00:00,40161.7,40169.7,40072.7,40077.7,0,1409
2025-04-25 03:00:00,40086.7,40176.7,40067.7,40162.7,0,1465
2025-04-25 02:00:00,40124.7,40134.0,40077.4,40084.7,0,713
2025-04-25 01:00:00,40086.2,40157.7,40054.4,40127.7,0,1020
2025-04-24 23:00:00,40115.2,40245.7,40077.2,40103.2,0,2573
2025-04-24 22:00:00,40076.6,40173.8,39966.4,40107.2,0,5409
2025-04-24 21:00:00,40011.4,40130.4,39973.8,40077.6,0,4371
2025-04-24 20:00:00,40056.8,40061.6,39950.8,40012.4,0,4802
2025-04-24 19:00:00,39878.4,40097.4,39846.8,40057.8,0,5256
2025-04-24 18:00:00,39873.6,39943.4,39804.8,39876.4,0,5506
2025-04-24 17:00:00,39641.4,39924.4,39593.8,39872.6,0,6677
2025-04-24 16:00:00,39510.4,39649.4,39390.4,39640.4,0,4966
2025-04-24 15:00:00,39422.4,39532.2,39394.4,39511.4,0,2736
2025-04-24 14:00:00,39549.4,39549.4,39380.4,39420.4,0,3066
2025-04-24 13:00:00,39380.3,39580.2,39380.3,39550.4,0,3245
2025-04-24 12:00:00,39328.3,39409.4,39318.4,39379.3,0,2038
2025-04-24 11:00:00,39384.2,39403.7,39254.5,39328.4,0,3633
2025-04-24 10:00:00,39482.2,39499.2,39362.4,39385.2,0,4258
2025-04-24 09:00:00,39420.3,39519.5,39394.2,39480.5,0,2582
2025-04-24 08:00:00,39513.3,39541.5,39357.5,39419.3,0,1899
2025-04-24 07:00:00,39508.7,39535.0,39460.7,39512.7,0,1278
2025-04-24 06:00:00,39493.7,39517.8,39475.4,39509.7,0,1176
2025-04-24 05:00:00,39528.7,39570.7,39489.7,39495.7,0,1664
2025-04-24 04:00:00,39583.7,39620.7,39525.4,39527.7,0,2187
2025-04-24 03:00:00,39588.7,39642.7,39566.7,39582.7,0,2232
2025-04-24 02:00:00,39565.7,39625.7,39552.7,39589.7,0,1138
2025-04-24 01:00:00,39553.2,39585.7,39471.4,39571.7,0,1476
2025-04-23 23:00:00,39595.2,39731.7,39558.2,39637.2,0,3112
2025-04-23 22:00:00,39635.4,39707.4,39499.5,39594.2,0,7939
2025-04-23 21:00:00,39789.8,39825.4,39600.4,39640.4,0,7135
2025-04-23 20:00:00,39799.8,39901.4,39661.8,39791.8,0,6736
2025-04-23 19:00:00,39804.8,39828.4,39556.8,39798.8,0,7739
2025-04-23 18:00:00,40172.8,40228.4,39687.8,39802.8,0,8425
2025-04-23 17:00:00,40289.4,40399.4,40049.8,40174.8,0,9020
2025-04-23 16:00:00,39997.4,40334.9,39894.2,40278.9,0,7247
2025-04-23 15:00:00,39857.2,40006.9,39846.2,39998.9,0,2978
2025-04-23 14:00:00,39957.4,39983.7,39851.4,39856.2,0,3069
2025-04-23 13:00:00,39846.3,39989.2,39818.3,39959.4,0,2352
2025-04-23 12:00:00,39848.3,39893.2,39791.2,39848.8,0,2074
2025-04-23 11:00:00,39757.8,39903.2,39753.2,39847.3,0,2582
2025-04-23 10:00:00,39673.4,39761.4,39615.4,39757.3,0,3405
2025-04-23 09:00:00,39688.3,39729.5,39659.3,39672.1,0,2258
2025-04-23 08:00:00,39666.3,39699.5,39596.1,39686.3,0,1773
2025-04-23 07:00:00,39648.7,39691.7,39645.7,39665.7,0,1189
2025-04-23 06:00:00,39656.7,39657.7,39610.7,39649.7,0,1574
2025-04-23 05:00:00,39601.7,39694.7,39575.7,39657.7,0,1694
2025-04-23 04:00:00,39689.7,39725.7,39569.7,39600.7,0,2621
2025-04-23 03:00:00,39792.7,39806.7,39633.4,39688.7,0,2716
2025-04-23 02:00:00,39848.7,39902.0,39758.7,39791.7,0,1649
2025-04-23 01:00:00,39679.2,39874.2,39638.4,39844.7,0,3044
2025-04-22 23:00:00,39202.3,39280.3,39193.3,39217.3,0,2270
2025-04-22 22:00:00,39182.7,39252.5,39032.9,39197.3,0,6494
2025-04-22 21:00:00,38816.5,39211.5,38808.9,39183.7,0,5685
2025-04-22 20:00:00,39178.5,39243.5,38799.9,38815.5,0,8123
2025-04-22 19:00:00,39107.9,39294.4,39103.9,39181.5,0,6577
2025-04-22 18:00:00,38983.9,39133.9,38936.9,39099.9,0,5637
2025-04-22 17:00:00,38759.5,38998.5,38745.5,38984.9,0,6393
2025-04-22 16:00:00,38554.5,38797.5,38528.5,38752.5,0,5975
2025-04-22 15:00:00,38454.3,38564.8,38440.5,38556.5,0,2966
2025-04-22 14:00:00,38476.5,38518.3,38426.4,38453.3,0,2823
2025-04-22 13:00:00,38488.4,38512.3,38451.0,38477.5,0,2416
2025-04-22 12:00:00,38497.7,38518.3,38450.5,38489.4,0,2185
2025-04-22 11:00:00,38465.4,38532.1,38430.7,38495.7,0,2982
2025-04-22 10:00:00,38581.7,38616.5,38457.7,38461.6,0,4038
2025-04-22 09:00:00,38305.6,38590.5,38282.7,38578.7,0,2593
2025-04-22 08:00:00,38289.4,38326.5,38274.4,38308.4,0,1950
2025-04-22 07:00:00,38291.1,38306.2,38275.3,38287.8,0,1279
2025-04-22 06:00:00,38349.6,38361.1,38261.6,38292.8,0,2014
2025-04-22 05:00:00,38340.1,38366.1,38317.3,38348.6,0,1689
2025-04-22 04:00:00,38301.1,38413.6,38296.6,38342.1,0,2205
2025-04-22 03:00:00,38283.5,38318.0,38264.5,38302.1,0,2141
2025-04-22 02:00:00,38141.9,38285.0,38140.3,38282.5,0,1575
2025-04-22 01:00:00,38137.8,38182.2,38089.6,38141.9,0,939
2025-04-21 23:00:00,38161.5,38172.5,38091.5,38132.8,0,2273
2025-04-21 22:00:00,37871.2,38223.3,37867.2,38157.5,0,6702
2025-04-21 21:00:00,37890.2,38006.2,37834.3,37872.2,0,5398
2025-04-21 20:00:00,38060.0,38089.2,37878.0,37889.2,0,5303
2025-04-21 19:00:00,38045.2,38196.2,38040.2,38059.0,0,4875
2025-04-21 18:00:00,38269.0,38301.3,38029.0,38046.2,0,6332
2025-04-21 17:00:00,38529.2,38533.4,38264.0,38267.0,0,8600
2025-04-21 16:00:00,38822.8,38884.1,38530.2,38530.2,0,6757
2025-04-21 15:00:00,38729.8,38851.7,38722.3,38824.1,0,2950
2025-04-21 14:00:00,38845.1,38895.1,38677.5,38730.1,0,3599
2025-04-21 13:00:00,38798.7,38848.1,38775.5,38842.6,0,1503
2025-04-21 12:00:00,38809.1,38813.1,38759.5,38799.3,0,1653
2025-04-21 11:00:00,38764.5,38817.1,38737.5,38808.3,0,2025
2025-04-21 10:00:00,38849.7,38870.1,38757.5,38766.7,0,2008
2025-04-21 09:00:00,38872.7,38892.1,38831.5,38850.5,0,1457
2025-04-21 08:00:00,38834.1,38883.1,38821.4,38872.5,0,1121
2025-04-21 07:00:00,38832.0,38851.8,38817.6,38833.3,0,934
2025-04-21 06:00:00,38817.5,38861.8,38786.3,38829.8,0,1636
2025-04-21 05:00:00,38904.1,38927.6,38772.6,38816.8,0,2274
2025-04-21 04:00:00,38941.3,38947.6,38854.6,38900.1,0,2249
2025-04-21 03:00:00,38989.0,39047.6,38939.6,38939.6,0,2073
2025-04-21 02:00:00,38950.7,39005.2,38939.2,38996.2,0,690
2025-04-21 01:00:00,39037.5,39044.9,38914.7,38951.2,0,1536
2025-04-17 23:00:00,39147.3,39236.3,39125.3,39230.8,0,2535
2025-04-17 22:00:00,39286.4,39302.4,39101.9,39138.3,0,7186
2025-04-17 21:00:00,39358.8,39459.4,39272.9,39283.4,0,6533
2025-04-17 20:00:00,39410.4,39428.4,39217.9,39354.8,0,6718
2025-04-17 19:00:00,39176.5,39432.4,39115.9,39406.4,0,8228
2025-04-17 18:00:00,38998.9,39261.5,38995.9,39160.5,0,7466
2025-04-17 17:00:00,39247.9,39298.4,38951.9,39002.5,0,8597
2025-04-17 16:00:00,39185.3,39291.2,39112.5,39246.9,0,8049
2025-04-17 15:00:00,39089.3,39234.5,39057.5,39189.3,0,4192
2025-04-17 14:00:00,39221.3,39306.2,39017.5,39091.3,0,3996
2025-04-17 13:00:00,39752.4,39754.4,39142.3,39220.3,0,4638
2025-04-17 12:00:00,39951.2,40042.4,39744.4,39755.4,0,2865
2025-04-17 11:00:00,40021.3,40044.2,39937.4,39950.2,0,2845
2025-04-17 10:00:00,39957.3,40115.2,39943.4,40020.3,0,3495
2025-04-17 09:00:00,39979.5,40020.5,39919.1,39953.3,0,2545
2025-04-17 08:00:00,39935.3,39997.1,39927.1,39978.5,0,1444
2025-04-17 07:00:00,39931.7,39953.0,39928.7,39934.7,0,869
2025-04-17 06:00:00,39869.7,39937.7,39867.7,39932.7,0,1174
2025-04-17 05:00:00,39829.7,39875.7,39798.7,39868.7,0,1540
2025-04-17 04:00:00,39813.4,39844.0,39784.7,39828.7,0,1881
2025-04-17 03:00:00,39687.7,39828.0,39643.7,39816.4,0,2555
2025-04-17 02:00:00,39685.0,39716.4,39588.0,39686.7,0,2064
2025-04-17 01:00:00,39686.2,39724.2,39640.7,39684.0,0,1264
2025-04-16 23:00:00,39674.2,39747.2,39604.2,39655.2,0,3158
2025-04-16 22:00:00,39601.4,39719.2,39403.8,39678.2,0,7722
2025-04-16 21:00:00,39656.4,39848.4,39589.8,39600.4,0,7933
2025-04-16 20:00:00,40122.4,40185.4,39648.5,39658.4,0,7803
2025-04-16 19:00:00,40208.4,40217.4,40091.8,40124.4,0,5894
2025-04-16 18:00:00,40254.8,40438.4,40178.8,40209.4,0,6550
2025-04-16 17:00:00,40044.8,40271.4,40027.8,40250.8,0,7955
2025-04-16 16:00:00,40284.4,40297.4,40048.8,40048.8,0,7260
2025-04-16 15:00:00,40348.2,40384.2,40263.4,40289.4,0,3520
2025-04-16 14:00:00,40326.3,40398.2,40287.2,40351.2,0,3096
2025-04-16 13:00:00,40282.2,40365.3,40267.4,40325.3,0,3387
2025-04-16 12:00:00,40297.2,40413.9,40270.4,40280.2,0,4221
2025-04-16 11:00:00,40029.2,40528.2,40020.2,40295.2,0,5729
2025-04-16 10:00:00,40133.4,40190.2,40006.4,40031.2,0,3325
2025-04-16 09:00:00,40067.1,40188.5,40054.1,40128.1,0,2655
2025-04-16 08:00:00,40229.3,40233.3,40018.5,40063.1,0,3410
2025-04-16 07:00:00,40250.7,40256.8,40219.7,40228.7,0,879
2025-04-16 06:00:00,40264.7,40282.7,40245.7,40249.7,0,1146
2025-04-16 05:00:00,40272.7,40292.7,40244.4,40262.7,0,1535
2025-04-16 04:00:00,40220.7,40300.4,40220.7,40271.7,0,1624
2025-04-16 03:00:00,40236.7,40256.0,40145.4,40219.7,0,2550
2025-04-16 02:00:00,40249.7,40258.7,40193.4,40239.7,0,1367
2025-04-16 01:00:00,40178.2,40268.4,40178.2,40250.7,0,1578
2025-04-15 23:00:00,40389.2,40412.2,40334.2,40351.2,0,1767
2025-04-15 22:00:00,40476.8,40509.4,40361.2,40381.2,0,5889
2025-04-15 21:00:00,40473.8,40527.4,40382.4,40475.8,0,6056
2025-04-15 20:00:00,40533.8,40601.4,40418.8,40475.8,0,6329
2025-04-15 19:00:00,40651.8,40704.4,40502.8,40539.4,0,5710
2025-04-15 18:00:00,40639.4,40714.3,40542.8,40650.8,0,6936
2025-04-15 17:00:00,40682.8,40818.3,40501.8,40637.4,0,9031
2025-04-15 16:00:00,40461.4,40784.3,40461.4,40686.8,0,6710
2025-04-15 15:00:00,40425.4,40473.2,40349.2,40459.4,0,4320
2025-04-15 14:00:00,40582.2,40612.4,40388.4,40422.4,0,3611
2025-04-15 13:00:00,40548.3,40624.2,40503.4,40580.2,0,2720
2025-04-15 12:00:00,40595.2,40639.4,40515.4,40549.8,0,3053
2025-04-15 11:00:00,40665.4,40684.4,40542.2,40601.2,0,4231
2025-04-15 10:00:00,40534.1,40691.2,40527.4,40670.4,0,3682
2025-04-15 09:00:00,40503.1,40562.3,40474.1,40532.1,0,1978
2025-04-15 08:00:00,40525.3,40537.3,40481.4,40502.1,0,1774
2025-04-15 07:00:00,40534.7,40548.0,40503.7,40523.7,0,1251
2025-04-15 06:00:00,40480.7,40548.7,40467.4,40533.7,0,1121
2025-04-15 05:00:00,40501.7,40536.7,40474.7,40479.7,0,1754
2025-04-15 04:00:00,40494.7,40546.0,40493.4,40500.7,0,1911
2025-04-15 03:00:00,40439.7,40520.7,40439.7,40498.7,0,2260
2025-04-15 02:00:00,40400.7,40472.0,40392.0,40440.7,0,913
2025-04-15 01:00:00,40479.2,40499.2,40374.7,40398.7,0,1213
2025-04-14 23:00:00,40566.2,40586.2,40333.2,40490.2,0,3709
2025-04-14 22:00:00,40662.8,40780.7,40512.2,40557.2,0,7085
2025-04-14 21:00:00,40533.8,40695.4,40507.8,40661.8,0,6200
2025-04-14 20:00:00,40290.4,40582.4,40271.4,40534.8,0,8065
2025-04-14 19:00:00,40284.8,40430.4,40166.8,40284.4,0,8559
2025-04-14 18:00:00,40688.8,40739.3,40262.8,40283.8,0,8125
2025-04-14 17:00:00,40575.8,40801.3,40491.8,40689.8,0,8877
2025-04-14 16:00:00,40683.2,40785.1,40466.8,40566.8,0,7458
2025-04-14 15:00:00,40492.2,40692.2,40475.4,40684.2,0,3621
2025-04-14 14:00:00,40608.2,40756.1,40481.4,40493.2,0,2743
2025-04-14 13:00:00,40552.2,40607.4,40510.4,40606.2,0,1554
2025-04-14 12:00:00,40622.9,40673.2,40488.4,40551.2,0,1662
2025-04-14 11:00:00,40555.3,40644.2,40525.4,40623.3,0,1728
2025-04-14 10:00:00,40519.2,40578.2,40423.4,40556.3,0,1575
2025-04-14 09:00:00,40412.3,40586.4,40383.1,40519.4,0,1523
2025-04-14 08:00:00,40440.1,40468.1,40402.1,40411.3,0,1723
2025-04-14 07:00:00,40322.7,40447.0,40311.7,40440.4,0,1469
2025-04-14 06:00:00,40378.7,40385.7,39851.0,40321.7,0,2280
2025-04-14 05:00:00,40317.0,40398.0,40307.0,40383.7,0,2045
2025-04-14 04:00:00,40322.7,40364.0,40242.7,40315.0,0,3117
2025-04-14 03:00:00,40382.4,40433.7,40301.0,40321.7,0,3211
2025-04-14 02:00:00,40299.5,40466.2,40267.2,40382.2,0,3064
2025-04-14 01:00:00,40590.0,40599.5,40267.8,40293.5,0,3463
2025-04-11 23:00:00,40192.8,40276.4,40175.8,40242.8,0,2315
2025-04-11 22:00:00,40088.8,40333.4,40079.8,40193.8,0,8500
2025-04-11 21:00:00,40276.4,40298.4,40058.4,40086.8,0,8784
2025-04-11 20:00:00,40036.4,40409.8,39856.8,40278.4,0,9460
2025-04-11 19:00:00,39694.4,40105.4,39624.8,40035.4,0,8672
2025-04-11 18:00:00,39438.4,39745.4,39262.2,39693.4,0,9843
2025-04-11 17:00:00,39617.2,39822.4,39260.9,39440.4,0,11256
2025-04-11 16:00:00,39651.2,39832.4,39264.3,39665.8,0,8343
2025-04-11 15:00:00,39701.2,39886.2,39633.4,39652.2,0,4894
2025-04-11 14:00:00,39851.2,39891.4,39542.4,39699.2,0,4648
2025-04-11 13:00:00,39804.4,39930.2,39727.4,39848.2,0,5131
2025-04-11 12:00:00,39358.4,39808.4,39325.4,39803.4,0,5247
2025-04-11 11:00:00,39616.4,39687.2,39267.3,39361.4,0,6650
2025-04-11 10:00:00,39843.2,39877.2,39591.9,39616.2,0,5773
2025-04-11 09:00:00,39927.1,40060.5,39821.1,39842.5,0,4863
2025-04-11 08:00:00,39625.3,39946.5,39544.5,39921.1,0,3712
2025-04-11 07:00:00,39547.7,39680.4,39547.7,39624.7,0,2512
2025-04-11 06:00:00,39350.4,39642.4,39350.4,39543.7,0,3407
2025-04-11 05:00:00,39354.6,39457.0,39204.9,39348.4,0,3950
2025-04-11 04:00:00,39110.8,39378.6,39071.8,39358.6,0,4893
2025-04-11 03:00:00,39431.4,39453.4,39018.1,39113.8,0,5066
2025-04-11 02:00:00,39659.0,39685.6,39363.7,39434.4,0,2850
2025-04-11 01:00:00,39620.2,39778.6,39557.2,39657.0,0,2236
2025-04-10 23:00:00,39594.1,39729.2,39506.2,39592.2,0,4209
2025-04-10 22:00:00,39617.4,39833.4,39106.9,39586.9,0,11349
2025-04-10 21:00:00,39444.2,39832.2,39217.9,39611.4,0,11017
2025-04-10 20:00:00,39089.5,39532.8,38639.5,39447.7,0,10889
2025-04-10 19:00:00,39054.9,39158.9,38432.5,39096.5,0,11235
2025-04-10 18:00:00,39531.4,39689.4,39014.9,39056.9,0,9418
2025-04-10 17:00:00,39749.4,39896.4,39517.8,39533.4,0,10244
2025-04-10 16:00:00,40028.4,40167.2,39651.8,39753.4,0,8322
2025-04-10 15:00:00,40147.4,40279.4,39895.4,40029.4,0,6448
2025-04-10 14:00:00,40083.4,40194.2,40018.2,40151.4,0,4493
2025-04-10 13:00:00,39995.2,40288.2,39977.2,40086.2,0,4866
2025-04-10 12:00:00,39967.2,40101.2,39868.4,39987.2,0,5190
2025-04-10 11:00:00,40120.2,40205.2,39892.2,39968.2,0,6072
2025-04-10 10:00:00,40568.4,40703.7,40049.2,40108.2,0,6766
2025-04-10 09:00:00,40584.3,40646.4,40466.1,40567.4,0,4596
2025-04-10 08:00:00,40489.4,40598.1,40427.1,40583.3,0,3215
2025-04-10 07:00:00,40585.7,40595.7,40466.4,40488.0,0,2927
2025-04-10 06:00:00,40579.4,40614.4,40480.0,40588.7,0,3372
2025-04-10 05:00:00,40653.7,40670.0,40569.4,40580.4,0,3106
2025-04-10 04:00:00,40798.9,40850.9,40576.4,40652.7,0,4589
2025-04-10 03:00:00,40890.6,40918.6,40684.4,40801.9,0,4286
2025-04-10 02:00:00,40870.6,40932.3,40833.3,40893.6,0,1621
2025-04-10 01:00:00,40690.2,40896.9,40671.2,40872.6,0,2456
2025-04-09 23:00:00,40611.2,40825.1,40557.2,40820.1,0,4812
2025-04-09 22:00:00,39861.4,40801.3,39790.8,40598.2,0,9241
2025-04-09 21:00:00,40168.3,40489.4,39839.4,39860.4,0,8986
2025-04-09 20:00:00,37954.5,40341.4,37637.0,40167.3,0,12458
2025-04-09 19:00:00,37583.6,38045.5,37483.0,37950.5,0,7291
2025-04-09 18:00:00,37340.0,37846.6,37333.0,37575.6,0,9064
2025-04-09 17:00:00,37803.6,38033.5,37329.0,37336.0,0,10018
2025-04-09 16:00:00,37084.4,37886.5,37082.4,37805.6,0,9325
2025-04-09 15:00:00,36929.6,37220.1,36731.6,37086.4,0,5563
2025-04-09 14:00:00,37378.6,37378.6,36736.6,36938.6,0,7411
2025-04-09 13:00:00,37468.6,37605.6,37204.6,37368.6,0,5244
2025-04-09 12:00:00,37646.6,37710.6,37409.6,37466.6,0,4496
2025-04-09 11:00:00,37728.4,37817.4,37271.4,37640.6,0,5841
2025-04-09 10:00:00,37190.4,37945.5,37157.6,37736.4,0,7203
2025-04-09 09:00:00,36949.7,37279.3,36942.7,37186.7,0,4888
2025-04-09 08:00:00,36891.7,36982.7,36697.4,36946.7,0,4613
2025-04-09 07:00:00,37039.2,37143.2,36786.2,36890.2,0,4838
2025-04-09 06:00:00,37287.9,37345.2,37001.6,37037.2,0,4168
2025-04-09 05:00:00,37419.6,37580.2,37261.2,37285.9,0,4500
2025-04-09 04:00:00,37138.9,37487.6,36992.6,37421.6,0,4539
2025-04-09 03:00:00,37284.6,37296.6,37062.6,37139.9,0,4630
2025-04-09 02:00:00,37386.9,37386.9,37085.6,37288.2,0,3701
2025-04-09 01:00:00,37540.4,37558.4,37213.2,37388.9,0,3998
2025-04-08 23:00:00,37658.4,37754.4,37461.4,37558.4,0,3966
2025-04-08 22:00:00,37951.5,37971.5,37104.6,37651.4,0,9903
2025-04-08 21:00:00,38269.9,38344.9,37904.9,37949.5,0,9287
2025-04-08 20:00:00,38340.5,38435.5,37951.9,38278.9,0,9692
2025-04-08 19:00:00,38936.5,38997.5,38333.5,38342.5,0,9739
2025-04-08 18:00:00,38950.5,39030.5,38675.9,38942.5,0,9432
2025-04-08 17:00:00,39303.8,39446.4,38948.5,38948.5,0,9888
2025-04-08 16:00:00,39008.4,39409.2,38978.5,39311.8,0,9239
2025-04-08 15:00:00,39096.5,39188.3,38964.5,39018.4,0,5867
2025-04-08 14:00:00,38697.5,39118.5,38663.3,39095.5,0,5401
2025-04-08 13:00:00,38632.3,38756.3,38587.5,38693.5,0,3551
2025-04-08 12:00:00,38743.4,38776.3,38623.5,38633.3,0,4001
2025-04-08 11:00:00,38722.3,38768.3,38599.5,38744.4,0,4521
2025-04-08 10:00:00,38678.3,38774.3,38584.5,38721.3,0,5232
2025-04-08 09:00:00,38612.4,38713.6,38548.4,38672.6,0,3465
2025-04-08 08:00:00,38623.4,38636.6,38478.4,38615.6,0,2791
2025-04-08 07:00:00,38662.5,38681.5,38527.8,38622.8,0,2089
2025-04-08 06:00:00,38715.8,38748.1,38601.8,38661.5,0,2303
2025-04-08 05:00:00,38723.8,38739.8,38646.1,38716.8,0,2353
2025-04-08 04:00:00,38425.8,38740.8,38343.8,38724.8,0,4922
2025-04-08 03:00:00,38458.8,38657.8,38410.8,38427.8,0,4783
2025-04-08 02:00:00,38419.1,38516.8,38409.8,38462.8,0,2024
2025-04-08 01:00:00,38313.3,38420.1,38247.3,38420.1,0,1417
2025-04-07 23:00:00,37954.3,38387.3,37929.3,38256.3,0,4046
2025-04-07 22:00:00,37870.5,38115.5,37678.0,37950.3,0,5920
2025-04-07 21:00:00,38268.5,38352.5,37816.8,37869.5,0,5875
2025-04-07 20:00:00,37368.0,38285.9,37350.6,38267.5,0,6934
2025-04-07 19:00:00,37660.1,37775.6,37301.0,37368.6,0,5949
2025-04-07 18:00:00,38047.5,38309.5,37173.6,37660.5,0,9889
2025-04-07 17:00:00,37370.0,39219.5,37201.0,38040.5,0,14214
2025-04-07 16:00:00,37641.1,37641.1,36616.0,37378.0,0,9911
2025-04-07 15:00:00,37500.6,37754.4,37257.6,37637.1,0,8042
2025-04-07 14:00:00,37474.4,37768.4,37412.1,37495.6,0,6994
2025-04-07 13:00:00,37063.4,37709.4,36991.6,37466.4,0,7478
2025-04-07 12:00:00,36990.6,37197.4,36780.6,37059.4,0,6384
2025-04-07 11:00:00,36784.6,37222.4,36756.6,36989.6,0,7619
2025-04-07 10:00:00,36752.4,36954.6,36618.4,36780.6,0,7938
2025-04-07 09:00:00,37220.3,37391.7,36721.3,36747.7,0,5801
2025-04-07 08:00:00,37233.3,37499.7,37136.3,37222.3,0,4855
2025-04-07 07:00:00,37266.2,37380.6,37072.2,37233.6,0,4184
2025-04-07 06:00:00,37444.9,37469.9,37190.2,37267.2,0,4699
2025-04-07 05:00:00,37543.6,37583.6,37376.9,37445.9,0,4855
2025-04-07 04:00:00,37166.2,37593.6,37129.6,37548.2,0,6172
2025-04-07 03:00:00,36974.6,37174.6,36846.6,37165.2,0,5622
2025-04-07 02:00:00,36858.5,37085.8,36615.8,36971.2,0,4827
2025-04-07 01:00:00,37153.8,37223.0,36494.5,36860.5,0,6991
2025-04-04 23:00:00,38301.9,38331.5,38077.5,38238.9,0,5141
2025-04-04 22:00:00,38505.9,38881.9,38246.5,38305.5,0,10116
2025-04-04 21:00:00,39018.5,39093.9,38337.9,38506.9,0,9105
2025-04-04 20:00:00,38889.9,39024.5,38589.9,39007.5,0,9230
2025-04-04 19:00:00,39044.5,39229.5,38844.9,38890.9,0,9593
2025-04-04 18:00:00,39120.9,39621.8,39016.5,39040.5,0,10903
2025-04-04 17:00:00,39570.8,39578.8,38811.9,39126.9,0,10215
2025-04-04 16:00:00,39544.4,39660.2,39290.4,39571.8,0,9558
2025-04-04 15:00:00,39414.2,39606.8,39231.5,39538.4,0,7461
2025-04-04 14:00:00,39382.2,39494.2,38957.3,39417.2,0,8030
2025-04-04 13:00:00,40088.2,40121.2,39315.2,39374.2,0,8829
2025-04-04 12:00:00,40145.2,40180.2,40064.2,40087.2,0,4781
2025-04-04 11:00:00,40279.4,40283.4,40103.7,40142.2,0,5249
2025-04-04 10:00:00,40323.2,40363.2,40255.4,40280.4,0,5356
2025-04-04 09:00:00,40427.4,40469.4,40324.1,40327.5,0,3441
2025-04-04 08:00:00,40229.3,40433.4,40204.1,40429.4,0,3310
2025-04-04 07:00:00,40307.7,40321.0,40215.4,40228.7,0,2569
2025-04-04 06:00:00,40368.7,40370.7,40237.0,40308.7,0,2726
2025-04-04 05:00:00,40364.7,40429.7,40357.7,40367.7,0,2011
2025-04-04 04:00:00,40429.0,40461.7,40353.4,40363.7,0,2398
2025-04-04 03:00:00,40432.7,40506.0,40393.4,40428.0,0,3131
2025-04-04 02:00:00,40433.0,40480.4,40387.0,40431.7,0,2232
2025-04-04 01:00:00,40468.2,40502.2,40355.4,40432.0,0,1986
2025-04-03 23:00:00,40552.2,40577.2,40419.2,40450.2,0,2978
2025-04-03 22:00:00,40839.3,40857.3,40527.2,40555.2,0,7977
2025-04-03 21:00:00,40878.3,40927.3,40735.7,40844.3,0,6997
2025-04-03 20:00:00,40954.7,41018.3,40864.7,40880.3,0,6947
2025-04-03 19:00:00,40907.3,41149.7,40903.7,40953.7,0,7886
2025-04-03 18:00:00,40641.8,40963.3,40624.8,40915.3,0,8003
2025-04-03 17:00:00,40848.2,40888.7,40630.8,40649.8,0,8743
2025-04-03 16:00:00,40967.3,41184.1,40821.7,40869.7,0,8202
2025-04-03 15:00:00,41036.1,41136.1,40958.3,40968.3,0,4597
2025-04-03 14:00:00,41051.1,41107.3,40972.8,41044.1,0,3712
2025-04-03 13:00:00,41149.3,41164.3,40959.3,41049.1,0,4166
2025-04-03 12:00:00,41254.3,41282.1,41142.3,41150.3,0,3347
2025-04-03 11:00:00,41241.1,41280.1,41189.3,41255.3,0,3729
2025-04-03 10:00:00,41186.1,41277.1,41131.3,41242.1,0,4916
2025-04-03 09:00:00,41283.0,41361.4,41185.4,41185.4,0,3781
2025-04-03 08:00:00,41395.2,41426.4,41275.0,41282.0,0,2837
2025-04-03 07:00:00,41402.6,41457.6,41370.3,41394.6,0,1959
2025-04-03 06:00:00,41461.6,41462.6,41362.6,41400.6,0,2205
2025-04-03 05:00:00,41422.6,41467.6,41388.9,41459.6,0,2735
2025-04-03 04:00:00,41309.9,41501.9,41309.9,41421.6,0,3507
2025-04-03 03:00:00,41239.9,41466.6,41239.6,41311.9,0,4292
2025-04-03 02:00:00,41319.6,41319.9,41160.3,41240.9,0,2755
2025-04-03 01:00:00,41470.6,41580.6,41065.3,41319.9,0,3224
2025-04-02 23:00:00,42233.0,42590.0,41640.1,41752.6,0,8756
2025-04-02 22:00:00,42002.1,42328.0,42002.1,42236.0,0,7049
2025-04-02 21:00:00,42178.6,42203.2,41978.9,41996.1,0,6592
2025-04-02 20:00:00,42295.6,42411.2,42115.7,42181.6,0,6500
2025-04-02 19:00:00,42069.7,42316.2,42056.7,42293.6,0,6039
2025-04-02 18:00:00,42095.7,42200.2,42004.7,42070.7,0,6829
2025-04-02 17:00:00,41812.3,42115.3,41799.7,42099.7,0,7206
2025-04-02 16:00:00,41701.1,41913.3,41643.3,41821.3,0,6717
2025-04-02 15:00:00,41787.6,41791.6,41632.8,41701.7,0,4059
2025-04-02 14:00:00,41805.3,41821.1,41766.3,41787.1,0,2533
2025-04-02 13:00:00,41875.2,41884.1,41773.3,41803.3,0,3103
2025-04-02 12:00:00,41894.2,41932.2,41867.2,41873.7,0,1916
2025-04-02 11:00:00,41919.1,41952.8,41878.3,41895.2,0,2533
2025-04-02 10:00:00,41957.2,42005.3,41901.3,41918.1,0,2926
2025-04-02 09:00:00,41936.0,41996.3,41923.0,41964.2,0,1439
2025-04-02 08:00:00,41953.2,41963.3,41928.0,41937.0,0,792
2025-04-02 07:00:00,41954.6,41957.8,41935.3,41952.6,0,626
2025-04-02 06:00:00,41962.6,41974.8,41945.3,41955.6,0,601
2025-04-02 05:00:00,41972.6,41978.6,41953.6,41963.6,0,1002
2025-04-02 04:00:00,41953.9,41985.6,41944.6,41971.6,0,1522
2025-04-02 03:00:00,42056.6,42058.6,41939.9,41955.9,0,2325
2025-04-02 02:00:00,42061.6,42091.9,42037.9,42055.6,0,1133
2025-04-02 01:00:00,41994.1,42123.9,41994.1,42062.6,0,1368
2025-04-01 23:00:00,41999.1,42017.1,41937.1,41979.1,0,2120
2025-04-01 22:00:00,41815.3,42043.1,41803.3,41991.1,0,6317
2025-04-01 21:00:00,41896.3,41908.3,41707.3,41816.3,0,6429
2025-04-01 20:00:00,42026.7,42062.3,41889.7,41894.3,0,6090
2025-04-01 19:00:00,42085.7,42170.9,41936.7,42025.7,0,6712
2025-04-01 18:00:00,41965.3,42143.2,41939.7,42083.7,0,7028
2025-04-01 17:00:00,41752.8,41973.3,41527.7,41968.3,0,8329
2025-04-01 16:00:00,41813.3,41905.6,41671.7,41760.8,0,6504
2025-04-01 15:00:00,41760.2,41822.3,41744.3,41811.3,0,3848
2025-04-01 14:00:00,41847.3,41864.1,41722.3,41761.2,0,3815
2025-04-01 13:00:00,41987.7,41992.6,41765.3,41845.3,0,3777
2025-04-01 12:00:00,41955.8,42002.8,41941.8,41986.7,0,1864
2025-04-01 11:00:00,41930.2,41958.6,41864.3,41953.8,0,2426
2025-04-01 10:00:00,41995.1,42058.1,41926.2,41932.2,0,3279
2025-04-01 09:00:00,41890.2,41996.3,41886.0,41995.3,0,1987
2025-04-01 08:00:00,41898.2,41950.2,41885.3,41893.2,0,1158
2025-04-01 07:00:00,41903.6,41904.6,41870.6,41898.6,0,851
2025-04-01 06:00:00,41949.6,41956.6,41894.6,41904.6,0,927
2025-04-01 05:00:00,41899.6,41952.6,41884.6,41950.6,0,1108
2025-04-01 04:00:00,41875.6,41912.6,41847.6,41898.6,0,1856
2025-04-01 03:00:00,41938.6,41938.6,41838.9,41877.6,0,2298
2025-04-01 02:00:00,41943.3,41982.6,41909.9,41939.6,0,1571
2025-04-01 01:00:00,41962.1,41975.9,41866.9,41942.3,0,1608
2025-03-31 23:00:00,42025.1,42025.1,41935.1,41965.1,0,1778
2025-03-31 22:00:00,41860.3,42168.2,41858.3,42021.1,0,6702
2025-03-31 21:00:00,41663.7,41957.3,41652.7,41862.3,0,5742
2025-03-31 20:00:00,41687.7,41787.3,41624.7,41661.7,0,5100
2025-03-31 19:00:00,41711.3,41756.3,41594.7,41686.7,0,5244
2025-03-31 18:00:00,41614.3,41753.3,41601.7,41707.3,0,5882
2025-03-31 17:00:00,41422.3,41625.3,41396.7,41612.3,0,7193
2025-03-31 16:00:00,41349.3,41459.7,41173.7,41419.3,0,6113
2025-03-31 15:00:00,41316.1,41355.6,41264.3,41350.3,0,3110
2025-03-31 14:00:00,41340.3,41364.1,41256.8,41316.6,0,2966
2025-03-31 13:00:00,41326.6,41363.1,41311.3,41338.3,0,2354
2025-03-31 12:00:00,41350.1,41367.8,41296.3,41327.1,0,2586
2025-03-31 11:00:00,41420.3,41467.3,41342.3,41351.1,0,3186
2025-03-31 10:00:00,41395.2,41437.3,41326.3,41422.3,0,3908
2025-03-31 09:00:00,41428.2,41453.2,41372.0,41400.2,0,2181
2025-03-31 08:00:00,41451.2,41469.4,41417.4,41430.2,0,1361
2025-03-31 07:00:00,41412.6,41461.6,41402.6,41450.6,0,1045
2025-03-31 06:00:00,41410.6,41418.6,41369.3,41415.6,0,1146
2025-03-31 05:00:00,41413.6,41458.6,41382.6,41409.6,0,1188
2025-03-31 04:00:00,41400.6,41461.3,41398.3,41412.6,0,1936
2025-03-31 03:00:00,41458.6,41460.6,41379.9,41399.6,0,2425
2025-03-31 02:00:00,41422.5,41461.5,41380.8,41461.5,0,1724
2025-03-31 01:00:00,41351.0,41427.8,41304.0,41421.5,0,1754
2025-03-28 22:00:00,41591.3,41593.3,41450.7,41452.7,0,2165
2025-03-28 21:00:00,41606.3,41645.3,41542.7,41590.3,0,5447
2025-03-28 20:00:00,41614.7,41647.3,41545.3,41609.3,0,5254
2025-03-28 19:00:00,41644.3,41648.3,41540.7,41617.7,0,5201
2025-03-28 18:00:00,41760.3,41818.3,41633.7,41645.3,0,5390
2025-03-28 17:00:00,41760.3,41865.3,41707.7,41762.3,0,6056
2025-03-28 16:00:00,42032.3,42074.3,41742.7,41764.3,0,7467
2025-03-28 15:00:00,42183.2,42302.0,42028.3,42038.3,0,6114
2025-03-28 14:00:00,42293.5,42316.0,42179.7,42179.7,0,3181
2025-03-28 13:00:00,42299.1,42314.0,42255.2,42301.0,0,1836
2025-03-28 12:00:00,42252.2,42330.0,42252.2,42297.6,0,2028
2025-03-28 11:00:00,42258.1,42280.0,42229.2,42250.2,0,1941
2025-03-28 10:00:00,42186.2,42275.5,42180.2,42256.1,0,3373
2025-03-28 09:00:00,42304.0,42313.0,42181.2,42184.2,0,2187
2025-03-28 08:00:00,42369.1,42394.3,42296.0,42302.3,0,890
2025-03-28 07:00:00,42376.1,42388.1,42353.0,42370.1,0,616
2025-03-28 06:00:00,42383.8,42386.8,42357.5,42376.5,0,585
2025-03-28 05:00:00,42365.8,42388.5,42349.2,42384.8,0,536
2025-03-28 04:00:00,42335.5,42377.8,42334.5,42364.8,0,587
2025-03-28 03:00:00,42346.5,42366.5,42333.5,42337.5,0,875
2025-03-28 02:00:00,42315.5,42352.8,42271.2,42345.5,0,1055
2025-03-28 01:00:00,42320.5,42331.5,42278.5,42313.5,0,1071
2025-03-28 00:00:00,42336.0,42360.0,42319.5,42319.5,0,705
2025-03-27 22:00:00,42339.0,42372.0,42331.0,42337.0,0,1530
2025-03-27 21:00:00,42323.9,42496.2,42309.0,42338.0,0,5894
2025-03-27 20:00:00,42269.3,42432.9,42265.3,42322.9,0,5323
2025-03-27 19:00:00,42266.9,42374.9,42240.9,42268.3,0,5438
2025-03-27 18:00:00,42345.9,42462.3,42262.3,42264.9,0,5673
2025-03-27 17:00:00,42494.0,42535.2,42329.3,42346.9,0,5679
2025-03-27 16:00:00,42430.6,42558.2,42381.6,42492.0,0,6737
2025-03-27 15:00:00,42496.2,42517.0,42187.9,42428.6,0,6200
2025-03-27 14:00:00,42519.1,42552.5,42474.2,42497.2,0,3196
2025-03-27 13:00:00,42498.7,42542.0,42450.6,42520.6,0,2766
2025-03-27 12:00:00,42564.2,42594.5,42496.2,42499.2,0,2347
2025-03-27 11:00:00,42557.0,42573.0,42514.2,42565.2,0,2390
2025-03-27 10:00:00,42493.0,42557.0,42425.0,42555.0,0,3968
2025-03-27 09:00:00,42543.2,42556.2,42482.2,42491.0,0,1989
2025-03-27 08:00:00,42534.1,42592.9,42527.9,42543.9,0,1267
2025-03-27 07:00:00,42545.0,42581.0,42530.0,42533.1,0,1376
2025-03-27 06:00:00,42526.0,42550.0,42523.0,42545.0,0,984
2025-03-27 05:00:00,42487.8,42532.0,42481.0,42527.0,0,1245
2025-03-27 04:00:00,42443.0,42494.8,42442.0,42487.8,0,1281
2025-03-27 03:00:00,42421.0,42448.0,42409.0,42442.0,0,2413
2025-03-27 02:00:00,42403.0,42444.0,42383.0,42420.0,0,2838
2025-03-27 01:00:00,42334.0,42414.0,42310.0,42404.0,0,2434
2025-03-27 00:00:00,42340.0,42409.0,42295.0,42333.0,0,5921
2025-03-26 22:00:00,42468.0,42479.0,42414.0,42428.0,0,3503
2025-03-26 21:00:00,42369.0,42521.0,42349.0,42467.0,0,26539
2025-03-26 20:00:00,42411.0,42510.0,42354.0,42370.0,0,20818
2025-03-26 19:00:00,42513.0,42560.0,42390.0,42410.0,0,20609
2025-03-26 18:00:00,42572.0,42622.0,42499.0,42514.0,0,19552
2025-03-26 17:00:00,42795.0,42828.0,42523.0,42571.0,0,21296
2025-03-26 16:00:00,42772.0,42845.0,42733.0,42794.0,0,25376
2025-03-26 15:00:00,42688.8,42863.9,42636.8,42775.0,0,6863
2025-03-26 14:00:00,42669.8,42710.3,42639.8,42689.8,0,1704
2025-03-26 13:00:00,42629.8,42677.3,42618.8,42669.8,0,1185
2025-03-26 12:00:00,42550.8,42631.8,42546.3,42630.8,0,1441
2025-03-26 11:00:00,42568.8,42595.8,42548.8,42552.8,0,1525
2025-03-26 10:00:00,42600.8,42614.8,42561.8,42568.8,0,1964
2025-03-26 09:00:00,42586.8,42628.8,42584.8,42592.8,0,643
2025-03-26 08:00:00,42585.8,42592.8,42563.8,42587.8,0,565
2025-03-26 07:00:00,42627.8,42630.8,42582.8,42584.8,0,542
2025-03-26 06:00:00,42629.8,42636.8,42619.8,42627.8,0,332
2025-03-26 05:00:00,42627.8,42630.8,42610.8,42629.8,0,473
2025-03-26 04:00:00,42645.8,42647.8,42606.8,42629.8,0,654
2025-03-26 03:00:00,42666.8,42666.8,42640.8,42645.8,0,574
2025-03-26 02:00:00,42634.8,42678.8,42624.8,42666.8,0,624
2025-03-26 01:00:00,42629.8,42651.8,42625.8,42636.8,0,392
2025-03-26 00:00:00,42643.8,42668.8,42618.8,42629.8,0,464
2025-03-25 22:00:00,42617.8,42648.8,42615.8,42629.4,0,853
2025-03-25 21:00:00,42508.9,42641.9,42477.9,42617.9,0,3344
2025-03-25 20:00:00,42538.9,42584.9,42500.9,42509.9,0,2942
2025-03-25 19:00:00,42614.9,42638.9,42537.9,42538.9,0,2533
2025-03-25 18:00:00,42589.6,42611.9,42543.9,42611.9,0,2603
2025-03-25 17:00:00,42694.9,42716.9,42565.9,42587.6,0,2767
2025-03-25 16:00:00,42564.9,42716.9,42530.9,42693.9,0,3827
2025-03-25 15:00:00,42685.8,42733.9,42563.9,42563.9,0,3394
2025-03-25 14:00:00,42674.8,42710.8,42665.8,42685.8,0,1620
2025-03-25 13:00:00,42601.3,42674.8,42583.8,42673.3,0,1607
2025-03-25 12:00:00,42571.8,42607.8,42536.8,42601.8,0,1350
2025-03-25 11:00:00,42557.3,42576.8,42534.8,42571.8,0,1389
2025-03-25 10:00:00,42533.8,42564.3,42518.8,42556.8,0,2110
2025-03-25 09:00:00,42542.8,42577.8,42524.8,42525.8,0,792
2025-03-25 08:00:00,42541.8,42544.8,42521.8,42543.8,0,359
2025-03-25 07:00:00,42542.8,42549.8,42534.8,42541.8,0,338
2025-03-25 06:00:00,42550.8,42554.8,42541.8,42542.8,0,304
2025-03-25 05:00:00,42567.8,42572.8,42544.8,42550.8,0,378
2025-03-25 04:00:00,42588.8,42588.8,42555.8,42568.8,0,516
2025-03-25 03:00:00,42588.8,42603.8,42579.8,42588.8,0,669
2025-03-25 02:00:00,42588.8,42595.8,42551.8,42590.8,0,801
2025-03-25 01:00:00,42579.8,42600.8,42572.8,42588.8,0,378
2025-03-25 00:00:00,42601.8,42606.8,42571.8,42579.8,0,452
2025-03-24 22:00:00,42595.8,42651.8,42592.8,42595.8,0,1008
2025-03-24 21:00:00,42551.9,42674.9,42538.9,42597.9,0,2617
2025-03-24 20:00:00,42497.9,42554.9,42412.9,42551.9,0,2883
2025-03-24 19:00:00,42493.9,42516.9,42440.9,42497.9,0,2660
2025-03-24 18:00:00,42593.9,42629.9,42490.9,42493.9,0,2740
2025-03-24 17:00:00,42556.9,42605.9,42527.6,42594.9,0,2731
2025-03-24 16:00:00,42524.9,42577.9,42489.9,42555.9,0,3563
2025-03-24 15:00:00,42428.8,42537.9,42324.9,42524.9,0,3500
2025-03-24 14:00:00,42412.8,42444.8,42393.8,42428.8,0,1572
2025-03-24 13:00:00,42388.8,42437.3,42381.8,42412.8,0,1677
2025-03-24 12:00:00,42336.8,42397.8,42321.8,42388.8,0,1192
2025-03-24 11:00:00,42357.8,42392.8,42310.8,42336.8,0,1592
2025-03-24 10:00:00,42300.8,42369.8,42298.8,42358.3,0,2107
2025-03-24 09:00:00,42311.8,42350.8,42303.8,42303.8,0,916
2025-03-24 08:00:00,42255.8,42321.8,42251.8,42311.8,0,531
2025-03-24 07:00:00,42243.8,42262.8,42242.8,42255.8,0,394
2025-03-24 06:00:00,42246.8,42247.8,42233.8,42243.8,0,327
2025-03-24 05:00:00,42250.8,42261.8,42239.8,42246.8,0,427
2025-03-24 04:00:00,42244.8,42252.8,42232.8,42250.8,0,471
2025-03-24 03:00:00,42243.8,42248.8,42223.8,42245.8,0,781
2025-03-24 02:00:00,42228.8,42253.8,42212.8,42243.8,0,973
2025-03-24 01:00:00,42182.8,42231.8,42170.8,42229.8,0,705
2025-03-24 00:00:00,42220.8,42231.8,42175.8,42181.8,0,795
2025-03-21 22:00:00,41992.8,42032.8,41984.8,42006.8,0,1438
2025-03-21 21:00:00,41899.9,42028.9,41843.9,41995.9,0,3927
2025-03-21 20:00:00,41966.9,41977.9,41869.9,41900.9,0,3555
2025-03-21 19:00:00,41975.9,42029.9,41850.9,41963.9,0,3586
2025-03-21 18:00:00,41677.9,41982.9,41652.9,41979.9,0,4082
2025-03-21 17:00:00,41743.9,41784.9,41620.9,41679.9,0,4235
2025-03-21 16:00:00,41581.9,41736.9,41442.9,41735.9,0,4662
2025-03-21 15:00:00,41660.8,41669.8,41483.9,41573.9,0,4630
2025-03-21 14:00:00,41835.8,41892.8,41656.3,41660.8,0,2719
2025-03-21 13:00:00,41877.8,41877.8,41813.8,41836.8,0,1796
2025-03-21 12:00:00,41837.8,41904.8,41822.8,41877.8,0,1934
2025-03-21 11:00:00,41815.8,41857.8,41784.8,41837.8,0,2029
2025-03-21 10:00:00,41893.8,41948.8,41764.8,41814.8,0,2970
2025-03-21 09:00:00,41985.8,41992.8,41863.8,41896.8,0,1348
2025-03-21 08:00:00,41917.8,41985.8,41908.8,41984.8,0,914
2025-03-21 07:00:00,41951.8,41957.8,41884.8,41918.8,0,907
2025-03-21 06:00:00,41979.8,41995.8,41946.8,41951.8,0,638
2025-03-21 05:00:00,42009.8,42011.8,41973.8,41980.8,0,980
2025-03-21 04:00:00,42018.8,42021.8,41980.8,42009.8,0,831
2025-03-21 03:00:00,41996.8,42022.8,41975.8,42019.8,0,871
2025-03-21 02:00:00,41975.8,42020.8,41969.8,41997.8,0,955
2025-03-21 01:00:00,41987.8,41988.8,41928.4,41978.8,0,936
2025-03-21 00:00:00,41987.4,42010.8,41976.4,41986.8,0,672
2025-03-20 22:00:00,41983.8,42021.8,41974.8,42000.8,0,1399
2025-03-20 21:00:00,41930.9,42042.9,41919.9,41982.9,0,4167
2025-03-20 20:00:00,41957.9,42032.9,41867.4,41934.9,0,4009
2025-03-20 19:00:00,42030.9,42102.9,41920.9,41955.9,0,3928
2025-03-20 18:00:00,42156.9,42236.3,42019.9,42030.9,0,4200
2025-03-20 17:00:00,42245.9,42258.9,42122.9,42159.9,0,4113
2025-03-20 16:00:00,41974.4,42290.9,41974.4,42241.9,0,4624
2025-03-20 15:00:00,41839.8,41993.9,41725.9,41969.9,0,3820
2025-03-20 14:00:00,41892.8,41905.8,41832.3,41839.8,0,2181
2025-03-20 13:00:00,41845.3,41899.8,41821.8,41891.8,0,2342
2025-03-20 12:00:00,42011.8,42015.8,41718.8,41846.8,0,3774
2025-03-20 11:00:00,42138.8,42143.8,41988.8,42009.8,0,2377
2025-03-20 10:00:00,42096.8,42175.8,42096.8,42137.8,0,1640
2025-03-20 09:00:00,42121.8,42140.8,42097.8,42103.8,0,1006
2025-03-20 08:00:00,42150.8,42155.8,42118.8,42120.8,0,616
2025-03-20 07:00:00,42134.8,42154.8,42129.8,42150.8,0,456
2025-03-20 06:00:00,42141.8,42152.8,42131.8,42134.8,0,395
2025-03-20 05:00:00,42122.8,42161.8,42122.8,42140.8,0,567
2025-03-20 04:00:00,42101.8,42133.8,42093.8,42122.8,0,658
2025-03-20 03:00:00,42125.8,42133.8,42098.8,42101.8,0,663
2025-03-20 02:00:00,42098.8,42133.8,42081.8,42126.8,0,800
2025-03-20 01:00:00,42082.8,42104.8,42069.8,42098.8,0,748
2025-03-20 00:00:00,42032.4,42106.8,42019.4,42082.8,0,1056
2025-03-19 22:00:00,42018.4,42048.4,42008.8,42018.8,0,1527
2025-03-19 21:00:00,42067.9,42227.9,41980.9,42013.9,0,4969
2025-03-19 20:00:00,41717.9,42102.9,41572.3,42070.9,0,5202
2025-03-19 19:00:00,41864.9,41878.9,41694.9,41717.3,0,3134
2025-03-19 18:00:00,41943.9,41972.9,41854.9,41863.9,0,2717
2025-03-19 17:00:00,41838.9,41992.9,41805.9,41943.9,0,3158
2025-03-19 16:00:00,41837.6,41895.6,41818.6,41837.9,0,3854
2025-03-19 15:00:00,41645.8,41878.6,41643.3,41836.6,0,3562
2025-03-19 14:00:00,41661.8,41678.8,41615.8,41646.8,0,1774
2025-03-19 13:00:00,41663.8,41691.8,41626.8,41663.8,0,1528
2025-03-19 12:00:00,41687.8,41699.8,41644.8,41662.8,0,1666
2025-03-19 11:00:00,41641.8,41701.8,41597.8,41687.8,0,1791
2025-03-19 10:00:00,41582.8,41680.8,41582.8,41642.8,0,2326
2025-03-19 09:00:00,41652.8,41652.8,41550.8,41586.8,0,1702
2025-03-19 08:00:00,41658.8,41661.8,41622.8,41654.8,0,749
2025-03-19 07:00:00,41653.8,41680.8,41641.8,41659.8,0,642
2025-03-19 06:00:00,41672.8,41676.8,41644.8,41654.8,0,486
2025-03-19 05:00:00,41679.8,41690.8,41658.9,41672.8,0,470
2025-03-19 04:00:00,41684.8,41705.8,41668.8,41678.8,0,756
2025-03-19 03:00:00,41720.8,41723.8,41675.8,41683.8,0,978
2025-03-19 02:00:00,41653.8,41733.8,41650.8,41720.8,0,1149
2025-03-19 01:00:00,41625.8,41655.8,41620.8,41653.8,0,764
2025-03-19 00:00:00,41615.4,41637.8,41567.8,41624.8,0,917
2025-03-18 22:00:00,41629.5,41665.5,41607.5,41620.7,0,1340
2025-03-18 21:00:00,41631.6,41674.6,41574.6,41621.6,0,4096
2025-03-18 20:00:00,41599.6,41692.6,41542.6,41636.6,0,3956
2025-03-18 19:00:00,41520.6,41649.6,41447.6,41599.6,0,4082
2025-03-18 18:00:00,41513.6,41621.6,41450.6,41519.6,0,3846
2025-03-18 17:00:00,41628.6,41640.6,41493.6,41512.6,0,4229
2025-03-18 16:00:00,41648.9,41746.6,41608.6,41627.6,0,4763
2025-03-18 15:00:00,41765.8,41837.8,41633.9,41649.9,0,4067
2025-03-18 14:00:00,41846.3,41851.8,41750.8,41765.8,0,2064
2025-03-18 13:00:00,41818.8,41860.8,41763.8,41846.8,0,1952
2025-03-18 12:00:00,41871.8,41872.8,41712.8,41815.8,0,2249
2025-03-18 11:00:00,41895.8,41921.8,41868.3,41870.8,0,1669
2025-03-18 10:00:00,41820.8,41917.8,41807.8,41894.8,0,2194
2025-03-18 09:00:00,41823.8,41846.8,41802.8,41822.8,0,1025
2025-03-18 08:00:00,41799.8,41832.8,41787.8,41823.8,0,630
2025-03-18 07:00:00,41785.8,41807.8,41783.8,41797.8,0,547
2025-03-18 06:00:00,41790.8,41808.8,41768.8,41784.8,0,537
2025-03-18 05:00:00,41822.8,41825.8,41786.8,41791.8,0,637
2025-03-18 04:00:00,41826.8,41838.8,41803.8,41822.8,0,772
2025-03-18 03:00:00,41886.8,41897.8,41820.8,41827.8,0,1082
2025-03-18 02:00:00,41905.8,41915.8,41869.8,41886.8,0,1047
2025-03-18 01:00:00,41933.8,41935.8,41891.8,41905.8,0,788
2025-03-18 00:00:00,41912.8,41938.8,41891.8,41933.8,0,883
2025-03-17 22:00:00,41904.0,41913.0,41861.0,41902.0,0,1325
2025-03-17 21:00:00,42026.3,42044.3,41888.3,41900.3,0,3719
2025-03-17 20:00:00,41933.3,42064.3,41931.3,42027.3,0,3153
2025-03-17 19:00:00,41780.9,41938.3,41739.9,41933.3,0,3350
2025-03-17 18:00:00,41720.9,41811.9,41679.9,41781.9,0,3848
2025-03-17 17:00:00,41688.9,41797.9,41654.9,41719.9,0,4219
2025-03-17 16:00:00,41707.9,41787.9,41610.9,41682.9,0,4849
2025-03-17 15:00:00,41457.8,41809.3,41426.8,41715.9,0,3759
2025-03-17 14:00:00,41352.8,41497.8,41295.8,41457.8,0,2603
2025-03-17 13:00:00,41411.8,41445.8,41351.8,41352.8,0,1671
2025-03-17 12:00:00,41331.8,41414.8,41316.8,41410.3,0,1462
2025-03-17 11:00:00,41319.8,41362.8,41306.8,41332.8,0,1777
2025-03-17 10:00:00,41348.8,41351.3,41267.8,41320.8,0,2415
2025-03-17 09:00:00,41317.8,41342.8,41270.3,41341.8,0,1328
2025-03-17 08:00:00,41343.8,41349.8,41290.8,41317.8,0,803
2025-03-17 07:00:00,41343.8,41363.8,41338.8,41344.8,0,555
2025-03-17 06:00:00,41338.8,41357.8,41328.8,41343.8,0,645
2025-03-17 05:00:00,41341.8,41351.8,41318.8,41340.8,0,697
2025-03-17 04:00:00,41364.8,41368.8,41339.8,41343.8,0,877
2025-03-17 03:00:00,41369.8,41391.8,41356.8,41364.8,0,1035
2025-03-17 02:00:00,41335.8,41386.8,41314.8,41371.8,0,1306
2025-03-17 01:00:00,41332.8,41372.8,41301.8,41338.8,0,1224
2025-03-17 00:00:00,41387.8,41395.8,41313.8,41332.8,0,1247
2025-03-14 22:00:00,41498.0,41498.0,41402.0,41452.0,0,1712
2025-03-14 21:00:00,41440.3,41561.3,41414.3,41500.3,0,3841
2025-03-14 20:00:00,41358.3,41490.3,41358.3,41444.3,0,3653
2025-03-14 19:00:00,41466.3,41521.3,41351.3,41358.3,0,3809
2025-03-14 18:00:00,41468.3,41478.3,41315.3,41466.3,0,4212
2025-03-14 17:00:00,41365.3,41475.3,41321.3,41466.3,0,4291
2025-03-14 16:00:00,41199.3,41361.3,41034.3,41361.3,0,5384
2025-03-14 15:00:00,41139.8,41294.9,40956.6,41221.3,0,4018
2025-03-14 14:00:00,41100.3,41148.8,41068.8,41141.3,0,2458
2025-03-14 13:00:00,41100.8,41122.8,41045.8,41100.3,0,2379
2025-03-14 12:00:00,41081.8,41131.8,41009.8,41099.8,0,2386
2025-03-14 11:00:00,41077.8,41112.8,41070.8,41080.8,0,1986
2025-03-14 10:00:00,41012.8,41101.3,40985.8,41076.8,0,2627
2025-03-14 09:00:00,41064.8,41064.8,40988.8,41011.8,0,1562
2025-03-14 08:00:00,41058.8,41069.8,41018.8,41062.8,0,1085
2025-03-14 07:00:00,41077.8,41100.8,41053.8,41058.8,0,945
2025-03-14 06:00:00,41071.8,41080.8,41052.8,41077.8,0,690
2025-03-14 05:00:00,41068.8,41087.8,41063.8,41071.8,0,908
2025-03-14 04:00:00,41037.8,41073.8,41036.8,41068.8,0,1045
2025-03-14 03:00:00,41041.8,41080.8,41022.8,41037.8,0,1393
2025-03-14 02:00:00,40997.8,41068.8,40966.8,41041.8,0,1742
2025-03-14 01:00:00,40987.8,41027.8,40983.8,41001.8,0,1181
2025-03-14 00:00:00,40945.4,41013.8,40921.4,40987.8,0,1506
2025-03-13 22:00:00,40867.8,40955.8,40862.8,40910.8,0,2002
2025-03-13 21:00:00,40993.9,41040.9,40805.9,40864.9,0,4860
2025-03-13 20:00:00,40727.9,41013.9,40719.9,40998.9,0,4629
2025-03-13 19:00:00,40934.9,40983.9,40710.9,40729.9,0,4405
2025-03-13 18:00:00,40931.9,41049.9,40849.3,40935.9,0,4927
2025-03-13 17:00:00,41207.9,41254.9,40923.9,40929.9,0,4931
2025-03-13 16:00:00,41214.9,41411.9,41176.9,41204.9,0,5203
2025-03-13 15:00:00,41341.8,41402.3,41166.9,41222.9,0,4320
2025-03-13 14:00:00,41342.8,41415.3,41238.3,41341.8,0,3252
2025-03-13 13:00:00,41395.8,41407.8,41275.8,41346.8,0,2561
2025-03-13 12:00:00,41421.8,41447.8,41372.8,41395.8,0,1760
2025-03-13 11:00:00,41283.8,41425.3,41239.8,41422.8,0,2121
2025-03-13 10:00:00,41223.8,41287.8,41160.8,41285.8,0,3271
2025-03-13 09:00:00,41312.8,41329.8,41194.8,41215.8,0,2131
2025-03-13 08:00:00,41285.8,41325.8,41209.8,41310.8,0,1856
2025-03-13 07:00:00,41303.8,41317.8,41243.8,41285.8,0,1669
2025-03-13 06:00:00,41328.8,41358.8,41274.8,41303.8,0,1286
2025-03-13 05:00:00,41418.8,41424.8,41312.8,41329.8,0,1409
2025-03-13 04:00:00,41456.8,41461.8,41404.8,41418.8,0,1132
2025-03-13 03:00:00,41434.8,41457.8,41396.8,41456.8,0,1509
2025-03-13 02:00:00,41490.8,41505.8,41427.8,41434.8,0,1308
2025-03-13 01:00:00,41437.8,41494.8,41433.8,41488.8,0,1102
2025-03-13 00:00:00,41355.8,41441.8,41350.9,41438.8,0,1229
2025-03-12 22:00:00,41400.8,41422.8,41358.4,41376.4,0,2189
2025-03-12 21:00:00,41569.9,41570.9,41398.9,41403.9,0,4774
2025-03-12 20:00:00,41392.9,41626.9,41380.9,41575.9,0,4363
2025-03-12 19:00:00,41398.9,41603.9,41375.9,41390.9,0,4492
2025-03-12 18:00:00,41386.9,41518.9,41328.9,41395.9,0,4762
2025-03-12 17:00:00,41147.9,41398.9,41062.9,41385.9,0,4875
2025-03-12 16:00:00,41396.9,41418.9,41137.9,41149.9,0,5387
2025-03-12 15:00:00,41796.3,41798.8,41341.9,41403.9,0,4936
2025-03-12 14:00:00,41726.8,42033.8,41655.3,41794.3,0,3954
2025-03-12 13:00:00,41680.8,41758.8,41679.8,41727.8,0,2044
2025-03-12 12:00:00,41679.3,41706.3,41622.4,41679.8,0,1710
2025-03-12 11:00:00,41671.8,41691.8,41636.3,41679.8,0,2522
2025-03-12 10:00:00,41593.8,41680.8,41521.8,41669.8,0,2947
2025-03-12 09:00:00,41519.8,41604.8,41491.8,41595.8,0,1839
2025-03-12 08:00:00,41602.8,41602.8,41499.8,41519.8,0,997
2025-03-12 07:00:00,41563.8,41605.8,41561.8,41602.8,0,777
2025-03-12 06:00:00,41555.8,41596.8,41546.8,41561.8,0,744
2025-03-12 05:00:00,41567.8,41575.8,41525.8,41555.8,0,804
2025-03-12 04:00:00,41580.8,41619.8,41563.8,41565.8,0,913
2025-03-12 03:00:00,41580.8,41593.8,41524.8,41579.8,0,1461
2025-03-12 02:00:00,41574.8,41598.8,41539.8,41580.8,0,1493
2025-03-12 01:00:00,41564.8,41574.8,41520.8,41573.8,0,1355
2025-03-12 00:00:00,41500.4,41579.8,41457.8,41564.8,0,1476
2025-03-11 22:00:00,41475.0,41567.0,41459.0,41485.0,0,2460
2025-03-11 21:00:00,41783.3,41855.3,41465.3,41479.3,0,5751
2025-03-11 20:00:00,41333.3,41847.3,41326.3,41781.3,0,5644
2025-03-11 19:00:00,41330.3,41403.3,41227.3,41335.3,0,5028
2025-03-11 18:00:00,41525.3,41553.3,41282.3,41328.3,0,5225
2025-03-11 17:00:00,41379.3,41688.3,41335.3,41529.3,0,5622
2025-03-11 16:00:00,41692.3,41857.3,41372.3,41379.3,0,6143
2025-03-11 15:00:00,41925.3,41970.3,41663.3,41700.3,0,4396
2025-03-11 14:00:00,42126.3,42133.8,41915.3,41926.8,0,2967
2025-03-11 13:00:00,42061.8,42132.8,42007.8,42129.8,0,2020
2025-03-11 12:00:00,42065.8,42090.8,42018.8,42062.8,0,1974
2025-03-11 11:00:00,42101.8,42118.8,42052.8,42065.8,0,2174
2025-03-11 10:00:00,42082.8,42103.8,42035.8,42100.8,0,2803
2025-03-11 09:00:00,42071.8,42112.8,41999.8,42091.8,0,2249
2025-03-11 08:00:00,42089.8,42114.8,42055.8,42068.8,0,1519
2025-03-11 07:00:00,42072.8,42108.8,42051.8,42092.8,0,1436
2025-03-11 06:00:00,42046.8,42113.8,42023.8,42071.8,0,1160
2025-03-11 05:00:00,41980.8,42115.8,41980.8,42047.8,0,1970
2025-03-11 04:00:00,41851.8,42039.8,41842.8,41979.8,0,2916
2025-03-11 03:00:00,41768.8,41876.8,41666.8,41850.8,0,2813
2025-03-11 02:00:00,41971.8,41995.8,41678.8,41769.8,0,2673
2025-03-11 01:00:00,41967.8,41993.8,41857.8,41970.8,0,2443
2025-03-11 00:00:00,41985.4,42027.8,41899.4,41965.8,0,2031
2025-03-10 22:00:00,41966.8,42030.8,41911.8,42005.8,0,2949
2025-03-10 21:00:00,41802.9,42105.9,41669.9,41967.9,0,5726
2025-03-10 20:00:00,42036.9,42081.9,41787.9,41802.9,0,4800
2025-03-10 19:00:00,42292.9,42304.9,42031.9,42037.9,0,4889
2025-03-10 18:00:00,42351.9,42418.9,42252.9,42292.9,0,4856
2025-03-10 17:00:00,42462.9,42557.9,42340.9,42355.9,0,5339
2025-03-10 16:00:00,42540.9,42564.9,42380.9,42457.9,0,5470
2025-03-10 15:00:00,42390.8,42607.9,42329.8,42548.9,0,4609
2025-03-10 14:00:00,42391.3,42410.3,42304.3,42391.3,0,2748
2025-03-10 13:00:00,42425.3,42473.3,42377.3,42389.3,0,2558
2025-03-10 12:00:00,42489.3,42523.3,42412.3,42426.3,0,2456
2025-03-10 11:00:00,42378.3,42561.3,42364.3,42483.3,0,2865
2025-03-10 10:00:00,42636.8,42670.3,42367.3,42384.3,0,3218
2025-03-10 09:00:00,42666.8,42697.8,42625.8,42627.8,0,1534
2025-03-10 08:00:00,42640.8,42689.8,42638.8,42665.8,0,978
2025-03-10 07:00:00,42655.8,42685.8,42628.8,42638.8,0,977
2025-03-10 06:00:00,42679.8,42705.8,42648.8,42654.8,0,760
2025-03-10 05:00:00,42676.8,42697.8,42637.8,42681.8,0,990
2025-03-10 04:00:00,42670.8,42688.8,42648.8,42677.8,0,971
2025-03-10 03:00:00,42607.8,42674.8,42602.8,42672.8,0,1352
2025-03-10 02:00:00,42597.8,42625.8,42539.8,42607.8,0,2035
2025-03-10 01:00:00,42548.8,42610.8,42428.8,42597.8,0,2083
2025-03-10 00:00:00,42525.8,42629.8,42506.8,42544.8,0,1609
2025-03-07 23:00:00,42837.8,42849.8,42765.8,42817.4,0,2055
2025-03-07 22:00:00,42804.6,42939.9,42662.9,42834.9,0,5087
2025-03-07 21:00:00,42815.9,42941.9,42753.9,42811.6,0,4946
2025-03-07 20:00:00,42528.9,42816.9,42516.9,42813.9,0,5317
2025-03-07 19:00:00,42295.9,42696.9,42207.9,42524.9,0,5243
2025-03-07 18:00:00,42528.9,42554.9,42210.9,42294.9,0,5357
2025-03-07 17:00:00,42648.6,42726.6,42367.6,42526.9,0,5846
2025-03-07 16:00:00,42494.8,42775.6,42407.3,42644.6,0,5060
2025-03-07 15:00:00,42626.3,42879.3,42464.3,42495.8,0,3873
2025-03-07 14:00:00,42691.8,42719.3,42589.3,42627.3,0,2258
2025-03-07 13:00:00,42679.3,42715.8,42655.8,42694.8,0,1584
2025-03-07 12:00:00,42708.8,42710.8,42630.8,42679.8,0,1886
2025-03-07 11:00:00,42656.8,42730.3,42649.3,42708.8,0,2279
2025-03-07 10:00:00,42686.8,42701.3,42616.3,42659.8,0,2815
2025-03-07 09:00:00,42618.8,42693.8,42612.8,42678.8,0,1578
2025-03-07 08:00:00,42644.8,42648.8,42599.8,42618.8,0,1423
2025-03-07 07:00:00,42684.8,42687.8,42633.8,42643.8,0,1072
2025-03-07 06:00:00,42664.8,42689.8,42641.8,42684.8,0,914
2025-03-07 05:00:00,42710.8,42713.8,42663.8,42666.8,0,1092
2025-03-07 04:00:00,42716.8,42747.8,42681.8,42709.8,0,1115
2025-03-07 03:00:00,42691.8,42743.8,42673.8,42715.8,0,1593
2025-03-07 02:00:00,42675.8,42717.8,42645.8,42686.8,0,1522
2025-03-07 01:00:00,42623.4,42682.8,42623.4,42675.8,0,1050
2025-03-06 23:00:00,42611.8,42724.8,42596.8,42667.4,0,2602
2025-03-06 22:00:00,42476.9,42698.9,42439.9,42608.9,0,5329
2025-03-06 21:00:00,42532.9,42731.9,42431.9,42475.9,0,4786
2025-03-06 20:00:00,42572.9,42659.9,42414.3,42536.9,0,4709
2025-03-06 19:00:00,42642.9,42679.9,42432.9,42577.9,0,4766
2025-03-06 18:00:00,42922.9,43028.9,42642.9,42650.9,0,5281
2025-03-06 17:00:00,42502.9,42960.9,42501.9,42914.9,0,5274
2025-03-06 16:00:00,42670.8,42709.3,42435.9,42510.9,0,4681
2025-03-06 15:00:00,42656.8,42695.8,42574.8,42670.8,0,3159
2025-03-06 14:00:00,42723.3,42738.3,42638.3,42656.3,0,2281
2025-03-06 13:00:00,42607.8,42725.8,42571.8,42721.8,0,2150
2025-03-06 12:00:00,42698.8,42727.8,42600.8,42607.8,0,2732
2025-03-06 11:00:00,42760.8,42826.8,42677.3,42698.8,0,3430
2025-03-06 10:00:00,42895.8,42938.3,42747.8,42757.8,0,3386
2025-03-06 09:00:00,43064.8,43082.8,42894.8,42896.8,0,1615
2025-03-06 08:00:00,43018.8,43069.8,43010.8,43062.8,0,795
2025-03-06 07:00:00,43061.8,43064.8,43017.8,43018.8,0,817
2025-03-06 06:00:00,43035.8,43070.8,43035.8,43061.8,0,667
2025-03-06 05:00:00,43010.8,43042.8,42990.8,43036.8,0,821
2025-03-06 04:00:00,43025.8,43045.8,42999.8,43009.8,0,907
2025-03-06 03:00:00,43002.8,43046.8,42995.8,43025.8,0,1334
2025-03-06 02:00:00,43037.8,43062.8,42995.8,43002.8,0,1165
2025-03-06 01:00:00,43052.8,43082.8,43023.8,43040.8,0,1011
2025-03-05 23:00:00,43043.8,43078.8,43020.8,43038.8,0,2177
2025-03-05 22:00:00,43051.9,43175.9,42911.9,43043.9,0,4918
2025-03-05 21:00:00,42932.9,43149.9,42900.9,43059.9,0,4826
2025-03-05 20:00:00,42885.9,42943.9,42705.9,42937.9,0,5079
2025-03-05 19:00:00,42632.9,42898.9,42632.9,42885.9,0,4818
2025-03-05 18:00:00,42678.9,42687.9,42454.9,42634.9,0,5107
2025-03-05 17:00:00,42629.3,42832.9,42601.9,42679.9,0,5904
2025-03-05 16:00:00,42546.8,42783.9,42503.8,42612.3,0,4516
2025-03-05 15:00:00,42630.8,42703.8,42517.3,42545.8,0,3472
2025-03-05 14:00:00,42718.8,42737.8,42615.8,42628.8,0,2944
2025-03-05 13:00:00,42807.8,42818.8,42642.3,42716.8,0,2553
2025-03-05 12:00:00,42882.3,42902.8,42797.8,42804.3,0,2561
2025-03-05 11:00:00,42782.8,42907.8,42741.8,42881.3,0,2847
2025-03-05 10:00:00,42766.8,42864.8,42740.8,42782.8,0,3017
2025-03-05 09:00:00,42796.8,42837.8,42755.8,42760.8,0,1733
2025-03-05 08:00:00,42797.4,42813.8,42743.8,42794.8,0,1107
2025-03-05 07:00:00,42811.8,42818.8,42751.8,42798.8,0,1066
2025-03-05 06:00:00,42806.8,42843.8,42790.8,42811.8,0,1203
2025-03-05 05:00:00,42731.8,42835.8,42694.9,42807.8,0,1887
2025-03-05 04:00:00,42766.8,42788.8,42708.4,42731.8,0,1721
2025-03-05 03:00:00,42812.8,42820.8,42684.8,42765.8,0,2503
2025-03-05 02:00:00,42841.8,42854.8,42750.8,42812.8,0,2157
2025-03-05 01:00:00,42807.4,42873.8,42791.4,42841.8,0,1515
2025-03-04 23:00:00,42568.8,42886.8,42568.8,42808.4,0,4480
2025-03-04 22:00:00,42978.9,43125.9,42457.9,42566.9,0,5306
2025-03-04 21:00:00,42821.9,43006.9,42815.9,42988.9,0,4700
2025-03-04 20:00:00,42568.9,42855.9,42559.9,42825.9,0,4883
2025-03-04 19:00:00,42556.9,42678.9,42511.9,42569.9,0,4785
2025-03-04 18:00:00,42503.9,42590.9,42396.9,42555.9,0,5318
2025-03-04 17:00:00,42640.9,42678.9,42445.9,42507.9,0,5798
2025-03-04 16:00:00,43073.3,43131.8,42625.4,42643.9,0,5020
2025-03-04 15:00:00,43062.8,43128.8,43025.8,43074.8,0,3457
2025-03-04 14:00:00,43174.8,43175.8,43026.3,43061.8,0,3240
2025-03-04 13:00:00,43210.8,43223.8,43153.8,43174.8,0,2221
2025-03-04 12:00:00,43221.8,43238.8,43140.8,43211.8,0,2668
2025-03-04 11:00:00,43247.8,43285.8,43193.3,43220.8,0,2446
2025-03-04 10:00:00,43210.8,43314.8,43179.8,43244.8,0,2962
2025-03-04 09:00:00,43300.8,43308.8,43195.8,43214.8,0,2056
2025-03-04 08:00:00,43291.8,43317.8,43248.8,43299.8,0,1388
2025-03-04 07:00:00,43244.8,43327.8,43176.9,43291.8,0,1858
2025-03-04 06:00:00,43272.8,43296.8,43236.8,43243.8,0,1013
2025-03-04 05:00:00,43259.8,43297.8,43238.8,43272.8,0,1256
2025-03-04 04:00:00,43208.8,43273.8,43193.8,43260.8,0,1437
2025-03-04 03:00:00,43292.8,43316.8,43198.8,43209.8,0,2032
2025-03-04 02:00:00,43266.8,43307.8,43223.8,43291.8,0,1763
2025-03-04 01:00:00,43285.4,43336.8,43251.8,43265.8,0,1535
2025-03-03 23:00:00,43219.8,43299.8,43212.8,43297.8,0,1982
2025-03-03 22:00:00,43334.9,43334.9,42954.9,43219.9,0,5576
2025-03-03 21:00:00,43504.9,43605.9,43319.9,43331.9,0,4680
2025-03-03 20:00:00,43719.9,43734.9,43422.4,43510.9,0,4809
2025-03-03 19:00:00,43776.9,43857.9,43697.9,43727.9,0,4013
2025-03-03 18:00:00,43829.9,43884.9,43656.9,43781.9,0,4815
2025-03-03 17:00:00,43903.9,44004.9,43796.9,43821.9,0,5498
2025-03-03 16:00:00,43960.8,44083.9,43908.3,43937.3,0,3963
2025-03-03 15:00:00,43991.8,43998.8,43925.3,43960.8,0,2198
2025-03-03 14:00:00,43967.3,44060.3,43960.8,43992.8,0,2474
2025-03-03 13:00:00,43953.8,43968.8,43934.8,43967.8,0,1459
2025-03-03 12:00:00,43933.8,43955.8,43901.3,43950.3,0,1921
2025-03-03 11:00:00,43835.8,43941.8,43775.8,43932.8,0,2341
2025-03-03 10:00:00,43876.8,43931.8,43784.3,43834.8,0,2775
2025-03-03 09:00:00,43910.8,43918.8,43848.8,43884.8,0,1469
2025-03-03 08:00:00,43903.8,43925.8,43874.8,43908.8,0,1113
2025-03-03 07:00:00,43879.8,43914.8,43869.8,43903.8,0,820
2025-03-03 06:00:00,43832.8,43882.8,43826.8,43880.8,0,763
2025-03-03 05:00:00,43814.8,43835.8,43779.8,43833.8,0,1151
2025-03-03 04:00:00,43818.8,43863.8,43800.8,43815.8,0,1310
2025-03-03 03:00:00,43781.8,43826.8,43763.8,43818.8,0,1928
2025-03-03 02:00:00,43899.8,43912.8,43764.8,43782.8,0,1967
2025-03-03 01:00:00,43846.9,43937.8,43844.4,43897.8,0,1633
2025-02-28 23:00:00,43848.8,43861.8,43783.8,43814.8,0,2036
2025-02-28 22:00:00,43477.9,43896.9,43468.9,43846.9,0,4812
2025-02-28 21:00:00,43199.9,43491.9,43195.9,43478.9,0,4506
2025-02-28 20:00:00,43222.9,43388.9,43122.9,43199.9,0,4838
2025-02-28 19:00:00,43482.9,43531.9,43218.9,43222.9,0,4362
2025-02-28 18:00:00,43553.9,43566.9,43369.9,43485.9,0,4408
2025-02-28 17:00:00,43452.9,43558.9,43406.9,43553.9,0,4953
2025-02-28 16:00:00,43439.8,43461.8,43260.9,43453.9,0,4109
2025-02-28 15:00:00,43437.3,43500.8,43428.8,43439.8,0,2604
2025-02-28 14:00:00,43411.3,43453.8,43391.8,43437.8,0,2236
2025-02-28 13:00:00,43387.8,43420.8,43380.8,43409.8,0,1265
2025-02-28 12:00:00,43359.8,43414.8,43359.3,43387.8,0,1425
2025-02-28 11:00:00,43359.8,43380.8,43344.8,43360.3,0,1591
2025-02-28 10:00:00,43308.8,43366.8,43294.8,43356.8,0,1983
2025-02-28 09:00:00,43248.8,43320.8,43221.8,43310.8,0,1639
2025-02-28 08:00:00,43254.8,43293.8,43241.8,43248.8,0,1149
2025-02-28 07:00:00,43246.8,43272.8,43236.8,43254.8,0,999
2025-02-28 06:00:00,43181.8,43264.8,43168.8,43250.8,0,1191
2025-02-28 05:00:00,43184.8,43203.8,43141.8,43180.8,0,1683
2025-02-28 04:00:00,43225.8,43264.8,43177.8,43184.8,0,1642
2025-02-28 03:00:00,43222.8,43281.8,43131.8,43225.8,0,1878
2025-02-28 02:00:00,43294.8,43309.8,43222.8,43224.8,0,1274
2025-02-28 01:00:00,43316.8,43328.8,43267.8,43292.8,0,1190
2025-02-27 23:00:00,43287.8,43330.8,43263.8,43304.8,0,1840
2025-02-27 22:00:00,43432.6,43433.6,43260.9,43288.9,0,4949
2025-02-27 21:00:00,43721.9,43733.9,43369.6,43430.6,0,4714
2025-02-27 20:00:00,43715.9,43807.9,43700.9,43717.9,0,4002
2025-02-27 19:00:00,43671.9,43795.9,43585.9,43713.9,0,4266
2025-02-27 18:00:00,43780.9,43927.9,43652.9,43663.9,0,4653
2025-02-27 17:00:00,43586.3,43936.9,43505.9,43779.9,0,5510
2025-02-27 16:00:00,43430.8,43729.9,43418.8,43595.6,0,4221
2025-02-27 15:00:00,43600.8,43621.8,43384.8,43432.8,0,2850
2025-02-27 14:00:00,43634.3,43644.3,43594.3,43600.3,0,1275
2025-02-27 13:00:00,43593.8,43636.3,43578.8,43636.3,0,1481
2025-02-27 12:00:00,43594.8,43620.3,43566.3,43589.8,0,1625
2025-02-27 11:00:00,43609.8,43626.8,43572.3,43595.8,0,1577
2025-02-27 10:00:00,43572.8,43617.8,43550.8,43610.8,0,1596
2025-02-27 09:00:00,43572.8,43606.8,43556.8,43572.8,0,1342
2025-02-27 08:00:00,43580.8,43593.8,43519.0,43572.8,0,1165
2025-02-27 07:00:00,43482.8,43603.9,43473.8,43580.8,0,856
2025-02-27 06:00:00,43474.8,43484.8,43464.8,43482.8,0,594
2025-02-27 05:00:00,43472.8,43502.8,43463.8,43473.8,0,601
2025-02-27 04:00:00,43427.8,43503.8,43419.8,43472.8,0,855
2025-02-27 03:00:00,43398.8,43442.8,43387.8,43427.8,0,1026
2025-02-27 02:00:00,43433.8,43460.8,43395.8,43397.8,0,1555
2025-02-27 01:00:00,43450.8,43452.8,43366.8,43433.8,0,1611
2025-02-26 23:00:00,43494.8,43532.8,43302.8,43467.8,0,3755
2025-02-26 22:00:00,43420.9,43571.9,43402.9,43488.9,0,4133
2025-02-26 21:00:00,43382.9,43540.9,43345.9,43419.9,0,4065
2025-02-26 20:00:00,43516.9,43535.9,43345.9,43385.9,0,4304
2025-02-26 19:00:00,43717.9,43798.9,43479.9,43524.9,0,4275
2025-02-26 18:00:00,43856.9,43883.9,43700.9,43715.9,0,3994
2025-02-26 17:00:00,43768.4,43904.9,43735.3,43855.9,0,4527
2025-02-26 16:00:00,43724.8,43782.9,43587.3,43767.9,0,4028
2025-02-26 15:00:00,43753.3,43793.3,43705.3,43724.8,0,1971
2025-02-26 14:00:00,43776.8,43787.3,43736.8,43753.8,0,1473
2025-02-26 13:00:00,43780.8,43818.8,43764.8,43777.8,0,1249
2025-02-26 12:00:00,43774.8,43790.3,43750.8,43780.8,0,1007
2025-02-26 11:00:00,43777.8,43796.3,43746.3,43774.8,0,1432
2025-02-26 10:00:00,43727.8,43780.8,43719.8,43777.8,0,1286
2025-02-26 09:00:00,43749.8,43749.8,43715.8,43727.8,0,716
2025-02-26 08:00:00,43756.8,43763.8,43735.8,43747.8,0,413
2025-02-26 07:00:00,43735.8,43761.8,43735.8,43756.8,0,386
2025-02-26 06:00:00,43719.8,43737.8,43716.8,43735.8,0,334
2025-02-26 05:00:00,43708.8,43745.8,43703.8,43720.8,0,689
2025-02-26 04:00:00,43690.8,43713.8,43670.8,43708.8,0,772
2025-02-26 03:00:00,43749.8,43751.8,43683.8,43690.8,0,753
2025-02-26 02:00:00,43738.8,43756.8,43725.8,43749.8,0,743
2025-02-26 01:00:00,43755.8,43755.8,43716.8,43740.8,0,732
2025-02-25 23:00:00,43666.8,43738.8,43651.8,43708.9,0,1564
2025-02-25 22:00:00,43683.9,43806.9,43594.9,43658.9,0,4719
2025-02-25 21:00:00,43617.9,43727.9,43508.9,43684.9,0,4274
2025-02-25 20:00:00,43658.9,43742.9,43539.9,43625.9,0,4007
2025-02-25 19:00:00,43503.9,43660.9,43428.9,43660.9,0,4078
2025-02-25 18:00:00,43517.9,43548.9,43341.9,43505.9,0,4863
2025-02-25 17:00:00,43588.3,43588.3,43312.9,43511.9,0,5313
2025-02-25 16:00:00,43598.8,43770.9,43525.8,43588.3,0,3721
2025-02-25 15:00:00,43562.8,43618.8,43548.3,43597.8,0,1935
2025-02-25 14:00:00,43480.8,43571.8,43470.8,43563.8,0,1819
2025-02-25 13:00:00,43436.8,43506.8,43355.8,43478.8,0,1900
2025-02-25 12:00:00,43409.8,43494.3,43409.8,43436.8,0,1383
2025-02-25 11:00:00,43466.8,43543.8,43407.3,43408.8,0,2105
2025-02-25 10:00:00,43385.4,43557.8,43385.4,43458.8,0,2164
2025-02-25 09:00:00,43530.8,43532.8,43391.8,43393.8,0,1597
2025-02-25 08:00:00,43570.8,43576.8,43516.8,43530.8,0,692
2025-02-25 07:00:00,43563.8,43576.8,43559.8,43570.8,0,481
2025-02-25 06:00:00,43580.8,43600.8,43563.8,43563.8,0,482
2025-02-25 05:00:00,43605.8,43620.8,43578.8,43579.8,0,460
2025-02-25 04:00:00,43603.8,43610.8,43562.8,43605.8,0,734
2025-02-25 03:00:00,43571.8,43605.8,43558.8,43603.8,0,1063
2025-02-25 02:00:00,43523.8,43577.8,43523.8,43572.8,0,1035
2025-02-25 01:00:00,43539.4,43576.8,43495.8,43527.8,0,1079
2025-02-24 23:00:00,43500.8,43559.8,43483.8,43533.8,0,1259
2025-02-24 22:00:00,43638.9,43651.9,43464.9,43498.9,0,3694
2025-02-24 21:00:00,43673.9,43733.9,43613.9,43635.9,0,3358
2025-02-24 20:00:00,43643.9,43724.9,43634.3,43677.9,0,3419
2025-02-24 19:00:00,43585.9,43704.9,43572.9,43645.9,0,3672
2025-02-24 18:00:00,43466.9,43650.9,43454.9,43585.9,0,4284
2025-02-24 17:00:00,43475.9,43560.9,43375.9,43463.9,0,5102
2025-02-24 16:00:00,43671.8,43692.3,43474.9,43476.9,0,3854
2025-02-24 15:00:00,43735.3,43736.8,43670.8,43673.8,0,1600
2025-02-24 14:00:00,43763.3,43772.8,43722.8,43735.8,0,1470
2025-02-24 13:00:00,43746.8,43781.8,43729.8,43767.8,0,1202
2025-02-24 12:00:00,43728.8,43762.3,43709.3,43742.8,0,1234
2025-02-24 11:00:00,43659.8,43767.3,43653.8,43728.8,0,1939
2025-02-24 10:00:00,43651.8,43671.8,43562.8,43659.8,0,2169
2025-02-24 09:00:00,43664.8,43672.8,43611.8,43643.8,0,1227
2025-02-24 08:00:00,43662.8,43688.8,43657.8,43663.8,0,563
2025-02-24 07:00:00,43644.8,43668.8,43644.8,43663.8,0,426
2025-02-24 06:00:00,43641.8,43656.8,43640.8,43644.8,0,330
2025-02-24 05:00:00,43639.8,43644.8,43632.8,43641.8,0,433
2025-02-24 04:00:00,43601.8,43649.8,43600.8,43639.8,0,631
2025-02-24 03:00:00,43590.8,43614.8,43579.8,43601.8,0,1001
2025-02-24 02:00:00,43568.8,43619.8,43564.8,43590.8,0,1047
2025-02-24 01:00:00,43482.8,43578.8,43467.9,43568.8,0,1127
2025-02-21 23:00:00,43438.8,43445.8,43416.8,43421.8,0,1065
2025-02-21 22:00:00,43418.9,43480.9,43397.9,43435.9,0,4052
2025-02-21 21:00:00,43473.9,43531.9,43358.9,43422.9,0,4225
2025-02-21 20:00:00,43615.9,43621.9,43453.3,43472.9,0,4250
2025-02-21 19:00:00,43818.9,43828.9,43599.9,43614.9,0,3610
2025-02-21 18:00:00,43808.9,43855.9,43767.9,43819.9,0,3647
2025-02-21 17:00:00,43803.4,43853.9,43764.4,43806.9,0,4382
2025-02-21 16:00:00,43946.3,44021.8,43786.9,43818.4,0,3525
2025-02-21 15:00:00,44014.3,44017.8,43933.8,43947.8,0,1686
2025-02-21 14:00:00,44240.3,44240.3,43995.8,44017.8,0,2064
2025-02-21 13:00:00,44265.8,44268.8,44241.3,44248.3,0,784
2025-02-21 12:00:00,44237.3,44268.3,44229.3,44265.3,0,888
2025-02-21 11:00:00,44239.8,44239.8,44209.8,44237.3,0,988
2025-02-21 10:00:00,44201.8,44247.8,44185.8,44236.8,0,1589
2025-02-21 09:00:00,44207.8,44225.8,44198.8,44199.8,0,587
2025-02-21 08:00:00,44192.8,44211.8,44189.8,44207.8,0,273
2025-02-21 07:00:00,44196.8,44201.8,44182.8,44192.8,0,369
2025-02-21 06:00:00,44194.8,44205.8,44192.8,44197.8,0,273
2025-02-21 05:00:00,44210.8,44211.8,44193.8,44194.8,0,371
2025-02-21 04:00:00,44201.8,44216.4,44201.8,44210.8,0,458
2025-02-21 03:00:00,44211.8,44218.8,44192.8,44201.8,0,701
2025-02-21 02:00:00,44222.8,44229.8,44200.8,44212.8,0,485
2025-02-21 01:00:00,44203.8,44236.8,44199.8,44223.8,0,578
2025-02-20 23:00:00,44207.8,44213.8,44171.8,44184.8,0,858
2025-02-20 22:00:00,44143.9,44219.9,44113.9,44203.9,0,3008
2025-02-20 21:00:00,44038.9,44165.9,44032.9,44143.9,0,2784
2025-02-20 20:00:00,44021.9,44048.9,43964.9,44039.9,0,2926
2025-02-20 19:00:00,43985.9,44102.9,43972.9,44021.9,0,2871
2025-02-20 18:00:00,44090.9,44125.9,43973.9,43986.9,0,3706
2025-02-20 17:00:00,44315.6,44316.9,44056.9,44089.9,0,4504
2025-02-20 16:00:00,44497.3,44537.9,44312.9,44314.6,0,3224
2025-02-20 15:00:00,44515.8,44523.8,44480.3,44497.3,0,1440
2025-02-20 14:00:00,44501.8,44546.8,44494.3,44516.3,0,1380
2025-02-20 13:00:00,44586.3,44586.3,44500.3,44500.8,0,1019
2025-02-20 12:00:00,44588.8,44606.8,44585.8,44585.8,0,678
2025-02-20 11:00:00,44562.8,44594.3,44562.3,44588.3,0,946
2025-02-20 10:00:00,44544.8,44567.3,44537.3,44562.3,0,1127
2025-02-20 09:00:00,44555.8,44568.8,44540.8,44544.8,0,597
2025-02-20 08:00:00,44540.8,44558.8,44536.8,44553.8,0,474
2025-02-20 07:00:00,44545.8,44551.8,44537.8,44540.8,0,360
2025-02-20 06:00:00,44563.8,44564.8,44538.8,44545.8,0,438
2025-02-20 05:00:00,44579.8,44586.8,44564.8,44564.8,0,360
2025-02-20 04:00:00,44566.8,44584.8,44557.8,44579.8,0,653
2025-02-20 03:00:00,44615.8,44616.8,44565.8,44566.8,0,858
2025-02-20 02:00:00,44597.8,44616.8,44581.8,44615.8,0,593
2025-02-20 01:00:00,44602.8,44609.8,44574.8,44597.8,0,649
2025-02-19 23:00:00,44638.8,44638.8,44573.8,44595.8,0,756
2025-02-19 22:00:00,44586.9,44654.9,44537.9,44640.9,0,2963
2025-02-19 21:00:00,44437.9,44608.9,44430.9,44587.9,0,2500
2025-02-19 20:00:00,44417.9,44448.9,44327.9,44437.9,0,2087
2025-02-19 19:00:00,44475.9,44496.9,44387.3,44416.9,0,2166
2025-02-19 18:00:00,44380.9,44489.9,44374.9,44476.9,0,2663
2025-02-19 17:00:00,44430.9,44477.9,44358.9,44377.9,0,3424
2025-02-19 16:00:00,44461.8,44484.3,44376.9,44428.9,0,3007
2025-02-19 15:00:00,44495.3,44524.3,44440.3,44460.8,0,1623
2025-02-19 14:00:00,44487.8,44528.8,44487.8,44494.8,0,1387
2025-02-19 13:00:00,44518.3,44520.8,44455.8,44489.3,0,1432
2025-02-19 12:00:00,44605.3,44605.8,44510.3,44517.8,0,1149
2025-02-19 11:00:00,44603.3,44619.8,44591.3,44603.8,0,930
2025-02-19 10:00:00,44597.8,44609.8,44583.8,44603.3,0,1045
2025-02-19 09:00:00,44615.8,44625.8,44595.8,44595.8,0,493
2025-02-19 08:00:00,44617.8,44632.8,44613.8,44615.8,0,328
2025-02-19 07:00:00,44614.8,44622.8,44610.8,44618.8,0,309
2025-02-19 06:00:00,44625.8,44625.8,44604.8,44614.8,0,272
2025-02-19 05:00:00,44617.8,44629.8,44613.8,44625.8,0,254
2025-02-19 04:00:00,44620.8,44626.8,44609.8,44618.8,0,402
2025-02-19 03:00:00,44611.8,44626.8,44610.8,44620.8,0,524
2025-02-19 02:00:00,44586.8,44613.8,44580.8,44612.8,0,478
2025-02-19 01:00:00,44590.8,44599.3,44575.8,44586.8,0,625
2025-02-18 23:00:00,44575.8,44601.8,44561.8,44567.8,0,962
2025-02-18 22:00:00,44454.9,44575.9,44432.9,44570.9,0,2566
2025-02-18 21:00:00,44459.9,44474.9,44335.9,44454.9,0,2787
2025-02-18 20:00:00,44500.9,44533.9,44451.9,44458.9,0,2474
2025-02-18 19:00:00,44485.9,44525.9,44467.9,44500.9,0,2304
2025-02-18 18:00:00,44566.3,44569.3,44449.9,44486.9,0,2772
2025-02-18 17:00:00,44423.9,44576.3,44394.3,44568.3,0,3620
2025-02-18 16:00:00,44630.8,44634.3,44423.9,44423.9,0,3336
2025-02-18 15:00:00,44639.3,44659.3,44621.8,44631.8,0,1172
2025-02-18 14:00:00,44614.8,44649.8,44614.8,44638.8,0,1109
2025-02-18 13:00:00,44611.3,44627.8,44606.8,44612.8,0,740
2025-02-18 12:00:00,44570.8,44611.8,44549.3,44610.8,0,958
2025-02-18 11:00:00,44629.8,44647.3,44567.8,44570.3,0,1386
2025-02-18 10:00:00,44671.8,44672.3,44603.3,44631.8,0,1364
2025-02-18 09:00:00,44656.8,44678.8,44655.8,44671.8,0,593
2025-02-18 08:00:00,44601.8,44659.8,44599.8,44656.8,0,452
2025-02-18 07:00:00,44604.8,44607.8,44594.8,44601.8,0,274
2025-02-18 06:00:00,44611.8,44612.8,44597.8,44604.8,0,197
2025-02-18 05:00:00,44617.8,44618.8,44604.8,44611.8,0,295
2025-02-18 04:00:00,44616.8,44623.8,44609.8,44617.8,0,368
2025-02-18 03:00:00,44627.8,44636.8,44612.8,44616.8,0,581
2025-02-18 02:00:00,44642.8,44648.8,44612.8,44627.8,0,532
2025-02-18 01:00:00,44659.9,44662.8,44605.8,44641.8,0,500
2025-02-17 19:00:00,44649.9,44686.9,44642.3,44670.9,0,562
2025-02-17 18:00:00,44608.9,44668.9,44604.9,44649.9,0,630
2025-02-17 17:00:00,44636.9,44642.9,44596.9,44608.9,0,732
2025-02-17 16:00:00,44657.8,44671.8,44614.9,44636.9,0,1076
2025-02-17 15:00:00,44638.8,44665.8,44637.3,44657.3,0,508
2025-02-17 14:00:00,44617.3,44646.8,44609.3,44639.8,0,471
2025-02-17 13:00:00,44608.8,44622.8,44604.8,44615.3,0,434
2025-02-17 12:00:00,44618.3,44619.8,44596.8,44608.3,0,470
2025-02-17 11:00:00,44576.8,44622.8,44576.8,44618.8,0,598
2025-02-17 10:00:00,44575.8,44590.8,44568.8,44576.8,0,758
2025-02-17 09:00:00,44600.8,44601.8,44571.8,44573.8,0,328
2025-02-17 08:00:00,44603.8,44608.8,44591.8,44600.8,0,265
2025-02-17 07:00:00,44602.8,44613.8,44600.8,44603.8,0,274
2025-02-17 06:00:00,44588.8,44603.8,44582.8,44602.8,0,208
2025-02-17 05:00:00,44591.8,44593.8,44579.8,44587.8,0,286
2025-02-17 04:00:00,44581.8,44595.8,44575.8,44592.8,0,317
2025-02-17 03:00:00,44578.8,44593.8,44569.8,44581.8,0,481
2025-02-17 02:00:00,44568.8,44583.8,44549.8,44578.8,0,683
2025-02-17 01:00:00,44590.4,44594.8,44532.8,44569.8,0,720
2025-02-14 23:00:00,44549.8,44549.8,44514.8,44542.8,0,804
2025-02-14 22:00:00,44606.9,44606.9,44502.9,44546.9,0,2411
2025-02-14 21:00:00,44640.9,44648.9,44581.9,44605.9,0,1944
2025-02-14 20:00:00,44612.9,44663.9,44588.9,44639.9,0,1943
2025-02-14 19:00:00,44657.9,44662.9,44565.9,44612.9,0,2592
2025-02-14 18:00:00,44662.9,44716.9,44590.9,44658.9,0,2997
2025-02-14 17:00:00,44727.9,44775.9,44627.9,44660.9,0,3363
2025-02-14 16:00:00,44659.8,44746.9,44642.9,44725.9,0,2764
2025-02-14 15:00:00,44625.8,44661.8,44611.3,44658.8,0,1596
2025-02-14 14:00:00,44597.3,44627.3,44595.3,44625.3,0,1325
2025-02-14 13:00:00,44593.8,44601.3,44552.8,44597.8,0,1508
2025-02-14 12:00:00,44648.8,44648.8,44584.8,44593.8,0,1255
2025-02-14 11:00:00,44693.8,44708.8,44637.8,44648.3,0,1415
2025-02-14 10:00:00,44747.8,44747.8,44678.3,44693.8,0,1406
2025-02-14 09:00:00,44753.8,44783.8,44746.8,44747.8,0,685
2025-02-14 08:00:00,44751.8,44760.8,44745.8,44753.8,0,382
2025-02-14 07:00:00,44773.8,44776.8,44749.8,44751.8,0,352
2025-02-14 06:00:00,44775.8,44778.8,44770.8,44773.8,0,239
2025-02-14 05:00:00,44782.8,44784.8,44764.8,44776.8,0,319
2025-02-14 04:00:00,44782.8,44788.8,44772.8,44781.8,0,429
2025-02-14 03:00:00,44739.8,44785.8,44736.8,44782.8,0,798
2025-02-14 02:00:00,44742.8,44757.8,44726.8,44739.8,0,617
2025-02-14 01:00:00,44749.8,44753.8,44725.8,44741.8,0,699
2025-02-13 23:00:00,44741.8,44777.8,44734.8,44765.9,0,852
2025-02-13 22:00:00,44733.9,44808.9,44728.9,44740.9,0,2676
2025-02-13 21:00:00,44598.9,44785.9,44595.9,44734.9,0,3128
2025-02-13 20:00:00,44485.9,44607.9,44431.9,44604.9,0,3725
2025-02-13 19:00:00,44487.9,44553.9,44462.9,44485.9,0,2733
2025-02-13 18:00:00,44490.9,44564.9,44470.9,44486.9,0,3078
2025-02-13 17:00:00,44448.9,44529.9,44410.9,44490.9,0,4071
2025-02-13 16:00:00,44499.8,44563.8,44383.9,44440.9,0,3506
2025-02-13 15:00:00,44403.8,44511.3,44374.8,44499.8,0,2562
2025-02-13 14:00:00,44411.8,44430.8,44373.3,44404.8,0,1685
2025-02-13 13:00:00,44419.8,44452.8,44372.8,44411.8,0,1542
2025-02-13 12:00:00,44379.8,44423.3,44365.3,44420.8,0,1149
2025-02-13 11:00:00,44326.8,44390.8,44292.8,44380.8,0,1826
2025-02-13 10:00:00,44439.8,44443.8,44309.8,44329.8,0,2107
2025-02-13 09:00:00,44469.8,44485.8,44431.8,44438.8,0,852
2025-02-13 08:00:00,44478.8,44491.8,44469.8,44470.8,0,499
2025-02-13 07:00:00,44476.8,44487.8,44470.8,44476.8,0,352
2025-02-13 06:00:00,44478.8,44497.8,44475.8,44475.8,0,387
2025-02-13 05:00:00,44464.8,44488.8,44463.8,44478.8,0,378
2025-02-13 04:00:00,44467.8,44468.8,44444.8,44463.8,0,432
2025-02-13 03:00:00,44474.8,44475.8,44455.8,44467.8,0,641
2025-02-13 02:00:00,44467.8,44487.8,44454.8,44474.8,0,630
2025-02-13 01:00:00,44442.8,44478.8,44433.8,44468.8,0,645
2025-02-12 23:00:00,44391.8,44445.8,44379.4,44433.8,0,1073
2025-02-12 22:00:00,44427.9,44431.9,44329.9,44387.9,0,2862
2025-02-12 21:00:00,44404.9,44454.9,44363.9,44426.9,0,2547
2025-02-12 20:00:00,44487.9,44500.9,44386.9,44404.9,0,2896
2025-02-12 19:00:00,44415.9,44493.9,44388.9,44486.9,0,3350
2025-02-12 18:00:00,44371.9,44422.9,44160.9,44413.9,0,3980
2025-02-12 17:00:00,44264.9,44402.9,44158.9,44369.9,0,4662
2025-02-12 16:00:00,44234.8,44294.8,44118.9,44272.9,0,4224
2025-02-12 15:00:00,44601.8,44633.3,44173.8,44234.8,0,3750
2025-02-12 14:00:00,44572.3,44604.3,44556.8,44602.3,0,1255
2025-02-12 13:00:00,44580.8,44587.8,44557.3,44571.8,0,1047
2025-02-12 12:00:00,44572.3,44580.8,44543.8,44580.8,0,1010
2025-02-12 11:00:00,44589.8,44589.8,44517.3,44571.8,0,1483
2025-02-12 10:00:00,44601.8,44629.3,44585.8,44588.8,0,1000
2025-02-12 09:00:00,44606.8,44617.8,44594.8,44597.8,0,430
2025-02-12 08:00:00,44602.8,44614.8,44593.8,44607.8,0,374
2025-02-12 07:00:00,44611.8,44616.8,44600.8,44601.8,0,350
2025-02-12 06:00:00,44618.8,44618.8,44604.8,44611.8,0,380
2025-02-12 05:00:00,44632.8,44634.8,44608.8,44618.8,0,427
2025-02-12 04:00:00,44647.8,44649.8,44632.8,44632.8,0,418
2025-02-12 03:00:00,44639.8,44654.8,44618.8,44647.8,0,700
2025-02-12 02:00:00,44638.8,44663.8,44631.8,44641.8,0,587
2025-02-12 01:00:00,44645.8,44655.8,44602.8,44638.8,0,630
2025-02-11 23:00:00,44632.8,44653.8,44616.8,44629.4,0,716
2025-02-11 22:00:00,44631.9,44672.9,44593.9,44630.9,0,2561
2025-02-11 21:00:00,44516.9,44666.9,44515.9,44631.9,0,2332
2025-02-11 20:00:00,44504.9,44585.9,44475.9,44519.9,0,2481
2025-02-11 19:00:00,44536.9,44553.9,44492.9,44504.9,0,2757
2025-02-11 18:00:00,44524.9,44573.9,44509.9,44537.9,0,2802
2025-02-11 17:00:00,44406.9,44534.9,44340.9,44525.9,0,3400
2025-02-11 16:00:00,44357.8,44420.9,44321.3,44398.9,0,3253
2025-02-11 15:00:00,44421.8,44422.8,44352.8,44361.3,0,1790
2025-02-11 14:00:00,44436.8,44436.8,44393.3,44421.3,0,1532
2025-02-11 13:00:00,44392.3,44436.3,44391.8,44432.8,0,1148
2025-02-11 12:00:00,44398.8,44428.8,44388.8,44392.8,0,954
2025-02-11 11:00:00,44421.3,44445.8,44393.8,44398.8,0,1232
2025-02-11 10:00:00,44383.8,44447.8,44371.8,44422.8,0,1354
2025-02-11 09:00:00,44414.8,44422.8,44382.8,44382.8,0,612
2025-02-11 08:00:00,44440.8,44440.8,44411.8,44414.8,0,365
2025-02-11 07:00:00,44431.8,44448.8,44431.8,44440.8,0,344
2025-02-11 06:00:00,44434.8,44441.8,44427.4,44430.8,0,306
2025-02-11 05:00:00,44400.8,44435.8,44394.8,44434.8,0,477
2025-02-11 04:00:00,44431.8,44434.8,44389.8,44400.8,0,780
2025-02-11 03:00:00,44448.8,44453.8,44419.8,44431.8,0,627
2025-02-11 02:00:00,44442.8,44464.8,44424.4,44448.8,0,568
2025-02-11 01:00:00,44481.4,44482.4,44411.8,44443.8,0,993
2025-02-10 23:00:00,44498.8,44507.8,44471.8,44505.8,0,716
2025-02-10 22:00:00,44471.9,44523.9,44452.9,44498.9,0,2296
2025-02-10 21:00:00,44481.9,44528.9,44457.9,44470.9,0,2110
2025-02-10 20:00:00,44433.9,44506.9,44432.9,44481.9,0,2075
2025-02-10 19:00:00,44414.9,44438.9,44327.9,44434.9,0,2612
2025-02-10 18:00:00,44451.9,44467.9,44342.9,44415.9,0,2956
2025-02-10 17:00:00,44461.9,44529.9,44405.9,44451.9,0,3436
2025-02-10 16:00:00,44603.8,44655.9,44387.9,44457.9,0,3239
2025-02-10 15:00:00,44550.3,44603.8,44540.8,44603.8,0,1402
2025-02-10 14:00:00,44516.3,44562.8,44486.3,44551.8,0,1335
2025-02-10 13:00:00,44485.8,44517.3,44468.8,44516.3,0,1091
2025-02-10 12:00:00,44461.8,44490.3,44459.3,44486.3,0,972
2025-02-10 11:00:00,44433.8,44475.3,44423.3,44461.8,0,1297
2025-02-10 10:00:00,44402.8,44436.8,44393.8,44433.8,0,1306
2025-02-10 09:00:00,44418.8,44422.8,44393.8,44399.8,0,645
2025-02-10 08:00:00,44409.8,44419.8,44398.8,44418.8,0,401
2025-02-10 07:00:00,44407.8,44435.8,44405.8,44408.8,0,531
2025-02-10 06:00:00,44422.8,44428.8,44407.8,44407.8,0,316
2025-02-10 05:00:00,44418.8,44423.8,44402.8,44422.8,0,282
2025-02-10 04:00:00,44421.8,44431.8,44406.8,44418.8,0,549
2025-02-10 03:00:00,44436.8,44443.8,44418.8,44422.8,0,799
2025-02-10 02:00:00,44388.8,44445.8,44357.8,44436.8,0,1088
2025-02-10 01:00:00,44261.4,44403.8,44224.8,44388.8,0,1650
2025-02-07 23:00:00,44341.8,44361.8,44324.8,44326.8,0,879
2025-02-07 22:00:00,44339.9,44377.9,44301.9,44339.9,0,3562
2025-02-07 21:00:00,44359.9,44387.9,44322.9,44345.9,0,3141
2025-02-07 20:00:00,44442.9,44538.9,44350.9,44359.9,0,3463
2025-02-07 19:00:00,44460.9,44544.9,44392.9,44441.9,0,4383
2025-02-07 18:00:00,44544.9,44659.9,44433.9,44467.9,0,5005
2025-02-07 17:00:00,44872.4,44872.4,44420.9,44536.9,0,5247
2025-02-07 16:00:00,44829.3,44873.9,44713.9,44871.9,0,3408
2025-02-07 15:00:00,44791.3,44862.4,44687.3,44828.8,0,2818
2025-02-07 14:00:00,44818.8,44824.3,44787.8,44789.8,0,905
2025-02-07 13:00:00,44795.8,44832.3,44791.3,44818.3,0,799
2025-02-07 12:00:00,44810.8,44814.3,44785.8,44795.8,0,786
2025-02-07 11:00:00,44758.8,44812.8,44751.3,44811.8,0,1201
2025-02-07 10:00:00,44730.8,44781.8,44730.8,44758.8,0,1316
2025-02-07 09:00:00,44747.8,44759.8,44731.8,44731.8,0,537
2025-02-07 08:00:00,44730.8,44747.8,44707.8,44747.8,0,503
2025-02-07 07:00:00,44742.8,44751.8,44728.8,44730.8,0,306
2025-02-07 06:00:00,44746.8,44749.8,44740.8,44742.8,0,271
2025-02-07 05:00:00,44769.8,44779.8,44745.8,44745.8,0,397
2025-02-07 04:00:00,44781.8,44788.8,44758.8,44769.8,0,400
2025-02-07 03:00:00,44778.8,44793.8,44767.8,44781.8,0,545
2025-02-07 02:00:00,44760.8,44779.8,44748.8,44779.8,0,510
2025-02-07 01:00:00,44712.8,44767.8,44698.4,44759.8,0,705
2025-02-06 23:00:00,44777.8,44780.8,44578.0,44707.4,0,2303
2025-02-06 22:00:00,44663.9,44789.9,44655.9,44774.9,0,3079
2025-02-06 21:00:00,44708.9,44760.9,44570.9,44664.9,0,3107
2025-02-06 20:00:00,44803.9,44812.9,44698.9,44708.9,0,2389
2025-02-06 19:00:00,44767.9,44819.9,44714.9,44804.9,0,2338
2025-02-06 18:00:00,44779.9,44852.9,44745.9,44766.9,0,2792
2025-02-06 17:00:00,44916.9,44926.9,44766.9,44779.9,0,3663
2025-02-06 16:00:00,44980.3,45025.8,44893.9,44916.9,0,3210
2025-02-06 15:00:00,44971.3,44991.8,44939.3,44980.3,0,1528
2025-02-06 14:00:00,44920.8,44990.8,44910.8,44972.3,0,1575
2025-02-06 13:00:00,45029.8,45033.8,44891.8,44920.8,0,1920
2025-02-06 12:00:00,45005.8,45087.8,45005.8,45030.8,0,1247
2025-02-06 11:00:00,45034.8,45034.8,44995.3,45005.8,0,1269
2025-02-06 10:00:00,44981.8,45042.8,44962.3,45034.8,0,1485
2025-02-06 09:00:00,44992.8,45015.8,44978.8,44981.8,0,606
2025-02-06 08:00:00,45013.8,45014.8,44991.8,44991.8,0,394
2025-02-06 07:00:00,44994.8,45018.8,44991.8,45012.8,0,430
2025-02-06 06:00:00,44979.8,44998.8,44977.8,44994.8,0,321
2025-02-06 05:00:00,44970.8,44981.8,44963.8,44980.8,0,359
2025-02-06 04:00:00,44972.8,44979.8,44960.8,44970.8,0,534
2025-02-06 03:00:00,44962.8,44975.8,44952.8,44972.8,0,718
2025-02-06 02:00:00,44950.8,44986.8,44948.8,44962.8,0,778
2025-02-06 01:00:00,44943.8,44954.8,44916.8,44950.8,0,550
2025-02-05 23:00:00,44907.8,44952.8,44892.4,44951.9,0,1282
2025-02-05 22:00:00,44834.9,44924.9,44833.9,44903.9,0,2515
2025-02-05 21:00:00,44798.9,44872.9,44791.9,44834.9,0,2137
2025-02-05 20:00:00,44732.9,44830.9,44720.9,44798.9,0,2338
2025-02-05 19:00:00,44711.9,44746.9,44682.9,44732.9,0,2537
2025-02-05 18:00:00,44616.9,44746.9,44570.9,44710.9,0,3312
2025-02-05 17:00:00,44509.3,44630.9,44372.9,44616.9,0,4231
2025-02-05 16:00:00,44554.8,44650.9,44454.9,44492.4,0,3229
2025-02-05 15:00:00,44539.8,44563.8,44498.8,44554.3,0,1903
2025-02-05 14:00:00,44551.8,44607.8,44529.8,44539.8,0,1491
2025-02-05 13:00:00,44513.8,44580.3,44508.3,44547.8,0,1497
2025-02-05 12:00:00,44444.3,44529.3,44430.3,44512.3,0,1368
2025-02-05 11:00:00,44507.8,44538.8,44439.8,44444.8,0,2005
2025-02-05 10:00:00,44467.8,44552.8,44467.8,44506.8,0,2034
2025-02-05 09:00:00,44470.8,44492.8,44448.8,44470.8,0,1140
2025-02-05 08:00:00,44471.8,44501.8,44458.8,44472.8,0,795
2025-02-05 07:00:00,44494.8,44498.8,44466.8,44469.8,0,677
2025-02-05 06:00:00,44499.8,44503.8,44479.8,44493.8,0,549
2025-02-05 05:00:00,44507.8,44519.8,44492.8,44499.8,0,639
2025-02-05 04:00:00,44537.8,44553.8,44504.8,44506.8,0,823
2025-02-05 03:00:00,44585.8,44603.8,44536.8,44538.8,0,1181
2025-02-05 02:00:00,44551.8,44603.8,44534.8,44585.8,0,1005
2025-02-05 01:00:00,44567.8,44588.8,44547.8,44548.8,0,946
2025-02-04 23:00:00,44591.4,44627.9,44519.4,44561.4,0,2247
2025-02-04 22:00:00,44594.9,44619.9,44544.9,44591.9,0,2707
2025-02-04 21:00:00,44497.9,44639.9,44493.9,44590.9,0,2519
2025-02-04 20:00:00,44551.9,44557.9,44491.9,44497.9,0,2630
2025-02-04 19:00:00,44518.9,44566.9,44430.9,44552.9,0,3410
2025-02-04 18:00:00,44447.9,44579.9,44445.9,44518.9,0,3228
2025-02-04 17:00:00,44389.9,44506.9,44359.3,44442.9,0,4134
2025-02-04 16:00:00,44376.8,44460.3,44359.9,44389.9,0,3333
2025-02-04 15:00:00,44403.8,44421.8,44355.3,44376.8,0,1782
2025-02-04 14:00:00,44333.8,44422.8,44333.8,44404.8,0,1765
2025-02-04 13:00:00,44371.8,44405.8,44315.8,44333.8,0,1545
2025-02-04 12:00:00,44331.8,44383.8,44322.8,44366.8,0,1352
2025-02-04 11:00:00,44309.8,44375.8,44309.8,44333.8,0,1830
2025-02-04 10:00:00,44392.4,44435.4,44260.8,44307.8,0,2564
2025-02-04 09:00:00,44425.8,44443.8,44386.8,44390.8,0,1369
2025-02-04 08:00:00,44400.8,44429.8,44341.8,44426.8,0,1622
2025-02-04 07:00:00,44485.8,44485.8,44247.8,44398.8,0,2678
2025-02-04 06:00:00,44498.8,44523.8,44477.8,44484.8,0,658
2025-02-04 05:00:00,44516.8,44523.8,44462.8,44495.8,0,895
2025-02-04 04:00:00,44557.8,44561.8,44498.8,44516.8,0,944
2025-02-04 03:00:00,44609.8,44609.8,44522.8,44556.8,0,1116
2025-02-04 02:00:00,44637.8,44639.8,44590.8,44609.8,0,943
2025-02-04 01:00:00,44697.4,44702.8,44623.8,44639.8,0,983
2025-02-03 23:00:00,44463.8,44707.4,44453.4,44630.4,0,3171
2025-02-03 22:00:00,44599.9,44607.9,44444.9,44455.9,0,3697
2025-02-03 21:00:00,44534.9,44629.9,44525.9,44599.9,0,3260
2025-02-03 20:00:00,44451.9,44551.9,44366.9,44537.9,0,4117
2025-02-03 19:00:00,44433.9,44546.9,44354.9,44453.9,0,4587
2025-02-03 18:00:00,44442.9,44556.9,44308.4,44430.9,0,4924
2025-02-03 17:00:00,43963.3,44501.9,43878.9,44450.9,0,5667
2025-02-03 16:00:00,43975.8,44204.9,43917.8,43967.3,0,4130
2025-02-03 15:00:00,43912.3,44055.3,43912.3,43975.8,0,2462
2025-02-03 14:00:00,43996.8,44030.8,43893.8,43912.8,0,2033
2025-02-03 13:00:00,44015.8,44060.8,43968.8,43994.8,0,1455
2025-02-03 12:00:00,43947.3,44033.8,43934.8,44015.8,0,1723
2025-02-03 11:00:00,44066.8,44069.8,43941.8,43947.3,0,2387
2025-02-03 10:00:00,43931.8,44089.8,43923.8,44065.8,0,2597
2025-02-03 09:00:00,43934.8,43988.8,43926.8,43935.8,0,1741
2025-02-03 08:00:00,43950.8,43971.8,43906.8,43928.8,0,1429
2025-02-03 07:00:00,43910.8,43956.8,43891.8,43952.8,0,1044
2025-02-03 06:00:00,43945.8,43968.8,43858.8,43908.8,0,1249
2025-02-03 05:00:00,43949.8,43969.8,43909.8,43944.8,0,1304
2025-02-03 04:00:00,44041.8,44047.8,43886.8,43948.8,0,1983
2025-02-03 03:00:00,44054.8,44116.8,43995.8,44041.8,0,2224
2025-02-03 02:00:00,44076.4,44138.4,44023.8,44058.8,0,2650
2025-02-03 01:00:00,44087.8,44177.4,43947.8,44076.4,0,3417
2025-01-31 23:00:00,44567.8,44596.8,44541.8,44558.8,0,1938
2025-01-31 22:00:00,44663.9,44663.9,44532.9,44567.9,0,4780
2025-01-31 21:00:00,44695.9,44725.9,44548.9,44665.9,0,4794
2025-01-31 20:00:00,44919.9,44949.9,44629.9,44695.9,0,4180
2025-01-31 19:00:00,44902.9,44989.9,44853.9,44918.9,0,3057
2025-01-31 18:00:00,44912.9,44956.9,44869.9,44903.9,0,3124
2025-01-31 17:00:00,44927.9,44993.9,44898.9,44908.9,0,3600
2025-01-31 16:00:00,45045.8,45068.8,44910.9,44925.9,0,3140
2025-01-31 15:00:00,45064.3,45073.4,45016.8,45045.8,0,1760
2025-01-31 14:00:00,45097.8,45099.8,45060.8,45064.8,0,1212
2025-01-31 13:00:00,45065.8,45097.3,45065.8,45097.3,0,779
2025-01-31 12:00:00,45056.8,45092.8,45053.8,45065.8,0,862
2025-01-31 11:00:00,45047.8,45101.8,45040.3,45056.8,0,1120
2025-01-31 10:00:00,45028.8,45054.8,45008.8,45042.8,0,1013
2025-01-31 09:00:00,45008.8,45044.8,45002.8,45025.8,0,551
2025-01-31 08:00:00,45000.8,45022.8,44994.8,45008.8,0,383
2025-01-31 07:00:00,44970.8,45004.8,44968.8,45000.8,0,393
2025-01-31 06:00:00,44969.8,44985.8,44961.8,44969.8,0,391
2025-01-31 05:00:00,44972.8,44988.8,44967.8,44969.8,0,392
2025-01-31 04:00:00,44989.8,45002.8,44970.8,44973.8,0,578
2025-01-31 03:00:00,44972.8,44994.8,44909.8,44989.8,0,914
2025-01-31 02:00:00,44981.8,44992.8,44951.8,44973.8,0,902
2025-01-31 01:00:00,44986.9,44999.8,44943.8,44981.8,0,1047
2025-01-30 23:00:00,44921.8,44982.8,44876.0,44934.4,0,2661
2025-01-30 22:00:00,45028.9,45058.9,44675.9,44923.9,0,3704
2025-01-30 21:00:00,45018.9,45034.9,44969.9,45029.9,0,2349
2025-01-30 20:00:00,44868.9,45043.9,44866.9,45017.9,0,2344
2025-01-30 19:00:00,44931.9,44931.9,44800.9,44868.9,0,3000
2025-01-30 18:00:00,44814.9,44938.9,44746.9,44930.9,0,3357
2025-01-30 17:00:00,44845.9,44915.9,44762.9,44814.9,0,4090
2025-01-30 16:00:00,44725.8,44913.9,44653.3,44849.9,0,3468
2025-01-30 15:00:00,44709.8,44726.8,44646.3,44725.8,0,2292
2025-01-30 14:00:00,44838.3,44845.8,44689.3,44708.8,0,2047
2025-01-30 13:00:00,44929.3,44959.8,44812.3,44838.3,0,1628
2025-01-30 12:00:00,44928.8,44957.8,44922.8,44930.8,0,1056
2025-01-30 11:00:00,44930.8,44947.8,44911.8,44929.3,0,1451
2025-01-30 10:00:00,44890.8,44936.3,44887.8,44932.8,0,1299
2025-01-30 09:00:00,44851.8,44894.8,44834.8,44891.8,0,645
2025-01-30 08:00:00,44849.8,44860.8,44831.8,44851.8,0,493
2025-01-30 07:00:00,44847.8,44855.8,44830.8,44849.8,0,481
2025-01-30 06:00:00,44873.8,44881.8,44846.8,44847.8,0,408
2025-01-30 05:00:00,44857.8,44875.8,44848.8,44873.8,0,426
2025-01-30 04:00:00,44863.8,44887.8,44854.8,44855.8,0,509
2025-01-30 03:00:00,44857.8,44886.8,44834.8,44863.8,0,770
2025-01-30 02:00:00,44797.8,44858.8,44784.8,44858.8,0,871
2025-01-30 01:00:00,44730.4,44809.8,44730.4,44797.8,0,1759
2025-01-29 23:00:00,44756.8,44895.4,44617.9,44824.9,0,4454
2025-01-29 22:00:00,44803.9,44887.9,44702.9,44762.9,0,4704
2025-01-29 21:00:00,44802.3,44867.9,44613.9,44812.9,0,4835
2025-01-29 20:00:00,44830.9,44855.9,44705.9,44802.3,0,3549
2025-01-29 19:00:00,44860.9,44927.9,44814.9,44829.9,0,2614
2025-01-29 18:00:00,44915.9,44940.9,44847.9,44859.9,0,3068
2025-01-29 17:00:00,44922.9,45001.9,44897.9,44914.9,0,3632
2025-01-29 16:00:00,44833.8,44966.9,44820.8,44918.9,0,3095
2025-01-29 15:00:00,44877.8,44878.8,44791.8,44833.8,0,1819
2025-01-29 14:00:00,44906.8,44906.8,44862.8,44879.8,0,1117
2025-01-29 13:00:00,44891.8,44914.8,44877.3,44901.8,0,755
2025-01-29 12:00:00,44846.8,44892.8,44846.8,44892.3,0,908
2025-01-29 11:00:00,44839.3,44858.8,44812.8,44846.8,0,1166
2025-01-29 10:00:00,44865.8,44871.8,44837.3,44839.8,0,978
2025-01-29 09:00:00,44904.8,44904.8,44848.8,44865.8,0,661
2025-01-29 08:00:00,44872.8,44936.8,44872.8,44903.8,0,1212
2025-01-29 07:00:00,44883.8,44885.8,44863.8,44865.8,0,280
2025-01-29 06:00:00,44868.8,44893.8,44868.8,44883.8,0,337
2025-01-29 05:00:00,44876.8,44879.8,44845.8,44867.8,0,363
2025-01-29 04:00:00,44858.8,44884.8,44856.8,44876.8,0,368
2025-01-29 03:00:00,44865.8,44874.8,44855.8,44858.8,0,476
2025-01-29 02:00:00,44851.8,44882.8,44846.8,44867.8,0,763
2025-01-29 01:00:00,44857.8,44884.8,44845.8,44849.8,0,595
2025-01-28 23:00:00,44879.4,44879.4,44849.8,44868.8,0,841
2025-01-28 22:00:00,44902.9,44936.9,44876.9,44880.9,0,2655
2025-01-28 21:00:00,44856.9,44906.9,44812.9,44902.9,0,2476
2025-01-28 20:00:00,44897.9,44946.9,44856.9,44856.9,0,2527
2025-01-28 19:00:00,44838.9,44913.9,44810.9,44895.9,0,2864
2025-01-28 18:00:00,44986.9,45013.9,44750.9,44842.9,0,3805
2025-01-28 17:00:00,44720.9,45001.9,44711.9,44985.9,0,3891
2025-01-28 16:00:00,44698.8,44826.6,44651.9,44720.9,0,3584
2025-01-28 15:00:00,44766.3,44771.8,44688.3,44701.8,0,1879
2025-01-28 14:00:00,44751.8,44780.3,44693.8,44766.8,0,2107
2025-01-28 13:00:00,44773.8,44792.8,44750.8,44752.8,0,1442
2025-01-28 12:00:00,44781.8,44815.3,44767.8,44773.3,0,1336
2025-01-28 11:00:00,44765.8,44791.8,44745.8,44781.8,0,2054
2025-01-28 10:00:00,44654.8,44770.8,44635.8,44763.8,0,2280
2025-01-28 09:00:00,44619.8,44672.8,44597.8,44657.8,0,1298
2025-01-28 08:00:00,44665.8,44675.8,44611.8,44620.8,0,839
2025-01-28 07:00:00,44686.8,44706.8,44626.8,44665.8,0,741
2025-01-28 06:00:00,44677.8,44688.8,44658.8,44686.8,0,758
2025-01-28 05:00:00,44677.8,44716.8,44670.8,44677.8,0,872
2025-01-28 04:00:00,44650.8,44716.8,44638.8,44677.8,0,1408
2025-01-28 03:00:00,44687.8,44735.8,44638.4,44654.8,0,1166
2025-01-28 02:00:00,44727.8,44731.8,44659.8,44686.8,0,1372
2025-01-28 01:00:00,44748.9,44749.3,44643.8,44724.8,0,1989
2025-01-27 23:00:00,44748.8,44781.8,44737.4,44746.8,0,1664
2025-01-27 22:00:00,44665.9,44764.9,44586.9,44748.9,0,4099
2025-01-27 21:00:00,44581.9,44761.9,44581.9,44665.9,0,3682
2025-01-27 20:00:00,44517.9,44593.9,44487.9,44578.9,0,3466
2025-01-27 19:00:00,44442.9,44608.9,44424.9,44514.9,0,3805
2025-01-27 18:00:00,44403.9,44458.9,44363.9,44442.9,0,4097
2025-01-27 17:00:00,44357.9,44463.9,44289.9,44404.9,0,4739
2025-01-27 16:00:00,44132.8,44395.9,44069.8,44359.9,0,4005
2025-01-27 15:00:00,44127.8,44184.8,44103.8,44132.8,0,2448
2025-01-27 14:00:00,44023.8,44174.8,43994.8,44129.8,0,2356
2025-01-27 13:00:00,44034.3,44082.8,44019.3,44028.8,0,3051
2025-01-27 12:00:00,44088.8,44117.8,43973.8,44037.3,0,2807
2025-01-27 11:00:00,43946.8,44092.3,43928.3,44086.8,0,2779
2025-01-27 10:00:00,44004.8,44085.3,43860.3,43943.8,0,3157
2025-01-27 09:00:00,44095.8,44124.8,44001.8,44002.8,0,1983
2025-01-27 08:00:00,44198.8,44206.8,44067.8,44094.8,0,1415
2025-01-27 07:00:00,44276.8,44282.8,44181.8,44197.8,0,1088
2025-01-27 06:00:00,44304.8,44307.8,44261.8,44277.8,0,700
2025-01-27 05:00:00,44272.8,44317.8,44261.8,44304.8,0,765
2025-01-27 04:00:00,44252.8,44280.8,44233.8,44272.8,0,861
2025-01-27 03:00:00,44289.8,44313.8,44223.8,44252.8,0,1378
2025-01-27 02:00:00,44366.8,44375.8,44286.8,44289.8,0,858
2025-01-27 01:00:00,44331.8,44405.8,44322.4,44366.8,0,1322
2025-01-24 23:00:00,44431.5,44432.5,44381.5,44422.5,0,754
2025-01-24 22:00:00,44420.6,44450.6,44358.6,44436.6,0,2720
2025-01-24 21:00:00,44448.6,44466.6,44406.6,44421.6,0,2585
2025-01-24 20:00:00,44507.6,44518.6,44429.6,44448.6,0,2667
2025-01-24 19:00:00,44524.6,44578.6,44493.6,44507.6,0,2500
2025-01-24 18:00:00,44462.6,44551.6,44458.6,44525.6,0,2313
2025-01-24 17:00:00,44463.5,44519.6,44419.3,44463.6,0,3442
2025-01-24 16:00:00,44496.3,44563.3,44430.6,44463.6,0,3066
2025-01-24 15:00:00,44497.8,44500.3,44458.8,44497.3,0,1292
2025-01-24 14:00:00,44544.3,44544.3,44442.3,44498.3,0,1515
2025-01-24 13:00:00,44521.8,44548.3,44515.8,44543.8,0,1041
2025-01-24 12:00:00,44542.3,44548.8,44499.3,44521.8,0,1079
2025-01-24 11:00:00,44582.3,44589.8,44531.8,44543.8,0,1231
2025-01-24 10:00:00,44570.8,44595.8,44560.8,44582.8,0,1441
2025-01-24 09:00:00,44557.8,44576.8,44554.8,44574.8,0,676
2025-01-24 08:00:00,44555.8,44571.8,44546.8,44558.8,0,513
2025-01-24 07:00:00,44557.8,44561.8,44544.8,44555.8,0,336
2025-01-24 06:00:00,44563.8,44571.8,44550.8,44557.8,0,496
2025-01-24 05:00:00,44599.8,44607.8,44557.8,44563.8,0,624
2025-01-24 04:00:00,44562.8,44604.8,44556.8,44599.8,0,703
2025-01-24 03:00:00,44561.8,44572.8,44551.8,44562.8,0,595
2025-01-24 02:00:00,44566.8,44570.8,44551.8,44561.8,0,444
2025-01-24 01:00:00,44554.8,44571.8,44545.8,44566.8,0,430
2025-01-23 23:00:00,44583.8,44586.8,44531.4,44567.8,0,1021
2025-01-23 22:00:00,44534.9,44590.9,44492.9,44584.9,0,2455
2025-01-23 21:00:00,44535.9,44554.9,44500.9,44533.9,0,1976
2025-01-23 20:00:00,44535.9,44573.9,44512.9,44535.9,0,1829
2025-01-23 19:00:00,44454.9,44537.9,44438.9,44535.9,0,2070
2025-01-23 18:00:00,44367.9,44474.9,44332.9,44454.9,0,2953
2025-01-23 17:00:00,44298.9,44366.9,44251.9,44366.9,0,2936
2025-01-23 16:00:00,44237.8,44320.9,44193.8,44297.9,0,2910
2025-01-23 15:00:00,44256.8,44257.8,44202.3,44236.3,0,1542
2025-01-23 14:00:00,44226.3,44261.3,44207.3,44256.8,0,1232
2025-01-23 13:00:00,44182.3,44238.3,44177.8,44226.8,0,1163
2025-01-23 12:00:00,44179.3,44214.8,44177.8,44182.3,0,981
2025-01-23 11:00:00,44153.3,44185.8,44148.3,44179.8,0,1223
2025-01-23 10:00:00,44166.8,44181.8,44145.8,44152.8,0,1354
2025-01-23 09:00:00,44160.8,44168.8,44147.8,44167.8,0,559
2025-01-23 08:00:00,44163.8,44176.8,44158.8,44160.8,0,367
2025-01-23 07:00:00,44175.8,44181.8,44162.8,44163.8,0,313
2025-01-23 06:00:00,44168.8,44180.8,44168.8,44176.8,0,262
2025-01-23 05:00:00,44169.8,44180.8,44162.8,44168.8,0,397
2025-01-23 04:00:00,44170.8,44179.8,44155.8,44169.8,0,461
2025-01-23 03:00:00,44194.8,44205.8,44167.8,44171.8,0,536
2025-01-23 02:00:00,44174.8,44197.8,44170.8,44194.8,0,543
2025-01-23 01:00:00,44191.8,44195.8,44173.8,44174.8,0,543
2025-01-22 23:00:00,44175.8,44189.8,44153.4,44179.8,0,753
2025-01-22 22:00:00,44225.9,44244.9,44150.9,44176.9,0,2098
2025-01-22 21:00:00,44170.9,44228.9,44149.9,44225.9,0,1837
2025-01-22 20:00:00,44153.9,44227.9,44151.9,44170.9,0,1830
2025-01-22 19:00:00,44178.9,44190.9,44146.9,44152.9,0,1867
2025-01-22 18:00:00,44135.9,44203.9,44080.9,44178.9,0,2565
2025-01-22 17:00:00,44188.9,44236.9,44112.9,44134.9,0,3310
2025-01-22 16:00:00,44232.8,44238.3,44107.9,44184.9,0,3325
2025-01-22 15:00:00,44189.8,44232.3,44188.3,44232.3,0,1424
2025-01-22 14:00:00,44168.3,44238.8,44163.8,44193.3,0,1438
2025-01-22 13:00:00,44131.3,44167.8,44100.3,44167.8,0,1175
2025-01-22 12:00:00,44135.8,44144.3,44121.3,44132.3,0,898
2025-01-22 11:00:00,44132.8,44154.3,44126.3,44135.8,0,1349
2025-01-22 10:00:00,44059.8,44143.8,44058.8,44133.3,0,1414
2025-01-22 09:00:00,44058.8,44078.8,44051.8,44062.8,0,621
2025-01-22 08:00:00,44085.8,44088.8,44056.8,44057.8,0,382
2025-01-22 07:00:00,44093.8,44093.8,44081.8,44086.8,0,307
2025-01-22 06:00:00,44083.8,44098.8,44072.8,44093.8,0,349
2025-01-22 05:00:00,44088.8,44093.8,44076.8,44082.8,0,329
2025-01-22 04:00:00,44085.8,44105.8,44084.8,44088.8,0,457
2025-01-22 03:00:00,44091.8,44091.8,44063.8,44087.8,0,668
2025-01-22 02:00:00,44078.8,44092.8,44065.8,44091.8,0,709
2025-01-22 01:00:00,44055.8,44096.8,44026.8,44077.8,0,1074
2025-01-21 23:00:00,44069.8,44100.8,44059.8,44078.8,0,999
2025-01-21 22:00:00,43987.9,44092.9,43975.9,44066.9,0,2303
2025-01-21 21:00:00,43997.9,44014.9,43951.9,43989.9,0,2399
2025-01-21 20:00:00,43980.9,44010.9,43953.9,43997.9,0,2366
2025-01-21 19:00:00,43960.9,44013.9,43931.9,43982.9,0,2656
2025-01-21 18:00:00,43866.9,43971.9,43839.9,43960.9,0,3321
2025-01-21 17:00:00,43820.9,43882.9,43727.9,43867.9,0,4189
2025-01-21 16:00:00,43707.8,43873.9,43677.9,43818.9,0,3379
2025-01-21 15:00:00,43721.8,43736.8,43671.8,43707.3,0,1400
2025-01-21 14:00:00,43674.8,43736.8,43651.8,43719.8,0,1311
2025-01-21 13:00:00,43671.8,43694.3,43620.8,43675.8,0,1167
2025-01-21 12:00:00,43697.8,43755.8,43669.8,43671.3,0,1135
2025-01-21 11:00:00,43656.8,43698.8,43638.8,43698.8,0,1406
2025-01-21 10:00:00,43645.8,43697.8,43614.8,43657.8,0,1545
2025-01-21 09:00:00,43621.8,43668.8,43599.8,43653.8,0,1040
2025-01-21 08:00:00,43624.8,43643.8,43604.8,43621.8,0,670
2025-01-21 07:00:00,43645.8,43659.8,43614.8,43624.8,0,589
2025-01-21 06:00:00,43665.8,43671.8,43640.8,43645.8,0,514
2025-01-21 05:00:00,43629.8,43691.8,43627.8,43664.8,0,908
2025-01-21 04:00:00,43601.8,43652.8,43592.8,43629.8,0,1263
2025-01-21 03:00:00,43417.8,43658.8,43330.4,43597.8,0,2815
2025-01-21 02:00:00,43783.8,43807.8,43397.8,43419.8,0,1875
2025-01-21 01:00:00,43709.4,43786.8,43697.4,43783.8,0,941
2025-01-20 19:00:00,43679.9,43723.4,43564.9,43679.9,0,1892
2025-01-20 18:00:00,43644.9,43715.9,43642.9,43684.9,0,1431
2025-01-20 17:00:00,43776.9,43777.9,43574.9,43644.9,0,2311
2025-01-20 16:00:00,43707.8,43828.9,43654.8,43779.9,0,2490
2025-01-20 15:00:00,43508.8,43715.8,43465.4,43708.8,0,2274
2025-01-20 14:00:00,43548.8,43549.8,43490.3,43509.8,0,1095
2025-01-20 13:00:00,43545.8,43577.8,43542.3,43548.3,0,877
2025-01-20 12:00:00,43547.8,43557.8,43522.8,43545.8,0,857
2025-01-20 11:00:00,43549.3,43570.3,43534.8,43547.8,0,894
2025-01-20 10:00:00,43587.8,43589.8,43530.8,43550.8,0,1289
2025-01-20 09:00:00,43546.8,43587.8,43529.8,43585.8,0,571
2025-01-20 08:00:00,43536.8,43556.8,43519.8,43545.8,0,398
2025-01-20 07:00:00,43537.8,43542.8,43531.8,43535.8,0,312
2025-01-20 06:00:00,43513.8,43538.8,43507.8,43537.8,0,346
2025-01-20 05:00:00,43488.8,43515.8,43484.8,43512.8,0,462
2025-01-20 04:00:00,43488.8,43491.8,43475.8,43488.8,0,619
2025-01-20 03:00:00,43490.8,43503.8,43471.8,43488.8,0,746
2025-01-20 02:00:00,43483.8,43494.8,43465.8,43490.8,0,750
2025-01-20 01:00:00,43526.4,43546.4,43455.8,43481.8,0,1023
2025-01-17 23:00:00,43505.8,43512.8,43479.8,43502.8,0,892
2025-01-17 22:00:00,43547.9,43585.9,43501.9,43504.9,0,3139
2025-01-17 21:00:00,43588.9,43592.9,43529.9,43548.9,0,2568
2025-01-17 20:00:00,43629.9,43648.9,43563.9,43589.9,0,2514
2025-01-17 19:00:00,43613.9,43680.9,43587.9,43629.9,0,2546
2025-01-17 18:00:00,43574.9,43649.9,43549.9,43617.9,0,3174
2025-01-17 17:00:00,43506.9,43580.9,43469.9,43575.9,0,3875
2025-01-17 16:00:00,43432.8,43553.9,43430.9,43502.9,0,4108
2025-01-17 15:00:00,43351.3,43462.8,43350.8,43432.3,0,2510
2025-01-17 14:00:00,43334.3,43365.3,43306.8,43352.3,0,1614
2025-01-17 13:00:00,43323.8,43366.8,43323.8,43335.3,0,1355
2025-01-17 12:00:00,43291.8,43327.8,43281.3,43320.8,0,1290
2025-01-17 11:00:00,43288.8,43327.3,43278.8,43291.8,0,1406
2025-01-17 10:00:00,43253.8,43297.3,43247.8,43293.8,0,1469
2025-01-17 09:00:00,43246.8,43262.8,43215.8,43249.8,0,902
2025-01-17 08:00:00,43241.8,43253.8,43229.8,43243.8,0,510
2025-01-17 07:00:00,43241.8,43254.8,43230.8,43241.8,0,513
2025-01-17 06:00:00,43229.8,43255.8,43228.8,43241.8,0,472
2025-01-17 05:00:00,43200.8,43232.8,43191.8,43229.8,0,498
2025-01-17 04:00:00,43228.8,43245.8,43198.8,43200.8,0,589
2025-01-17 03:00:00,43177.8,43238.8,43177.8,43228.8,0,587
2025-01-17 02:00:00,43180.8,43189.8,43162.8,43177.8,0,570
2025-01-17 01:00:00,43147.8,43180.8,43131.8,43180.8,0,610
2025-01-16 23:00:00,43187.8,43200.8,43106.8,43139.8,0,1542
2025-01-16 22:00:00,43218.9,43269.9,43169.9,43186.9,0,3282
2025-01-16 21:00:00,43135.9,43235.9,43109.9,43219.9,0,2918
2025-01-16 20:00:00,43232.9,43264.9,43124.9,43136.9,0,3321
2025-01-16 19:00:00,43287.9,43304.9,43222.9,43232.9,0,3246
2025-01-16 18:00:00,43216.9,43293.9,43152.9,43291.9,0,4112
2025-01-16 17:00:00,43170.9,43223.9,43120.9,43215.9,0,4657
2025-01-16 16:00:00,43123.8,43326.9,43121.8,43170.9,0,3693
2025-01-16 15:00:00,43158.8,43175.8,43095.8,43125.8,0,2447
2025-01-16 14:00:00,43221.8,43240.8,43150.8,43158.8,0,1878
2025-01-16 13:00:00,43287.8,43301.8,43144.8,43221.3,0,1691
2025-01-16 12:00:00,43282.8,43379.8,43244.3,43285.3,0,1674
2025-01-16 11:00:00,43253.8,43300.3,43245.8,43281.8,0,1941
2025-01-16 10:00:00,43355.8,43366.8,43251.8,43252.8,0,2180
2025-01-16 09:00:00,43311.8,43376.8,43300.8,43355.8,0,1343
2025-01-16 08:00:00,43278.8,43332.8,43274.8,43312.8,0,1055
2025-01-16 07:00:00,43304.8,43306.8,43265.8,43278.8,0,584
2025-01-16 06:00:00,43309.8,43321.8,43300.8,43304.8,0,286
2025-01-16 05:00:00,43301.8,43322.8,43299.8,43309.8,0,415
2025-01-16 04:00:00,43298.8,43304.8,43282.8,43301.8,0,515
2025-01-16 03:00:00,43345.8,43345.8,43296.8,43298.8,0,840
2025-01-16 02:00:00,43314.8,43366.8,43306.8,43346.8,0,746
2025-01-16 01:00:00,43284.8,43330.8,43279.8,43314.8,0,490
2025-01-15 23:00:00,43260.8,43293.8,43258.8,43280.8,0,911
2025-01-15 22:00:00,43338.9,43370.9,43255.9,43266.9,0,2692
2025-01-15 21:00:00,43285.9,43349.9,43253.9,43337.9,0,2373
2025-01-15 20:00:00,43172.9,43299.9,43171.9,43286.9,0,2539
2025-01-15 19:00:00,43133.9,43238.9,43119.9,43168.9,0,3162
2025-01-15 18:00:00,43196.9,43240.9,43089.9,43134.9,0,3903
2025-01-15 17:00:00,43275.9,43316.9,43139.9,43192.9,0,4160
2025-01-15 16:00:00,43231.8,43290.9,43110.9,43270.9,0,4209
2025-01-15 15:00:00,42748.8,43241.8,42741.8,43231.8,0,3183
2025-01-15 14:00:00,42770.8,42793.8,42714.4,42747.8,0,1773
2025-01-15 13:00:00,42649.3,42791.8,42636.8,42779.3,0,1419
2025-01-15 12:00:00,42606.3,42648.8,42579.8,42647.8,0,1015
2025-01-15 11:00:00,42585.3,42627.8,42578.8,42605.8,0,1133
2025-01-15 10:00:00,42590.8,42598.3,42567.3,42585.3,0,1313
2025-01-15 09:00:00,42569.8,42590.8,42569.8,42589.8,0,497
2025-01-15 08:00:00,42559.8,42575.8,42555.8,42568.8,0,269
2025-01-15 07:00:00,42577.8,42578.8,42559.8,42559.8,0,344
2025-01-15 06:00:00,42581.8,42581.8,42568.8,42577.8,0,220
2025-01-15 05:00:00,42590.8,42590.8,42580.8,42580.8,0,246
2025-01-15 04:00:00,42610.8,42614.8,42587.8,42590.8,0,350
2025-01-15 03:00:00,42600.8,42616.8,42596.8,42611.8,0,409
2025-01-15 02:00:00,42601.8,42602.8,42584.8,42600.8,0,444
2025-01-15 01:00:00,42601.4,42610.8,42583.8,42601.8,0,503
2025-01-14 23:00:00,42544.8,42621.8,42542.8,42608.8,0,1327
2025-01-14 22:00:00,42395.9,42556.9,42309.9,42547.9,0,4243
2025-01-14 21:00:00,42550.9,42579.9,42383.3,42396.9,0,3376
2025-01-14 20:00:00,42315.9,42562.9,42308.9,42550.9,0,3099
2025-01-14 19:00:00,42180.9,42329.9,42169.9,42316.9,0,3591
2025-01-14 18:00:00,42465.9,42470.9,42184.9,42184.9,0,4253
2025-01-14 17:00:00,42391.9,42547.9,42387.9,42462.9,0,4525
2025-01-14 16:00:00,42441.8,42520.9,42363.9,42385.9,0,3884
2025-01-14 15:00:00,42413.8,42582.8,42327.8,42439.8,0,2994
2025-01-14 14:00:00,42430.8,42440.8,42369.8,42414.3,0,2094
2025-01-14 13:00:00,42472.8,42480.8,42427.8,42431.8,0,1332
2025-01-14 12:00:00,42465.8,42488.8,42448.3,42473.8,0,1220
2025-01-14 11:00:00,42469.8,42493.8,42449.8,42464.8,0,1929
2025-01-14 10:00:00,42410.8,42494.8,42399.8,42468.8,0,1840
2025-01-14 09:00:00,42391.8,42422.8,42359.8,42406.8,0,895
2025-01-14 08:00:00,42408.8,42423.8,42379.8,42390.8,0,567
2025-01-14 07:00:00,42387.8,42410.8,42382.8,42407.8,0,465
2025-01-14 06:00:00,42368.8,42390.8,42356.8,42387.8,0,400
2025-01-14 05:00:00,42378.8,42380.8,42361.8,42367.8,0,562
2025-01-14 04:00:00,42379.8,42384.8,42343.8,42378.8,0,670
2025-01-14 03:00:00,42387.8,42387.8,42361.8,42379.8,0,871
2025-01-14 02:00:00,42407.8,42412.8,42372.8,42387.8,0,927
2025-01-14 01:00:00,42394.8,42450.8,42377.8,42406.8,0,873
2025-01-13 23:00:00,42312.8,42356.8,42301.8,42353.8,0,1297
2025-01-13 22:00:00,42242.9,42345.9,42211.9,42318.9,0,3747
2025-01-13 21:00:00,42234.9,42288.9,42171.9,42250.9,0,3702
2025-01-13 20:00:00,42203.9,42273.9,42158.9,42235.9,0,3584
2025-01-13 19:00:00,41977.9,42207.9,41963.9,42204.9,0,3858
2025-01-13 18:00:00,42158.9,42165.9,41965.9,41976.9,0,4236
2025-01-13 17:00:00,42148.9,42203.9,42042.9,42153.9,0,4690
2025-01-13 16:00:00,41912.8,42155.9,41853.8,42153.9,0,4360
2025-01-13 15:00:00,41889.8,41947.3,41857.8,41912.8,0,2472
2025-01-13 14:00:00,41836.8,41918.3,41802.8,41891.8,0,2462
2025-01-13 13:00:00,41795.8,41844.8,41757.3,41831.8,0,1668
2025-01-13 12:00:00,41792.8,41830.8,41773.8,41795.8,0,1529
2025-01-13 11:00:00,41801.8,41849.8,41766.3,41794.8,0,2472
2025-01-13 10:00:00,41870.8,41910.8,41795.8,41801.8,0,2183
2025-01-13 09:00:00,41890.8,41902.8,41854.8,41877.8,0,1169
2025-01-13 08:00:00,41861.8,41915.8,41861.8,41890.8,0,645
2025-01-13 07:00:00,41874.8,41877.8,41841.8,41862.8,0,513
2025-01-13 06:00:00,41844.8,41875.8,41843.8,41874.8,0,568
2025-01-13 05:00:00,41871.8,41884.8,41805.8,41844.8,0,1042
2025-01-13 04:00:00,41877.8,41907.8,41859.8,41871.8,0,942
2025-01-13 03:00:00,41956.8,41962.8,41853.8,41877.8,0,1494
2025-01-13 02:00:00,41966.8,42010.8,41939.8,41955.8,0,1101
2025-01-13 01:00:00,41978.4,42036.8,41898.4,41966.8,0,1281
2025-01-10 23:00:00,41948.8,42047.8,41866.8,41993.8,0,1830
2025-01-10 22:00:00,42039.9,42067.9,41895.9,41942.9,0,3970
2025-01-10 21:00:00,42189.9,42191.9,42001.9,42040.9,0,3847
2025-01-10 20:00:00,42032.9,42192.9,41999.9,42188.9,0,3566
2025-01-10 19:00:00,41926.9,42051.9,41883.9,42036.9,0,3841
2025-01-10 18:00:00,42042.9,42056.9,41910.9,41923.9,0,4373
2025-01-10 17:00:00,42246.3,42246.3,42001.9,42043.9,0,5196
2025-01-10 16:00:00,42326.8,42450.8,42235.9,42259.9,0,4868
2025-01-10 15:00:00,42632.3,42638.4,42223.3,42330.8,0,3686
2025-01-10 14:00:00,42618.8,42634.8,42563.8,42632.8,0,1808
2025-01-10 13:00:00,42613.8,42679.3,42611.8,42617.8,0,1617
2025-01-10 12:00:00,42589.3,42631.8,42567.8,42612.8,0,1495
2025-01-10 11:00:00,42626.8,42634.8,42534.8,42589.3,0,1988
2025-01-10 10:00:00,42612.8,42668.3,42603.8,42627.3,0,1942
2025-01-10 09:00:00,42585.8,42638.8,42568.8,42619.8,0,1024
2025-01-10 08:00:00,42604.8,42608.8,42575.8,42585.8,0,742
2025-01-10 07:00:00,42584.8,42609.8,42578.8,42604.8,0,642
2025-01-10 06:00:00,42563.8,42586.8,42551.8,42583.8,0,592
2025-01-10 05:00:00,42546.8,42576.8,42545.8,42563.8,0,599
2025-01-10 04:00:00,42526.8,42553.8,42517.8,42546.8,0,708
2025-01-10 03:00:00,42470.8,42532.8,42468.8,42525.8,0,1088
2025-01-10 02:00:00,42512.8,42519.8,42458.8,42466.8,0,1235
2025-01-10 01:00:00,42578.8,42590.8,42479.8,42512.8,0,1297
2025-01-09 16:00:00,42606.8,42606.8,42540.8,42597.3,0,1080
2025-01-09 15:00:00,42639.8,42660.8,42596.8,42606.8,0,1486
2025-01-09 14:00:00,42617.3,42646.3,42583.8,42642.8,0,1516
2025-01-09 13:00:00,42648.8,42649.8,42592.8,42617.8,0,1546
2025-01-09 12:00:00,42647.8,42680.8,42641.8,42651.3,0,1062
2025-01-09 11:00:00,42635.8,42676.8,42624.3,42647.8,0,1477
2025-01-09 10:00:00,42529.8,42647.3,42499.8,42634.3,0,1934
2025-01-09 09:00:00,42604.8,42604.8,42518.8,42528.8,0,1002
2025-01-09 08:00:00,42606.8,42611.8,42593.8,42605.8,0,540
2025-01-09 07:00:00,42572.8,42608.8,42560.8,42608.8,0,483
2025-01-09 06:00:00,42580.8,42588.8,42553.8,42572.8,0,527
2025-01-09 05:00:00,42610.8,42618.8,42576.8,42580.8,0,501
2025-01-09 04:00:00,42568.8,42614.8,42566.8,42611.8,0,603
2025-01-09 03:00:00,42592.8,42599.8,42565.8,42568.8,0,828
2025-01-09 02:00:00,42615.8,42626.8,42562.8,42592.8,0,861
2025-01-09 01:00:00,42640.4,42657.8,42610.8,42614.8,0,497
2025-01-08 23:00:00,42644.8,42680.4,42618.8,42657.4,0,1460
2025-01-08 22:00:00,42574.9,42687.9,42547.9,42640.9,0,3311
2025-01-08 21:00:00,42489.4,42692.9,42457.9,42571.9,0,4064
2025-01-08 20:00:00,42456.9,42610.9,42439.9,42486.4,0,3481
2025-01-08 19:00:00,42591.9,42604.9,42383.9,42457.9,0,3557
2025-01-08 18:00:00,42547.9,42642.9,42497.9,42591.9,0,3522
2025-01-08 17:00:00,42367.9,42547.9,42361.9,42546.9,0,4617
2025-01-08 16:00:00,42601.8,42615.8,42367.9,42372.9,0,4107
2025-01-08 15:00:00,42468.8,42616.8,42468.8,42601.8,0,3100
2025-01-08 14:00:00,42582.3,42582.3,42440.8,42468.8,0,3302
2025-01-08 13:00:00,42697.8,42708.8,42471.8,42581.8,0,2864
2025-01-08 12:00:00,42677.8,42707.8,42675.3,42699.8,0,1168
2025-01-08 11:00:00,42645.8,42683.8,42636.8,42676.8,0,1615
2025-01-08 10:00:00,42628.8,42672.8,42625.8,42645.8,0,1629
2025-01-08 09:00:00,42623.8,42636.8,42602.8,42634.8,0,910
2025-01-08 08:00:00,42674.8,42675.8,42622.8,42624.8,0,551
2025-01-08 07:00:00,42638.8,42676.8,42638.8,42675.8,0,533
2025-01-08 06:00:00,42644.8,42662.8,42631.8,42638.8,0,519
2025-01-08 05:00:00,42643.8,42647.8,42621.8,42643.8,0,725
2025-01-08 04:00:00,42642.8,42662.8,42620.8,42643.8,0,590
2025-01-08 03:00:00,42606.8,42643.8,42600.8,42642.8,0,657
2025-01-08 02:00:00,42580.8,42616.8,42574.8,42606.8,0,750
2025-01-08 01:00:00,42553.4,42581.8,42523.8,42579.8,0,584
2025-01-07 23:00:00,42569.8,42578.8,42543.8,42544.8,0,1033
2025-01-07 22:00:00,42620.9,42626.9,42415.9,42566.9,0,3963
2025-01-07 21:00:00,42688.9,42731.9,42614.9,42621.9,0,3087
2025-01-07 20:00:00,42653.9,42746.9,42652.9,42688.9,0,3328
2025-01-07 19:00:00,42667.9,42753.9,42580.9,42651.9,0,4003
2025-01-07 18:00:00,42821.9,42856.9,42656.9,42666.9,0,4773
2025-01-07 17:00:00,42895.3,42911.9,42623.9,42818.9,0,5273
2025-01-07 16:00:00,42871.8,42972.9,42845.9,42936.9,0,3612
2025-01-07 15:00:00,42810.8,42875.3,42809.3,42873.8,0,1551
2025-01-07 14:00:00,42778.8,42849.3,42768.3,42811.8,0,1537
2025-01-07 13:00:00,42773.3,42811.3,42769.3,42779.8,0,1449
2025-01-07 12:00:00,42745.8,42789.3,42738.8,42772.8,0,1068
2025-01-07 11:00:00,42779.8,42781.8,42730.3,42746.8,0,1751
2025-01-07 10:00:00,42746.8,42797.3,42704.3,42779.8,0,2030
2025-01-07 09:00:00,42726.8,42738.8,42697.8,42738.8,0,1075
2025-01-07 08:00:00,42723.8,42732.8,42701.8,42726.8,0,693
2025-01-07 07:00:00,42722.8,42727.8,42687.8,42724.8,0,922
2025-01-07 06:00:00,42740.8,42742.8,42722.8,42723.8,0,542
2025-01-07 05:00:00,42714.8,42741.8,42699.8,42741.8,0,673
2025-01-07 04:00:00,42723.8,42751.8,42710.8,42714.8,0,705
2025-01-07 03:00:00,42748.8,42751.8,42709.8,42723.8,0,820
2025-01-07 02:00:00,42762.8,42774.8,42739.8,42748.8,0,791
2025-01-07 01:00:00,42793.4,42810.8,42760.8,42764.8,0,631
2025-01-06 23:00:00,42748.8,42787.8,42748.8,42780.8,0,1073
2025-01-06 22:00:00,42731.9,42757.9,42643.9,42749.9,0,3567
2025-01-06 21:00:00,42829.9,42854.9,42725.9,42734.9,0,3626
2025-01-06 20:00:00,42982.9,42986.9,42796.9,42822.9,0,3612
2025-01-06 19:00:00,43158.9,43158.9,42944.9,42979.9,0,3296
2025-01-06 18:00:00,43021.9,43165.9,42954.9,43160.9,0,3330
2025-01-06 17:00:00,43012.9,43102.9,42976.9,43020.9,0,4324
2025-01-06 16:00:00,43017.3,43027.3,42843.9,43013.4,0,4113
2025-01-06 15:00:00,42942.8,43026.8,42932.8,43016.8,0,1806
2025-01-06 14:00:00,42934.3,42970.8,42901.8,42941.8,0,2025
2025-01-06 13:00:00,42776.8,42934.8,42742.8,42934.8,0,2566
2025-01-06 12:00:00,42843.8,42846.8,42762.8,42776.8,0,1437
2025-01-06 11:00:00,42817.8,42854.3,42806.3,42844.3,0,1388
2025-01-06 10:00:00,42791.8,42825.8,42771.8,42816.8,0,1440
2025-01-06 09:00:00,42777.8,42805.8,42763.8,42791.8,0,624
2025-01-06 08:00:00,42758.8,42784.8,42753.8,42779.8,0,429
2025-01-06 07:00:00,42730.8,42770.8,42728.8,42758.8,0,406
2025-01-06 06:00:00,42720.8,42741.8,42717.8,42730.8,0,296
2025-01-06 05:00:00,42733.8,42735.8,42717.8,42720.8,0,337
2025-01-06 04:00:00,42728.8,42743.8,42708.8,42733.8,0,547
2025-01-06 03:00:00,42745.8,42754.8,42715.8,42728.8,0,557
2025-01-06 02:00:00,42775.8,42790.8,42725.8,42746.8,0,954
2025-01-06 01:00:00,42784.4,42789.8,42748.8,42773.8,0,897
2025-01-03 23:00:00,42756.8,42775.8,42737.8,42745.8,0,800
2025-01-03 22:00:00,42765.9,42787.9,42718.9,42762.9,0,2648
2025-01-03 21:00:00,42747.9,42827.9,42743.9,42769.9,0,2024
2025-01-03 20:00:00,42696.9,42783.9,42665.9,42752.9,0,2238
2025-01-03 19:00:00,42670.9,42734.9,42658.9,42697.9,0,2683
2025-01-03 18:00:00,42694.9,42721.9,42594.9,42670.9,0,3465
2025-01-03 17:00:00,42527.4,42701.9,42469.9,42689.9,0,4630
2025-01-03 16:00:00,42549.8,42743.9,42517.9,42526.4,0,3334
2025-01-03 15:00:00,42555.8,42592.8,42544.8,42546.8,0,1330
2025-01-03 14:00:00,42504.8,42561.3,42500.8,42555.3,0,1246
2025-01-03 13:00:00,42509.8,42518.3,42486.3,42506.8,0,1071
2025-01-03 12:00:00,42588.8,42588.8,42500.8,42506.3,0,1299
2025-01-03 11:00:00,42503.8,42604.8,42495.8,42587.8,0,1662
2025-01-03 10:00:00,42506.8,42548.8,42478.8,42503.8,0,2179
2025-01-03 09:00:00,42501.8,42530.8,42473.8,42504.8,0,1109
2025-01-03 08:00:00,42476.8,42517.8,42471.8,42501.8,0,570
2025-01-03 07:00:00,42482.8,42488.8,42467.8,42477.8,0,574
2025-01-03 06:00:00,42503.8,42511.8,42481.8,42481.8,0,398
2025-01-03 05:00:00,42500.8,42521.8,42499.8,42503.8,0,539
2025-01-03 04:00:00,42476.8,42528.8,42475.8,42500.8,0,791
2025-01-03 03:00:00,42504.8,42518.8,42462.8,42476.8,0,798
2025-01-03 02:00:00,42428.8,42506.8,42419.8,42502.8,0,885
2025-01-03 01:00:00,42455.4,42456.8,42404.8,42428.8,0,660
2025-01-02 23:00:00,42453.8,42492.8,42453.8,42465.9,0,1382
2025-01-02 22:00:00,42312.9,42528.9,42312.9,42448.9,0,4150
2025-01-02 21:00:00,42293.9,42424.9,42263.9,42310.9,0,3989
2025-01-02 20:00:00,42363.9,42377.9,42215.9,42293.9,0,4570
2025-01-02 19:00:00,42652.9,42719.9,42245.9,42363.9,0,4723
2025-01-02 18:00:00,42677.9,42719.9,42499.9,42655.9,0,4526
2025-01-02 17:00:00,42929.9,42945.9,42615.9,42675.9,0,5129
2025-01-02 16:00:00,42891.8,42967.9,42726.9,42932.9,0,4339
2025-01-02 15:00:00,42931.8,42960.8,42884.3,42891.8,0,1983
2025-01-02 14:00:00,42953.8,42998.8,42883.8,42931.8,0,1711
2025-01-02 13:00:00,42829.8,42954.8,42799.8,42953.8,0,1311
2025-01-02 12:00:00,42824.8,42835.8,42784.8,42829.8,0,1338
2025-01-02 11:00:00,42779.8,42826.8,42758.8,42824.8,0,2074
2025-01-02 10:00:00,42771.8,42872.8,42715.8,42778.8,0,2723
2025-01-02 09:00:00,42785.8,42824.8,42768.8,42768.8,0,999
2025-01-02 08:00:00,42780.8,42803.8,42774.8,42786.8,0,594
2025-01-02 07:00:00,42734.8,42791.8,42727.8,42780.8,0,735
2025-01-02 06:00:00,42718.8,42742.8,42694.8,42733.8,0,725
2025-01-02 05:00:00,42738.8,42755.8,42708.8,42718.8,0,722
2025-01-02 04:00:00,42669.8,42748.8,42663.8,42739.8,0,1086
2025-01-02 03:00:00,42605.8,42694.8,42605.8,42669.8,0,1648
2025-01-02 02:00:00,42618.8,42623.8,42462.8,42605.8,0,1970
2025-01-02 01:00:00,42674.8,42736.8,42578.8,42617.8,0,1129
