DateTime,Open,High,Low,Close,Volume,TickVolume
2025-10-01 07:00:00,24579.7,24589.7,24579.0,24585.5,0,911
2025-10-01 06:00:00,24595.3,24596.1,24571.5,24579.5,0,4135
2025-10-01 05:00:00,24611.9,24613.2,24591.4,24594.7,0,4565
2025-10-01 04:00:00,24602.2,24618.6,24591.9,24612.0,0,5607
2025-10-01 03:00:00,24639.1,24644.7,24594.8,24602.0,0,7434
2025-10-01 02:00:00,24642.8,24656.0,24628.6,24638.1,0,3866
2025-10-01 01:00:00,24650.1,24684.3,24631.5,24643.3,0,4171
2025-09-30 23:00:00,24704.0,24706.7,24641.0,24644.2,0,5735
2025-09-30 22:00:00,24642.6,24719.5,24627.5,24703.4,0,18919
2025-09-30 21:00:00,24573.7,24657.2,24568.0,24643.4,0,17372
2025-09-30 20:00:00,24589.6,24603.1,24537.9,24574.5,0,20663
2025-09-30 19:00:00,24617.6,24649.9,24578.3,24590.3,0,19382
2025-09-30 18:00:00,24648.1,24667.6,24562.4,24617.4,0,23195
2025-09-30 17:00:00,24593.5,24660.7,24552.9,24649.2,0,26588
2025-09-30 16:00:00,24639.8,24643.2,24529.3,24592.7,0,18714
2025-09-30 15:00:00,24610.2,24651.3,24595.4,24639.8,0,7212
2025-09-30 14:00:00,24616.2,24623.8,24596.5,24610.1,0,5556
2025-09-30 13:00:00,24601.0,24620.7,24581.1,24614.7,0,5277
2025-09-30 12:00:00,24606.7,24626.9,24593.5,24601.5,0,6180
2025-09-30 11:00:00,24592.0,24618.5,24569.7,24607.7,0,8833
2025-09-30 10:00:00,24618.9,24624.5,24561.7,24597.2,0,9883
2025-09-30 09:00:00,24643.0,24662.4,24616.7,24618.7,0,4742
2025-09-30 08:00:00,24630.0,24647.0,24623.2,24643.0,0,3670
2025-09-30 07:00:00,24649.4,24651.5,24629.7,24629.9,0,2622
2025-09-30 06:00:00,24655.6,24663.2,24646.0,24649.2,0,2836
2025-09-30 05:00:00,24626.4,24659.5,24624.5,24655.7,0,3412
2025-09-30 04:00:00,24643.0,24644.2,24617.2,24626.6,0,5640
2025-09-30 03:00:00,24630.5,24647.2,24613.0,24643.7,0,5280
2025-09-30 02:00:00,24640.7,24648.5,24629.0,24630.7,0,1976
2025-09-30 01:00:00,24620.2,24644.0,24614.9,24641.0,0,2249
2025-09-29 23:00:00,24643.3,24650.2,24610.2,24615.2,0,4312
2025-09-29 22:00:00,24647.2,24652.6,24585.9,24641.8,0,18172
2025-09-29 21:00:00,24649.5,24673.7,24639.3,24647.3,0,13914
2025-09-29 20:00:00,24639.3,24653.7,24605.2,24649.3,0,17836
2025-09-29 19:00:00,24653.4,24671.4,24628.2,24639.5,0,18702
2025-09-29 18:00:00,24733.8,24747.3,24635.7,24653.7,0,22242
2025-09-29 17:00:00,24747.1,24775.5,24722.9,24733.9,0,22233
2025-09-29 16:00:00,24704.3,24759.2,24651.7,24745.9,0,18622
2025-09-29 15:00:00,24681.7,24713.9,24669.2,24704.4,0,6623
2025-09-29 14:00:00,24694.5,24698.2,24659.2,24681.5,0,6721
2025-09-29 13:00:00,24677.2,24706.2,24670.4,24693.9,0,4409
2025-09-29 12:00:00,24699.2,24701.4,24676.4,24676.4,0,4526
2025-09-29 11:00:00,24656.8,24699.3,24656.8,24698.7,0,6196
2025-09-29 10:00:00,24649.5,24668.7,24628.2,24657.8,0,7164
2025-09-29 09:00:00,24630.8,24659.6,24618.3,24649.1,0,5167
2025-09-29 08:00:00,24632.9,24642.1,24626.2,24630.9,0,3325
2025-09-29 07:00:00,24619.3,24638.9,24617.8,24632.9,0,2250
2025-09-29 06:00:00,24617.4,24622.2,24609.6,24619.4,0,2519
2025-09-29 05:00:00,24597.5,24618.4,24590.9,24617.6,0,3419
2025-09-29 04:00:00,24597.8,24609.5,24579.9,24598.0,0,5021
2025-09-29 03:00:00,24576.9,24611.4,24569.4,24597.6,0,5400
2025-09-29 02:00:00,24560.2,24582.2,24559.8,24576.6,0,3366
2025-09-29 01:00:00,24531.4,24574.3,24528.6,24560.9,0,4348
2025-09-26 23:00:00,24521.7,24541.0,24517.2,24522.5,0,4042
2025-09-26 22:00:00,24521.8,24531.2,24496.3,24521.3,0,15097
2025-09-26 21:00:00,24487.8,24532.6,24467.5,24521.5,0,15771
2025-09-26 20:00:00,24485.5,24511.4,24461.0,24487.7,0,16390
2025-09-26 19:00:00,24375.9,24495.2,24364.3,24486.7,0,20457
2025-09-26 18:00:00,24361.5,24432.0,24341.9,24376.6,0,22653
2025-09-26 17:00:00,24496.9,24528.9,24316.5,24361.0,0,24987
2025-09-26 16:00:00,24491.1,24510.4,24392.5,24501.6,0,19691
2025-09-26 15:00:00,24434.0,24542.6,24424.0,24490.2,0,12492
2025-09-26 14:00:00,24394.6,24449.6,24386.2,24435.0,0,7383
2025-09-26 13:00:00,24412.7,24423.3,24379.8,24394.7,0,5797
2025-09-26 12:00:00,24381.7,24415.3,24365.9,24412.2,0,7651
2025-09-26 11:00:00,24441.7,24455.2,24380.7,24381.0,0,7660
2025-09-26 10:00:00,24446.0,24467.0,24425.2,24442.2,0,8447
2025-09-26 09:00:00,24411.9,24467.1,24406.9,24445.0,0,6975
2025-09-26 08:00:00,24377.0,24413.5,24373.7,24411.5,0,4767
2025-09-26 07:00:00,24389.9,24410.0,24370.2,24376.5,0,4818
2025-09-26 06:00:00,24400.2,24402.0,24375.4,24390.0,0,4041
2025-09-26 05:00:00,24393.1,24418.5,24390.7,24400.5,0,4624
2025-09-26 04:00:00,24421.1,24421.2,24389.2,24393.5,0,6378
2025-09-26 03:00:00,24411.7,24428.5,24402.0,24422.0,0,5501
2025-09-26 02:00:00,24432.4,24437.3,24412.0,24412.2,0,3328
2025-09-26 01:00:00,24426.3,24461.2,24421.7,24432.7,0,3204
2025-09-25 23:00:00,24427.1,24441.2,24412.9,24428.5,0,4560
2025-09-25 22:00:00,24420.2,24439.2,24386.0,24424.6,0,18999
2025-09-25 21:00:00,24311.5,24433.5,24246.9,24420.7,0,21595
2025-09-25 20:00:00,24417.9,24437.1,24305.2,24310.5,0,21007
2025-09-25 19:00:00,24470.7,24484.7,24406.7,24417.9,0,20540
2025-09-25 18:00:00,24428.1,24489.7,24377.2,24470.7,0,22352
2025-09-25 17:00:00,24243.4,24449.5,24238.8,24428.0,0,23781
2025-09-25 16:00:00,24360.5,24379.7,24215.8,24245.6,0,20533
2025-09-25 15:00:00,24386.3,24423.3,24338.7,24361.6,0,13870
2025-09-25 14:00:00,24481.6,24483.7,24380.2,24387.4,0,11253
2025-09-25 13:00:00,24499.5,24506.2,24463.5,24481.8,0,6846
2025-09-25 12:00:00,24522.0,24530.2,24482.3,24499.2,0,6285
2025-09-25 11:00:00,24530.3,24554.7,24511.2,24521.8,0,5879
2025-09-25 10:00:00,24520.8,24540.2,24487.9,24530.0,0,7413
2025-09-25 09:00:00,24545.7,24551.4,24512.1,24520.7,0,4094
2025-09-25 08:00:00,24552.9,24555.5,24530.6,24545.4,0,3191
2025-09-25 07:00:00,24578.5,24580.0,24547.4,24553.0,0,2181
2025-09-25 06:00:00,24582.1,24582.2,24573.7,24578.3,0,1876
2025-09-25 05:00:00,24576.7,24583.7,24569.7,24582.2,0,2049
2025-09-25 04:00:00,24567.9,24585.0,24565.2,24577.0,0,2796
2025-09-25 03:00:00,24548.6,24571.2,24545.2,24568.2,0,4190
2025-09-25 02:00:00,24541.7,24549.8,24533.4,24548.7,0,1532
2025-09-25 01:00:00,24542.5,24545.5,24532.9,24542.7,0,1908
2025-09-24 23:00:00,24530.7,24544.3,24529.9,24537.5,0,3596
2025-09-24 22:00:00,24529.5,24539.0,24490.7,24529.2,0,15779
2025-09-24 21:00:00,24499.4,24530.9,24472.9,24529.3,0,15532
2025-09-24 20:00:00,24476.2,24542.6,24472.8,24499.8,0,17573
2025-09-24 19:00:00,24470.5,24495.4,24418.2,24474.8,0,19926
2025-09-24 18:00:00,24584.0,24599.5,24468.3,24469.3,0,19420
2025-09-24 17:00:00,24609.8,24630.5,24580.3,24583.8,0,21019
2025-09-24 16:00:00,24671.1,24688.5,24575.2,24610.9,0,15821
2025-09-24 15:00:00,24677.2,24686.2,24659.5,24671.7,0,5988
2025-09-24 14:00:00,24693.7,24702.3,24666.2,24679.3,0,4767
2025-09-24 13:00:00,24695.8,24701.7,24674.6,24694.2,0,3538
2025-09-24 12:00:00,24686.3,24700.2,24684.5,24695.4,0,3720
2025-09-24 11:00:00,24685.8,24696.2,24674.0,24686.0,0,5387
2025-09-24 10:00:00,24671.0,24688.3,24636.3,24688.3,0,6516
2025-09-24 09:00:00,24650.0,24682.7,24649.3,24671.6,0,3762
2025-09-24 08:00:00,24641.1,24650.6,24636.0,24650.6,0,2534
2025-09-24 07:00:00,24627.3,24642.0,24625.8,24641.3,0,1850
2025-09-24 06:00:00,24625.0,24631.6,24623.1,24627.1,0,1843
2025-09-24 05:00:00,24613.1,24627.2,24607.3,24625.1,0,3074
2025-09-24 04:00:00,24627.6,24629.1,24607.6,24613.1,0,4434
2025-09-24 03:00:00,24631.6,24636.6,24601.3,24627.6,0,4621
2025-09-24 02:00:00,24642.8,24644.9,24630.0,24631.3,0,1770
2025-09-24 01:00:00,24633.7,24652.2,24631.0,24643.1,0,2110
2025-09-23 23:00:00,24618.8,24643.0,24611.3,24621.7,0,4403
2025-09-23 22:00:00,24577.9,24628.8,24576.9,24617.7,0,17742
2025-09-23 21:00:00,24624.7,24632.9,24571.7,24577.7,0,18899
2025-09-23 20:00:00,24715.9,24717.5,24569.0,24622.4,0,20358
2025-09-23 19:00:00,24732.9,24741.3,24695.7,24715.7,0,16399
2025-09-23 18:00:00,24731.7,24756.9,24717.1,24733.2,0,17067
2025-09-23 17:00:00,24727.7,24762.0,24716.9,24731.3,0,20905
2025-09-23 16:00:00,24796.2,24797.7,24720.2,24727.3,0,14876
2025-09-23 15:00:00,24787.3,24797.7,24771.4,24796.7,0,5167
2025-09-23 14:00:00,24788.2,24791.0,24760.4,24787.5,0,4320
2025-09-23 13:00:00,24801.2,24803.4,24774.8,24787.4,0,3486
2025-09-23 12:00:00,24790.2,24800.9,24783.4,24800.9,0,3260
2025-09-23 11:00:00,24785.8,24813.3,24785.4,24789.9,0,4949
2025-09-23 10:00:00,24798.8,24798.8,24767.3,24787.2,0,5620
2025-09-23 09:00:00,24784.4,24801.6,24780.8,24799.6,0,3212
2025-09-23 08:00:00,24774.1,24802.1,24771.1,24783.9,0,2662
2025-09-23 07:00:00,24789.9,24790.0,24764.9,24774.4,0,1834
2025-09-23 06:00:00,24786.1,24793.1,24784.1,24789.8,0,1627
2025-09-23 05:00:00,24781.9,24791.8,24781.3,24785.8,0,2410
2025-09-23 04:00:00,24776.9,24794.6,24772.6,24782.1,0,3093
2025-09-23 03:00:00,24785.0,24789.8,24773.6,24776.6,0,2398
2025-09-23 02:00:00,24775.0,24790.1,24771.9,24784.6,0,1728
2025-09-23 01:00:00,24782.6,24788.9,24761.7,24774.4,0,2733
2025-09-22 23:00:00,24781.1,24785.8,24765.0,24780.3,0,4344
2025-09-22 22:00:00,24797.3,24811.3,24774.2,24783.1,0,13631
2025-09-22 21:00:00,24772.7,24802.7,24770.8,24796.8,0,12352
2025-09-22 20:00:00,24770.8,24784.8,24757.7,24773.0,0,14710
2025-09-22 19:00:00,24695.7,24778.0,24694.5,24770.8,0,19621
2025-09-22 18:00:00,24709.5,24721.9,24682.1,24695.6,0,17059
2025-09-22 17:00:00,24657.8,24715.4,24640.6,24711.0,0,18147
2025-09-22 16:00:00,24583.8,24665.7,24570.6,24657.9,0,15867
2025-09-22 15:00:00,24574.7,24591.4,24551.7,24584.2,0,6896
2025-09-22 14:00:00,24560.6,24574.9,24553.7,24574.6,0,5827
2025-09-22 13:00:00,24569.9,24592.9,24557.8,24560.9,0,5077
2025-09-22 12:00:00,24567.4,24577.4,24546.3,24570.2,0,6287
2025-09-22 11:00:00,24572.2,24609.8,24564.2,24566.9,0,7458
2025-09-22 10:00:00,24603.9,24616.2,24534.2,24570.7,0,9679
2025-09-22 09:00:00,24626.9,24632.6,24601.5,24603.6,0,5455
2025-09-22 08:00:00,24637.6,24646.9,24625.8,24626.4,0,3107
2025-09-22 07:00:00,24644.2,24644.7,24633.9,24637.4,0,2039
2025-09-22 06:00:00,24637.8,24649.9,24626.7,24644.1,0,2854
2025-09-22 05:00:00,24629.7,24639.9,24627.3,24637.7,0,3536
2025-09-22 04:00:00,24617.7,24637.5,24614.4,24629.9,0,5429
2025-09-22 03:00:00,24636.7,24660.9,24613.5,24617.2,0,6211
2025-09-22 02:00:00,24635.1,24639.4,24629.1,24636.6,0,2208
2025-09-22 01:00:00,24637.4,24652.2,24612.4,24634.9,0,4668
2025-09-19 23:00:00,24641.1,24660.8,24634.2,24642.1,0,5521
2025-09-19 22:00:00,24606.5,24668.9,24603.1,24641.5,0,16034
2025-09-19 21:00:00,24597.8,24611.3,24586.1,24606.7,0,12291
2025-09-19 20:00:00,24603.2,24610.2,24577.6,24597.4,0,13130
2025-09-19 19:00:00,24552.3,24615.9,24551.8,24602.8,0,17573
2025-09-19 18:00:00,24545.2,24559.9,24494.1,24553.1,0,23614
2025-09-19 17:00:00,24573.4,24588.0,24516.8,24545.2,0,26952
2025-09-19 16:00:00,24520.7,24596.7,24517.3,24572.2,0,21313
2025-09-19 15:00:00,24518.2,24538.0,24514.8,24520.3,0,7300
2025-09-19 14:00:00,24506.3,24519.4,24495.3,24519.4,0,5181
2025-09-19 13:00:00,24489.9,24513.3,24482.8,24506.8,0,4754
2025-09-19 12:00:00,24488.2,24512.0,24485.3,24489.3,0,5360
2025-09-19 11:00:00,24466.2,24496.9,24462.8,24487.8,0,6023
2025-09-19 10:00:00,24454.3,24474.0,24437.3,24468.2,0,8746
2025-09-19 09:00:00,24488.3,24498.7,24454.8,24454.8,0,6966
2025-09-19 08:00:00,24504.6,24505.7,24479.3,24488.1,0,4962
2025-09-19 07:00:00,24495.2,24505.1,24464.4,24502.6,0,7709
2025-09-19 06:00:00,24494.8,24519.1,24486.4,24495.1,0,5761
2025-09-19 05:00:00,24498.8,24504.9,24482.9,24494.7,0,3956
2025-09-19 04:00:00,24492.1,24503.2,24484.1,24498.9,0,6380
2025-09-19 03:00:00,24522.1,24531.4,24477.2,24492.7,0,7225
2025-09-19 02:00:00,24519.8,24530.6,24514.2,24522.3,0,2950
2025-09-19 01:00:00,24498.6,24525.0,24494.3,24519.9,0,2961
2025-09-18 23:00:00,24477.9,24501.2,24467.7,24493.5,0,4617
2025-09-18 22:00:00,24535.9,24538.7,24476.7,24477.7,0,18001
2025-09-18 21:00:00,24512.8,24545.1,24507.7,24535.7,0,16544
2025-09-18 20:00:00,24567.4,24576.2,24503.4,24514.2,0,17228
2025-09-18 19:00:00,24515.1,24572.9,24500.7,24567.5,0,17561
2025-09-18 18:00:00,24515.4,24595.4,24505.2,24516.3,0,22659
2025-09-18 17:00:00,24475.7,24588.6,24474.4,24514.2,0,25525
2025-09-18 16:00:00,24469.5,24492.5,24378.8,24476.8,0,24233
2025-09-18 15:00:00,24522.4,24542.3,24469.2,24469.7,0,11227
2025-09-18 14:00:00,24483.7,24535.5,24480.2,24522.5,0,11166
2025-09-18 13:00:00,24497.0,24509.3,24473.0,24486.0,0,5514
2025-09-18 12:00:00,24508.2,24512.3,24488.3,24497.2,0,7186
2025-09-18 11:00:00,24443.4,24511.8,24436.2,24507.7,0,9269
2025-09-18 10:00:00,24403.5,24450.3,24399.2,24443.6,0,8958
2025-09-18 09:00:00,24394.1,24405.3,24366.4,24404.1,0,6909
2025-09-18 08:00:00,24425.3,24430.7,24390.7,24394.3,0,4791
2025-09-18 07:00:00,24415.4,24433.2,24409.9,24425.5,0,3269
2025-09-18 06:00:00,24400.2,24423.8,24399.9,24415.3,0,4294
2025-09-18 05:00:00,24371.7,24402.5,24366.8,24400.8,0,3586
2025-09-18 04:00:00,24344.3,24376.8,24340.6,24372.8,0,5127
2025-09-18 03:00:00,24363.9,24364.2,24339.8,24344.0,0,5256
2025-09-18 02:00:00,24347.0,24376.2,24347.0,24363.8,0,2965
2025-09-18 01:00:00,24277.5,24352.3,24275.4,24347.3,0,3603
2025-09-17 23:00:00,24254.4,24300.3,24249.4,24278.6,0,5668
2025-09-17 22:00:00,24169.2,24327.5,24160.1,24252.3,0,27618
2025-09-17 21:00:00,24224.0,24290.5,24020.5,24169.7,0,28911
2025-09-17 20:00:00,24165.2,24224.8,24163.6,24224.8,0,12645
2025-09-17 19:00:00,24186.5,24196.9,24150.3,24165.2,0,13898
2025-09-17 18:00:00,24196.8,24218.1,24176.8,24186.3,0,15809
2025-09-17 17:00:00,24254.2,24256.1,24185.5,24195.8,0,20916
2025-09-17 16:00:00,24300.0,24315.9,24237.3,24252.7,0,15826
2025-09-17 15:00:00,24278.4,24301.0,24273.7,24299.8,0,5653
2025-09-17 14:00:00,24276.3,24291.9,24262.5,24277.7,0,5337
2025-09-17 13:00:00,24287.1,24295.6,24265.3,24275.7,0,5161
2025-09-17 12:00:00,24288.8,24303.8,24282.2,24287.7,0,4865
2025-09-17 11:00:00,24322.4,24325.3,24231.6,24288.7,0,8685
2025-09-17 10:00:00,24307.3,24328.2,24300.5,24325.3,0,4873
2025-09-17 09:00:00,24294.0,24309.4,24284.8,24307.6,0,2901
2025-09-17 08:00:00,24294.5,24302.1,24278.4,24293.3,0,2589
2025-09-17 07:00:00,24294.1,24297.8,24283.3,24294.3,0,1537
2025-09-17 06:00:00,24299.6,24301.3,24292.5,24293.8,0,1415
2025-09-17 05:00:00,24306.2,24308.5,24288.5,24299.3,0,2404
2025-09-17 04:00:00,24315.5,24322.1,24304.0,24306.3,0,2869
2025-09-17 03:00:00,24318.0,24325.0,24306.3,24315.8,0,3067
2025-09-17 02:00:00,24321.0,24325.0,24312.1,24318.3,0,1218
2025-09-17 01:00:00,24306.0,24326.8,24300.8,24320.9,0,1806
2025-09-16 23:00:00,24296.9,24315.8,24294.4,24303.6,0,3277
2025-09-16 22:00:00,24320.0,24331.8,24290.2,24297.7,0,13241
2025-09-16 21:00:00,24306.8,24321.4,24296.3,24319.7,0,10283
2025-09-16 20:00:00,24296.7,24318.6,24295.0,24307.2,0,11572
2025-09-16 19:00:00,24281.7,24305.5,24272.3,24296.8,0,13547
2025-09-16 18:00:00,24311.1,24314.6,24275.3,24281.8,0,17153
2025-09-16 17:00:00,24311.1,24332.8,24295.2,24310.6,0,21819
2025-09-16 16:00:00,24369.5,24382.4,24297.2,24311.2,0,18271
2025-09-16 15:00:00,24378.4,24380.8,24349.5,24369.8,0,7692
2025-09-16 14:00:00,24398.3,24399.8,24371.0,24377.8,0,5621
2025-09-16 13:00:00,24398.8,24405.1,24390.8,24399.3,0,3739
2025-09-16 12:00:00,24411.9,24418.1,24389.5,24399.1,0,4271
2025-09-16 11:00:00,24374.7,24419.3,24374.3,24412.1,0,6583
2025-09-16 10:00:00,24361.4,24390.0,24355.2,24375.3,0,7082
2025-09-16 09:00:00,24367.4,24376.1,24358.0,24361.0,0,2251
2025-09-16 08:00:00,24353.0,24374.8,24350.0,24367.5,0,1944
2025-09-16 07:00:00,24358.1,24359.1,24349.5,24353.3,0,1497
2025-09-16 06:00:00,24344.6,24359.8,24342.8,24358.0,0,2202
2025-09-16 05:00:00,24329.1,24356.3,24326.8,24344.1,0,2614
2025-09-16 04:00:00,24317.5,24335.3,24314.5,24329.4,0,3211
2025-09-16 03:00:00,24319.8,24319.8,24299.7,24317.6,0,3604
2025-09-16 02:00:00,24303.1,24321.8,24300.8,24319.3,0,1965
2025-09-16 01:00:00,24303.2,24310.6,24298.5,24303.0,0,2626
2025-09-15 23:00:00,24323.2,24323.3,24297.1,24308.0,0,4647
2025-09-15 22:00:00,24283.8,24325.8,24273.5,24322.5,0,15962
2025-09-15 21:00:00,24298.5,24302.4,24258.7,24283.7,0,15171
2025-09-15 20:00:00,24277.4,24300.1,24260.6,24298.8,0,14928
2025-09-15 19:00:00,24292.4,24302.6,24272.7,24277.3,0,15934
2025-09-15 18:00:00,24273.8,24300.7,24252.7,24292.0,0,17417
2025-09-15 17:00:00,24272.8,24277.2,24242.7,24274.2,0,20838
2025-09-15 16:00:00,24182.7,24273.7,24172.4,24272.8,0,17045
2025-09-15 15:00:00,24154.2,24182.9,24150.1,24182.4,0,8528
2025-09-15 14:00:00,24140.3,24158.3,24137.8,24154.8,0,5799
2025-09-15 13:00:00,24107.2,24143.7,24103.4,24138.9,0,6301
2025-09-15 12:00:00,24104.6,24110.7,24090.0,24106.7,0,5638
2025-09-15 11:00:00,24150.4,24152.9,24087.3,24105.3,0,9815
2025-09-15 10:00:00,24156.3,24169.9,24148.8,24150.0,0,5304
2025-09-15 09:00:00,24148.6,24160.3,24140.8,24157.6,0,3319
2025-09-15 08:00:00,24139.5,24152.6,24131.0,24148.3,0,2042
2025-09-15 07:00:00,24129.5,24140.8,24128.5,24139.3,0,1160
2025-09-15 06:00:00,24126.3,24139.1,24124.6,24129.8,0,1889
2025-09-15 05:00:00,24121.3,24130.8,24115.1,24126.0,0,2622
2025-09-15 04:00:00,24116.0,24124.6,24111.8,24121.1,0,3386
2025-09-15 03:00:00,24117.6,24122.0,24098.9,24116.1,0,3736
2025-09-15 02:00:00,24131.6,24135.1,24106.4,24117.8,0,2523
2025-09-15 01:00:00,24124.5,24136.9,24106.1,24131.8,0,2872
2025-09-12 23:00:00,24110.7,24116.5,24098.0,24114.6,0,3735
2025-09-12 22:00:00,24153.8,24157.3,24087.0,24110.6,0,16295
2025-09-12 21:00:00,24121.3,24158.9,24111.0,24154.1,0,13189
2025-09-12 20:00:00,24108.0,24125.6,24088.3,24121.5,0,13320
2025-09-12 19:00:00,24087.6,24119.3,24068.8,24107.2,0,14473
2025-09-12 18:00:00,24094.3,24099.5,24066.3,24087.8,0,16537
2025-09-12 17:00:00,24019.6,24103.7,24009.6,24094.2,0,19330
2025-09-12 16:00:00,24029.5,24051.0,23990.8,24024.0,0,15986
2025-09-12 15:00:00,24031.6,24033.9,24002.8,24030.3,0,7015
2025-09-12 14:00:00,24009.3,24034.7,23996.6,24032.0,0,4305
2025-09-12 13:00:00,23998.0,24011.0,23992.7,24010.1,0,3628
2025-09-12 12:00:00,23987.0,24006.1,23982.8,23998.3,0,4212
2025-09-12 11:00:00,23994.5,24003.1,23952.7,23987.0,0,6740
2025-09-12 10:00:00,24004.2,24013.0,23991.1,23994.8,0,6537
2025-09-12 09:00:00,24016.8,24017.3,23987.9,24005.3,0,4798
2025-09-12 08:00:00,24001.6,24021.3,23999.7,24016.6,0,2903
2025-09-12 07:00:00,23989.7,24006.3,23988.9,24001.3,0,2275
2025-09-12 06:00:00,23985.2,23990.8,23981.5,23990.0,0,1561
2025-09-12 05:00:00,23986.5,23988.2,23973.7,23984.7,0,2551
2025-09-12 04:00:00,23991.4,23998.2,23982.7,23986.0,0,3231
2025-09-12 03:00:00,24000.7,24004.2,23987.6,23991.0,0,3772
2025-09-12 02:00:00,23994.2,24006.5,23986.5,24001.2,0,2126
2025-09-12 01:00:00,24003.1,24005.5,23982.7,23994.5,0,3391
2025-09-11 23:00:00,23990.9,24002.4,23982.7,23985.9,0,4293
2025-09-11 22:00:00,24012.3,24022.8,23987.8,23990.9,0,13162
2025-09-11 21:00:00,24011.7,24021.2,23993.7,24012.7,0,12698
2025-09-11 20:00:00,23987.7,24012.8,23976.5,24011.4,0,14333
2025-09-11 19:00:00,24003.6,24021.8,23974.3,23988.2,0,14006
2025-09-11 18:00:00,23982.4,24024.7,23980.3,24003.4,0,17525
2025-09-11 17:00:00,23958.2,23998.4,23926.4,23982.9,0,21999
2025-09-11 16:00:00,23938.8,23975.7,23890.4,23958.7,0,19668
2025-09-11 15:00:00,23924.1,23944.3,23853.8,23938.4,0,13207
2025-09-11 14:00:00,23925.1,23933.8,23917.6,23924.9,0,3752
2025-09-11 13:00:00,23898.4,23928.7,23896.6,23924.7,0,3437
2025-09-11 12:00:00,23901.4,23908.3,23886.9,23898.8,0,3215
2025-09-11 11:00:00,23908.6,23920.4,23895.9,23901.2,0,4202
2025-09-11 10:00:00,23897.5,23913.6,23885.0,23909.6,0,5761
2025-09-11 09:00:00,23863.7,23901.1,23856.9,23896.5,0,3898
2025-09-11 08:00:00,23858.7,23874.5,23849.8,23863.6,0,3839
2025-09-11 07:00:00,23891.8,23893.8,23856.7,23858.3,0,3045
2025-09-11 06:00:00,23886.2,23897.4,23883.7,23892.0,0,1854
2025-09-11 05:00:00,23885.7,23894.5,23878.7,23886.3,0,2578
2025-09-11 04:00:00,23882.8,23895.0,23877.7,23885.9,0,3805
2025-09-11 03:00:00,23877.4,23890.7,23850.1,23883.0,0,4502
2025-09-11 02:00:00,23875.7,23891.9,23870.9,23879.5,0,2434
2025-09-11 01:00:00,23834.7,23886.9,23834.7,23875.8,0,2852
2025-09-10 23:00:00,23849.8,23860.3,23833.3,23834.1,0,3672
2025-09-10 22:00:00,23838.2,23868.1,23761.4,23850.9,0,18775
2025-09-10 21:00:00,23872.2,23875.3,23811.8,23838.2,0,16296
2025-09-10 20:00:00,23900.0,23915.6,23852.1,23873.3,0,15363
2025-09-10 19:00:00,23926.1,23926.4,23873.1,23899.9,0,16271
2025-09-10 18:00:00,23942.3,23954.7,23898.8,23925.9,0,18443
2025-09-10 17:00:00,23905.8,23964.7,23900.5,23942.5,0,22188
2025-09-10 16:00:00,23979.5,23990.2,23876.7,23906.4,0,18624
2025-09-10 15:00:00,23923.3,24002.4,23903.6,23979.2,0,10891
2025-09-10 14:00:00,23900.1,23932.2,23897.2,23923.8,0,4073
2025-09-10 13:00:00,23883.8,23901.5,23879.0,23899.3,0,3051
2025-09-10 12:00:00,23870.5,23885.2,23857.0,23884.3,0,4016
2025-09-10 11:00:00,23912.5,23915.3,23861.9,23870.7,0,5772
2025-09-10 10:00:00,23919.2,23929.3,23910.0,23912.7,0,5576
2025-09-10 09:00:00,23894.5,23923.7,23888.4,23919.2,0,3524
2025-09-10 08:00:00,23897.5,23903.6,23887.7,23894.4,0,2565
2025-09-10 07:00:00,23892.9,23900.0,23892.7,23897.7,0,1294
2025-09-10 06:00:00,23886.9,23894.2,23886.4,23892.9,0,1525
2025-09-10 05:00:00,23879.7,23892.4,23873.1,23887.0,0,2412
2025-09-10 04:00:00,23861.7,23881.5,23853.5,23878.7,0,3557
2025-09-10 03:00:00,23860.3,23874.5,23856.8,23861.4,0,3187
2025-09-10 02:00:00,23872.4,23873.7,23850.2,23861.3,0,2593
2025-09-10 01:00:00,23877.7,23886.4,23866.8,23871.7,0,2703
2025-09-09 23:00:00,23841.4,23888.5,23821.4,23863.2,0,6257
2025-09-09 22:00:00,23817.6,23860.3,23808.8,23840.8,0,13218
2025-09-09 21:00:00,23812.9,23822.2,23797.2,23817.2,0,13052
2025-09-09 20:00:00,23795.7,23829.6,23795.7,23812.7,0,14081
2025-09-09 19:00:00,23759.0,23807.9,23756.4,23795.5,0,14634
2025-09-09 18:00:00,23760.2,23786.8,23726.7,23759.0,0,18671
2025-09-09 17:00:00,23782.6,23825.0,23701.2,23760.4,0,23290
2025-09-09 16:00:00,23813.5,23831.6,23769.9,23779.8,0,18070
2025-09-09 15:00:00,23823.6,23830.8,23808.3,23813.6,0,5456
2025-09-09 14:00:00,23819.4,23827.3,23786.1,23823.8,0,4468
2025-09-09 13:00:00,23818.3,23831.4,23812.3,23820.0,0,2893
2025-09-09 12:00:00,23816.6,23830.5,23810.2,23818.6,0,3618
2025-09-09 11:00:00,23829.6,23831.3,23808.1,23817.6,0,5209
2025-09-09 10:00:00,23824.5,23859.2,23820.7,23829.7,0,4957
2025-09-09 09:00:00,23808.7,23829.8,23804.7,23823.9,0,3932
2025-09-09 08:00:00,23812.1,23816.3,23789.4,23809.0,0,3232
2025-09-09 07:00:00,23813.3,23814.8,23804.8,23812.0,0,1360
2025-09-09 06:00:00,23802.1,23816.3,23800.8,23813.6,0,2227
2025-09-09 05:00:00,23788.3,23821.9,23788.3,23801.8,0,2821
2025-09-09 04:00:00,23780.8,23792.6,23765.2,23788.1,0,3561
2025-09-09 03:00:00,23782.1,23801.0,23777.9,23781.5,0,3441
2025-09-09 02:00:00,23799.5,23804.3,23778.2,23781.8,0,1964
2025-09-09 01:00:00,23773.8,23803.0,23772.6,23799.6,0,2046
2025-09-08 23:00:00,23775.8,23781.6,23763.7,23769.6,0,3382
2025-09-08 22:00:00,23765.3,23782.9,23732.0,23774.5,0,14579
2025-09-08 21:00:00,23754.7,23791.2,23744.3,23765.2,0,12772
2025-09-08 20:00:00,23782.9,23788.1,23735.3,23754.2,0,15384
2025-09-08 19:00:00,23843.9,23844.7,23761.6,23782.7,0,17241
2025-09-08 18:00:00,23830.0,23854.5,23801.2,23844.0,0,17853
2025-09-08 17:00:00,23816.7,23858.8,23776.6,23830.8,0,21601
2025-09-08 16:00:00,23754.0,23846.9,23742.8,23816.4,0,16792
2025-09-08 15:00:00,23738.0,23754.5,23719.5,23754.1,0,6903
2025-09-08 14:00:00,23745.5,23757.2,23735.8,23737.8,0,3978
2025-09-08 13:00:00,23756.1,23764.8,23743.6,23746.9,0,3788
2025-09-08 12:00:00,23740.2,23760.4,23730.3,23756.4,0,3581
2025-09-08 11:00:00,23728.7,23743.7,23716.1,23739.9,0,5076
2025-09-08 10:00:00,23725.6,23755.0,23723.2,23728.2,0,5947
2025-09-08 09:00:00,23704.4,23736.2,23703.9,23725.9,0,4759
2025-09-08 08:00:00,23707.0,23724.8,23703.0,23704.7,0,3012
2025-09-08 07:00:00,23727.8,23729.3,23698.5,23707.5,0,2520
2025-09-08 06:00:00,23714.7,23736.2,23714.7,23728.3,0,2852
2025-09-08 05:00:00,23742.0,23744.5,23709.4,23714.5,0,3665
2025-09-08 04:00:00,23738.0,23752.9,23730.9,23741.5,0,4491
2025-09-08 03:00:00,23751.2,23764.7,23737.5,23737.8,0,5587
2025-09-08 02:00:00,23714.2,23757.5,23714.2,23751.1,0,4839
2025-09-08 01:00:00,23658.2,23721.0,23623.9,23713.8,0,5540
2025-09-05 23:00:00,23656.6,23661.4,23633.4,23639.2,0,4250
2025-09-05 22:00:00,23621.1,23659.5,23608.4,23657.2,0,20010
2025-09-05 21:00:00,23580.3,23626.9,23570.0,23623.2,0,19464
2025-09-05 20:00:00,23618.8,23627.3,23552.3,23580.0,0,23377
2025-09-05 19:00:00,23584.9,23624.4,23561.3,23620.5,0,25074
2025-09-05 18:00:00,23512.0,23634.6,23471.4,23584.6,0,27222
2025-09-05 17:00:00,23819.3,23819.3,23510.9,23513.8,0,29653
2025-09-05 16:00:00,23840.2,23867.3,23787.9,23819.1,0,23136
2025-09-05 15:00:00,23737.0,23840.1,23685.1,23839.6,0,15686
2025-09-05 14:00:00,23742.0,23765.7,23734.2,23735.1,0,4528
2025-09-05 13:00:00,23750.3,23755.3,23740.2,23742.5,0,3107
2025-09-05 12:00:00,23753.2,23757.5,23743.4,23750.0,0,3529
2025-09-05 11:00:00,23722.4,23753.3,23714.1,23753.0,0,4424
2025-09-05 10:00:00,23737.4,23740.9,23709.0,23721.8,0,6122
2025-09-05 09:00:00,23726.7,23753.4,23724.6,23738.2,0,3389
2025-09-05 08:00:00,23710.4,23735.7,23706.4,23726.4,0,2332
2025-09-05 07:00:00,23707.2,23716.2,23705.7,23710.2,0,1521
2025-09-05 06:00:00,23701.9,23707.9,23695.1,23706.9,0,1696
2025-09-05 05:00:00,23700.1,23707.2,23684.1,23702.2,0,2221
2025-09-05 04:00:00,23694.7,23704.9,23690.2,23700.4,0,2944
2025-09-05 03:00:00,23671.7,23696.7,23667.6,23694.9,0,3986
2025-09-05 02:00:00,23672.1,23681.5,23670.1,23671.7,0,2035
2025-09-05 01:00:00,23669.1,23678.5,23657.2,23672.4,0,2789
2025-09-04 23:00:00,23631.8,23663.8,23623.9,23649.4,0,5043
2025-09-04 22:00:00,23586.2,23645.5,23582.4,23631.7,0,14365
2025-09-04 21:00:00,23548.6,23589.8,23548.4,23585.7,0,11441
2025-09-04 20:00:00,23504.7,23569.2,23503.3,23549.2,0,13829
2025-09-04 19:00:00,23504.9,23531.6,23479.7,23504.9,0,16821
2025-09-04 18:00:00,23488.4,23522.3,23459.1,23505.4,0,19489
2025-09-04 17:00:00,23438.2,23496.7,23377.1,23488.4,0,25155
2025-09-04 16:00:00,23451.1,23514.5,23424.3,23438.7,0,19151
2025-09-04 15:00:00,23463.0,23486.5,23436.0,23451.6,0,9799
2025-09-04 14:00:00,23474.9,23487.2,23446.9,23463.2,0,5804
2025-09-04 13:00:00,23482.3,23500.7,23469.7,23475.9,0,4998
2025-09-04 12:00:00,23464.1,23484.1,23459.1,23482.6,0,3812
2025-09-04 11:00:00,23454.6,23475.7,23443.4,23463.9,0,5560
2025-09-04 10:00:00,23420.3,23472.2,23417.8,23455.1,0,7611
2025-09-04 09:00:00,23434.3,23448.4,23419.3,23420.1,0,4665
2025-09-04 08:00:00,23457.0,23468.9,23426.6,23435.1,0,3784
2025-09-04 07:00:00,23436.5,23461.3,23436.5,23457.3,0,2590
2025-09-04 06:00:00,23447.0,23450.4,23425.5,23435.5,0,3388
2025-09-04 05:00:00,23464.1,23498.3,23442.0,23447.1,0,4606
2025-09-04 04:00:00,23470.3,23475.8,23451.6,23464.4,0,4720
2025-09-04 03:00:00,23404.3,23480.9,23397.9,23470.6,0,6267
2025-09-04 02:00:00,23402.2,23423.2,23399.0,23404.7,0,2059
2025-09-04 01:00:00,23422.6,23422.9,23401.0,23401.2,0,2599
2025-09-03 23:00:00,23420.5,23437.4,23416.8,23421.4,0,4473
2025-09-03 22:00:00,23307.8,23420.7,23296.7,23417.4,0,16674
2025-09-03 21:00:00,23331.9,23331.9,23285.0,23308.1,0,20596
2025-09-03 20:00:00,23376.3,23427.5,23312.6,23330.9,0,18293
2025-09-03 19:00:00,23381.2,23429.7,23357.7,23376.7,0,19607
2025-09-03 18:00:00,23474.8,23482.2,23370.9,23381.2,0,21849
2025-09-03 17:00:00,23347.2,23491.1,23339.4,23474.9,0,25286
2025-09-03 16:00:00,23389.0,23422.5,23335.9,23347.4,0,20075
2025-09-03 15:00:00,23385.1,23413.5,23365.8,23388.5,0,8687
2025-09-03 14:00:00,23407.0,23424.0,23373.9,23381.6,0,6851
2025-09-03 13:00:00,23403.3,23413.8,23388.7,23407.2,0,4753
2025-09-03 12:00:00,23385.3,23410.1,23364.5,23403.8,0,4910
2025-09-03 11:00:00,23341.5,23396.7,23335.6,23384.8,0,7018
2025-09-03 10:00:00,23309.6,23348.2,23285.9,23342.0,0,8111
2025-09-03 09:00:00,23281.6,23330.8,23275.4,23310.8,0,5161
2025-09-03 08:00:00,23297.1,23302.2,23273.8,23282.6,0,3727
2025-09-03 07:00:00,23290.0,23301.5,23285.2,23297.3,0,2258
2025-09-03 06:00:00,23287.5,23298.1,23265.4,23289.9,0,3814
2025-09-03 05:00:00,23301.8,23304.8,23279.0,23287.6,0,3195
2025-09-03 04:00:00,23295.9,23305.7,23277.7,23302.3,0,4608
2025-09-03 03:00:00,23297.6,23305.7,23283.5,23297.2,0,4850
2025-09-03 02:00:00,23306.9,23311.2,23292.2,23299.7,0,2731
2025-09-03 01:00:00,23351.7,23352.1,23301.0,23306.6,0,4423
2025-09-02 23:00:00,23239.4,23345.2,23232.4,23342.5,0,8958
2025-09-02 22:00:00,23152.2,23253.0,23152.2,23239.7,0,17734
2025-09-02 21:00:00,23142.8,23195.4,23120.8,23152.2,0,17874
2025-09-02 20:00:00,23089.2,23188.2,23066.9,23143.3,0,17759
2025-09-02 19:00:00,23008.7,23093.2,23001.0,23088.9,0,18957
2025-09-02 18:00:00,23124.7,23141.4,22989.2,23010.5,0,23572
2025-09-02 17:00:00,23191.2,23232.8,23098.4,23124.4,0,27805
2025-09-02 16:00:00,23060.9,23222.9,22988.6,23186.8,0,22915
2025-09-02 15:00:00,23186.6,23186.6,23032.4,23058.0,0,14405
2025-09-02 14:00:00,23216.4,23222.2,23181.7,23187.1,0,9093
2025-09-02 13:00:00,23254.2,23273.5,23193.7,23215.8,0,8293
2025-09-02 12:00:00,23273.5,23293.5,23253.4,23254.5,0,6111
2025-09-02 11:00:00,23240.3,23295.7,23230.0,23272.7,0,11042
2025-09-02 10:00:00,23409.7,23413.6,23232.3,23240.3,0,14191
2025-09-02 09:00:00,23376.0,23410.2,23369.3,23410.0,0,4578
2025-09-02 08:00:00,23400.1,23401.3,23367.0,23375.5,0,4608
2025-09-02 07:00:00,23400.5,23413.1,23389.9,23399.8,0,2351
2025-09-02 06:00:00,23388.3,23404.3,23378.7,23400.3,0,3241
2025-09-02 05:00:00,23400.8,23409.9,23377.9,23388.6,0,4895
2025-09-02 04:00:00,23435.1,23446.1,23400.6,23400.9,0,4548
2025-09-02 03:00:00,23407.9,23436.7,23393.6,23435.8,0,5403
2025-09-02 02:00:00,23424.7,23426.7,23390.6,23408.0,0,4083
2025-09-02 01:00:00,23462.6,23462.6,23423.2,23423.8,0,2668
2025-09-01 19:00:00,23455.7,23466.7,23442.4,23463.0,0,3309
2025-09-01 18:00:00,23450.9,23466.8,23439.9,23455.5,0,4032
2025-09-01 17:00:00,23448.3,23452.8,23439.4,23451.7,0,4213
2025-09-01 16:00:00,23437.0,23454.6,23404.2,23448.7,0,6479
2025-09-01 15:00:00,23425.6,23442.4,23420.5,23437.6,0,3585
2025-09-01 14:00:00,23444.4,23454.3,23406.7,23426.8,0,3902
2025-09-01 13:00:00,23445.3,23460.9,23440.5,23446.9,0,3164
2025-09-01 12:00:00,23449.9,23456.7,23436.4,23445.3,0,3564
2025-09-01 11:00:00,23430.0,23462.5,23419.7,23450.5,0,5984
2025-09-01 10:00:00,23411.5,23437.2,23402.9,23429.6,0,7677
2025-09-01 09:00:00,23389.2,23433.1,23331.0,23409.1,0,7140
2025-09-01 08:00:00,23386.9,23408.7,23370.1,23389.9,0,4477
2025-09-01 07:00:00,23402.0,23407.3,23367.1,23387.9,0,3872
2025-09-01 06:00:00,23428.9,23444.6,23391.8,23402.2,0,5247
2025-09-01 05:00:00,23477.6,23478.2,23426.3,23428.7,0,5157
2025-09-01 04:00:00,23498.8,23500.2,23468.1,23477.3,0,4020
2025-09-01 03:00:00,23498.5,23512.2,23490.1,23498.3,0,4105
2025-09-01 02:00:00,23495.5,23505.4,23490.2,23498.0,0,2208
2025-09-01 01:00:00,23445.0,23496.7,23424.0,23496.3,0,4152
2025-08-29 23:00:00,23424.5,23437.9,23403.9,23406.5,0,5577
2025-08-29 22:00:00,23409.2,23445.7,23377.9,23422.0,0,17333
2025-08-29 21:00:00,23411.2,23418.8,23388.7,23410.0,0,16405
2025-08-29 20:00:00,23428.2,23428.7,23353.8,23411.3,0,19229
2025-08-29 19:00:00,23383.0,23442.7,23381.0,23429.8,0,17230
2025-08-29 18:00:00,23385.0,23450.1,23377.6,23383.8,0,23799
2025-08-29 17:00:00,23473.3,23502.7,23368.0,23387.1,0,28491
2025-08-29 16:00:00,23617.6,23621.4,23459.4,23469.3,0,20223
2025-08-29 15:00:00,23591.0,23622.6,23570.6,23618.1,0,10305
2025-08-29 14:00:00,23588.4,23606.2,23582.6,23590.9,0,5223
2025-08-29 13:00:00,23597.3,23613.5,23574.6,23588.1,0,5009
2025-08-29 12:00:00,23584.0,23611.6,23563.9,23597.1,0,6331
2025-08-29 11:00:00,23636.1,23648.5,23576.4,23583.7,0,8285
2025-08-29 10:00:00,23669.8,23688.4,23635.6,23636.5,0,5813
2025-08-29 09:00:00,23676.0,23684.5,23665.9,23668.9,0,3227
2025-08-29 08:00:00,23672.7,23680.0,23666.2,23676.2,0,1925
2025-08-29 07:00:00,23679.7,23682.7,23670.2,23672.2,0,1441
2025-08-29 06:00:00,23678.2,23692.5,23676.2,23679.7,0,2143
2025-08-29 05:00:00,23684.2,23685.2,23669.9,23678.5,0,2158
2025-08-29 04:00:00,23697.5,23703.2,23681.7,23684.4,0,3389
2025-08-29 03:00:00,23699.2,23707.2,23690.3,23697.7,0,3456
2025-08-29 02:00:00,23692.3,23704.2,23689.1,23699.5,0,1795
2025-08-29 01:00:00,23709.3,23712.8,23687.0,23692.7,0,2920
2025-08-28 23:00:00,23717.7,23724.7,23702.2,23713.0,0,3667
2025-08-28 22:00:00,23739.6,23753.4,23716.7,23717.0,0,12591
2025-08-28 21:00:00,23717.1,23743.4,23712.7,23739.7,0,10433
2025-08-28 20:00:00,23683.3,23723.3,23673.7,23717.4,0,13549
2025-08-28 19:00:00,23638.6,23716.9,23634.0,23683.2,0,15299
2025-08-28 18:00:00,23665.2,23703.4,23616.0,23639.5,0,21597
2025-08-28 17:00:00,23559.4,23680.8,23545.0,23664.5,0,26671
2025-08-28 16:00:00,23584.0,23692.7,23524.0,23559.9,0,20484
2025-08-28 15:00:00,23568.8,23603.8,23536.2,23584.4,0,10453
2025-08-28 14:00:00,23561.0,23569.1,23533.3,23569.1,0,5689
2025-08-28 13:00:00,23565.6,23576.1,23548.7,23562.6,0,4085
2025-08-28 12:00:00,23567.3,23578.8,23560.1,23565.3,0,3902
2025-08-28 11:00:00,23582.5,23612.7,23566.4,23567.7,0,6686
2025-08-28 10:00:00,23559.6,23583.4,23553.7,23582.7,0,6935
2025-08-28 09:00:00,23493.6,23562.8,23491.4,23556.9,0,5025
2025-08-28 08:00:00,23512.3,23518.4,23492.0,23493.6,0,2981
2025-08-28 07:00:00,23525.3,23526.4,23508.9,23512.6,0,2315
2025-08-28 06:00:00,23505.5,23534.6,23505.1,23526.4,0,2730
2025-08-28 05:00:00,23499.9,23513.1,23495.9,23505.4,0,2838
2025-08-28 04:00:00,23472.0,23502.9,23469.2,23498.8,0,4111
2025-08-28 03:00:00,23458.2,23474.4,23438.9,23471.8,0,7023
2025-08-28 02:00:00,23468.7,23476.3,23453.4,23459.4,0,4271
2025-08-28 01:00:00,23499.0,23499.0,23449.4,23468.9,0,5732
2025-08-27 23:00:00,23567.7,23576.7,23456.2,23490.2,0,12160
2025-08-27 22:00:00,23575.3,23594.4,23502.5,23568.3,0,16011
2025-08-27 21:00:00,23569.6,23605.8,23563.5,23575.4,0,11470
2025-08-27 20:00:00,23549.0,23572.7,23536.4,23569.9,0,11853
2025-08-27 19:00:00,23572.9,23573.6,23492.2,23549.6,0,16236
2025-08-27 18:00:00,23551.4,23580.5,23523.7,23573.1,0,15756
2025-08-27 17:00:00,23484.1,23565.1,23476.4,23550.0,0,22104
2025-08-27 16:00:00,23530.0,23534.2,23439.5,23484.7,0,20362
2025-08-27 15:00:00,23556.5,23569.4,23512.1,23530.5,0,7329
2025-08-27 14:00:00,23548.9,23563.3,23545.7,23556.4,0,3133
2025-08-27 13:00:00,23545.4,23554.1,23540.0,23548.8,0,2916
2025-08-27 12:00:00,23535.5,23550.4,23533.7,23545.2,0,3487
2025-08-27 11:00:00,23543.5,23547.3,23516.2,23535.7,0,5220
2025-08-27 10:00:00,23552.2,23563.5,23523.9,23543.0,0,5871
2025-08-27 09:00:00,23549.2,23567.5,23543.8,23551.7,0,3398
2025-08-27 08:00:00,23565.2,23565.5,23541.5,23549.0,0,2227
2025-08-27 07:00:00,23562.0,23570.3,23554.2,23565.3,0,1368
2025-08-27 06:00:00,23559.8,23569.8,23558.0,23562.3,0,1497
2025-08-27 05:00:00,23576.0,23577.0,23557.7,23560.3,0,2116
2025-08-27 04:00:00,23547.0,23577.3,23546.7,23575.7,0,2981
2025-08-27 03:00:00,23563.3,23565.0,23543.2,23546.8,0,2943
2025-08-27 02:00:00,23564.5,23571.8,23558.2,23562.8,0,1716
2025-08-27 01:00:00,23555.4,23569.7,23549.8,23564.8,0,1962
2025-08-26 23:00:00,23531.7,23556.5,23528.9,23553.5,0,4077
2025-08-26 22:00:00,23495.5,23545.5,23480.7,23532.8,0,15681
2025-08-26 21:00:00,23448.6,23501.6,23445.3,23495.9,0,11876
2025-08-26 20:00:00,23484.8,23489.6,23425.1,23448.4,0,13901
2025-08-26 19:00:00,23463.6,23501.6,23463.6,23485.3,0,13944
2025-08-26 18:00:00,23467.7,23482.4,23439.2,23463.3,0,19139
2025-08-26 17:00:00,23439.7,23496.1,23430.4,23468.2,0,24157
2025-08-26 16:00:00,23416.1,23463.9,23373.1,23439.8,0,18631
2025-08-26 15:00:00,23414.1,23425.4,23385.3,23416.1,0,7388
2025-08-26 14:00:00,23437.3,23441.0,23389.9,23415.1,0,5892
2025-08-26 13:00:00,23419.7,23451.2,23416.7,23436.8,0,4532
2025-08-26 12:00:00,23405.4,23427.3,23398.2,23420.2,0,4199
2025-08-26 11:00:00,23388.0,23419.6,23385.5,23405.1,0,7215
2025-08-26 10:00:00,23396.9,23410.1,23361.4,23387.8,0,11024
2025-08-26 09:00:00,23421.4,23429.0,23389.1,23399.7,0,6647
2025-08-26 08:00:00,23400.4,23429.4,23400.4,23421.4,0,3684
2025-08-26 07:00:00,23397.0,23405.2,23385.8,23400.9,0,2665
2025-08-26 06:00:00,23393.8,23402.7,23385.6,23396.7,0,3100
2025-08-26 05:00:00,23370.0,23418.3,23368.6,23394.1,0,4822
2025-08-26 04:00:00,23362.2,23401.0,23355.4,23369.8,0,7477
2025-08-26 03:00:00,23441.1,23453.3,23316.3,23362.4,0,16099
2025-08-26 02:00:00,23456.9,23461.5,23434.1,23441.6,0,2286
2025-08-26 01:00:00,23450.6,23465.5,23444.2,23456.7,0,2227
2025-08-25 23:00:00,23437.0,23460.8,23427.7,23444.9,0,4466
2025-08-25 22:00:00,23495.8,23515.8,23431.6,23437.8,0,14407
2025-08-25 21:00:00,23520.6,23525.8,23491.8,23494.9,0,12782
2025-08-25 20:00:00,23538.8,23540.3,23500.2,23520.8,0,14094
2025-08-25 19:00:00,23541.9,23556.4,23531.1,23538.4,0,14402
2025-08-25 18:00:00,23513.1,23558.6,23507.3,23543.5,0,19000
2025-08-25 17:00:00,23461.5,23516.4,23447.8,23513.4,0,25005
2025-08-25 16:00:00,23421.5,23461.4,23387.1,23461.3,0,18790
2025-08-25 15:00:00,23439.7,23439.8,23406.1,23421.7,0,6964
2025-08-25 14:00:00,23422.0,23443.0,23412.4,23439.5,0,4236
2025-08-25 13:00:00,23446.3,23446.8,23404.3,23422.8,0,4515
2025-08-25 12:00:00,23451.3,23455.0,23428.6,23446.0,0,3926
2025-08-25 11:00:00,23468.0,23480.1,23450.1,23452.2,0,4591
2025-08-25 10:00:00,23463.6,23478.7,23450.9,23468.3,0,5606
2025-08-25 09:00:00,23507.8,23510.6,23461.4,23464.1,0,3565
2025-08-25 08:00:00,23497.1,23509.6,23493.0,23507.6,0,2667
2025-08-25 07:00:00,23489.8,23501.6,23486.3,23497.6,0,2018
2025-08-25 06:00:00,23466.6,23493.8,23462.7,23490.1,0,3053
2025-08-25 05:00:00,23477.3,23491.7,23465.2,23466.5,0,3609
2025-08-25 04:00:00,23497.9,23500.2,23476.8,23477.6,0,4506
2025-08-25 03:00:00,23516.9,23539.2,23492.5,23498.2,0,6762
2025-08-25 02:00:00,23513.3,23530.7,23503.7,23517.0,0,3863
2025-08-25 01:00:00,23532.4,23535.9,23487.6,23513.2,0,5035
2025-08-22 23:00:00,23499.4,23520.4,23484.2,23517.6,0,4122
2025-08-22 22:00:00,23523.1,23528.8,23466.9,23501.1,0,15771
2025-08-22 21:00:00,23541.1,23552.0,23517.4,23521.5,0,13808
2025-08-22 20:00:00,23463.6,23559.5,23463.3,23541.0,0,16158
2025-08-22 19:00:00,23504.8,23526.1,23442.6,23463.8,0,19701
2025-08-22 18:00:00,23538.6,23584.6,23500.3,23504.3,0,21442
2025-08-22 17:00:00,23196.0,23578.3,23196.0,23538.2,0,25677
2025-08-22 16:00:00,23177.4,23277.3,23142.5,23191.6,0,16065
2025-08-22 15:00:00,23186.7,23209.8,23174.9,23177.2,0,6525
2025-08-22 14:00:00,23197.0,23215.0,23176.5,23187.7,0,5242
2025-08-22 13:00:00,23186.9,23209.5,23185.7,23200.5,0,4410
2025-08-22 12:00:00,23188.0,23188.6,23165.8,23187.1,0,4878
2025-08-22 11:00:00,23130.7,23190.8,23126.0,23188.5,0,6577
2025-08-22 10:00:00,23075.3,23135.2,23069.4,23131.2,0,7162
2025-08-22 09:00:00,23125.2,23125.4,23012.9,23073.5,0,7617
2025-08-22 08:00:00,23143.5,23146.8,23115.4,23125.4,0,3686
2025-08-22 07:00:00,23129.9,23150.0,23128.0,23143.8,0,2765
2025-08-22 06:00:00,23140.9,23145.3,23126.1,23129.9,0,3411
2025-08-22 05:00:00,23140.8,23167.4,23138.4,23141.4,0,4186
2025-08-22 04:00:00,23147.7,23155.6,23127.9,23140.5,0,6872
2025-08-22 03:00:00,23171.1,23181.1,23115.5,23147.3,0,7879
2025-08-22 02:00:00,23178.2,23185.7,23165.6,23173.8,0,2731
2025-08-22 01:00:00,23158.9,23183.9,23158.9,23179.1,0,3976
2025-08-21 23:00:00,23151.4,23159.8,23133.3,23155.6,0,4273
2025-08-21 22:00:00,23154.8,23188.5,23137.7,23150.8,0,16167
2025-08-21 21:00:00,23146.5,23168.3,23114.3,23159.0,0,16759
2025-08-21 20:00:00,23096.8,23157.8,23054.2,23148.6,0,18925
2025-08-21 19:00:00,23138.0,23147.4,23084.6,23095.2,0,19258
2025-08-21 18:00:00,23230.8,23245.8,23125.1,23137.8,0,21598
2025-08-21 17:00:00,23118.4,23281.5,23090.2,23228.5,0,23219
2025-08-21 16:00:00,23155.7,23223.6,23100.6,23119.3,0,18651
2025-08-21 15:00:00,23213.9,23214.4,23149.2,23157.5,0,10948
2025-08-21 14:00:00,23243.5,23267.2,23198.5,23214.9,0,7670
2025-08-21 13:00:00,23237.6,23251.4,23206.2,23246.0,0,6749
2025-08-21 12:00:00,23232.0,23262.2,23223.3,23237.9,0,5656
2025-08-21 11:00:00,23276.6,23290.9,23230.8,23231.7,0,6682
2025-08-21 10:00:00,23287.3,23292.2,23255.0,23277.1,0,7219
2025-08-21 09:00:00,23274.4,23301.1,23265.7,23288.6,0,4696
2025-08-21 08:00:00,23274.8,23283.1,23245.1,23274.6,0,3940
2025-08-21 07:00:00,23275.1,23280.5,23263.9,23274.3,0,2542
2025-08-21 06:00:00,23288.0,23294.1,23270.8,23275.4,0,2749
2025-08-21 05:00:00,23285.4,23302.5,23275.0,23288.2,0,4195
2025-08-21 04:00:00,23225.6,23288.2,23200.8,23286.9,0,6469
2025-08-21 03:00:00,23243.4,23257.0,23202.0,23225.9,0,6701
2025-08-21 02:00:00,23253.1,23263.2,23239.6,23243.9,0,3182
2025-08-21 01:00:00,23256.0,23275.7,23246.9,23253.5,0,4374
2025-08-20 23:00:00,23260.3,23265.8,23243.8,23253.8,0,3909
2025-08-20 22:00:00,23178.7,23303.0,23178.7,23259.8,0,18509
2025-08-20 21:00:00,23189.8,23215.3,23125.6,23179.0,0,19809
2025-08-20 20:00:00,23167.4,23250.2,23160.8,23190.7,0,19460
2025-08-20 19:00:00,23106.4,23238.5,23104.8,23168.8,0,20364
2025-08-20 18:00:00,22989.3,23200.4,22982.1,23106.6,0,22879
2025-08-20 17:00:00,23106.9,23148.6,22970.7,22992.8,0,25635
2025-08-20 16:00:00,23361.1,23366.5,23081.1,23108.6,0,17409
2025-08-20 15:00:00,23347.2,23370.3,23331.0,23360.8,0,6820
2025-08-20 14:00:00,23357.6,23386.3,23320.5,23348.5,0,6282
2025-08-20 13:00:00,23367.9,23376.0,23337.8,23359.9,0,3703
2025-08-20 12:00:00,23348.9,23374.0,23340.8,23366.9,0,3853
2025-08-20 11:00:00,23334.9,23355.5,23306.2,23348.9,0,5975
2025-08-20 10:00:00,23322.8,23364.3,23319.7,23333.7,0,6443
2025-08-20 09:00:00,23299.7,23326.0,23278.9,23323.3,0,5264
2025-08-20 08:00:00,23285.9,23300.9,23269.1,23299.9,0,3814
2025-08-20 07:00:00,23279.2,23302.4,23277.6,23286.4,0,3661
2025-08-20 06:00:00,23326.2,23329.7,23272.7,23279.4,0,4709
2025-08-20 05:00:00,23312.8,23329.1,23303.2,23326.6,0,4120
2025-08-20 04:00:00,23348.2,23358.7,23302.2,23313.0,0,6868
2025-08-20 03:00:00,23357.0,23357.6,23332.9,23348.7,0,6754
2025-08-20 02:00:00,23392.8,23400.5,23348.1,23356.7,0,4661
2025-08-20 01:00:00,23383.9,23419.5,23383.9,23392.3,0,4103
2025-08-19 23:00:00,23402.4,23418.2,23396.1,23405.2,0,4043
2025-08-19 22:00:00,23393.4,23407.7,23357.5,23401.7,0,15617
2025-08-19 21:00:00,23437.6,23438.6,23375.8,23393.6,0,15596
2025-08-19 20:00:00,23413.1,23446.6,23376.5,23436.8,0,17323
2025-08-19 19:00:00,23489.1,23508.4,23404.0,23413.3,0,18951
2025-08-19 18:00:00,23471.7,23520.0,23446.2,23489.9,0,20368
2025-08-19 17:00:00,23608.3,23658.4,23471.2,23471.8,0,23296
2025-08-19 16:00:00,23674.9,23701.0,23570.6,23609.3,0,16324
2025-08-19 15:00:00,23703.4,23713.2,23669.8,23674.3,0,6073
2025-08-19 14:00:00,23693.0,23708.4,23686.4,23705.4,0,4255
2025-08-19 13:00:00,23718.2,23720.9,23681.9,23694.7,0,4451
2025-08-19 12:00:00,23717.6,23735.2,23712.5,23717.9,0,3398
2025-08-19 11:00:00,23700.3,23718.6,23676.6,23717.9,0,4306
2025-08-19 10:00:00,23697.5,23703.0,23678.7,23701.0,0,4664
2025-08-19 09:00:00,23666.4,23697.5,23664.9,23694.0,0,3095
2025-08-19 08:00:00,23687.7,23694.2,23661.6,23666.7,0,3052
2025-08-19 07:00:00,23685.2,23692.0,23669.7,23688.5,0,2592
2025-08-19 06:00:00,23694.9,23716.6,23681.7,23684.7,0,3204
2025-08-19 05:00:00,23699.9,23715.0,23693.0,23694.7,0,3096
2025-08-19 04:00:00,23711.9,23722.9,23701.8,23701.9,0,4798
2025-08-19 03:00:00,23735.7,23736.2,23693.2,23711.7,0,5316
2025-08-19 02:00:00,23751.2,23755.0,23733.1,23735.4,0,1981
2025-08-19 01:00:00,23723.0,23767.1,23723.0,23750.9,0,3136
2025-08-18 23:00:00,23724.9,23733.2,23712.8,23716.1,0,3012
2025-08-18 22:00:00,23722.6,23743.8,23712.6,23724.3,0,11834
2025-08-18 21:00:00,23688.7,23729.9,23677.5,23723.1,0,10599
2025-08-18 20:00:00,23663.1,23727.5,23660.8,23688.0,0,12049
2025-08-18 19:00:00,23675.1,23708.2,23650.5,23662.6,0,13637
2025-08-18 18:00:00,23704.7,23711.8,23656.6,23675.3,0,16330
2025-08-18 17:00:00,23676.7,23752.3,23647.2,23706.0,0,20666
2025-08-18 16:00:00,23702.5,23744.8,23663.1,23675.5,0,16342
2025-08-18 15:00:00,23695.0,23704.5,23673.8,23703.2,0,5960
2025-08-18 14:00:00,23715.8,23718.8,23674.9,23698.2,0,4944
2025-08-18 13:00:00,23686.6,23719.5,23684.4,23716.1,0,4211
2025-08-18 12:00:00,23706.3,23709.1,23666.8,23686.8,0,5657
2025-08-18 11:00:00,23732.7,23738.6,23670.9,23706.1,0,7799
2025-08-18 10:00:00,23729.9,23743.8,23708.2,23733.7,0,8065
2025-08-18 09:00:00,23780.0,23781.7,23699.9,23730.4,0,4900
2025-08-18 08:00:00,23777.0,23784.7,23769.4,23780.2,0,2217
2025-08-18 07:00:00,23785.4,23787.5,23773.2,23776.7,0,2168
2025-08-18 06:00:00,23804.7,23807.2,23784.1,23785.4,0,1874
2025-08-18 05:00:00,23809.0,23809.2,23795.2,23804.7,0,1987
2025-08-18 04:00:00,23784.6,23809.0,23782.9,23808.9,0,2838
2025-08-18 03:00:00,23777.2,23793.9,23773.1,23785.1,0,3449
2025-08-18 02:00:00,23775.3,23787.5,23768.7,23778.4,0,2272
2025-08-18 01:00:00,23726.2,23780.7,23726.2,23776.0,0,3670
2025-08-15 23:00:00,23726.3,23730.9,23697.5,23716.4,0,4530
2025-08-15 22:00:00,23730.1,23746.8,23695.7,23725.0,0,17503
2025-08-15 21:00:00,23759.4,23767.4,23713.8,23731.1,0,15110
2025-08-15 20:00:00,23738.6,23763.3,23705.9,23759.9,0,14687
2025-08-15 19:00:00,23707.9,23745.6,23683.8,23738.4,0,19642
2025-08-15 18:00:00,23719.5,23752.9,23654.3,23708.0,0,21880
2025-08-15 17:00:00,23712.1,23800.3,23681.3,23719.8,0,26264
2025-08-15 16:00:00,23823.7,23842.0,23690.3,23716.6,0,19481
2025-08-15 15:00:00,23840.0,23840.1,23797.9,23824.2,0,8170
2025-08-15 14:00:00,23825.9,23846.5,23824.1,23839.6,0,3429
2025-08-15 13:00:00,23798.9,23838.7,23791.1,23826.6,0,4067
2025-08-15 12:00:00,23802.1,23816.1,23796.6,23798.7,0,4609
2025-08-15 11:00:00,23860.6,23872.6,23796.8,23802.7,0,5848
2025-08-15 10:00:00,23871.6,23881.6,23847.9,23859.6,0,4624
2025-08-15 09:00:00,23857.6,23878.5,23852.6,23869.3,0,3448
2025-08-15 08:00:00,23855.7,23863.7,23842.9,23860.4,0,2359
2025-08-15 07:00:00,23847.9,23865.1,23847.6,23856.2,0,2208
2025-08-15 06:00:00,23836.9,23848.4,23829.4,23847.6,0,2203
2025-08-15 05:00:00,23821.9,23845.7,23821.6,23837.2,0,2775
2025-08-15 04:00:00,23810.9,23830.3,23808.9,23822.4,0,3557
2025-08-15 03:00:00,23807.6,23832.3,23792.8,23810.7,0,4748
2025-08-15 02:00:00,23814.9,23829.7,23807.3,23807.8,0,2645
2025-08-15 01:00:00,23801.3,23817.8,23790.6,23814.7,0,3065
2025-08-14 23:00:00,23839.6,23839.6,23788.1,23809.9,0,6893
2025-08-14 22:00:00,23842.0,23876.6,23835.4,23839.8,0,16071
2025-08-14 21:00:00,23880.8,23880.8,23812.3,23842.3,0,15859
2025-08-14 20:00:00,23865.8,23897.0,23855.9,23880.9,0,15208
2025-08-14 19:00:00,23850.3,23869.5,23783.1,23865.6,0,21481
2025-08-14 18:00:00,23873.8,23878.8,23782.0,23849.3,0,23782
2025-08-14 17:00:00,23853.8,23923.4,23823.1,23874.0,0,24269
2025-08-14 16:00:00,23762.0,23878.3,23734.6,23853.6,0,22433
2025-08-14 15:00:00,23873.2,23883.2,23711.6,23762.1,0,14561
2025-08-14 14:00:00,23852.9,23875.0,23844.8,23873.4,0,3612
2025-08-14 13:00:00,23844.3,23854.5,23837.0,23853.2,0,2801
2025-08-14 12:00:00,23842.5,23855.8,23835.3,23844.8,0,3259
2025-08-14 11:00:00,23851.8,23860.3,23838.9,23843.0,0,3468
2025-08-14 10:00:00,23833.2,23851.8,23830.4,23851.6,0,5225
2025-08-14 09:00:00,23827.0,23835.4,23817.7,23833.9,0,3922
2025-08-14 08:00:00,23851.5,23853.1,23816.0,23828.1,0,3020
2025-08-14 07:00:00,23843.9,23853.7,23838.7,23851.4,0,1680
2025-08-14 06:00:00,23857.7,23863.2,23840.5,23844.4,0,1972
2025-08-14 05:00:00,23849.6,23858.7,23842.2,23858.0,0,2614
2025-08-14 04:00:00,23850.2,23854.0,23835.2,23849.7,0,4281
2025-08-14 03:00:00,23867.9,23877.1,23848.9,23850.5,0,4390
2025-08-14 02:00:00,23867.2,23882.2,23856.9,23867.7,0,2072
2025-08-14 01:00:00,23851.1,23869.2,23830.7,23867.5,0,2520
2025-08-13 23:00:00,23860.2,23875.5,23838.1,23843.5,0,3928
2025-08-13 22:00:00,23850.0,23871.8,23827.8,23859.9,0,15591
2025-08-13 21:00:00,23854.6,23869.6,23803.6,23849.8,0,15686
2025-08-13 20:00:00,23815.1,23863.3,23811.6,23854.8,0,15906
2025-08-13 19:00:00,23841.6,23855.6,23802.6,23815.4,0,17930
2025-08-13 18:00:00,23874.8,23876.6,23808.4,23841.1,0,21888
2025-08-13 17:00:00,23933.7,23933.7,23849.1,23875.3,0,25442
2025-08-13 16:00:00,23935.6,23984.1,23921.6,23932.8,0,16751
2025-08-13 15:00:00,23910.5,23948.7,23905.1,23935.4,0,5360
2025-08-13 14:00:00,23908.0,23917.5,23900.4,23909.3,0,3681
2025-08-13 13:00:00,23921.9,23928.9,23903.6,23908.9,0,3334
2025-08-13 12:00:00,23910.3,23925.4,23900.8,23922.3,0,3227
2025-08-13 11:00:00,23905.8,23932.3,23893.1,23910.1,0,4821
2025-08-13 10:00:00,23875.3,23906.9,23873.4,23905.4,0,4802
2025-08-13 09:00:00,23861.4,23888.4,23850.6,23875.2,0,3216
2025-08-13 08:00:00,23871.7,23875.8,23859.2,23861.2,0,1971
2025-08-13 07:00:00,23858.4,23878.5,23857.7,23871.9,0,1823
2025-08-13 06:00:00,23861.7,23873.9,23856.9,23857.9,0,2224
2025-08-13 05:00:00,23844.2,23867.3,23837.9,23861.9,0,2378
2025-08-13 04:00:00,23857.3,23864.1,23841.4,23844.1,0,2817
2025-08-13 03:00:00,23874.9,23882.4,23853.2,23857.4,0,4749
2025-08-13 02:00:00,23845.6,23880.4,23843.9,23876.2,0,2856
2025-08-13 01:00:00,23855.2,23855.8,23841.6,23846.2,0,2144
2025-08-12 23:00:00,23848.6,23865.3,23837.3,23862.3,0,2982
2025-08-12 22:00:00,23819.9,23861.8,23815.3,23847.3,0,12211
2025-08-12 21:00:00,23827.2,23845.4,23818.7,23820.3,0,9750
2025-08-12 20:00:00,23813.5,23828.6,23798.8,23827.3,0,10436
2025-08-12 19:00:00,23780.6,23823.5,23759.8,23813.0,0,12744
2025-08-12 18:00:00,23689.5,23783.8,23686.5,23780.8,0,19480
2025-08-12 17:00:00,23568.6,23694.5,23535.4,23689.6,0,26898
2025-08-12 16:00:00,23690.5,23719.6,23563.3,23567.0,0,23299
2025-08-12 15:00:00,23553.4,23735.1,23552.0,23686.9,0,13621
2025-08-12 14:00:00,23548.5,23554.8,23521.5,23553.9,0,4637
2025-08-12 13:00:00,23548.4,23558.5,23539.0,23548.0,0,3644
2025-08-12 12:00:00,23553.6,23565.0,23548.0,23548.3,0,3020
2025-08-12 11:00:00,23578.5,23585.3,23547.9,23554.5,0,4707
2025-08-12 10:00:00,23561.4,23588.6,23551.8,23579.1,0,6677
2025-08-12 09:00:00,23543.1,23581.5,23541.1,23561.8,0,5896
2025-08-12 08:00:00,23584.3,23586.3,23508.9,23542.8,0,7872
2025-08-12 07:00:00,23570.0,23589.3,23563.2,23584.8,0,2187
2025-08-12 06:00:00,23564.5,23576.8,23563.7,23570.3,0,2026
2025-08-12 05:00:00,23571.8,23580.0,23561.8,23564.2,0,2673
2025-08-12 04:00:00,23551.0,23572.2,23545.5,23571.5,0,4836
2025-08-12 03:00:00,23549.0,23579.7,23542.0,23552.3,0,6158
2025-08-12 02:00:00,23553.9,23559.8,23538.2,23549.5,0,2711
2025-08-12 01:00:00,23543.7,23562.0,23528.0,23554.0,0,4104
2025-08-11 23:00:00,23549.6,23558.1,23532.1,23539.8,0,4237
2025-08-11 22:00:00,23596.1,23600.0,23497.9,23548.0,0,17092
2025-08-11 21:00:00,23609.3,23611.3,23561.2,23596.6,0,15927
2025-08-11 20:00:00,23648.0,23663.9,23599.0,23607.8,0,15710
2025-08-11 19:00:00,23674.8,23715.3,23646.9,23647.7,0,16134
2025-08-11 18:00:00,23637.8,23675.1,23626.1,23675.1,0,18499
2025-08-11 17:00:00,23654.7,23678.2,23630.9,23638.2,0,21735
2025-08-11 16:00:00,23633.6,23655.7,23592.6,23655.3,0,18402
2025-08-11 15:00:00,23646.5,23667.1,23619.3,23633.3,0,6751
2025-08-11 14:00:00,23634.5,23650.6,23630.9,23646.6,0,4214
2025-08-11 13:00:00,23633.9,23655.7,23620.9,23637.1,0,3765
2025-08-11 12:00:00,23611.4,23642.8,23609.4,23634.4,0,3885
2025-08-11 11:00:00,23617.1,23620.4,23579.3,23611.6,0,8031
2025-08-11 10:00:00,23671.1,23675.6,23605.1,23617.6,0,5716
2025-08-11 09:00:00,23649.9,23671.4,23640.3,23671.4,0,3533
2025-08-11 08:00:00,23653.3,23659.9,23643.2,23650.4,0,2628
2025-08-11 07:00:00,23665.6,23669.4,23645.3,23653.6,0,2271
2025-08-11 06:00:00,23667.8,23683.9,23661.8,23666.1,0,2537
2025-08-11 05:00:00,23668.9,23681.7,23661.4,23667.9,0,3061
2025-08-11 04:00:00,23643.6,23673.5,23638.1,23669.1,0,4087
2025-08-11 03:00:00,23618.4,23648.5,23617.9,23643.9,0,4160
2025-08-11 02:00:00,23642.8,23653.2,23612.7,23618.6,0,3346
2025-08-11 01:00:00,23671.1,23680.2,23636.4,23643.1,0,4063
2025-08-08 23:00:00,23619.4,23672.8,23618.3,23670.9,0,4458
2025-08-08 22:00:00,23615.2,23626.1,23582.9,23619.3,0,12697
2025-08-08 21:00:00,23605.8,23628.8,23595.4,23616.3,0,11056
2025-08-08 20:00:00,23582.3,23608.1,23560.5,23605.1,0,13704
2025-08-08 19:00:00,23585.4,23608.9,23579.8,23581.9,0,14022
2025-08-08 18:00:00,23558.4,23586.6,23517.5,23585.3,0,18871
2025-08-08 17:00:00,23548.5,23607.5,23531.5,23557.6,0,20325
2025-08-08 16:00:00,23438.5,23553.7,23427.0,23548.6,0,15200
2025-08-08 15:00:00,23479.8,23481.0,23423.5,23438.3,0,6660
2025-08-08 14:00:00,23472.4,23486.8,23467.1,23479.6,0,3162
2025-08-08 13:00:00,23467.0,23480.8,23466.0,23472.0,0,2306
2025-08-08 12:00:00,23458.8,23483.0,23457.0,23467.3,0,3384
2025-08-08 11:00:00,23433.3,23464.4,23433.3,23458.8,0,4142
2025-08-08 10:00:00,23441.3,23455.6,23430.5,23433.5,0,4353
2025-08-08 09:00:00,23415.1,23459.6,23413.5,23440.8,0,4129
2025-08-08 08:00:00,23448.8,23459.0,23408.5,23414.2,0,4199
2025-08-08 07:00:00,23458.5,23462.0,23442.0,23448.3,0,2728
2025-08-08 06:00:00,23480.2,23482.7,23456.5,23458.2,0,2262
2025-08-08 05:00:00,23467.8,23484.5,23467.2,23480.4,0,2213
2025-08-08 04:00:00,23477.2,23483.3,23459.7,23467.8,0,4118
2025-08-08 03:00:00,23445.4,23487.8,23434.2,23477.4,0,5513
2025-08-08 02:00:00,23459.3,23462.0,23442.2,23445.0,0,2859
2025-08-08 01:00:00,23425.4,23472.6,23421.4,23459.2,0,4187
2025-08-07 23:00:00,23404.8,23437.2,23402.5,23424.8,0,5387
2025-08-07 22:00:00,23309.6,23406.5,23283.5,23405.6,0,18736
2025-08-07 21:00:00,23321.4,23333.1,23233.8,23309.5,0,20135
2025-08-07 20:00:00,23364.0,23389.8,23285.7,23322.7,0,21917
2025-08-07 19:00:00,23399.8,23416.5,23293.6,23364.3,0,21614
2025-08-07 18:00:00,23441.7,23461.3,23380.6,23401.4,0,22935
2025-08-07 17:00:00,23557.4,23573.9,23421.8,23441.5,0,25318
2025-08-07 16:00:00,23501.3,23561.9,23473.3,23557.2,0,17483
2025-08-07 15:00:00,23486.7,23517.0,23479.3,23500.5,0,8816
2025-08-07 14:00:00,23522.6,23540.8,23483.5,23485.0,0,7942
2025-08-07 13:00:00,23504.9,23528.9,23499.9,23519.9,0,6921
2025-08-07 12:00:00,23458.8,23509.9,23441.3,23505.3,0,6926
2025-08-07 11:00:00,23411.4,23477.9,23410.9,23458.5,0,7772
2025-08-07 10:00:00,23375.4,23416.4,23374.3,23412.5,0,6711
2025-08-07 09:00:00,23385.5,23399.9,23370.4,23375.4,0,4438
2025-08-07 08:00:00,23368.3,23386.7,23357.9,23386.0,0,3774
2025-08-07 07:00:00,23393.2,23402.2,23360.7,23368.0,0,2778
2025-08-07 06:00:00,23391.4,23402.1,23386.7,23392.7,0,2340
2025-08-07 05:00:00,23399.2,23408.2,23389.2,23391.7,0,2905
2025-08-07 04:00:00,23391.5,23414.2,23383.3,23399.5,0,4444
2025-08-07 03:00:00,23355.1,23404.6,23347.5,23391.4,0,5083
2025-08-07 02:00:00,23364.5,23380.0,23347.9,23354.7,0,3730
2025-08-07 01:00:00,23334.3,23383.3,23288.7,23364.0,0,6081
2025-08-06 23:00:00,23323.5,23325.1,23300.5,23312.5,0,4932
2025-08-06 22:00:00,23314.9,23344.5,23307.8,23324.4,0,13672
2025-08-06 21:00:00,23273.0,23335.6,23271.0,23316.0,0,12192
2025-08-06 20:00:00,23270.9,23296.6,23259.3,23273.7,0,14165
2025-08-06 19:00:00,23268.1,23289.8,23246.6,23271.3,0,16782
2025-08-06 18:00:00,23182.8,23275.6,23159.3,23268.6,0,20147
2025-08-06 17:00:00,23102.8,23186.8,23065.0,23182.6,0,24036
2025-08-06 16:00:00,23078.1,23144.1,23049.3,23101.3,0,17557
2025-08-06 15:00:00,23075.3,23086.8,23041.3,23078.8,0,8743
2025-08-06 14:00:00,23044.3,23096.8,23038.0,23076.6,0,7254
2025-08-06 13:00:00,23047.0,23056.8,23007.8,23044.6,0,8351
2025-08-06 12:00:00,23067.1,23080.3,23032.8,23047.8,0,6131
2025-08-06 11:00:00,23118.5,23127.3,23056.8,23066.8,0,7010
2025-08-06 10:00:00,23093.2,23124.5,23091.0,23120.8,0,6810
2025-08-06 09:00:00,23084.8,23107.0,23081.0,23092.3,0,4238
2025-08-06 08:00:00,23062.6,23101.8,23055.3,23085.3,0,4066
2025-08-06 07:00:00,23067.0,23073.7,23057.8,23062.3,0,2709
2025-08-06 06:00:00,23056.1,23070.0,23045.0,23066.6,0,3412
2025-08-06 05:00:00,23037.1,23068.3,23023.5,23055.5,0,4993
2025-08-06 04:00:00,22972.5,23040.8,22965.6,23037.6,0,6103
2025-08-06 03:00:00,22953.2,22994.6,22949.7,22972.5,0,6636
2025-08-06 02:00:00,22985.5,22997.8,22953.1,22953.1,0,4720
2025-08-06 01:00:00,22998.4,23011.1,22946.1,22985.5,0,6264
2025-08-05 23:00:00,23031.4,23046.6,22982.0,22988.6,0,6882
2025-08-05 22:00:00,23043.7,23073.1,23017.6,23029.4,0,17685
2025-08-05 21:00:00,23136.2,23144.4,23011.6,23043.5,0,18691
2025-08-05 20:00:00,23076.4,23147.7,23063.0,23137.3,0,15353
2025-08-05 19:00:00,23052.3,23120.5,23033.6,23076.6,0,19499
2025-08-05 18:00:00,23076.6,23115.9,23010.5,23052.3,0,23644
2025-08-05 17:00:00,23260.3,23260.3,23036.4,23077.6,0,24980
2025-08-05 16:00:00,23256.8,23293.1,23200.3,23263.7,0,16829
2025-08-05 15:00:00,23281.8,23300.0,23240.3,23257.2,0,8051
2025-08-05 14:00:00,23282.4,23292.9,23259.4,23280.8,0,5391
2025-08-05 13:00:00,23245.1,23289.9,23242.1,23282.1,0,4923
2025-08-05 12:00:00,23229.3,23246.7,23223.3,23245.4,0,3131
2025-08-05 11:00:00,23227.5,23240.1,23210.8,23228.6,0,6504
2025-08-05 10:00:00,23280.9,23294.1,23220.8,23227.4,0,7092
2025-08-05 09:00:00,23260.3,23290.1,23253.3,23282.8,0,3659
2025-08-05 08:00:00,23257.0,23264.6,23248.8,23260.1,0,2530
2025-08-05 07:00:00,23240.1,23256.7,23233.8,23256.4,0,2125
2025-08-05 06:00:00,23237.6,23254.4,23222.4,23239.9,0,3053
2025-08-05 05:00:00,23237.8,23244.6,23229.6,23237.9,0,2808
2025-08-05 04:00:00,23243.8,23268.6,23232.4,23237.6,0,5919
2025-08-05 03:00:00,23230.4,23271.5,23211.7,23244.1,0,5898
2025-08-05 02:00:00,23224.4,23246.2,23212.8,23231.3,0,3677
2025-08-05 01:00:00,23253.6,23254.4,23213.8,23223.9,0,3450
2025-08-04 23:00:00,23191.8,23247.0,23180.0,23245.6,0,6068
2025-08-04 22:00:00,23155.9,23201.3,23148.6,23191.4,0,14181
2025-08-04 21:00:00,23163.6,23178.6,23151.0,23156.3,0,12414
2025-08-04 20:00:00,23165.3,23180.2,23137.0,23163.1,0,11912
2025-08-04 19:00:00,23149.3,23174.4,23143.4,23165.3,0,13269
2025-08-04 18:00:00,23110.1,23158.5,23083.1,23149.1,0,20021
2025-08-04 17:00:00,23144.8,23155.7,23089.1,23110.5,0,21597
2025-08-04 16:00:00,22969.9,23151.6,22964.6,23140.3,0,16294
2025-08-04 15:00:00,22941.1,22975.2,22931.1,22969.8,0,7559
2025-08-04 14:00:00,22955.5,22969.8,22926.3,22937.9,0,7306
2025-08-04 13:00:00,22949.4,22972.1,22946.5,22956.6,0,5458
2025-08-04 12:00:00,22951.9,22971.4,22945.9,22949.6,0,5718
2025-08-04 11:00:00,22903.5,22954.7,22898.1,22952.1,0,7456
2025-08-04 10:00:00,22880.1,22936.3,22870.1,22902.6,0,9372
2025-08-04 09:00:00,22874.1,22891.9,22839.8,22882.7,0,7044
2025-08-04 08:00:00,22861.3,22886.9,22852.8,22875.1,0,4180
2025-08-04 07:00:00,22878.4,22879.5,22844.5,22861.3,0,3695
2025-08-04 06:00:00,22870.9,22879.9,22859.0,22879.1,0,3454
2025-08-04 05:00:00,22850.3,22873.6,22841.8,22870.3,0,4473
2025-08-04 04:00:00,22848.1,22864.4,22824.2,22850.1,0,7525
2025-08-04 03:00:00,22818.7,22854.9,22808.6,22847.6,0,8636
2025-08-04 02:00:00,22800.9,22822.2,22773.8,22818.4,0,7682
2025-08-04 01:00:00,22740.9,22807.0,22713.6,22800.6,0,8901
2025-08-01 23:00:00,22763.8,22777.2,22750.4,22753.1,0,6156
2025-08-01 22:00:00,22752.2,22825.1,22720.6,22764.6,0,23245
2025-08-01 21:00:00,22728.1,22825.6,22673.9,22753.5,0,22825
2025-08-01 20:00:00,22763.0,22782.1,22710.4,22728.6,0,23255
2025-08-01 19:00:00,22885.3,22928.0,22756.3,22762.9,0,22781
2025-08-01 18:00:00,22813.5,22899.2,22780.2,22889.8,0,24455
2025-08-01 17:00:00,22751.9,22906.1,22674.6,22813.1,0,27251
2025-08-01 16:00:00,22951.8,22985.6,22743.8,22756.3,0,22744
2025-08-01 15:00:00,23009.8,23048.7,22940.2,22951.6,0,15612
2025-08-01 14:00:00,22939.0,23012.9,22934.8,23008.9,0,9671
2025-08-01 13:00:00,23010.9,23011.0,22915.2,22938.9,0,10242
2025-08-01 12:00:00,22995.9,23023.8,22970.4,23010.9,0,9970
2025-08-01 11:00:00,23052.9,23055.6,22946.3,22997.9,0,14354
2025-08-01 10:00:00,23151.6,23163.8,23011.8,23053.1,0,14979
2025-08-01 09:00:00,23178.9,23182.0,23141.1,23154.6,0,6271
2025-08-01 08:00:00,23204.0,23209.9,23175.7,23178.6,0,4057
2025-08-01 07:00:00,23189.7,23206.6,23181.4,23203.7,0,3183
2025-08-01 06:00:00,23218.0,23227.5,23187.7,23189.4,0,3295
2025-08-01 05:00:00,23207.4,23224.5,23200.5,23217.7,0,3843
2025-08-01 04:00:00,23163.2,23213.4,23157.8,23207.8,0,7081
2025-08-01 03:00:00,23183.4,23188.9,23117.4,23165.6,0,9623
2025-08-01 02:00:00,23170.6,23195.1,23150.8,23183.9,0,7363
2025-08-01 01:00:00,23203.2,23231.9,23127.8,23171.3,0,7638
2025-07-31 23:00:00,23234.6,23296.7,23198.1,23212.3,0,10203
2025-07-31 22:00:00,23298.8,23325.6,23195.1,23235.6,0,23373
2025-07-31 21:00:00,23270.2,23348.8,23189.8,23297.8,0,23170
2025-07-31 20:00:00,23453.4,23454.9,23249.4,23272.8,0,21688
2025-07-31 19:00:00,23465.9,23500.4,23441.2,23453.3,0,16717
2025-07-31 18:00:00,23424.9,23467.6,23367.2,23467.4,0,22488
2025-07-31 17:00:00,23556.4,23582.7,23418.9,23424.6,0,24667
2025-07-31 16:00:00,23685.2,23687.4,23493.4,23553.8,0,18675
2025-07-31 15:00:00,23649.1,23691.9,23639.6,23685.1,0,9268
2025-07-31 14:00:00,23660.4,23683.9,23636.3,23646.7,0,6876
2025-07-31 13:00:00,23667.2,23686.6,23656.9,23660.3,0,4462
2025-07-31 12:00:00,23684.3,23689.9,23665.6,23667.0,0,4494
2025-07-31 11:00:00,23708.4,23709.9,23677.4,23682.9,0,5939
2025-07-31 10:00:00,23680.7,23728.2,23667.1,23708.9,0,6795
2025-07-31 09:00:00,23683.5,23689.7,23661.1,23680.7,0,4005
2025-07-31 08:00:00,23688.5,23692.7,23668.2,23683.7,0,3195
2025-07-31 07:00:00,23681.4,23691.9,23667.2,23688.6,0,2773
2025-07-31 06:00:00,23669.8,23683.9,23662.2,23681.4,0,2440
2025-07-31 05:00:00,23652.7,23676.5,23651.6,23670.4,0,2942
2025-07-31 04:00:00,23637.8,23662.8,23629.9,23652.9,0,4371
2025-07-31 03:00:00,23608.4,23641.4,23595.9,23637.8,0,5272
2025-07-31 02:00:00,23611.4,23623.0,23606.3,23608.8,0,3247
2025-07-31 01:00:00,23592.8,23615.0,23569.8,23611.9,0,6059
2025-07-30 23:00:00,23364.8,23569.9,23355.3,23544.1,0,10074
2025-07-30 22:00:00,23294.9,23373.2,23241.1,23367.2,0,24867
2025-07-30 21:00:00,23416.3,23472.0,23283.8,23295.3,0,21028
2025-07-30 20:00:00,23415.4,23433.4,23405.8,23416.3,0,11944
2025-07-30 19:00:00,23410.5,23427.6,23397.7,23415.0,0,11946
2025-07-30 18:00:00,23395.9,23411.0,23356.4,23410.8,0,16349
2025-07-30 17:00:00,23363.6,23421.9,23348.3,23396.3,0,19305
2025-07-30 16:00:00,23372.3,23406.8,23331.9,23364.5,0,16391
2025-07-30 15:00:00,23390.1,23390.1,23348.5,23372.6,0,8980
2025-07-30 14:00:00,23389.3,23403.9,23380.4,23390.0,0,3955
2025-07-30 13:00:00,23374.9,23390.3,23371.3,23390.3,0,3492
2025-07-30 12:00:00,23365.3,23380.2,23357.4,23374.8,0,3659
2025-07-30 11:00:00,23381.4,23394.5,23345.9,23365.4,0,4753
2025-07-30 10:00:00,23381.8,23390.2,23356.8,23381.9,0,5528
2025-07-30 09:00:00,23385.3,23392.7,23379.1,23382.2,0,2760
2025-07-30 08:00:00,23385.7,23392.1,23370.9,23385.7,0,2447
2025-07-30 07:00:00,23380.9,23389.9,23380.9,23385.9,0,1406
2025-07-30 06:00:00,23376.7,23388.2,23375.6,23381.2,0,1707
2025-07-30 05:00:00,23368.7,23378.9,23362.9,23375.9,0,2315
2025-07-30 04:00:00,23368.2,23373.9,23349.1,23368.4,0,3532
2025-07-30 03:00:00,23356.9,23372.4,23354.1,23368.4,0,3132
2025-07-30 02:00:00,23353.2,23363.4,23347.6,23357.2,0,1803
2025-07-30 01:00:00,23335.4,23356.9,23334.5,23353.2,0,2505
2025-07-29 23:00:00,23336.0,23341.8,23326.0,23331.8,0,3328
2025-07-29 22:00:00,23357.0,23365.5,23301.8,23334.5,0,14032
2025-07-29 21:00:00,23371.3,23385.0,23348.4,23358.0,0,11340
2025-07-29 20:00:00,23384.5,23400.4,23341.7,23371.5,0,13551
2025-07-29 19:00:00,23383.0,23392.7,23328.3,23386.5,0,15950
2025-07-29 18:00:00,23407.0,23422.1,23317.8,23383.5,0,20116
2025-07-29 17:00:00,23469.3,23471.6,23394.3,23407.1,0,19552
2025-07-29 16:00:00,23458.8,23531.7,23435.7,23465.8,0,14679
2025-07-29 15:00:00,23480.0,23492.5,23452.0,23458.5,0,4207
2025-07-29 14:00:00,23478.8,23485.5,23458.1,23479.8,0,3468
2025-07-29 13:00:00,23477.8,23487.1,23472.2,23478.8,0,2902
2025-07-29 12:00:00,23462.3,23485.3,23459.3,23477.8,0,2577
2025-07-29 11:00:00,23467.5,23472.5,23455.3,23462.0,0,3063
2025-07-29 10:00:00,23424.5,23478.0,23424.3,23467.8,0,3857
2025-07-29 09:00:00,23427.6,23433.9,23421.2,23423.9,0,2549
2025-07-29 08:00:00,23422.5,23432.5,23420.7,23427.0,0,1436
2025-07-29 07:00:00,23423.8,23431.0,23419.1,23422.2,0,1495
2025-07-29 06:00:00,23417.4,23426.1,23415.5,23423.0,0,1767
2025-07-29 05:00:00,23407.0,23418.7,23401.5,23417.5,0,2416
2025-07-29 04:00:00,23413.0,23424.5,23405.4,23407.2,0,2642
2025-07-29 03:00:00,23408.3,23416.5,23396.5,23412.9,0,3189
2025-07-29 02:00:00,23406.8,23410.3,23397.5,23408.2,0,1633
2025-07-29 01:00:00,23385.8,23409.3,23383.1,23406.0,0,2185
2025-07-28 23:00:00,23368.9,23389.8,23366.4,23385.8,0,3095
2025-07-28 22:00:00,23339.5,23372.6,23327.3,23369.6,0,10808
2025-07-28 21:00:00,23338.2,23347.5,23317.8,23339.8,0,10690
2025-07-28 20:00:00,23362.8,23365.3,23332.3,23338.6,0,11698
2025-07-28 19:00:00,23370.6,23384.1,23350.8,23362.5,0,10708
2025-07-28 18:00:00,23368.5,23376.3,23313.8,23370.3,0,14151
2025-07-28 17:00:00,23394.9,23402.0,23352.1,23368.3,0,18059
2025-07-28 16:00:00,23391.0,23396.5,23341.9,23395.6,0,16370
2025-07-28 15:00:00,23378.0,23397.3,23363.3,23390.8,0,4863
2025-07-28 14:00:00,23369.7,23383.3,23365.8,23378.3,0,3417
2025-07-28 13:00:00,23400.4,23400.9,23361.0,23370.0,0,4158
2025-07-28 12:00:00,23411.0,23416.5,23397.3,23400.1,0,3887
2025-07-28 11:00:00,23424.6,23426.3,23408.1,23410.9,0,3833
2025-07-28 10:00:00,23438.4,23441.9,23409.6,23424.8,0,4351
2025-07-28 09:00:00,23451.5,23461.7,23437.3,23437.8,0,2968
2025-07-28 08:00:00,23436.8,23454.8,23435.8,23451.2,0,2293
2025-07-28 07:00:00,23426.3,23441.5,23422.3,23436.5,0,1443
2025-07-28 06:00:00,23428.5,23429.6,23418.7,23426.0,0,1574
2025-07-28 05:00:00,23419.0,23443.3,23414.3,23428.7,0,2300
2025-07-28 04:00:00,23419.0,23420.1,23407.3,23419.3,0,2987
2025-07-28 03:00:00,23407.5,23420.8,23399.3,23418.8,0,4273
2025-07-28 02:00:00,23392.7,23432.5,23390.3,23407.8,0,3838
2025-07-28 01:00:00,23394.7,23433.8,23382.0,23392.6,0,5430
2025-07-25 23:00:00,23291.3,23317.1,23276.0,23316.0,0,3730
2025-07-25 22:00:00,23311.6,23324.0,23276.9,23290.3,0,10878
2025-07-25 21:00:00,23307.8,23328.1,23299.0,23311.6,0,9529
2025-07-25 20:00:00,23318.8,23323.6,23300.8,23307.8,0,9749
2025-07-25 19:00:00,23289.8,23344.5,23285.1,23319.0,0,11481
2025-07-25 18:00:00,23274.1,23293.9,23261.4,23289.5,0,12662
2025-07-25 17:00:00,23259.2,23285.8,23254.0,23273.8,0,17434
2025-07-25 16:00:00,23239.3,23276.3,23199.5,23257.8,0,16539
2025-07-25 15:00:00,23234.2,23255.3,23228.0,23239.5,0,4313
2025-07-25 14:00:00,23256.3,23257.4,23229.3,23233.5,0,3047
2025-07-25 13:00:00,23242.3,23259.6,23239.3,23256.5,0,2432
2025-07-25 12:00:00,23243.3,23245.5,23225.0,23242.5,0,2723
2025-07-25 11:00:00,23235.0,23249.3,23217.8,23243.8,0,4304
2025-07-25 10:00:00,23260.0,23262.8,23223.8,23234.8,0,5657
2025-07-25 09:00:00,23276.3,23280.6,23257.5,23259.4,0,2638
2025-07-25 08:00:00,23266.3,23277.8,23264.0,23276.2,0,2205
2025-07-25 07:00:00,23296.8,23300.3,23261.5,23266.0,0,2072
2025-07-25 06:00:00,23290.6,23309.5,23289.4,23296.8,0,1929
2025-07-25 05:00:00,23295.7,23304.5,23288.7,23290.2,0,1858
2025-07-25 04:00:00,23283.3,23303.1,23278.0,23295.5,0,2810
2025-07-25 03:00:00,23275.4,23291.6,23270.0,23283.0,0,3215
2025-07-25 02:00:00,23269.8,23278.2,23259.0,23274.8,0,2063
2025-07-25 01:00:00,23261.3,23284.1,23253.5,23269.5,0,2144
2025-07-24 23:00:00,23238.6,23266.9,23232.5,23260.8,0,4705
2025-07-24 22:00:00,23265.8,23287.9,23238.3,23242.1,0,14049
2025-07-24 21:00:00,23249.8,23286.4,23243.8,23266.0,0,12985
2025-07-24 20:00:00,23236.3,23286.9,23232.3,23250.0,0,12895
2025-07-24 19:00:00,23253.3,23254.5,23206.3,23236.2,0,15869
2025-07-24 18:00:00,23239.8,23266.3,23234.8,23253.9,0,16273
2025-07-24 17:00:00,23229.9,23246.5,23164.4,23238.3,0,21831
2025-07-24 16:00:00,23226.0,23264.9,23200.4,23228.2,0,18097
2025-07-24 15:00:00,23251.3,23258.3,23193.4,23225.8,0,7980
2025-07-24 14:00:00,23239.4,23268.3,23233.5,23252.0,0,4366
2025-07-24 13:00:00,23258.1,23259.6,23229.5,23239.3,0,4367
2025-07-24 12:00:00,23256.3,23262.5,23247.8,23255.9,0,3312
2025-07-24 11:00:00,23234.6,23256.6,23213.3,23256.6,0,4870
2025-07-24 10:00:00,23225.0,23235.9,23218.5,23235.6,0,5600
2025-07-24 09:00:00,23239.0,23257.2,23220.0,23225.2,0,3859
2025-07-24 08:00:00,23245.5,23250.4,23239.2,23239.2,0,2386
2025-07-24 07:00:00,23244.7,23249.4,23238.7,23245.7,0,2123
2025-07-24 06:00:00,23271.0,23271.5,23241.5,23245.0,0,2580
2025-07-24 05:00:00,23274.0,23280.4,23267.0,23270.7,0,2431
2025-07-24 04:00:00,23260.0,23288.0,23255.6,23274.2,0,3909
2025-07-24 03:00:00,23266.0,23271.6,23248.0,23260.2,0,3958
2025-07-24 02:00:00,23254.2,23270.6,23251.7,23266.5,0,2460
2025-07-24 01:00:00,23262.7,23267.7,23249.2,23253.7,0,3525
2025-07-23 23:00:00,23187.5,23279.3,23166.3,23274.3,0,8347
2025-07-23 22:00:00,23165.6,23186.9,23132.0,23186.9,0,12514
2025-07-23 21:00:00,23127.0,23186.5,23126.4,23165.0,0,12477
2025-07-23 20:00:00,23091.5,23132.5,23077.6,23126.3,0,13620
2025-07-23 19:00:00,23116.7,23125.8,23057.3,23091.3,0,17816
2025-07-23 18:00:00,23062.1,23155.6,23042.3,23120.5,0,16679
2025-07-23 17:00:00,23030.1,23066.8,23010.1,23062.5,0,21032
2025-07-23 16:00:00,23099.5,23133.0,23024.3,23029.1,0,17111
2025-07-23 15:00:00,23120.7,23131.6,23093.6,23099.8,0,5433
2025-07-23 14:00:00,23123.6,23127.0,23096.0,23120.3,0,4963
2025-07-23 13:00:00,23134.6,23144.0,23123.3,23123.8,0,3184
2025-07-23 12:00:00,23142.2,23146.0,23121.9,23134.8,0,3154
2025-07-23 11:00:00,23120.7,23144.5,23120.0,23142.3,0,4516
2025-07-23 10:00:00,23133.1,23140.0,23107.9,23123.5,0,6343
2025-07-23 09:00:00,23114.0,23134.0,23106.5,23130.8,0,3935
2025-07-23 08:00:00,23111.5,23122.3,23107.8,23113.8,0,3056
2025-07-23 07:00:00,23101.2,23114.1,23095.7,23112.0,0,2334
2025-07-23 06:00:00,23108.7,23117.8,23094.5,23101.8,0,2921
2025-07-23 05:00:00,23114.7,23114.7,23089.2,23108.5,0,3796
2025-07-23 04:00:00,23065.9,23116.5,23061.9,23114.5,0,5743
2025-07-23 03:00:00,23125.3,23129.8,23062.3,23067.0,0,7196
2025-07-23 02:00:00,23045.1,23130.3,23044.2,23125.0,0,7278
2025-07-23 01:00:00,23052.3,23067.5,23034.0,23044.8,0,2871
2025-07-22 23:00:00,23081.9,23083.8,23049.1,23059.0,0,5114
2025-07-22 22:00:00,23111.1,23117.3,23080.5,23082.4,0,13973
2025-07-22 21:00:00,23077.6,23113.5,23031.8,23112.0,0,14339
2025-07-22 20:00:00,23058.2,23110.3,23055.8,23077.5,0,13835
2025-07-22 19:00:00,23067.1,23084.5,23020.0,23058.8,0,17079
2025-07-22 18:00:00,23084.4,23094.9,23055.0,23066.8,0,18565
2025-07-22 17:00:00,23001.2,23090.0,22971.0,23084.6,0,23999
2025-07-22 16:00:00,23194.9,23207.8,22973.3,23002.1,0,17626
2025-07-22 15:00:00,23191.0,23201.1,23181.6,23195.0,0,5761
2025-07-22 14:00:00,23159.8,23192.4,23155.0,23191.3,0,5866
2025-07-22 13:00:00,23142.5,23161.8,23137.8,23160.1,0,3994
2025-07-22 12:00:00,23136.8,23146.8,23129.8,23142.3,0,4375
2025-07-22 11:00:00,23165.3,23176.6,23132.3,23136.9,0,6333
2025-07-22 10:00:00,23174.1,23207.9,23145.0,23165.0,0,5854
2025-07-22 09:00:00,23174.7,23179.5,23165.7,23174.5,0,2815
2025-07-22 08:00:00,23166.5,23176.2,23159.2,23174.4,0,2879
2025-07-22 07:00:00,23189.5,23190.4,23157.7,23166.4,0,3415
2025-07-22 06:00:00,23207.5,23208.7,23181.5,23189.7,0,2950
2025-07-22 05:00:00,23225.5,23226.1,23204.4,23207.2,0,2180
2025-07-22 04:00:00,23200.4,23227.5,23195.4,23225.2,0,3402
2025-07-22 03:00:00,23206.6,23221.2,23198.2,23200.5,0,3545
2025-07-22 02:00:00,23204.0,23210.6,23196.2,23207.0,0,1730
2025-07-22 01:00:00,23199.9,23211.3,23198.0,23203.9,0,1642
2025-07-21 23:00:00,23201.1,23209.9,23196.9,23204.4,0,3794
2025-07-21 22:00:00,23247.3,23248.9,23185.4,23200.9,0,16292
2025-07-21 21:00:00,23267.9,23273.8,23243.2,23246.9,0,10578
2025-07-21 20:00:00,23262.1,23279.5,23260.7,23268.0,0,9308
2025-07-21 19:00:00,23242.6,23266.5,23216.4,23261.8,0,13220
2025-07-21 18:00:00,23254.8,23262.9,23236.3,23242.9,0,13768
2025-07-21 17:00:00,23234.0,23281.8,23234.0,23255.0,0,18453
2025-07-21 16:00:00,23095.3,23252.5,23081.1,23232.4,0,16029
2025-07-21 15:00:00,23135.3,23141.1,23093.4,23095.3,0,4610
2025-07-21 14:00:00,23147.6,23149.8,23132.8,23134.8,0,3105
2025-07-21 13:00:00,23147.4,23162.8,23138.6,23148.1,0,2655
2025-07-21 12:00:00,23147.4,23156.1,23143.1,23146.9,0,2306
2025-07-21 11:00:00,23153.6,23165.8,23139.6,23146.9,0,4076
2025-07-21 10:00:00,23134.5,23155.6,23134.4,23153.8,0,3891
2025-07-21 09:00:00,23125.4,23152.2,23123.4,23134.4,0,2967
2025-07-21 08:00:00,23127.4,23133.1,23120.1,23125.7,0,1888
2025-07-21 07:00:00,23104.2,23127.7,23103.6,23127.4,0,1402
2025-07-21 06:00:00,23115.0,23119.2,23100.0,23103.9,0,1589
2025-07-21 05:00:00,23121.6,23127.9,23112.9,23114.9,0,1974
2025-07-21 04:00:00,23109.6,23134.4,23108.6,23121.9,0,3073
2025-07-21 03:00:00,23117.6,23120.4,23108.4,23109.6,0,2372
2025-07-21 02:00:00,23102.2,23119.9,23094.7,23117.4,0,2586
2025-07-21 01:00:00,23086.0,23102.7,23061.9,23101.9,0,3628
2025-07-18 23:00:00,23075.9,23078.3,23067.3,23077.7,0,2968
2025-07-18 22:00:00,23053.3,23080.5,23048.5,23075.4,0,12293
2025-07-18 21:00:00,23049.2,23076.4,23044.7,23053.5,0,11067
2025-07-18 20:00:00,23036.8,23071.8,23022.7,23048.1,0,14002
2025-07-18 19:00:00,23097.1,23098.8,23025.1,23036.6,0,16085
2025-07-18 18:00:00,23053.9,23100.6,23036.4,23096.9,0,16298
2025-07-18 17:00:00,23102.4,23124.4,23036.4,23054.2,0,20697
2025-07-18 16:00:00,23118.3,23168.4,23096.9,23098.6,0,15714
2025-07-18 15:00:00,23114.3,23121.8,23103.6,23118.3,0,5555
2025-07-18 14:00:00,23116.7,23122.1,23100.8,23113.8,0,4461
2025-07-18 13:00:00,23127.3,23130.8,23101.8,23115.9,0,4023
2025-07-18 12:00:00,23131.3,23138.9,23125.2,23127.4,0,2755
2025-07-18 11:00:00,23117.8,23136.3,23115.6,23131.1,0,4105
2025-07-18 10:00:00,23132.9,23142.3,23110.6,23118.5,0,5088
2025-07-18 09:00:00,23152.9,23158.6,23132.4,23133.1,0,2793
2025-07-18 08:00:00,23127.9,23158.4,23127.2,23153.2,0,2381
2025-07-18 07:00:00,23124.9,23130.5,23121.1,23128.2,0,1419
2025-07-18 06:00:00,23129.1,23134.9,23123.6,23125.2,0,1911
2025-07-18 05:00:00,23115.9,23136.5,23110.1,23129.4,0,2122
2025-07-18 04:00:00,23116.0,23121.7,23109.1,23116.2,0,2645
2025-07-18 03:00:00,23130.2,23134.1,23113.9,23116.6,0,3383
2025-07-18 02:00:00,23106.7,23137.7,23106.1,23130.4,0,3181
2025-07-18 01:00:00,23103.5,23110.4,23094.9,23106.4,0,2532
2025-07-17 23:00:00,23103.9,23120.1,23080.4,23112.1,0,4809
2025-07-17 22:00:00,23099.3,23123.1,23091.3,23102.6,0,12566
2025-07-17 21:00:00,23122.5,23122.6,23082.6,23098.5,0,11067
2025-07-17 20:00:00,23103.1,23121.3,23086.8,23121.1,0,10730
2025-07-17 19:00:00,23094.3,23120.9,23090.3,23102.7,0,12291
2025-07-17 18:00:00,23040.8,23096.9,23040.6,23094.7,0,15647
2025-07-17 17:00:00,22997.2,23045.5,22962.4,23041.3,0,18734
2025-07-17 16:00:00,22992.3,23005.1,22912.9,22997.0,0,16119
2025-07-17 15:00:00,22933.3,22994.1,22922.7,22992.8,0,7967
2025-07-17 14:00:00,22936.8,22941.8,22919.8,22933.9,0,4805
2025-07-17 13:00:00,22955.9,22962.1,22934.6,22936.3,0,3626
2025-07-17 12:00:00,22950.8,22972.3,22949.8,22956.1,0,3661
2025-07-17 11:00:00,22958.6,22965.3,22935.6,22950.5,0,6007
2025-07-17 10:00:00,22984.5,22987.9,22947.1,22960.1,0,7411
2025-07-17 09:00:00,22934.2,22998.3,22933.6,22984.8,0,5670
2025-07-17 08:00:00,22888.3,22946.4,22886.0,22934.0,0,3724
2025-07-17 07:00:00,22885.5,22888.8,22873.8,22887.9,0,1776
2025-07-17 06:00:00,22871.1,22887.1,22864.1,22885.6,0,2287
2025-07-17 05:00:00,22880.6,22880.8,22868.3,22871.3,0,2427
2025-07-17 04:00:00,22898.1,22905.3,22872.8,22880.8,0,3822
2025-07-17 03:00:00,22887.6,22901.1,22871.5,22898.8,0,4465
2025-07-17 02:00:00,22881.8,22892.6,22877.3,22887.3,0,2289
2025-07-17 01:00:00,22913.5,22915.8,22878.3,22881.6,0,3263
2025-07-16 23:00:00,22918.8,22919.5,22900.0,22907.2,0,3120
2025-07-16 22:00:00,22916.3,22943.8,22902.3,22919.8,0,12390
2025-07-16 21:00:00,22873.8,22917.0,22860.8,22917.0,0,12440
2025-07-16 20:00:00,22890.1,22911.8,22864.5,22872.3,0,14421
2025-07-16 19:00:00,22834.1,22890.9,22798.6,22890.1,0,19179
2025-07-16 18:00:00,22836.8,22888.3,22680.6,22835.0,0,24577
2025-07-16 17:00:00,22811.9,22876.6,22792.4,22833.9,0,22171
2025-07-16 16:00:00,22916.8,22932.8,22801.1,22811.8,0,15903
2025-07-16 15:00:00,22865.2,22927.7,22854.0,22917.0,0,7966
2025-07-16 14:00:00,22856.9,22867.8,22839.7,22864.4,0,5363
2025-07-16 13:00:00,22845.6,22864.3,22837.5,22858.2,0,3651
2025-07-16 12:00:00,22846.3,22848.6,22824.0,22845.5,0,5089
2025-07-16 11:00:00,22826.7,22859.1,22814.6,22847.1,0,6474
2025-07-16 10:00:00,22816.5,22835.0,22773.8,22826.9,0,8736
2025-07-16 09:00:00,22851.3,22854.6,22812.0,22816.6,0,5853
2025-07-16 08:00:00,22870.8,22890.4,22839.5,22852.4,0,5928
2025-07-16 07:00:00,22861.5,22877.4,22861.3,22866.4,0,2548
2025-07-16 06:00:00,22857.5,22872.8,22857.2,22861.3,0,2726
2025-07-16 05:00:00,22876.3,22879.1,22849.9,22857.9,0,3571
2025-07-16 04:00:00,22844.7,22877.0,22842.5,22876.4,0,5509
2025-07-16 03:00:00,22859.5,22864.6,22823.3,22845.4,0,6498
2025-07-16 02:00:00,22855.1,22865.2,22829.8,22859.9,0,4226
2025-07-16 01:00:00,22867.1,22877.6,22820.0,22855.0,0,4234
2025-07-15 23:00:00,22894.7,22901.1,22853.3,22860.4,0,6792
2025-07-15 22:00:00,22932.6,22964.5,22892.6,22895.1,0,16886
2025-07-15 21:00:00,23012.3,23022.0,22936.8,22936.8,0,14728
2025-07-15 20:00:00,22940.5,23012.9,22930.9,23011.9,0,16420
2025-07-15 19:00:00,22999.8,23010.1,22925.4,22940.9,0,17301
2025-07-15 18:00:00,22941.8,23022.5,22941.8,22999.5,0,19481
2025-07-15 17:00:00,22982.2,23040.3,22938.3,22941.9,0,22780
2025-07-15 16:00:00,23037.8,23063.8,22964.7,22980.4,0,17643
2025-07-15 15:00:00,23008.8,23049.1,22972.3,23037.0,0,10706
2025-07-15 14:00:00,23010.6,23032.7,22995.5,23008.1,0,5228
2025-07-15 13:00:00,23015.1,23029.7,23003.9,23011.7,0,4279
2025-07-15 12:00:00,22997.0,23020.4,22991.1,23015.5,0,4062
2025-07-15 11:00:00,23001.8,23019.7,22984.9,22997.0,0,5916
2025-07-15 10:00:00,22984.7,23010.9,22973.9,23002.0,0,5940
2025-07-15 09:00:00,22988.4,22996.2,22973.4,22984.4,0,3870
2025-07-15 08:00:00,22956.9,23010.5,22955.2,22988.2,0,4753
2025-07-15 07:00:00,22935.0,22962.0,22931.7,22957.2,0,2913
2025-07-15 06:00:00,22896.9,22942.0,22888.5,22935.2,0,4460
2025-07-15 05:00:00,22984.9,23004.5,22882.4,22897.7,0,9158
2025-07-15 04:00:00,22846.8,23014.2,22839.2,22983.7,0,6594
2025-07-15 03:00:00,22853.3,22860.9,22838.9,22847.0,0,3543
2025-07-15 02:00:00,22842.4,22856.0,22838.1,22852.4,0,2008
2025-07-15 01:00:00,22874.6,22874.6,22841.4,22843.2,0,2885
2025-07-14 23:00:00,22873.2,22877.5,22860.9,22874.8,0,2751
2025-07-14 22:00:00,22890.5,22897.8,22855.0,22871.5,0,11439
2025-07-14 21:00:00,22883.3,22898.3,22874.5,22890.0,0,8843
2025-07-14 20:00:00,22872.8,22904.8,22872.4,22883.0,0,9768
2025-07-14 19:00:00,22847.3,22878.9,22838.3,22872.5,0,12029
2025-07-14 18:00:00,22830.0,22861.1,22824.0,22847.4,0,16653
2025-07-14 17:00:00,22750.6,22830.7,22744.3,22830.4,0,20952
2025-07-14 16:00:00,22736.8,22817.3,22681.5,22750.1,0,16135
2025-07-14 15:00:00,22722.7,22747.5,22718.0,22737.4,0,4482
2025-07-14 14:00:00,22715.9,22738.0,22702.9,22726.0,0,4869
2025-07-14 13:00:00,22738.1,22738.8,22709.0,22716.0,0,3207
2025-07-14 12:00:00,22725.8,22742.0,22718.2,22737.8,0,2908
2025-07-14 11:00:00,22720.5,22736.6,22704.5,22725.8,0,4705
2025-07-14 10:00:00,22678.9,22722.1,22643.7,22720.5,0,6871
2025-07-14 09:00:00,22668.8,22685.0,22654.2,22680.3,0,4941
2025-07-14 08:00:00,22701.0,22708.3,22665.9,22669.5,0,3164
2025-07-14 07:00:00,22712.5,22717.8,22700.1,22701.0,0,2111
2025-07-14 06:00:00,22695.8,22714.7,22689.2,22712.5,0,2486
2025-07-14 05:00:00,22695.8,22710.8,22694.5,22696.0,0,2951
2025-07-14 04:00:00,22689.7,22703.5,22680.0,22695.5,0,4387
2025-07-14 03:00:00,22706.6,22716.0,22687.8,22689.8,0,5783
2025-07-14 02:00:00,22720.3,22724.4,22676.3,22705.0,0,5300
2025-07-14 01:00:00,22701.1,22726.4,22641.6,22720.8,0,6573
2025-07-11 23:00:00,22786.0,22787.7,22764.9,22767.6,0,4633
2025-07-11 22:00:00,22806.1,22827.0,22754.6,22786.0,0,17436
2025-07-11 21:00:00,22827.1,22848.4,22799.8,22806.9,0,12924
2025-07-11 20:00:00,22833.6,22851.4,22793.0,22828.4,0,14058
2025-07-11 19:00:00,22806.7,22838.4,22789.0,22833.6,0,16962
2025-07-11 18:00:00,22800.6,22838.9,22739.4,22806.6,0,20444
2025-07-11 17:00:00,22792.4,22836.3,22773.8,22799.7,0,21427
2025-07-11 16:00:00,22734.6,22797.3,22693.9,22793.9,0,18033
2025-07-11 15:00:00,22736.7,22750.1,22711.9,22734.6,0,7872
2025-07-11 14:00:00,22702.7,22753.8,22699.3,22738.6,0,6257
2025-07-11 13:00:00,22694.1,22722.1,22683.3,22701.9,0,7213
2025-07-11 12:00:00,22733.6,22743.7,22689.1,22694.6,0,6209
2025-07-11 11:00:00,22731.8,22745.8,22701.4,22733.9,0,8297
2025-07-11 10:00:00,22787.4,22798.4,22728.1,22731.9,0,9281
2025-07-11 09:00:00,22772.1,22799.6,22771.8,22787.6,0,4793
2025-07-11 08:00:00,22796.1,22805.1,22767.6,22771.9,0,3420
2025-07-11 07:00:00,22798.4,22804.5,22791.4,22796.3,0,2597
2025-07-11 06:00:00,22776.1,22800.1,22774.6,22798.2,0,3241
2025-07-11 05:00:00,22756.3,22778.4,22748.6,22775.8,0,4304
2025-07-11 04:00:00,22713.5,22770.2,22696.1,22756.9,0,7997
2025-07-11 03:00:00,22874.6,22876.0,22661.3,22712.4,0,15419
2025-07-11 02:00:00,22868.4,22878.6,22860.8,22874.6,0,2075
2025-07-11 01:00:00,22839.0,22869.8,22836.8,22868.1,0,2512
2025-07-10 23:00:00,22842.4,22852.3,22825.5,22837.6,0,3341
2025-07-10 22:00:00,22863.5,22870.8,22817.4,22843.5,0,11973
2025-07-10 21:00:00,22863.2,22876.3,22850.8,22864.1,0,10110
2025-07-10 20:00:00,22818.8,22867.3,22815.1,22863.3,0,11513
2025-07-10 19:00:00,22851.0,22851.2,22789.9,22818.8,0,13787
2025-07-10 18:00:00,22789.7,22851.6,22767.0,22851.0,0,16394
2025-07-10 17:00:00,22786.9,22813.0,22728.8,22789.8,0,22835
2025-07-10 16:00:00,22875.0,22916.2,22766.2,22786.7,0,16591
2025-07-10 15:00:00,22896.4,22898.8,22861.8,22875.5,0,6084
2025-07-10 14:00:00,22869.0,22903.3,22865.3,22897.8,0,4062
2025-07-10 13:00:00,22851.3,22879.2,22848.0,22870.5,0,2891
2025-07-10 12:00:00,22872.3,22876.5,22838.5,22851.3,0,3303
2025-07-10 11:00:00,22846.3,22872.8,22842.8,22872.0,0,3424
2025-07-10 10:00:00,22819.0,22848.3,22810.0,22846.3,0,4881
2025-07-10 09:00:00,22818.3,22823.0,22807.3,22818.8,0,3355
2025-07-10 08:00:00,22821.8,22828.0,22805.0,22818.8,0,2618
2025-07-10 07:00:00,22823.3,22824.0,22813.4,22821.5,0,2135
2025-07-10 06:00:00,22843.3,22844.0,22820.0,22823.5,0,2653
2025-07-10 05:00:00,22816.8,22847.8,22816.5,22845.0,0,2800
2025-07-10 04:00:00,22832.2,22838.7,22814.6,22817.0,0,4275
2025-07-10 03:00:00,22861.5,22861.5,22830.5,22831.8,0,4671
2025-07-10 02:00:00,22884.3,22885.5,22857.5,22861.3,0,2438
2025-07-10 01:00:00,22863.3,22891.2,22859.9,22884.0,0,2275
2025-07-09 23:00:00,22875.1,22883.5,22858.8,22867.5,0,3171
2025-07-09 22:00:00,22856.5,22881.0,22847.8,22875.7,0,12634
2025-07-09 21:00:00,22797.3,22863.8,22796.6,22856.3,0,13183
2025-07-09 20:00:00,22807.0,22824.3,22785.3,22798.3,0,15511
2025-07-09 19:00:00,22772.3,22832.5,22763.3,22806.7,0,14803
2025-07-09 18:00:00,22769.9,22812.2,22744.1,22772.4,0,19428
2025-07-09 17:00:00,22909.8,22935.4,22752.3,22771.4,0,23202
2025-07-09 16:00:00,22760.1,22920.8,22755.8,22910.5,0,15166
2025-07-09 15:00:00,22762.8,22779.3,22752.5,22760.0,0,4973
2025-07-09 14:00:00,22748.3,22775.3,22744.0,22763.3,0,3690
2025-07-09 13:00:00,22748.8,22758.8,22735.4,22747.5,0,3725
2025-07-09 12:00:00,22715.9,22766.8,22715.0,22748.9,0,4487
2025-07-09 11:00:00,22717.3,22725.5,22702.8,22714.8,0,3953
2025-07-09 10:00:00,22720.5,22727.9,22699.3,22717.3,0,4968
2025-07-09 09:00:00,22698.8,22723.1,22668.5,22720.2,0,4325
2025-07-09 08:00:00,22716.7,22720.5,22694.3,22698.5,0,2558
2025-07-09 07:00:00,22698.7,22719.0,22695.3,22716.8,0,1966
2025-07-09 06:00:00,22705.0,22710.1,22693.0,22698.8,0,2389
2025-07-09 05:00:00,22714.8,22725.1,22704.7,22705.3,0,2907
2025-07-09 04:00:00,22699.8,22716.3,22679.3,22714.5,0,4405
2025-07-09 03:00:00,22724.5,22724.5,22689.0,22699.8,0,3319
2025-07-09 02:00:00,22738.1,22747.8,22719.3,22725.3,0,2087
2025-07-09 01:00:00,22729.8,22745.7,22725.9,22737.8,0,1880
2025-07-08 23:00:00,22713.8,22728.7,22707.6,22725.0,0,3571
2025-07-08 22:00:00,22720.3,22723.8,22693.5,22713.9,0,15887
2025-07-08 21:00:00,22755.4,22763.1,22713.0,22721.1,0,14894
2025-07-08 20:00:00,22738.4,22760.5,22698.4,22756.2,0,17889
2025-07-08 19:00:00,22728.1,22784.4,22710.7,22738.4,0,18598
2025-07-08 18:00:00,22714.7,22735.8,22676.9,22727.9,0,20500
2025-07-08 17:00:00,22702.3,22763.4,22662.2,22714.7,0,23593
2025-07-08 16:00:00,22760.6,22776.7,22702.4,22702.4,0,15788
2025-07-08 15:00:00,22756.3,22776.1,22735.6,22760.4,0,6474
2025-07-08 14:00:00,22765.1,22777.6,22751.6,22760.8,0,4215
2025-07-08 13:00:00,22745.4,22773.4,22727.1,22765.4,0,4415
2025-07-08 12:00:00,22766.3,22774.4,22738.8,22745.3,0,4041
2025-07-08 11:00:00,22784.4,22784.8,22754.4,22767.3,0,4916
2025-07-08 10:00:00,22769.6,22793.0,22738.6,22784.3,0,5871
2025-07-08 09:00:00,22754.9,22772.4,22744.4,22768.2,0,4055
2025-07-08 08:00:00,22731.4,22755.7,22725.5,22754.8,0,3252
2025-07-08 07:00:00,22736.7,22747.4,22728.9,22731.2,0,2803
2025-07-08 06:00:00,22757.2,22758.7,22731.7,22736.9,0,2692
2025-07-08 05:00:00,22714.6,22759.4,22707.7,22757.1,0,3716
2025-07-08 04:00:00,22726.1,22743.7,22709.4,22714.7,0,4956
2025-07-08 03:00:00,22695.0,22734.7,22677.9,22727.1,0,5400
2025-07-08 02:00:00,22667.9,22699.9,22663.7,22694.7,0,3701
2025-07-08 01:00:00,22657.2,22674.4,22630.7,22667.4,0,4323
2025-07-07 23:00:00,22699.7,22704.7,22640.3,22656.7,0,5321
2025-07-07 22:00:00,22694.6,22708.6,22659.7,22702.3,0,17535
2025-07-07 21:00:00,22689.1,22699.3,22599.4,22695.7,0,19351
2025-07-07 20:00:00,22687.9,22745.5,22664.8,22688.9,0,19769
2025-07-07 19:00:00,22747.5,22778.4,22652.3,22687.9,0,22119
2025-07-07 18:00:00,22713.6,22755.5,22708.2,22747.4,0,18989
2025-07-07 17:00:00,22762.9,22781.4,22701.8,22713.6,0,22439
2025-07-07 16:00:00,22770.2,22793.8,22719.3,22763.7,0,17349
2025-07-07 15:00:00,22798.5,22819.9,22762.2,22770.0,0,6667
2025-07-07 14:00:00,22781.6,22802.9,22773.5,22799.8,0,4446
2025-07-07 13:00:00,22782.9,22807.9,22778.1,22780.8,0,4905
2025-07-07 12:00:00,22731.9,22784.8,22727.6,22783.1,0,4486
2025-07-07 11:00:00,22767.8,22767.8,22727.1,22731.9,0,6679
2025-07-07 10:00:00,22757.4,22767.9,22745.1,22767.7,0,6035
2025-07-07 09:00:00,22767.3,22770.6,22736.8,22756.4,0,4650
2025-07-07 08:00:00,22765.7,22769.8,22751.4,22767.9,0,2962
2025-07-07 07:00:00,22792.9,22809.1,22763.3,22765.3,0,2969
2025-07-07 06:00:00,22776.1,22795.1,22760.2,22793.1,0,3097
2025-07-07 05:00:00,22761.3,22787.7,22758.1,22776.4,0,4412
2025-07-07 04:00:00,22788.7,22789.4,22733.1,22761.1,0,6951
2025-07-07 03:00:00,22802.9,22817.9,22782.9,22788.8,0,4720
2025-07-07 02:00:00,22794.7,22824.1,22779.1,22802.6,0,4470
2025-07-07 01:00:00,22793.4,22843.2,22765.4,22794.1,0,6778
2025-07-04 19:00:00,22744.1,22745.4,22706.6,22716.6,0,5886
2025-07-04 18:00:00,22747.0,22753.0,22721.6,22744.6,0,5942
2025-07-04 17:00:00,22734.3,22755.1,22719.0,22746.7,0,6970
2025-07-04 16:00:00,22732.8,22743.4,22698.4,22734.1,0,9560
2025-07-04 15:00:00,22732.0,22745.4,22721.0,22732.5,0,5464
2025-07-04 14:00:00,22716.0,22746.6,22708.9,22731.8,0,6943
2025-07-04 13:00:00,22755.4,22761.0,22692.0,22715.9,0,5424
2025-07-04 12:00:00,22737.8,22762.0,22720.7,22756.3,0,6166
2025-07-04 11:00:00,22755.4,22782.3,22733.3,22738.0,0,5953
2025-07-04 10:00:00,22795.0,22808.6,22752.4,22756.3,0,6343
2025-07-04 09:00:00,22813.5,22815.0,22792.2,22794.8,0,3895
2025-07-04 08:00:00,22814.0,22818.2,22795.4,22813.8,0,2631
2025-07-04 07:00:00,22818.5,22824.2,22803.0,22813.7,0,2619
2025-07-04 06:00:00,22823.2,22827.8,22811.7,22818.2,0,2225
2025-07-04 05:00:00,22836.0,22838.7,22801.0,22823.5,0,3374
2025-07-04 04:00:00,22834.7,22858.3,22833.2,22835.9,0,3063
2025-07-04 03:00:00,22844.0,22844.3,22825.7,22834.5,0,3480
2025-07-04 02:00:00,22855.1,22863.0,22837.9,22843.9,0,2110
2025-07-04 01:00:00,22858.2,22870.6,22831.5,22856.0,0,3738
2025-07-03 20:00:00,22862.8,22875.0,22839.1,22864.8,0,3485
2025-07-03 19:00:00,22890.3,22901.0,22834.8,22863.1,0,14024
2025-07-03 18:00:00,22852.5,22906.4,22852.1,22890.2,0,14252
2025-07-03 17:00:00,22793.7,22870.7,22792.7,22852.9,0,18549
2025-07-03 16:00:00,22700.3,22809.6,22698.6,22793.8,0,16526
2025-07-03 15:00:00,22670.0,22741.5,22655.1,22700.4,0,10663
2025-07-03 14:00:00,22660.6,22674.7,22656.1,22670.9,0,4382
2025-07-03 13:00:00,22657.7,22663.4,22638.8,22661.3,0,3802
2025-07-03 12:00:00,22660.9,22679.9,22655.4,22657.5,0,4493
2025-07-03 11:00:00,22687.9,22699.9,22661.1,22661.4,0,4125
2025-07-03 10:00:00,22687.9,22708.5,22679.4,22688.4,0,4463
2025-07-03 09:00:00,22681.1,22697.1,22669.7,22688.4,0,3235
2025-07-03 08:00:00,22674.5,22681.6,22658.8,22680.9,0,2419
2025-07-03 07:00:00,22669.4,22681.9,22667.1,22674.9,0,1969
2025-07-03 06:00:00,22654.6,22689.3,22653.7,22669.3,0,3084
2025-07-03 05:00:00,22657.6,22658.5,22635.1,22655.4,0,3009
2025-07-03 04:00:00,22658.4,22675.1,22650.6,22657.8,0,3102
2025-07-03 03:00:00,22655.0,22664.4,22646.9,22658.9,0,3313
2025-07-03 02:00:00,22653.6,22657.6,22650.1,22656.1,0,1530
2025-07-03 01:00:00,22651.8,22668.1,22639.3,22653.4,0,2615
2025-07-02 23:00:00,22653.2,22664.8,22639.7,22661.3,0,4091
2025-07-02 22:00:00,22637.2,22661.5,22621.6,22652.1,0,13810
2025-07-02 21:00:00,22634.6,22646.2,22621.6,22636.8,0,11939
2025-07-02 20:00:00,22648.9,22654.6,22616.9,22633.5,0,13318
2025-07-02 19:00:00,22630.1,22653.1,22617.3,22648.8,0,14834
2025-07-02 18:00:00,22618.8,22652.6,22606.8,22630.0,0,17735
2025-07-02 17:00:00,22514.1,22638.4,22510.5,22618.3,0,19359
2025-07-02 16:00:00,22423.8,22535.2,22409.5,22514.3,0,18073
2025-07-02 15:00:00,22468.7,22491.0,22392.8,22424.0,0,11782
2025-07-02 14:00:00,22493.4,22508.8,22446.1,22470.0,0,5504
2025-07-02 13:00:00,22520.8,22525.0,22480.6,22495.1,0,4998
2025-07-02 12:00:00,22516.6,22522.9,22501.4,22520.5,0,4503
2025-07-02 11:00:00,22531.9,22544.6,22509.8,22516.8,0,6458
2025-07-02 10:00:00,22579.5,22584.0,22525.2,22531.0,0,7052
2025-07-02 09:00:00,22577.0,22586.5,22564.9,22579.4,0,4235
2025-07-02 08:00:00,22580.7,22580.7,22554.7,22576.9,0,3434
2025-07-02 07:00:00,22547.7,22589.0,22545.4,22580.5,0,3142
2025-07-02 06:00:00,22549.6,22554.0,22540.0,22548.0,0,2921
2025-07-02 05:00:00,22499.0,22547.5,22483.7,22547.4,0,4206
2025-07-02 04:00:00,22522.0,22527.2,22497.8,22499.0,0,4530
2025-07-02 03:00:00,22517.1,22530.8,22514.7,22521.8,0,4043
2025-07-02 02:00:00,22530.3,22536.7,22510.7,22517.1,0,2899
2025-07-02 01:00:00,22492.3,22531.0,22492.3,22530.0,0,2917
2025-07-01 23:00:00,22500.4,22505.7,22478.9,22499.2,0,4900
2025-07-01 22:00:00,22509.6,22551.3,22455.3,22500.0,0,19386
2025-07-01 21:00:00,22551.0,22560.7,22508.4,22510.0,0,14272
2025-07-01 20:00:00,22508.8,22568.6,22508.8,22549.4,0,17162
2025-07-01 19:00:00,22467.3,22546.0,22439.8,22508.3,0,19878
2025-07-01 18:00:00,22495.1,22524.6,22403.4,22466.6,0,22546
2025-07-01 17:00:00,22600.1,22652.4,22482.0,22495.2,0,22596
2025-07-01 16:00:00,22601.8,22641.8,22587.9,22610.1,0,15872
2025-07-01 15:00:00,22633.6,22641.5,22564.6,22602.0,0,8352
2025-07-01 14:00:00,22645.9,22655.8,22617.5,22633.8,0,4907
2025-07-01 13:00:00,22638.9,22647.5,22632.9,22645.8,0,3126
2025-07-01 12:00:00,22652.5,22656.9,22620.4,22639.0,0,4475
2025-07-01 11:00:00,22652.0,22666.0,22627.0,22653.6,0,6451
2025-07-01 10:00:00,22647.1,22672.8,22630.4,22651.3,0,5934
2025-07-01 09:00:00,22647.2,22653.1,22633.5,22647.0,0,3788
2025-07-01 08:00:00,22665.0,22668.7,22644.4,22648.0,0,3212
2025-07-01 07:00:00,22680.0,22684.9,22662.1,22664.7,0,2463
2025-07-01 06:00:00,22686.6,22691.7,22675.7,22679.7,0,2627
2025-07-01 05:00:00,22719.1,22720.7,22683.5,22685.7,0,3035
2025-07-01 04:00:00,22708.5,22721.7,22692.7,22719.2,0,3551
2025-07-01 03:00:00,22688.7,22712.0,22688.7,22708.0,0,4344
2025-07-01 02:00:00,22664.1,22693.7,22653.9,22688.4,0,2836
2025-07-01 01:00:00,22672.8,22692.5,22660.5,22663.8,0,2091
2025-06-30 23:00:00,22690.9,22701.1,22657.5,22670.0,0,4996
2025-06-30 22:00:00,22654.6,22736.5,22653.8,22690.5,0,19683
2025-06-30 21:00:00,22625.0,22658.4,22587.0,22654.8,0,17753
2025-06-30 20:00:00,22647.8,22655.0,22592.3,22626.5,0,15707
2025-06-30 19:00:00,22648.5,22672.4,22637.8,22647.5,0,15203
2025-06-30 18:00:00,22627.4,22663.8,22607.6,22649.0,0,17810
2025-06-30 17:00:00,22632.5,22658.8,22614.2,22626.6,0,21132
2025-06-30 16:00:00,22673.8,22695.3,22601.8,22632.8,0,16170
2025-06-30 15:00:00,22702.2,22703.7,22660.7,22673.5,0,6398
2025-06-30 14:00:00,22696.3,22713.5,22690.1,22701.9,0,5144
2025-06-30 13:00:00,22689.1,22716.2,22687.6,22698.6,0,4150
2025-06-30 12:00:00,22681.7,22722.6,22676.1,22688.7,0,4792
2025-06-30 11:00:00,22686.4,22701.2,22665.2,22682.0,0,6061
2025-06-30 10:00:00,22690.0,22690.0,22657.8,22676.9,0,6823
2025-06-30 09:00:00,22686.7,22708.9,22683.3,22689.9,0,5391
2025-06-30 08:00:00,22684.9,22694.4,22673.5,22686.6,0,3539
2025-06-30 07:00:00,22684.3,22695.9,22682.1,22685.1,0,2300
2025-06-30 06:00:00,22673.9,22691.2,22670.3,22684.6,0,2682
2025-06-30 05:00:00,22632.9,22685.4,22629.8,22673.8,0,4388
2025-06-30 04:00:00,22643.1,22646.6,22623.5,22633.0,0,5074
2025-06-30 03:00:00,22627.8,22652.7,22618.3,22644.4,0,5951
2025-06-30 02:00:00,22630.4,22656.9,22619.2,22628.2,0,5413
2025-06-30 01:00:00,22568.6,22652.1,22568.4,22630.3,0,6074
2025-06-27 23:00:00,22553.5,22553.7,22528.9,22544.1,0,7013
2025-06-27 22:00:00,22411.8,22563.0,22408.9,22555.4,0,20231
2025-06-27 21:00:00,22539.8,22546.0,22403.6,22413.8,0,24091
2025-06-27 20:00:00,22598.9,22601.8,22502.2,22540.2,0,20083
2025-06-27 19:00:00,22613.1,22613.3,22573.4,22598.8,0,18358
2025-06-27 18:00:00,22564.4,22623.7,22550.3,22613.2,0,19970
2025-06-27 17:00:00,22576.0,22626.4,22552.9,22563.4,0,22890
2025-06-27 16:00:00,22536.8,22575.8,22492.6,22570.0,0,17225
2025-06-27 15:00:00,22585.0,22593.0,22530.3,22537.0,0,10307
2025-06-27 14:00:00,22540.0,22585.4,22538.5,22585.1,0,5082
2025-06-27 13:00:00,22551.0,22553.8,22531.8,22540.9,0,3890
2025-06-27 12:00:00,22554.6,22557.6,22535.8,22550.7,0,3907
2025-06-27 11:00:00,22542.8,22557.1,22530.3,22554.3,0,4522
2025-06-27 10:00:00,22542.7,22566.4,22531.8,22542.3,0,6185
2025-06-27 09:00:00,22517.1,22551.7,22515.1,22542.6,0,4973
2025-06-27 08:00:00,22496.3,22525.3,22495.8,22517.1,0,2618
2025-06-27 07:00:00,22501.5,22506.3,22495.0,22496.6,0,1797
2025-06-27 06:00:00,22503.1,22514.8,22498.1,22501.0,0,2561
2025-06-27 05:00:00,22488.1,22504.1,22483.8,22502.8,0,2712
2025-06-27 04:00:00,22474.6,22497.3,22470.3,22488.3,0,3645
2025-06-27 03:00:00,22486.2,22499.7,22474.0,22475.1,0,5336
2025-06-27 02:00:00,22503.5,22508.4,22478.7,22485.6,0,3855
2025-06-27 01:00:00,22486.0,22518.1,22477.5,22503.3,0,4654
2025-06-26 23:00:00,22477.3,22482.9,22446.8,22478.1,0,5137
2025-06-26 22:00:00,22472.6,22498.3,22458.8,22479.0,0,14578
2025-06-26 21:00:00,22446.3,22491.9,22440.4,22472.7,0,13484
2025-06-26 20:00:00,22412.9,22456.9,22403.4,22445.8,0,12383
2025-06-26 19:00:00,22415.3,22437.9,22402.6,22413.0,0,13649
2025-06-26 18:00:00,22376.4,22422.0,22356.7,22416.1,0,17597
2025-06-26 17:00:00,22351.6,22401.8,22344.0,22376.1,0,21201
2025-06-26 16:00:00,22359.9,22371.8,22282.3,22349.1,0,18099
2025-06-26 15:00:00,22383.5,22390.5,22321.8,22360.4,0,8703
2025-06-26 14:00:00,22364.5,22382.8,22360.5,22382.8,0,5826
2025-06-26 13:00:00,22355.9,22385.8,22347.4,22362.8,0,5267
2025-06-26 12:00:00,22367.6,22373.0,22349.3,22356.3,0,4666
2025-06-26 11:00:00,22337.4,22382.4,22331.8,22367.6,0,6562
2025-06-26 10:00:00,22339.5,22361.6,22329.4,22337.8,0,6225
2025-06-26 09:00:00,22318.0,22349.7,22315.2,22339.7,0,4547
2025-06-26 08:00:00,22311.7,22318.2,22300.9,22318.2,0,2747
2025-06-26 07:00:00,22301.7,22312.7,22296.7,22311.7,0,2270
2025-06-26 06:00:00,22284.2,22309.8,22284.2,22301.8,0,3999
2025-06-26 05:00:00,22274.7,22291.5,22274.2,22284.0,0,3253
2025-06-26 04:00:00,22283.0,22286.2,22268.7,22274.5,0,3423
2025-06-26 03:00:00,22270.9,22287.4,22263.7,22282.7,0,4246
2025-06-26 02:00:00,22270.5,22274.5,22245.4,22271.5,0,4341
2025-06-26 01:00:00,22264.4,22294.4,22257.9,22270.2,0,3591
2025-06-25 23:00:00,22267.6,22284.3,22255.1,22276.8,0,5053
2025-06-25 22:00:00,22224.3,22269.6,22223.3,22267.0,0,16611
2025-06-25 21:00:00,22217.2,22238.2,22207.0,22224.4,0,14970
2025-06-25 20:00:00,22247.5,22266.6,22193.5,22216.5,0,17798
2025-06-25 19:00:00,22248.7,22261.8,22215.2,22246.6,0,16883
2025-06-25 18:00:00,22296.5,22298.4,22234.0,22248.1,0,20470
2025-06-25 17:00:00,22317.1,22327.9,22269.7,22296.4,0,23623
2025-06-25 16:00:00,22312.1,22352.3,22290.5,22317.2,0,16849
2025-06-25 15:00:00,22294.4,22313.6,22285.4,22312.3,0,6365
2025-06-25 14:00:00,22252.6,22296.6,22248.0,22294.9,0,5667
2025-06-25 13:00:00,22229.4,22260.4,22218.3,22252.4,0,4687
2025-06-25 12:00:00,22238.8,22257.6,22226.6,22229.3,0,4158
2025-06-25 11:00:00,22228.9,22238.9,22211.6,22238.3,0,5286
2025-06-25 10:00:00,22221.9,22236.4,22210.2,22227.8,0,5961
2025-06-25 09:00:00,22230.6,22238.1,22223.7,22224.4,0,3295
2025-06-25 08:00:00,22229.4,22240.6,22223.9,22230.6,0,2469
2025-06-25 07:00:00,22211.1,22230.9,22210.6,22229.3,0,1421
2025-06-25 06:00:00,22210.1,22226.4,22210.1,22210.9,0,2343
2025-06-25 05:00:00,22204.4,22211.0,22198.4,22209.1,0,2326
2025-06-25 04:00:00,22228.9,22228.9,22197.1,22204.1,0,3990
2025-06-25 03:00:00,22228.9,22238.4,22214.6,22229.1,0,4640
2025-06-25 02:00:00,22200.9,22234.3,22193.1,22228.9,0,2756
2025-06-25 01:00:00,22208.3,22209.6,22189.9,22200.4,0,3598
2025-06-24 23:00:00,22207.7,22219.8,22197.3,22209.4,0,4743
2025-06-24 22:00:00,22227.3,22249.4,22207.8,22208.6,0,14390
2025-06-24 21:00:00,22219.8,22232.6,22209.9,22227.5,0,11711
2025-06-24 20:00:00,22201.5,22227.6,22182.1,22219.1,0,15833
2025-06-24 19:00:00,22165.0,22219.2,22159.8,22201.8,0,16880
2025-06-24 18:00:00,22117.2,22189.7,22117.2,22164.6,0,17533
2025-06-24 17:00:00,22082.6,22142.5,22069.3,22117.8,0,21808
2025-06-24 16:00:00,22088.7,22135.2,22062.8,22084.4,0,17968
2025-06-24 15:00:00,22107.3,22116.6,22061.9,22088.1,0,9337
2025-06-24 14:00:00,22087.5,22112.8,22054.0,22108.0,0,8673
2025-06-24 13:00:00,22116.2,22124.6,22082.5,22087.8,0,6957
2025-06-24 12:00:00,22106.1,22154.1,22105.6,22116.6,0,6257
2025-06-24 11:00:00,22108.6,22136.1,22092.1,22106.3,0,9851
2025-06-24 10:00:00,22163.2,22183.0,22063.4,22110.2,0,13591
2025-06-24 09:00:00,22096.5,22173.5,22096.5,22161.1,0,8975
2025-06-24 08:00:00,22045.6,22104.8,22044.1,22096.8,0,5201
2025-06-24 07:00:00,22047.6,22051.1,22022.8,22045.6,0,3456
2025-06-24 06:00:00,22036.6,22054.1,22031.9,22048.3,0,3487
2025-06-24 05:00:00,22067.8,22071.3,22017.8,22037.3,0,6458
2025-06-24 04:00:00,22029.3,22073.1,22016.8,22068.0,0,6770
2025-06-24 03:00:00,22038.4,22050.2,21996.6,22029.8,0,7741
2025-06-24 02:00:00,22006.0,22057.2,22003.2,22038.3,0,7452
2025-06-24 01:00:00,21874.1,22018.8,21868.1,22006.2,0,9482
2025-06-23 23:00:00,21872.3,21884.8,21852.3,21871.8,0,4996
2025-06-23 22:00:00,21835.3,21892.3,21824.5,21871.5,0,18419
2025-06-23 21:00:00,21851.3,21884.7,21821.5,21835.9,0,18495
2025-06-23 20:00:00,21642.5,21880.3,21621.7,21851.4,0,24551
2025-06-23 19:00:00,21738.6,21745.1,21538.3,21640.4,0,25357
2025-06-23 18:00:00,21754.0,21805.2,21722.5,21737.9,0,21370
2025-06-23 17:00:00,21726.3,21817.4,21726.3,21754.1,0,23912
2025-06-23 16:00:00,21683.5,21728.1,21558.8,21724.6,0,18926
2025-06-23 15:00:00,21625.4,21685.8,21616.9,21682.8,0,8321
2025-06-23 14:00:00,21657.8,21663.8,21574.5,21624.8,0,9753
2025-06-23 13:00:00,21683.3,21723.9,21646.3,21657.4,0,8031
2025-06-23 12:00:00,21707.0,21733.8,21681.6,21682.9,0,6364
2025-06-23 11:00:00,21696.1,21743.7,21679.3,21707.0,0,8557
2025-06-23 10:00:00,21619.0,21704.3,21619.0,21696.0,0,9758
2025-06-23 09:00:00,21609.3,21635.2,21597.9,21618.9,0,5751
2025-06-23 08:00:00,21564.2,21614.9,21563.7,21609.2,0,5165
2025-06-23 07:00:00,21567.0,21572.8,21557.7,21564.5,0,2520
2025-06-23 06:00:00,21558.6,21572.2,21555.5,21566.7,0,3151
2025-06-23 05:00:00,21539.5,21571.2,21537.2,21558.8,0,4459
2025-06-23 04:00:00,21531.2,21549.6,21512.0,21539.0,0,6184
2025-06-23 03:00:00,21560.5,21560.7,21507.2,21531.0,0,8912
2025-06-23 02:00:00,21558.6,21570.3,21528.3,21560.2,0,7180
2025-06-23 01:00:00,21402.3,21582.9,21367.7,21558.5,0,13140
2025-06-20 23:00:00,21634.0,21702.8,21631.9,21665.7,0,6552
2025-06-20 22:00:00,21608.2,21650.8,21594.2,21634.2,0,21516
2025-06-20 21:00:00,21630.8,21692.7,21600.2,21608.2,0,18669
2025-06-20 20:00:00,21676.0,21702.0,21557.0,21630.9,0,21375
2025-06-20 19:00:00,21641.0,21693.4,21626.2,21675.8,0,21039
2025-06-20 18:00:00,21608.7,21713.5,21567.1,21640.1,0,25294
2025-06-20 17:00:00,21808.4,21820.9,21591.9,21611.3,0,29038
2025-06-20 16:00:00,21821.0,21921.5,21802.3,21809.9,0,21349
2025-06-20 15:00:00,21759.8,21831.5,21757.2,21821.3,0,11765
2025-06-20 14:00:00,21689.2,21797.7,21687.8,21759.3,0,9588
2025-06-20 13:00:00,21691.6,21701.8,21674.8,21690.9,0,5664
2025-06-20 12:00:00,21657.6,21698.8,21655.7,21691.8,0,6340
2025-06-20 11:00:00,21716.2,21741.1,21651.4,21657.4,0,8126
2025-06-20 10:00:00,21696.6,21723.6,21684.8,21716.6,0,7337
2025-06-20 09:00:00,21714.8,21736.0,21690.0,21698.6,0,6530
2025-06-20 08:00:00,21700.1,21715.3,21682.5,21714.3,0,4306
2025-06-20 07:00:00,21692.0,21712.5,21686.8,21700.3,0,2725
2025-06-20 06:00:00,21684.3,21703.5,21675.4,21692.3,0,3547
2025-06-20 05:00:00,21667.6,21695.3,21659.6,21684.6,0,3808
2025-06-20 04:00:00,21679.8,21686.5,21640.0,21667.3,0,7946
2025-06-20 03:00:00,21678.0,21717.1,21672.4,21679.3,0,8082
2025-06-20 02:00:00,21685.7,21696.0,21662.5,21678.9,0,6950
2025-06-20 01:00:00,21558.2,21717.7,21546.0,21685.6,0,10432
2025-06-19 19:00:00,21472.0,21533.3,21470.0,21494.4,0,9656
2025-06-19 18:00:00,21518.3,21531.7,21468.2,21472.2,0,14019
2025-06-19 17:00:00,21476.3,21523.9,21463.6,21517.6,0,14042
2025-06-19 16:00:00,21554.1,21577.6,21442.6,21475.8,0,14737
2025-06-19 15:00:00,21605.6,21615.7,21535.2,21555.6,0,9005
2025-06-19 14:00:00,21635.3,21638.9,21578.3,21605.5,0,7178
2025-06-19 13:00:00,21623.9,21647.0,21603.2,21636.7,0,5461
2025-06-19 12:00:00,21618.1,21642.1,21615.5,21623.6,0,5247
2025-06-19 11:00:00,21586.9,21630.8,21586.0,21618.1,0,7675
2025-06-19 10:00:00,21642.4,21662.6,21574.2,21586.4,0,10887
2025-06-19 09:00:00,21642.8,21665.6,21608.9,21642.8,0,7477
2025-06-19 08:00:00,21689.4,21689.8,21639.2,21642.7,0,3627
2025-06-19 07:00:00,21674.1,21694.1,21667.3,21689.7,0,2683
2025-06-19 06:00:00,21636.6,21680.8,21636.0,21674.3,0,3446
2025-06-19 05:00:00,21630.0,21659.8,21613.4,21636.3,0,4570
2025-06-19 04:00:00,21683.6,21684.5,21581.8,21630.8,0,9290
2025-06-19 03:00:00,21739.4,21742.8,21639.8,21683.6,0,8186
2025-06-19 02:00:00,21728.2,21744.8,21712.6,21739.3,0,3766
2025-06-19 01:00:00,21744.4,21758.0,21702.5,21728.2,0,3887
2025-06-18 23:00:00,21737.2,21766.4,21735.8,21749.0,0,5337
2025-06-18 22:00:00,21706.0,21801.3,21674.0,21737.6,0,28086
2025-06-18 21:00:00,21805.1,21858.4,21680.0,21704.4,0,27570
2025-06-18 20:00:00,21816.8,21829.3,21729.1,21803.9,0,19274
2025-06-18 19:00:00,21827.0,21853.9,21811.3,21816.8,0,19084
2025-06-18 18:00:00,21868.6,21873.9,21823.1,21827.4,0,19959
2025-06-18 17:00:00,21791.8,21885.0,21769.2,21868.3,0,23963
2025-06-18 16:00:00,21776.6,21814.0,21715.3,21789.9,0,18436
2025-06-18 15:00:00,21794.7,21807.1,21768.7,21775.4,0,8324
2025-06-18 14:00:00,21745.7,21818.5,21740.9,21796.4,0,7995
2025-06-18 13:00:00,21819.9,21823.8,21741.4,21746.0,0,7477
2025-06-18 12:00:00,21821.1,21853.7,21817.5,21819.9,0,5740
2025-06-18 11:00:00,21802.2,21826.2,21795.0,21820.8,0,6227
2025-06-18 10:00:00,21791.1,21820.8,21787.6,21803.4,0,7995
2025-06-18 09:00:00,21777.3,21819.3,21770.7,21792.6,0,6087
2025-06-18 08:00:00,21769.4,21785.1,21767.8,21777.6,0,3473
2025-06-18 07:00:00,21758.9,21775.6,21734.9,21769.4,0,3233
2025-06-18 06:00:00,21766.6,21773.4,21756.6,21758.9,0,3303
2025-06-18 05:00:00,21763.9,21790.9,21752.8,21766.3,0,4211
2025-06-18 04:00:00,21767.1,21799.9,21752.2,21763.4,0,6638
2025-06-18 03:00:00,21694.4,21776.2,21693.2,21766.9,0,9580
2025-06-18 02:00:00,21661.1,21714.7,21653.6,21693.8,0,7440
2025-06-18 01:00:00,21722.2,21727.7,21652.6,21661.3,0,7452
2025-06-17 23:00:00,21746.3,21768.9,21725.8,21739.1,0,6140
2025-06-17 22:00:00,21763.9,21784.0,21733.0,21743.0,0,20779
2025-06-17 21:00:00,21747.8,21764.8,21696.3,21763.4,0,23154
2025-06-17 20:00:00,21823.3,21844.3,21729.5,21748.6,0,24214
2025-06-17 19:00:00,21884.4,21918.5,21812.8,21822.9,0,20285
2025-06-17 18:00:00,21862.5,21919.7,21859.9,21884.1,0,21004
2025-06-17 17:00:00,21886.4,21919.9,21857.1,21862.8,0,24008
2025-06-17 16:00:00,21838.4,21896.3,21813.3,21881.6,0,20787
2025-06-17 15:00:00,21859.1,21881.6,21827.4,21838.4,0,11714
2025-06-17 14:00:00,21824.5,21861.4,21817.0,21858.9,0,8880
2025-06-17 13:00:00,21820.2,21842.0,21782.9,21826.0,0,9110
2025-06-17 12:00:00,21851.4,21869.5,21807.9,21820.4,0,10577
2025-06-17 11:00:00,21823.2,21869.5,21808.5,21850.9,0,11001
2025-06-17 10:00:00,21852.1,21875.6,21791.5,21825.3,0,15260
2025-06-17 09:00:00,21869.9,21909.6,21843.8,21852.5,0,8376
2025-06-17 08:00:00,21856.6,21882.1,21843.7,21868.7,0,6224
2025-06-17 07:00:00,21867.1,21883.4,21840.1,21856.6,0,5019
2025-06-17 06:00:00,21899.0,21901.0,21846.1,21866.9,0,8045
2025-06-17 05:00:00,21867.6,21903.9,21809.4,21899.1,0,8990
2025-06-17 04:00:00,21876.9,21889.1,21831.1,21867.9,0,9275
2025-06-17 03:00:00,21804.9,21878.3,21795.3,21876.9,0,12136
2025-06-17 02:00:00,21871.4,21903.2,21802.1,21803.4,0,13190
2025-06-17 01:00:00,21951.5,21962.3,21853.7,21871.7,0,7679
2025-06-16 23:00:00,21961.2,21970.7,21946.3,21947.5,0,5218
2025-06-16 22:00:00,21951.8,21967.3,21925.0,21960.5,0,20356
2025-06-16 21:00:00,21950.4,21968.1,21922.8,21951.9,0,16870
2025-06-16 20:00:00,21948.8,21991.9,21933.8,21949.5,0,18712
2025-06-16 19:00:00,21956.3,21979.6,21928.7,21948.9,0,18205
2025-06-16 18:00:00,21968.1,22006.4,21941.2,21956.0,0,22419
2025-06-16 17:00:00,21937.0,21991.1,21929.3,21968.4,0,24587
2025-06-16 16:00:00,21820.7,21952.1,21796.6,21935.5,0,20277
2025-06-16 15:00:00,21817.4,21847.4,21807.7,21820.1,0,8716
2025-06-16 14:00:00,21784.8,21817.7,21759.1,21817.6,0,8214
2025-06-16 13:00:00,21753.8,21789.1,21748.0,21789.1,0,6503
2025-06-16 12:00:00,21788.6,21795.9,21739.6,21754.4,0,7971
2025-06-16 11:00:00,21788.6,21797.4,21757.7,21789.4,0,10391
2025-06-16 10:00:00,21750.9,21794.8,21746.4,21788.4,0,12006
2025-06-16 09:00:00,21718.4,21762.1,21711.1,21751.6,0,7992
2025-06-16 08:00:00,21684.1,21743.4,21683.8,21719.9,0,5532
2025-06-16 07:00:00,21693.9,21704.9,21673.7,21684.2,0,3482
2025-06-16 06:00:00,21707.7,21710.4,21681.5,21693.7,0,3654
2025-06-16 05:00:00,21689.8,21722.5,21683.7,21707.4,0,5357
2025-06-16 04:00:00,21695.9,21701.8,21668.2,21689.7,0,7312
2025-06-16 03:00:00,21688.0,21706.2,21662.0,21695.5,0,9818
2025-06-16 02:00:00,21642.0,21700.3,21613.3,21688.6,0,9323
2025-06-16 01:00:00,21536.1,21681.0,21534.9,21642.4,0,15761
2025-06-13 23:00:00,21647.4,21672.9,21637.3,21646.3,0,8461
2025-06-13 22:00:00,21660.1,21684.8,21598.9,21646.3,0,23621
2025-06-13 21:00:00,21781.7,21797.6,21595.6,21660.4,0,23676
2025-06-13 20:00:00,21815.8,21823.0,21742.0,21781.8,0,20516
2025-06-13 19:00:00,21821.8,21842.3,21787.7,21816.8,0,19126
2025-06-13 18:00:00,21731.6,21831.0,21723.9,21822.0,0,20960
2025-06-13 17:00:00,21742.9,21756.3,21606.4,21731.0,0,24136
2025-06-13 16:00:00,21646.1,21780.2,21613.8,21707.1,0,19452
2025-06-13 15:00:00,21671.6,21688.6,21630.9,21646.0,0,11804
2025-06-13 14:00:00,21640.5,21689.9,21630.4,21672.0,0,11053
2025-06-13 13:00:00,21609.2,21642.5,21582.4,21640.0,0,9435
2025-06-13 12:00:00,21588.0,21631.2,21564.9,21609.1,0,11994
2025-06-13 11:00:00,21621.4,21649.7,21570.6,21588.2,0,13079
2025-06-13 10:00:00,21592.6,21638.8,21574.7,21625.2,0,14497
2025-06-13 09:00:00,21557.3,21597.9,21551.5,21592.3,0,11118
2025-06-13 08:00:00,21529.6,21557.3,21510.0,21557.1,0,8398
2025-06-13 07:00:00,21560.0,21562.2,21509.3,21529.4,0,7835
2025-06-13 06:00:00,21517.7,21569.1,21510.6,21559.9,0,9913
2025-06-13 05:00:00,21599.7,21600.7,21458.6,21517.7,0,13145
2025-06-13 04:00:00,21556.8,21604.6,21479.0,21599.7,0,15716
2025-06-13 03:00:00,21771.7,21775.7,21515.9,21556.9,0,18321
2025-06-13 02:00:00,21864.9,21876.1,21771.8,21771.8,0,4210
2025-06-13 01:00:00,21894.9,21896.7,21844.8,21864.8,0,6228
2025-06-12 23:00:00,21923.2,21933.4,21894.7,21895.8,0,4823
2025-06-12 22:00:00,21923.8,21939.8,21880.9,21923.7,0,15558
2025-06-12 21:00:00,21923.8,21936.6,21889.3,21924.1,0,15090
2025-06-12 20:00:00,21911.1,21954.5,21904.5,21923.8,0,15331
2025-06-12 19:00:00,21909.4,21954.9,21889.0,21910.8,0,18529
2025-06-12 18:00:00,21920.9,21964.0,21869.5,21909.3,0,19942
2025-06-12 17:00:00,21844.6,21935.4,21828.1,21920.8,0,20697
2025-06-12 16:00:00,21822.9,21877.9,21807.0,21844.4,0,18128
2025-06-12 15:00:00,21726.4,21834.6,21724.1,21822.3,0,12159
2025-06-12 14:00:00,21790.4,21793.2,21720.2,21726.5,0,9778
2025-06-12 13:00:00,21796.9,21808.2,21751.6,21791.9,0,9480
2025-06-12 12:00:00,21786.1,21829.9,21777.8,21797.4,0,8601
2025-06-12 11:00:00,21761.7,21791.1,21704.7,21786.0,0,12055
2025-06-12 10:00:00,21825.8,21845.2,21746.4,21761.7,0,11364
2025-06-12 09:00:00,21813.0,21832.6,21794.9,21826.1,0,6236
2025-06-12 08:00:00,21816.4,21826.0,21791.9,21813.1,0,4689
2025-06-12 07:00:00,21795.5,21817.3,21789.5,21816.8,0,3240
2025-06-12 06:00:00,21772.8,21810.8,21771.0,21795.0,0,4191
2025-06-12 05:00:00,21773.7,21780.8,21758.7,21772.8,0,4965
2025-06-12 04:00:00,21788.2,21800.0,21741.1,21773.0,0,8412
2025-06-12 03:00:00,21825.0,21834.5,21769.4,21788.0,0,8206
2025-06-12 02:00:00,21817.3,21852.0,21804.9,21824.7,0,5317
2025-06-12 01:00:00,21854.1,21876.1,21808.9,21817.4,0,8369
2025-06-11 23:00:00,21871.0,21888.1,21855.9,21865.0,0,6026
2025-06-11 22:00:00,21846.1,21875.1,21809.5,21871.7,0,22495
2025-06-11 21:00:00,21900.2,21913.3,21774.7,21844.9,0,23843
2025-06-11 20:00:00,21960.8,22001.3,21894.0,21900.3,0,17976
2025-06-11 19:00:00,21977.6,21989.8,21891.7,21961.1,0,19754
2025-06-11 18:00:00,22039.5,22049.3,21960.7,21977.3,0,19457
2025-06-11 17:00:00,21964.7,22045.3,21957.6,22039.9,0,19983
2025-06-11 16:00:00,22012.5,22025.7,21899.4,21964.4,0,18764
2025-06-11 15:00:00,21914.2,22076.8,21872.1,22012.8,0,16277
2025-06-11 14:00:00,21913.5,21923.3,21865.3,21913.8,0,6631
2025-06-11 13:00:00,21899.9,21922.3,21892.3,21912.8,0,4210
2025-06-11 12:00:00,21925.8,21932.3,21898.3,21900.0,0,4459
2025-06-11 11:00:00,21912.1,21941.3,21902.9,21925.9,0,5330
2025-06-11 10:00:00,21879.4,21917.7,21876.0,21912.0,0,7040
2025-06-11 09:00:00,21864.5,21888.9,21859.0,21879.2,0,4799
2025-06-11 08:00:00,21859.9,21883.2,21849.8,21864.5,0,4192
2025-06-11 07:00:00,21890.4,21897.7,21856.2,21860.0,0,2727
2025-06-11 06:00:00,21877.7,21893.0,21869.9,21890.5,0,3090
2025-06-11 05:00:00,21891.1,21893.6,21874.7,21878.0,0,3308
2025-06-11 04:00:00,21897.7,21907.0,21865.2,21891.2,0,5770
2025-06-11 03:00:00,21937.1,21948.8,21895.2,21898.0,0,7304
2025-06-11 02:00:00,21951.6,21984.2,21899.7,21937.8,0,7468
2025-06-11 01:00:00,21931.8,21962.5,21922.4,21951.6,0,4710
2025-06-10 23:00:00,21943.5,21945.3,21917.0,21932.0,0,5216
2025-06-10 22:00:00,21929.8,21972.4,21891.8,21945.8,0,20137
2025-06-10 21:00:00,21854.3,21947.6,21801.9,21929.4,0,17509
2025-06-10 20:00:00,21890.3,21911.3,21848.6,21853.7,0,15916
2025-06-10 19:00:00,21853.6,21895.3,21852.3,21890.3,0,15339
2025-06-10 18:00:00,21836.8,21858.9,21723.8,21855.3,0,20878
2025-06-10 17:00:00,21835.5,21869.7,21829.1,21833.7,0,22065
2025-06-10 16:00:00,21836.0,21873.5,21799.1,21837.6,0,17909
2025-06-10 15:00:00,21838.3,21848.2,21828.4,21835.2,0,8431
2025-06-10 14:00:00,21823.5,21838.8,21785.4,21838.3,0,8783
2025-06-10 13:00:00,21808.8,21838.3,21808.8,21821.7,0,6768
2025-06-10 12:00:00,21793.3,21822.0,21786.8,21810.0,0,6750
2025-06-10 11:00:00,21774.4,21802.3,21740.8,21794.0,0,10340
2025-06-10 10:00:00,21788.0,21806.8,21712.7,21774.6,0,12658
2025-06-10 09:00:00,21809.2,21819.5,21781.6,21788.5,0,7645
2025-06-10 08:00:00,21897.7,21911.0,21737.2,21809.1,0,11177
2025-06-10 07:00:00,21920.0,21921.8,21892.1,21897.8,0,2879
2025-06-10 06:00:00,21927.7,21933.0,21913.2,21919.0,0,2742
2025-06-10 05:00:00,21946.7,21948.0,21924.7,21928.2,0,4550
2025-06-10 04:00:00,21844.0,21953.1,21843.2,21946.7,0,7192
2025-06-10 03:00:00,21813.5,21852.1,21795.5,21844.0,0,4602
2025-06-10 02:00:00,21803.6,21818.0,21803.6,21813.1,0,1983
2025-06-10 01:00:00,21808.0,21822.3,21801.7,21803.2,0,4851
2025-06-09 23:00:00,21797.5,21802.5,21774.8,21799.5,0,4217
2025-06-09 22:00:00,21847.7,21852.9,21792.3,21796.7,0,16112
2025-06-09 21:00:00,21845.0,21856.1,21819.5,21847.3,0,13533
2025-06-09 20:00:00,21848.1,21858.9,21812.8,21844.9,0,16709
2025-06-09 19:00:00,21817.4,21861.7,21793.6,21847.3,0,17573
2025-06-09 18:00:00,21820.8,21846.5,21791.2,21816.7,0,19977
2025-06-09 17:00:00,21766.3,21864.4,21766.3,21819.8,0,22222
2025-06-09 16:00:00,21774.6,21796.4,21728.7,21764.0,0,17053
2025-06-09 15:00:00,21788.0,21794.7,21767.7,21774.2,0,7435
2025-06-09 14:00:00,21752.8,21801.0,21751.5,21788.2,0,7504
2025-06-09 13:00:00,21756.9,21767.8,21741.4,21752.2,0,4757
2025-06-09 12:00:00,21768.9,21771.6,21751.2,21757.2,0,4927
2025-06-09 11:00:00,21770.4,21777.1,21735.9,21769.0,0,7426
2025-06-09 10:00:00,21743.8,21772.0,21726.9,21771.9,0,8027
2025-06-09 09:00:00,21723.7,21745.0,21709.7,21743.2,0,4190
2025-06-09 08:00:00,21723.7,21725.7,21706.7,21723.7,0,3286
2025-06-09 07:00:00,21721.0,21729.7,21708.9,21724.0,0,2742
2025-06-09 06:00:00,21716.6,21724.3,21703.9,21721.5,0,2993
2025-06-09 05:00:00,21719.5,21732.7,21694.2,21718.7,0,4227
2025-06-09 04:00:00,21725.5,21729.0,21709.0,21719.3,0,4310
2025-06-09 03:00:00,21739.7,21760.5,21722.2,21725.7,0,5619
2025-06-09 02:00:00,21715.1,21749.3,21705.6,21739.2,0,4665
2025-06-09 01:00:00,21781.0,21796.7,21703.7,21715.0,0,12131
2025-06-06 23:00:00,21757.8,21782.3,21748.4,21777.5,0,5035
2025-06-06 22:00:00,21802.9,21815.4,21753.1,21756.6,0,19750
2025-06-06 21:00:00,21789.8,21838.3,21789.8,21802.9,0,18058
2025-06-06 20:00:00,21723.3,21794.9,21705.0,21789.9,0,17858
2025-06-06 19:00:00,21774.5,21801.4,21690.2,21723.4,0,20955
2025-06-06 18:00:00,21787.4,21834.6,21705.1,21774.6,0,23039
2025-06-06 17:00:00,21808.5,21817.3,21732.2,21787.9,0,24258
2025-06-06 16:00:00,21728.8,21831.0,21715.0,21808.4,0,20583
2025-06-06 15:00:00,21639.8,21750.8,21630.5,21729.5,0,13282
2025-06-06 14:00:00,21624.5,21652.3,21610.8,21639.0,0,7338
2025-06-06 13:00:00,21653.7,21662.4,21623.6,21625.0,0,4671
2025-06-06 12:00:00,21629.5,21657.9,21619.3,21653.5,0,5100
2025-06-06 11:00:00,21628.5,21640.0,21606.2,21629.3,0,6907
2025-06-06 10:00:00,21636.0,21647.8,21616.3,21628.5,0,7209
2025-06-06 09:00:00,21625.8,21653.9,21597.8,21635.8,0,6357
2025-06-06 08:00:00,21616.8,21637.4,21616.0,21625.0,0,4577
2025-06-06 07:00:00,21577.5,21619.0,21569.6,21617.8,0,3419
2025-06-06 06:00:00,21556.6,21585.6,21547.5,21577.5,0,4092
2025-06-06 05:00:00,21552.6,21559.5,21541.0,21556.8,0,4240
2025-06-06 04:00:00,21539.2,21568.3,21531.2,21552.3,0,5965
2025-06-06 03:00:00,21513.5,21555.3,21512.2,21539.3,0,6727
2025-06-06 02:00:00,21525.3,21539.0,21507.8,21513.5,0,6045
2025-06-06 01:00:00,21456.5,21527.6,21446.5,21525.3,0,8852
2025-06-05 23:00:00,21554.6,21587.3,21480.0,21480.1,0,9269
2025-06-05 22:00:00,21654.1,21664.4,21471.9,21557.7,0,26729
2025-06-05 21:00:00,21697.1,21707.1,21574.7,21654.2,0,24091
2025-06-05 20:00:00,21654.5,21756.8,21627.7,21696.7,0,22303
2025-06-05 19:00:00,21887.3,21890.1,21638.4,21655.0,0,23986
2025-06-05 18:00:00,21827.7,21897.0,21812.8,21887.4,0,21941
2025-06-05 17:00:00,21692.2,21846.3,21672.3,21825.8,0,25611
2025-06-05 16:00:00,21768.3,21808.2,21661.2,21692.3,0,21760
2025-06-05 15:00:00,21736.3,21866.3,21681.7,21769.8,0,12365
2025-06-05 14:00:00,21745.7,21748.6,21714.8,21736.8,0,7065
2025-06-05 13:00:00,21744.8,21773.0,21722.8,21745.8,0,5879
2025-06-05 12:00:00,21758.3,21760.1,21733.3,21745.0,0,6003
2025-06-05 11:00:00,21781.5,21810.3,21746.5,21758.4,0,7134
2025-06-05 10:00:00,21708.1,21805.5,21707.9,21781.3,0,8126
2025-06-05 09:00:00,21703.2,21712.8,21692.2,21707.9,0,3791
2025-06-05 08:00:00,21717.1,21718.0,21693.7,21703.5,0,3104
2025-06-05 07:00:00,21719.5,21727.9,21714.1,21717.2,0,2008
2025-06-05 06:00:00,21714.0,21723.7,21710.9,21719.5,0,2764
2025-06-05 05:00:00,21726.0,21727.2,21705.7,21713.7,0,3133
2025-06-05 04:00:00,21714.2,21725.3,21700.7,21725.2,0,4393
2025-06-05 03:00:00,21710.5,21735.4,21706.4,21714.2,0,4484
2025-06-05 02:00:00,21715.5,21726.6,21706.2,21710.4,0,2958
2025-06-05 01:00:00,21710.9,21736.0,21700.6,21715.4,0,6202
2025-06-04 23:00:00,21723.6,21731.4,21708.0,21715.0,0,4944
2025-06-04 22:00:00,21750.3,21765.3,21715.7,21724.5,0,17859
2025-06-04 21:00:00,21753.2,21769.3,21739.3,21750.2,0,15887
2025-06-04 20:00:00,21721.4,21757.9,21720.1,21753.3,0,14940
2025-06-04 19:00:00,21721.6,21723.6,21673.5,21721.3,0,19445
2025-06-04 18:00:00,21728.4,21751.3,21699.7,21721.8,0,21181
2025-06-04 17:00:00,21696.9,21730.0,21608.8,21728.4,0,24497
2025-06-04 16:00:00,21676.3,21760.3,21666.8,21710.1,0,18446
2025-06-04 15:00:00,21715.3,21733.6,21622.4,21676.3,0,12879
2025-06-04 14:00:00,21715.3,21722.7,21694.2,21714.3,0,5489
2025-06-04 13:00:00,21703.5,21725.8,21687.0,21716.8,0,6275
2025-06-04 12:00:00,21684.6,21712.6,21683.8,21703.3,0,5744
2025-06-04 11:00:00,21687.9,21715.3,21682.0,21684.4,0,7238
2025-06-04 10:00:00,21658.3,21689.2,21641.4,21687.8,0,7162
2025-06-04 09:00:00,21661.8,21681.1,21647.4,21657.8,0,5377
2025-06-04 08:00:00,21644.6,21662.7,21640.8,21661.6,0,3127
2025-06-04 07:00:00,21646.0,21663.1,21640.0,21644.6,0,2534
2025-06-04 06:00:00,21640.1,21650.1,21637.3,21646.3,0,2592
2025-06-04 05:00:00,21648.8,21652.8,21634.3,21640.2,0,4024
2025-06-04 04:00:00,21666.3,21677.3,21638.8,21648.2,0,5921
2025-06-04 03:00:00,21672.2,21693.3,21658.3,21666.3,0,6393
2025-06-04 02:00:00,21672.8,21685.6,21658.3,21672.1,0,4177
2025-06-04 01:00:00,21652.8,21684.7,21651.3,21672.8,0,5375
2025-06-03 23:00:00,21669.9,21671.6,21631.9,21654.4,0,5318
2025-06-03 22:00:00,21677.0,21691.1,21631.0,21670.0,0,18865
2025-06-03 21:00:00,21683.5,21687.3,21602.7,21676.3,0,19615
2025-06-03 20:00:00,21704.5,21725.3,21682.0,21683.6,0,16153
2025-06-03 19:00:00,21650.3,21713.3,21641.8,21703.8,0,16091
2025-06-03 18:00:00,21626.6,21653.8,21618.5,21650.6,0,19168
2025-06-03 17:00:00,21557.0,21628.4,21523.8,21626.8,0,23530
2025-06-03 16:00:00,21501.1,21571.5,21476.7,21556.9,0,17823
2025-06-03 15:00:00,21493.8,21508.9,21469.4,21500.5,0,9208
2025-06-03 14:00:00,21459.9,21500.7,21449.9,21492.8,0,7109
2025-06-03 13:00:00,21416.5,21460.3,21403.8,21460.3,0,6312
2025-06-03 12:00:00,21409.7,21430.8,21396.5,21416.3,0,5861
2025-06-03 11:00:00,21404.9,21414.4,21365.3,21409.8,0,8194
2025-06-03 10:00:00,21435.1,21446.4,21370.3,21405.1,0,10205
2025-06-03 09:00:00,21431.0,21442.4,21405.4,21435.4,0,5155
2025-06-03 08:00:00,21419.1,21437.4,21417.6,21430.4,0,3681
2025-06-03 07:00:00,21427.0,21429.1,21410.8,21419.1,0,2371
2025-06-03 06:00:00,21433.3,21433.4,21403.3,21427.3,0,3454
2025-06-03 05:00:00,21452.6,21456.3,21409.1,21433.6,0,4583
2025-06-03 04:00:00,21449.6,21465.8,21443.3,21452.8,0,4838
2025-06-03 03:00:00,21462.0,21467.8,21440.1,21449.5,0,4789
2025-06-03 02:00:00,21482.1,21510.3,21433.0,21460.6,0,6186
2025-06-03 01:00:00,21515.1,21519.7,21478.2,21482.1,0,4604
2025-06-02 23:00:00,21497.9,21528.5,21491.0,21517.6,0,5501
2025-06-02 22:00:00,21480.8,21506.6,21459.3,21497.2,0,17302
2025-06-02 21:00:00,21408.6,21488.0,21390.8,21480.6,0,17264
2025-06-02 20:00:00,21400.1,21437.2,21389.0,21408.6,0,17836
2025-06-02 19:00:00,21397.5,21417.7,21364.7,21400.1,0,19033
2025-06-02 18:00:00,21360.3,21407.6,21319.6,21397.4,0,22084
2025-06-02 17:00:00,21247.2,21381.6,21190.1,21360.6,0,25494
2025-06-02 16:00:00,21248.3,21421.1,21221.4,21267.2,0,19171
2025-06-02 15:00:00,21219.8,21257.5,21203.7,21248.5,0,8443
2025-06-02 14:00:00,21213.5,21254.3,21201.9,21219.0,0,7301
2025-06-02 13:00:00,21189.0,21216.3,21178.3,21213.8,0,6887
2025-06-02 12:00:00,21198.9,21205.5,21164.7,21188.8,0,8362
2025-06-02 11:00:00,21172.8,21226.4,21170.5,21198.5,0,10212
2025-06-02 10:00:00,21190.4,21230.3,21126.4,21174.8,0,12170
2025-06-02 09:00:00,21194.0,21211.3,21161.4,21191.4,0,6877
2025-06-02 08:00:00,21199.3,21214.0,21176.7,21194.0,0,5130
2025-06-02 07:00:00,21194.5,21217.5,21182.2,21199.2,0,3940
2025-06-02 06:00:00,21227.2,21228.7,21191.7,21194.5,0,5819
2025-06-02 05:00:00,21241.7,21247.5,21219.6,21227.3,0,5685
2025-06-02 04:00:00,21257.9,21276.5,21231.2,21241.7,0,6918
2025-06-02 03:00:00,21267.1,21288.7,21248.3,21257.5,0,7422
2025-06-02 02:00:00,21277.0,21277.8,21240.0,21266.5,0,5510
2025-06-02 01:00:00,21262.7,21311.1,21260.0,21277.0,0,6015
2025-05-30 23:00:00,21323.7,21361.2,21285.9,21324.3,0,8579
2025-05-30 22:00:00,21254.5,21388.4,21251.7,21325.7,0,26657
2025-05-30 21:00:00,21131.4,21262.3,21130.3,21256.3,0,24394
2025-05-30 20:00:00,21064.5,21168.8,21045.1,21131.1,0,25563
2025-05-30 19:00:00,21280.2,21292.0,21027.4,21064.5,0,27979
2025-05-30 18:00:00,21312.3,21334.0,21243.8,21278.8,0,26193
2025-05-30 17:00:00,21227.8,21354.4,21222.2,21310.3,0,27255
2025-05-30 16:00:00,21290.7,21345.8,21190.6,21214.3,0,23519
2025-05-30 15:00:00,21343.4,21375.4,21182.1,21290.4,0,19311
2025-05-30 14:00:00,21339.9,21376.4,21332.3,21343.5,0,6942
2025-05-30 13:00:00,21319.1,21345.3,21305.8,21339.4,0,6024
2025-05-30 12:00:00,21315.7,21350.4,21312.1,21318.9,0,6476
2025-05-30 11:00:00,21316.5,21350.9,21308.9,21315.9,0,8811
2025-05-30 10:00:00,21292.0,21337.4,21274.7,21318.4,0,10424
2025-05-30 09:00:00,21341.9,21352.9,21289.1,21292.2,0,7952
2025-05-30 08:00:00,21305.2,21367.6,21303.2,21342.2,0,5108
2025-05-30 07:00:00,21300.4,21311.3,21286.4,21304.7,0,2909
2025-05-30 06:00:00,21315.2,21319.9,21289.9,21301.8,0,4007
2025-05-30 05:00:00,21298.5,21317.8,21289.2,21314.7,0,4726
2025-05-30 04:00:00,21296.5,21303.9,21224.2,21298.2,0,9470
2025-05-30 03:00:00,21272.4,21311.9,21270.6,21296.9,0,7762
2025-05-30 02:00:00,21307.5,21324.4,21270.7,21272.2,0,5492
2025-05-30 01:00:00,21318.6,21350.2,21290.7,21308.2,0,6886
2025-05-29 23:00:00,21366.5,21382.5,21324.4,21340.7,0,6691
2025-05-29 22:00:00,21318.5,21400.8,21296.5,21365.7,0,25794
2025-05-29 21:00:00,21327.5,21360.1,21272.6,21317.4,0,25123
2025-05-29 20:00:00,21410.4,21436.8,21323.4,21327.5,0,25782
2025-05-29 19:00:00,21301.0,21426.0,21255.8,21410.5,0,26542
2025-05-29 18:00:00,21469.1,21472.6,21280.1,21302.5,0,26890
2025-05-29 17:00:00,21468.7,21486.7,21334.5,21469.6,0,29281
2025-05-29 16:00:00,21599.0,21646.2,21439.9,21471.6,0,24292
2025-05-29 15:00:00,21605.2,21644.0,21574.1,21598.4,0,17072
2025-05-29 14:00:00,21689.6,21693.5,21602.4,21608.9,0,12857
2025-05-29 13:00:00,21739.6,21741.9,21664.6,21689.3,0,11405
2025-05-29 12:00:00,21737.6,21772.2,21729.9,21739.4,0,8855
2025-05-29 11:00:00,21802.7,21813.0,21729.0,21736.7,0,11172
2025-05-29 10:00:00,21724.9,21802.0,21700.8,21802.0,0,10905
2025-05-29 09:00:00,21759.3,21760.6,21721.4,21726.0,0,8101
2025-05-29 08:00:00,21750.4,21778.7,21745.0,21759.2,0,6332
2025-05-29 07:00:00,21736.2,21760.5,21730.3,21750.4,0,5621
2025-05-29 06:00:00,21745.1,21770.8,21733.3,21737.2,0,7963
2025-05-29 05:00:00,21748.5,21777.4,21736.4,21745.0,0,10307
2025-05-29 04:00:00,21773.9,21775.7,21707.4,21748.7,0,13410
2025-05-29 03:00:00,21720.2,21786.5,21664.4,21775.2,0,16141
2025-05-29 02:00:00,21542.6,21729.6,21541.9,21719.5,0,21319
2025-05-29 01:00:00,21464.8,21551.5,21444.0,21542.5,0,9281
2025-05-28 23:00:00,21323.7,21481.5,21285.2,21476.4,0,12099
2025-05-28 22:00:00,21419.5,21466.6,21302.5,21323.7,0,25012
2025-05-28 21:00:00,21414.1,21455.1,21354.7,21421.6,0,16645
2025-05-28 20:00:00,21418.2,21443.0,21409.1,21414.0,0,14562
2025-05-28 19:00:00,21390.0,21433.8,21389.5,21418.0,0,15623
2025-05-28 18:00:00,21385.0,21430.0,21381.6,21389.6,0,20205
2025-05-28 17:00:00,21419.2,21439.8,21380.0,21385.1,0,26612
2025-05-28 16:00:00,21459.5,21517.3,21405.0,21419.9,0,20490
2025-05-28 15:00:00,21456.2,21490.3,21453.3,21459.8,0,8424
2025-05-28 14:00:00,21470.0,21476.0,21439.5,21456.8,0,7617
2025-05-28 13:00:00,21382.6,21471.1,21377.4,21470.3,0,6904
2025-05-28 12:00:00,21372.1,21383.9,21360.0,21382.3,0,5559
2025-05-28 11:00:00,21386.9,21395.8,21369.8,21372.8,0,5618
2025-05-28 10:00:00,21389.5,21411.1,21381.3,21386.0,0,7131
2025-05-28 09:00:00,21405.4,21415.1,21386.2,21389.3,0,4379
2025-05-28 08:00:00,21391.0,21415.3,21388.3,21405.1,0,3558
2025-05-28 07:00:00,21396.8,21400.0,21388.8,21391.3,0,2507
2025-05-28 06:00:00,21417.6,21429.8,21391.5,21397.2,0,3263
2025-05-28 05:00:00,21415.6,21427.4,21413.8,21417.8,0,3243
2025-05-28 04:00:00,21422.8,21436.3,21413.5,21415.3,0,4616
2025-05-28 03:00:00,21422.4,21425.3,21410.0,21422.3,0,4469
2025-05-28 02:00:00,21422.2,21437.6,21420.4,21423.3,0,3317
2025-05-28 01:00:00,21423.8,21424.8,21406.8,21423.6,0,3657
2025-05-27 23:00:00,21416.5,21429.3,21394.4,21426.8,0,5764
2025-05-27 22:00:00,21391.8,21419.3,21364.8,21415.5,0,18326
2025-05-27 21:00:00,21426.6,21438.3,21391.6,21393.1,0,14897
2025-05-27 20:00:00,21381.1,21430.3,21380.8,21427.1,0,14784
2025-05-27 19:00:00,21350.2,21409.3,21346.1,21380.8,0,17231
2025-05-27 18:00:00,21305.9,21356.1,21303.5,21350.0,0,19036
2025-05-27 17:00:00,21244.4,21339.1,21243.3,21305.9,0,24378
2025-05-27 16:00:00,21226.8,21265.5,21143.6,21243.6,0,20601
2025-05-27 15:00:00,21247.3,21254.8,21205.2,21226.7,0,10463
2025-05-27 14:00:00,21250.6,21260.8,21223.1,21247.4,0,7966
2025-05-27 13:00:00,21283.5,21301.8,21251.6,21253.1,0,6519
2025-05-27 12:00:00,21264.3,21302.7,21260.3,21283.3,0,7151
2025-05-27 11:00:00,21282.2,21296.6,21248.8,21264.1,0,9309
2025-05-27 10:00:00,21193.1,21309.6,21186.0,21283.1,0,10316
2025-05-27 09:00:00,21158.7,21205.0,21155.3,21193.3,0,4646
2025-05-27 08:00:00,21126.6,21167.9,21110.0,21158.3,0,5086
2025-05-27 07:00:00,21102.7,21127.1,21095.6,21126.3,0,2959
2025-05-27 06:00:00,21131.1,21138.6,21092.3,21102.8,0,3981
2025-05-27 05:00:00,21126.3,21133.7,21112.7,21131.0,0,4739
2025-05-27 04:00:00,21190.7,21190.7,21124.3,21126.1,0,6715
2025-05-27 03:00:00,21186.0,21192.8,21153.0,21191.3,0,6180
2025-05-27 02:00:00,21179.0,21196.8,21170.0,21186.1,0,4063
2025-05-27 01:00:00,21240.4,21240.4,21174.5,21178.8,0,5443
2025-05-26 19:00:00,21222.0,21241.9,21216.1,21233.5,0,6341
2025-05-26 18:00:00,21178.6,21223.9,21163.6,21221.3,0,8556
2025-05-26 17:00:00,21227.3,21230.1,21172.8,21178.5,0,9800
2025-05-26 16:00:00,21210.3,21254.6,21197.9,21227.3,0,8493
2025-05-26 15:00:00,21222.8,21236.3,21208.0,21209.8,0,3961
2025-05-26 14:00:00,21210.5,21228.1,21204.3,21222.8,0,3430
2025-05-26 13:00:00,21198.3,21225.1,21193.9,21210.8,0,3092
2025-05-26 12:00:00,21193.9,21210.8,21190.9,21198.3,0,3475
2025-05-26 11:00:00,21220.4,21233.8,21186.3,21194.0,0,5435
2025-05-26 10:00:00,21198.7,21225.7,21179.0,21220.4,0,7319
2025-05-26 09:00:00,21149.8,21209.9,21137.3,21198.4,0,7597
2025-05-26 08:00:00,21167.7,21169.5,21142.2,21149.5,0,4185
2025-05-26 07:00:00,21160.2,21175.0,21150.7,21168.0,0,3279
2025-05-26 06:00:00,21141.7,21170.5,21141.4,21160.5,0,4236
2025-05-26 05:00:00,21153.4,21180.7,21137.6,21141.2,0,6183
2025-05-26 04:00:00,21133.5,21157.0,21116.0,21153.7,0,7435
2025-05-26 03:00:00,21135.2,21159.9,21116.5,21133.5,0,9211
2025-05-26 02:00:00,21111.4,21160.2,21110.0,21136.4,0,7069
2025-05-26 01:00:00,20915.9,21172.7,20902.4,21111.7,0,13142
2025-05-23 23:00:00,20917.9,20917.9,20871.0,20893.6,0,6024
2025-05-23 22:00:00,20978.7,21009.4,20899.1,20918.6,0,21701
2025-05-23 21:00:00,20992.0,21022.6,20946.3,20979.2,0,20428
2025-05-23 20:00:00,20923.3,21012.9,20912.1,20992.9,0,20006
2025-05-23 19:00:00,20875.5,20945.4,20859.2,20923.4,0,20543
2025-05-23 18:00:00,20851.0,20948.4,20826.0,20875.6,0,22894
2025-05-23 17:00:00,20830.1,20933.2,20822.1,20851.0,0,25211
2025-05-23 16:00:00,20740.9,20893.1,20703.5,20826.4,0,22826
2025-05-23 15:00:00,20773.6,20779.3,20667.5,20741.9,0,21672
2025-05-23 14:00:00,21115.7,21122.4,20744.5,20772.3,0,16704
2025-05-23 13:00:00,21121.8,21129.8,21084.2,21116.9,0,7030
2025-05-23 12:00:00,21127.3,21131.9,21059.2,21121.4,0,8426
2025-05-23 11:00:00,21146.7,21171.2,21120.4,21127.9,0,7527
2025-05-23 10:00:00,21074.9,21159.1,21070.7,21147.7,0,7969
2025-05-23 09:00:00,21092.2,21094.8,21034.1,21073.4,0,6909
2025-05-23 08:00:00,21093.7,21121.4,21077.2,21092.7,0,4224
2025-05-23 07:00:00,21130.7,21130.9,21083.4,21093.4,0,3189
2025-05-23 06:00:00,21124.7,21147.7,21115.1,21130.9,0,4298
2025-05-23 05:00:00,21102.7,21140.3,21098.7,21124.2,0,4162
2025-05-23 04:00:00,21140.9,21140.9,21092.9,21102.4,0,6118
2025-05-23 03:00:00,21120.6,21142.2,21117.2,21141.2,0,5967
2025-05-23 02:00:00,21086.7,21121.4,21074.2,21118.9,0,4434
2025-05-23 01:00:00,21165.3,21174.2,21079.5,21086.9,0,4416
2025-05-22 23:00:00,21122.8,21152.9,21112.4,21152.5,0,6255
2025-05-22 22:00:00,21240.7,21274.7,21104.1,21122.0,0,20867
2025-05-22 21:00:00,21230.3,21254.9,21206.7,21242.9,0,19851
2025-05-22 20:00:00,21155.7,21247.4,21134.3,21230.3,0,20962
2025-05-22 19:00:00,21209.6,21262.2,21147.1,21155.3,0,21979
2025-05-22 18:00:00,21169.0,21218.3,21137.1,21208.9,0,23590
2025-05-22 17:00:00,21220.4,21267.2,21104.5,21169.4,0,25516
2025-05-22 16:00:00,21129.0,21229.6,21051.6,21222.8,0,20952
2025-05-22 15:00:00,21020.5,21134.0,20978.2,21129.5,0,16457
2025-05-22 14:00:00,21126.2,21181.0,21016.7,21017.2,0,12325
2025-05-22 13:00:00,21142.2,21148.2,21108.2,21127.5,0,6559
2025-05-22 12:00:00,21135.5,21153.1,21117.0,21142.4,0,5998
2025-05-22 11:00:00,21134.4,21158.3,21123.5,21135.7,0,8343
2025-05-22 10:00:00,21130.3,21163.9,21109.1,21134.8,0,9747
2025-05-22 09:00:00,21134.8,21142.2,21102.6,21129.2,0,5816
2025-05-22 08:00:00,21101.7,21140.0,21093.5,21135.0,0,4222
2025-05-22 07:00:00,21103.8,21110.1,21098.6,21102.8,0,2182
2025-05-22 06:00:00,21094.7,21117.5,21094.5,21104.0,0,3542
2025-05-22 05:00:00,21092.8,21120.0,21083.5,21094.3,0,4779
2025-05-22 04:00:00,21134.9,21145.5,21089.7,21092.7,0,6076
2025-05-22 03:00:00,21086.5,21138.0,21073.7,21135.0,0,7518
2025-05-22 02:00:00,21082.1,21112.8,21071.1,21084.5,0,5162
2025-05-22 01:00:00,21077.2,21113.7,21051.4,21081.8,0,6543
2025-05-21 23:00:00,21083.8,21091.0,21047.0,21081.3,0,6800
2025-05-21 22:00:00,21118.5,21156.1,21008.5,21084.4,0,24544
2025-05-21 21:00:00,21206.5,21218.2,21103.1,21113.1,0,23776
2025-05-21 20:00:00,21450.5,21458.8,21095.9,21206.3,0,25671
2025-05-21 19:00:00,21450.1,21493.6,21445.3,21450.5,0,17935
2025-05-21 18:00:00,21390.4,21469.9,21382.3,21451.0,0,21693
2025-05-21 17:00:00,21308.9,21393.3,21297.9,21391.7,0,23416
2025-05-21 16:00:00,21247.3,21339.5,21197.8,21309.4,0,18205
2025-05-21 15:00:00,21274.8,21277.4,21219.6,21248.1,0,9762
2025-05-21 14:00:00,21235.7,21290.4,21231.3,21274.5,0,7905
2025-05-21 13:00:00,21204.1,21237.5,21165.0,21235.5,0,8314
2025-05-21 12:00:00,21257.8,21270.8,21198.5,21205.1,0,6747
2025-05-21 11:00:00,21277.8,21282.9,21225.2,21257.8,0,6783
2025-05-21 10:00:00,21228.8,21283.7,21228.4,21278.7,0,7496
2025-05-21 09:00:00,21266.1,21275.1,21221.5,21229.3,0,8642
2025-05-21 08:00:00,21292.9,21319.3,21262.7,21266.3,0,4707
2025-05-21 07:00:00,21312.5,21313.0,21284.7,21293.0,0,3500
2025-05-21 06:00:00,21313.5,21332.5,21305.0,21312.5,0,3841
2025-05-21 05:00:00,21336.5,21340.4,21308.8,21313.6,0,5086
2025-05-21 04:00:00,21358.5,21369.8,21323.5,21336.3,0,6011
2025-05-21 03:00:00,21365.4,21378.5,21339.6,21358.6,0,6314
2025-05-21 02:00:00,21335.5,21366.5,21332.3,21366.2,0,3480
2025-05-21 01:00:00,21346.8,21351.2,21278.2,21335.8,0,7115
2025-05-20 23:00:00,21380.0,21383.5,21330.9,21352.8,0,5239
2025-05-20 22:00:00,21279.7,21384.1,21231.2,21379.9,0,20923
2025-05-20 21:00:00,21363.1,21373.5,21273.3,21281.5,0,20419
2025-05-20 20:00:00,21391.2,21405.3,21340.5,21363.6,0,17635
2025-05-20 19:00:00,21367.4,21404.1,21335.7,21391.1,0,17315
2025-05-20 18:00:00,21340.0,21377.6,21319.7,21368.0,0,19445
2025-05-20 17:00:00,21327.4,21382.8,21295.9,21340.0,0,22511
2025-05-20 16:00:00,21367.7,21390.3,21288.2,21327.0,0,18063
2025-05-20 15:00:00,21395.8,21406.1,21351.6,21368.4,0,8027
2025-05-20 14:00:00,21394.6,21415.8,21389.4,21396.8,0,6137
2025-05-20 13:00:00,21358.3,21396.1,21350.5,21394.6,0,5497
2025-05-20 12:00:00,21366.8,21384.8,21346.6,21358.2,0,5563
2025-05-20 11:00:00,21376.5,21393.2,21344.4,21366.3,0,7489
2025-05-20 10:00:00,21357.8,21411.1,21341.0,21377.3,0,8840
2025-05-20 09:00:00,21350.8,21363.8,21326.3,21354.8,0,6757
2025-05-20 08:00:00,21379.4,21418.8,21348.4,21350.6,0,5547
2025-05-20 07:00:00,21366.4,21384.4,21354.0,21379.8,0,3762
2025-05-20 06:00:00,21385.2,21387.1,21360.5,21366.6,0,4030
2025-05-20 05:00:00,21391.3,21399.1,21367.3,21386.5,0,5204
2025-05-20 04:00:00,21446.3,21446.3,21370.5,21390.6,0,7952
2025-05-20 03:00:00,21472.2,21494.3,21445.7,21446.9,0,5903
2025-05-20 02:00:00,21431.8,21492.1,21430.5,21471.6,0,4447
2025-05-20 01:00:00,21441.2,21446.3,21425.7,21432.3,0,2721
2025-05-19 23:00:00,21452.4,21457.2,21409.2,21448.3,0,5029
2025-05-19 22:00:00,21427.2,21463.8,21374.8,21453.9,0,18242
2025-05-19 21:00:00,21429.9,21435.7,21380.8,21426.6,0,17083
2025-05-19 20:00:00,21429.0,21474.6,21423.9,21429.6,0,17590
2025-05-19 19:00:00,21364.6,21433.4,21358.9,21429.3,0,16696
2025-05-19 18:00:00,21324.6,21406.5,21310.8,21364.2,0,19859
2025-05-19 17:00:00,21284.4,21392.9,21278.1,21324.1,0,22667
2025-05-19 16:00:00,21143.0,21305.1,21085.8,21287.2,0,19454
2025-05-19 15:00:00,21135.1,21150.2,21095.1,21142.8,0,9552
2025-05-19 14:00:00,21118.3,21143.3,21093.0,21134.8,0,8078
2025-05-19 13:00:00,21095.8,21135.0,21061.4,21116.9,0,7292
2025-05-19 12:00:00,21065.1,21109.8,21048.8,21095.0,0,7390
2025-05-19 11:00:00,21123.0,21124.3,21043.5,21065.5,0,11188
2025-05-19 10:00:00,21121.3,21157.3,21093.3,21124.7,0,10763
2025-05-19 09:00:00,21177.9,21219.2,21117.5,21117.6,0,8147
2025-05-19 08:00:00,21151.5,21183.9,21144.0,21177.6,0,5632
2025-05-19 07:00:00,21142.5,21169.5,21136.3,21151.2,0,5161
2025-05-19 06:00:00,21194.7,21195.6,21127.0,21143.0,0,6646
2025-05-19 05:00:00,21205.7,21230.5,21191.3,21195.0,0,6131
2025-05-19 04:00:00,21232.7,21239.1,21204.2,21205.9,0,7830
2025-05-19 03:00:00,21312.4,21313.0,21195.3,21232.7,0,10006
2025-05-19 02:00:00,21300.4,21347.3,21286.6,21312.0,0,5969
2025-05-19 01:00:00,21236.5,21304.3,21216.5,21300.2,0,8863
2025-05-16 23:00:00,21425.1,21432.3,21306.9,21326.7,0,7249
2025-05-16 22:00:00,21399.3,21434.3,21384.8,21427.7,0,19256
2025-05-16 21:00:00,21367.9,21415.7,21358.5,21399.6,0,16969
2025-05-16 20:00:00,21350.3,21400.5,21342.9,21367.7,0,17909
2025-05-16 19:00:00,21335.0,21373.9,21328.7,21350.3,0,19076
2025-05-16 18:00:00,21315.0,21365.1,21298.1,21335.0,0,22329
2025-05-16 17:00:00,21351.1,21379.3,21243.4,21314.0,0,26537
2025-05-16 16:00:00,21361.1,21426.4,21312.0,21353.3,0,21629
2025-05-16 15:00:00,21403.6,21423.3,21356.9,21361.3,0,9186
2025-05-16 14:00:00,21380.7,21408.3,21370.0,21402.8,0,6190
2025-05-16 13:00:00,21362.0,21392.6,21353.0,21380.5,0,5257
2025-05-16 12:00:00,21383.6,21390.3,21360.3,21362.1,0,5637
2025-05-16 11:00:00,21364.9,21400.3,21360.5,21383.2,0,7291
2025-05-16 10:00:00,21292.6,21378.0,21284.2,21364.8,0,7741
2025-05-16 09:00:00,21308.7,21331.4,21286.6,21292.4,0,4887
2025-05-16 08:00:00,21324.2,21328.5,21306.6,21308.7,0,3418
2025-05-16 07:00:00,21326.7,21341.4,21320.6,21325.0,0,3556
2025-05-16 06:00:00,21324.4,21338.3,21319.0,21328.2,0,4262
2025-05-16 05:00:00,21293.0,21331.5,21283.9,21324.8,0,5984
2025-05-16 04:00:00,21283.2,21300.0,21271.7,21293.0,0,8290
2025-05-16 03:00:00,21339.7,21357.8,21280.8,21283.3,0,7892
2025-05-16 02:00:00,21306.0,21338.3,21304.2,21337.2,0,3841
2025-05-16 01:00:00,21314.9,21325.5,21303.1,21305.8,0,4126
2025-05-15 23:00:00,21344.0,21369.8,21321.1,21321.3,0,5971
2025-05-15 22:00:00,21318.7,21348.6,21229.5,21344.5,0,25294
2025-05-15 21:00:00,21400.5,21400.5,21301.7,21317.9,0,23276
2025-05-15 20:00:00,21417.1,21455.1,21393.6,21400.3,0,19905
2025-05-15 19:00:00,21354.4,21417.6,21344.6,21417.2,0,21013
2025-05-15 18:00:00,21258.7,21371.2,21253.0,21354.4,0,24041
2025-05-15 17:00:00,21223.9,21271.5,21183.1,21260.6,0,27313
2025-05-15 16:00:00,21213.3,21264.3,21173.9,21224.5,0,21350
2025-05-15 15:00:00,21198.1,21254.8,21160.7,21214.1,0,12899
2025-05-15 14:00:00,21174.9,21226.5,21172.6,21200.1,0,7914
2025-05-15 13:00:00,21183.8,21184.1,21150.0,21175.3,0,6833
2025-05-15 12:00:00,21140.6,21188.9,21117.1,21184.1,0,9476
2025-05-15 11:00:00,21194.1,21214.8,21123.8,21140.4,0,12042
2025-05-15 10:00:00,21269.8,21282.8,21190.5,21196.9,0,11648
2025-05-15 09:00:00,21255.9,21292.2,21250.2,21270.3,0,5771
2025-05-15 08:00:00,21310.0,21312.3,21242.9,21256.3,0,5551
2025-05-15 07:00:00,21304.8,21313.8,21298.3,21309.5,0,2458
2025-05-15 06:00:00,21331.3,21334.8,21302.0,21304.7,0,3317
2025-05-15 05:00:00,21299.1,21337.3,21290.6,21331.5,0,4033
2025-05-15 04:00:00,21306.6,21322.3,21291.0,21298.6,0,5050
2025-05-15 03:00:00,21300.8,21315.6,21292.6,21306.5,0,4845
2025-05-15 02:00:00,21305.1,21308.1,21282.8,21301.1,0,4454
2025-05-15 01:00:00,21302.0,21311.2,21287.8,21304.8,0,3212
2025-05-14 23:00:00,21323.4,21339.4,21306.0,21326.6,0,5838
2025-05-14 22:00:00,21296.5,21332.9,21258.1,21323.1,0,22340
2025-05-14 21:00:00,21292.8,21325.5,21262.9,21296.0,0,21191
2025-05-14 20:00:00,21293.3,21296.1,21208.6,21291.6,0,22650
2025-05-14 19:00:00,21302.2,21345.6,21282.7,21293.3,0,21768
2025-05-14 18:00:00,21286.8,21316.1,21215.4,21302.5,0,24616
2025-05-14 17:00:00,21257.5,21296.2,21225.5,21284.0,0,28006
2025-05-14 16:00:00,21252.5,21332.4,21201.9,21256.9,0,21180
2025-05-14 15:00:00,21271.1,21294.6,21245.1,21252.4,0,10228
2025-05-14 14:00:00,21221.1,21310.5,21220.1,21272.1,0,9459
2025-05-14 13:00:00,21188.1,21231.2,21182.1,21221.1,0,5796
2025-05-14 12:00:00,21202.1,21217.2,21166.2,21188.0,0,9265
2025-05-14 11:00:00,21234.5,21242.0,21184.8,21201.6,0,10584
2025-05-14 10:00:00,21277.1,21279.5,21209.2,21233.6,0,10021
2025-05-14 09:00:00,21244.6,21281.4,21233.1,21276.1,0,5400
2025-05-14 08:00:00,21234.5,21251.0,21230.3,21244.1,0,4442
2025-05-14 07:00:00,21216.1,21243.0,21209.1,21234.6,0,3281
2025-05-14 06:00:00,21203.2,21225.4,21199.3,21216.4,0,3757
2025-05-14 05:00:00,21210.9,21218.6,21189.8,21202.6,0,4536
2025-05-14 04:00:00,21195.3,21211.5,21174.8,21211.4,0,6578
2025-05-14 03:00:00,21219.4,21224.9,21188.6,21195.9,0,6822
2025-05-14 02:00:00,21188.8,21227.9,21180.4,21220.0,0,4737
2025-05-14 01:00:00,21181.9,21199.1,21177.7,21188.9,0,3185
2025-05-13 23:00:00,21195.2,21198.9,21173.0,21180.2,0,5165
2025-05-13 22:00:00,21252.0,21266.4,21183.0,21195.8,0,20899
2025-05-13 21:00:00,21221.5,21256.1,21200.2,21252.2,0,21015
2025-05-13 20:00:00,21246.9,21271.5,21219.8,21221.3,0,19948
2025-05-13 19:00:00,21209.5,21263.7,21178.1,21247.0,0,21095
2025-05-13 18:00:00,21175.7,21228.2,21156.2,21209.2,0,23816
2025-05-13 17:00:00,21051.5,21182.8,21041.5,21175.7,0,27482
2025-05-13 16:00:00,20934.1,21056.8,20899.9,21049.9,0,21025
2025-05-13 15:00:00,20868.6,20975.3,20856.8,20934.5,0,13544
2025-05-13 14:00:00,20819.0,20870.2,20813.7,20867.0,0,8551
2025-05-13 13:00:00,20808.5,20837.6,20787.2,20817.3,0,7862
2025-05-13 12:00:00,20761.2,20808.6,20755.4,20808.6,0,6055
2025-05-13 11:00:00,20774.7,20803.7,20752.8,20761.5,0,7996
2025-05-13 10:00:00,20775.6,20796.0,20757.8,20774.2,0,10001
2025-05-13 09:00:00,20788.2,20809.1,20773.2,20775.2,0,7299
2025-05-13 08:00:00,20767.2,20794.0,20763.7,20787.5,0,4962
2025-05-13 07:00:00,20769.7,20781.0,20745.4,20766.7,0,4730
2025-05-13 06:00:00,20800.1,20801.9,20769.2,20770.7,0,4357
2025-05-13 05:00:00,20801.5,20820.7,20777.0,20799.1,0,5886
2025-05-13 04:00:00,20803.2,20821.7,20790.9,20801.7,0,7140
2025-05-13 03:00:00,20835.3,20836.2,20793.1,20802.2,0,8956
2025-05-13 02:00:00,20846.8,20891.0,20835.0,20835.0,0,4791
2025-05-13 01:00:00,20883.5,20888.2,20840.5,20846.7,0,5146
2025-05-12 23:00:00,20875.2,20920.6,20863.7,20881.7,0,6693
2025-05-12 22:00:00,20820.5,20878.8,20784.1,20874.5,0,23569
2025-05-12 21:00:00,20834.8,20867.7,20819.3,20820.6,0,19905
2025-05-12 20:00:00,20803.0,20859.3,20797.1,20833.3,0,20741
2025-05-12 19:00:00,20690.0,20808.0,20681.7,20802.8,0,21893
2025-05-12 18:00:00,20695.2,20731.0,20679.1,20689.8,0,26327
2025-05-12 17:00:00,20714.8,20773.7,20615.1,20695.8,0,30210
2025-05-12 16:00:00,20842.2,20864.5,20671.6,20711.8,0,23788
2025-05-12 15:00:00,20838.5,20889.5,20832.4,20841.5,0,12066
2025-05-12 14:00:00,20896.8,20916.2,20807.5,20838.7,0,14977
2025-05-12 13:00:00,20831.7,20907.2,20807.3,20896.2,0,12144
2025-05-12 12:00:00,20803.3,20838.0,20798.7,20831.5,0,8938
2025-05-12 11:00:00,20734.6,20823.1,20703.8,20801.2,0,16589
2025-05-12 10:00:00,20489.8,20855.3,20489.3,20735.8,0,22845
2025-05-12 09:00:00,20478.2,20519.1,20467.2,20488.8,0,6793
2025-05-12 08:00:00,20456.2,20488.5,20449.0,20478.2,0,4295
2025-05-12 07:00:00,20451.7,20460.8,20445.3,20456.7,0,3248
2025-05-12 06:00:00,20454.5,20463.5,20435.4,20452.2,0,5524
2025-05-12 05:00:00,20442.1,20458.6,20429.8,20454.5,0,5210
2025-05-12 04:00:00,20418.8,20472.2,20414.3,20442.2,0,9097
2025-05-12 03:00:00,20377.7,20433.2,20367.7,20419.2,0,11247
2025-05-12 02:00:00,20333.9,20428.3,20329.4,20378.4,0,10475
2025-05-12 01:00:00,20356.9,20390.0,20303.4,20333.6,0,8835
2025-05-09 23:00:00,20057.6,20070.4,20042.2,20068.2,0,5202
2025-05-09 22:00:00,20063.0,20106.4,20049.6,20058.0,0,20100
2025-05-09 21:00:00,20075.6,20081.1,20031.8,20062.8,0,18180
2025-05-09 20:00:00,20009.9,20082.5,19994.9,20077.0,0,19327
2025-05-09 19:00:00,20091.6,20095.8,19994.8,20009.6,0,20960
2025-05-09 18:00:00,20064.0,20097.0,20025.5,20091.8,0,22177
2025-05-09 17:00:00,20175.8,20196.0,19980.1,20063.5,0,25008
2025-05-09 16:00:00,20154.1,20201.0,20126.8,20175.8,0,18156
2025-05-09 15:00:00,20125.5,20173.5,20116.5,20154.0,0,10450
2025-05-09 14:00:00,20153.0,20200.0,20064.9,20128.0,0,12087
2025-05-09 13:00:00,20119.7,20159.3,20117.7,20151.5,0,5740
2025-05-09 12:00:00,20095.3,20120.9,20093.1,20119.8,0,5561
2025-05-09 11:00:00,20114.0,20123.0,20087.2,20096.0,0,8116
2025-05-09 10:00:00,20111.3,20153.6,20089.5,20114.5,0,9892
2025-05-09 09:00:00,20114.0,20125.6,20094.2,20111.8,0,6224
2025-05-09 08:00:00,20104.9,20124.4,20078.3,20113.7,0,6026
2025-05-09 07:00:00,20106.7,20115.6,20092.0,20105.0,0,4178
2025-05-09 06:00:00,20074.2,20111.0,20046.2,20106.6,0,6762
2025-05-09 05:00:00,20081.0,20122.3,20070.2,20074.4,0,6432
2025-05-09 04:00:00,20043.3,20082.0,20034.4,20081.0,0,6702
2025-05-09 03:00:00,20059.1,20061.7,20002.9,20043.2,0,9153
2025-05-09 02:00:00,20082.8,20092.8,20047.7,20060.6,0,6153
2025-05-09 01:00:00,20091.3,20101.6,20059.0,20083.0,0,4416
2025-05-08 23:00:00,20074.3,20098.8,20064.7,20074.6,0,6151
2025-05-08 22:00:00,20202.0,20250.7,20061.6,20072.9,0,22804
2025-05-08 21:00:00,20169.1,20237.0,20154.5,20204.0,0,19944
2025-05-08 20:00:00,20251.1,20255.3,20166.7,20170.2,0,20450
2025-05-08 19:00:00,20192.9,20256.5,20189.2,20251.2,0,21378
2025-05-08 18:00:00,19933.5,20236.0,19913.9,20192.6,0,25150
2025-05-08 17:00:00,20010.5,20043.4,19899.8,19937.9,0,25623
2025-05-08 16:00:00,20094.2,20102.8,19980.9,20009.5,0,19121
2025-05-08 15:00:00,20118.0,20146.0,20055.6,20094.2,0,12417
2025-05-08 14:00:00,20171.2,20175.6,20104.8,20117.7,0,7835
2025-05-08 13:00:00,20165.7,20177.2,20146.7,20173.7,0,5765
2025-05-08 12:00:00,20145.7,20181.7,20134.0,20165.5,0,5310
2025-05-08 11:00:00,20097.7,20150.9,20073.7,20145.5,0,7259
2025-05-08 10:00:00,20065.3,20110.2,20056.4,20097.5,0,9007
2025-05-08 09:00:00,20075.4,20079.7,20043.7,20065.6,0,7022
2025-05-08 08:00:00,20103.6,20114.8,20067.7,20076.2,0,6084
2025-05-08 07:00:00,20083.7,20117.2,20076.9,20103.4,0,5011
2025-05-08 06:00:00,20017.5,20089.4,20017.2,20084.0,0,6998
2025-05-08 05:00:00,19986.5,20036.2,19986.4,20018.3,0,7686
2025-05-08 04:00:00,19946.3,20042.0,19933.1,19986.4,0,13667
2025-05-08 03:00:00,19872.8,19956.7,19845.2,19946.1,0,9044
2025-05-08 02:00:00,19863.4,19894.5,19860.7,19871.9,0,4091
2025-05-08 01:00:00,19847.6,19876.2,19830.8,19863.0,0,4204
2025-05-07 23:00:00,19866.1,19915.5,19832.8,19875.2,0,7138
2025-05-07 22:00:00,19801.9,19970.3,19681.7,19867.7,0,26588
2025-05-07 21:00:00,19730.9,19819.7,19596.9,19802.9,0,26296
2025-05-07 20:00:00,19816.0,19842.6,19721.7,19731.1,0,19948
2025-05-07 19:00:00,19764.6,19821.5,19723.5,19816.3,0,21874
2025-05-07 18:00:00,19761.0,19773.9,19705.5,19767.0,0,24714
2025-05-07 17:00:00,19854.2,19894.4,19747.1,19759.3,0,23804
2025-05-07 16:00:00,19850.0,19860.9,19776.3,19853.2,0,20345
2025-05-07 15:00:00,19912.7,19914.7,19826.0,19850.2,0,11894
2025-05-07 14:00:00,19914.7,19947.2,19897.7,19913.2,0,6724
2025-05-07 13:00:00,19907.7,19924.7,19884.2,19914.0,0,6453
2025-05-07 12:00:00,19924.1,19935.6,19888.9,19907.7,0,6708
2025-05-07 11:00:00,19930.6,19942.0,19887.1,19924.0,0,7932
2025-05-07 10:00:00,19898.2,19938.1,19890.9,19931.1,0,8660
2025-05-07 09:00:00,19896.5,19918.8,19870.2,19899.0,0,8115
2025-05-07 08:00:00,19930.5,19932.8,19888.5,19896.6,0,8093
2025-05-07 07:00:00,19919.7,19952.5,19918.4,19930.6,0,4652
2025-05-07 06:00:00,19914.4,19938.7,19909.7,19920.7,0,6469
2025-05-07 05:00:00,19969.5,19972.7,19895.0,19913.2,0,9535
2025-05-07 04:00:00,20000.2,20023.2,19951.4,19969.5,0,11292
2025-05-07 03:00:00,19984.0,20022.7,19922.8,20000.2,0,11235
2025-05-07 02:00:00,19995.4,20002.9,19947.7,19984.7,0,8593
2025-05-07 01:00:00,19721.6,20045.4,19721.6,19995.7,0,14917
2025-05-06 23:00:00,19790.0,19798.3,19731.2,19761.5,0,8066
2025-05-06 22:00:00,19866.5,19886.6,19785.6,19789.5,0,19877
2025-05-06 21:00:00,19762.2,19869.1,19760.3,19868.7,0,20558
2025-05-06 20:00:00,19781.3,19833.5,19753.3,19761.0,0,21247
2025-05-06 19:00:00,19810.1,19940.2,19774.6,19778.7,0,23063
2025-05-06 18:00:00,19818.4,19866.3,19800.0,19810.5,0,21400
2025-05-06 17:00:00,19673.2,19851.7,19653.7,19819.7,0,24079
2025-05-06 16:00:00,19753.4,19777.7,19661.7,19671.5,0,19631
2025-05-06 15:00:00,19754.6,19768.5,19717.4,19754.6,0,11055
2025-05-06 14:00:00,19805.7,19821.1,19720.6,19753.5,0,10769
2025-05-06 13:00:00,19780.6,19807.1,19766.9,19805.6,0,7923
2025-05-06 12:00:00,19787.6,19790.2,19738.4,19780.2,0,10414
2025-05-06 11:00:00,19815.7,19823.2,19746.6,19787.1,0,12186
2025-05-06 10:00:00,19875.3,19889.0,19807.9,19816.3,0,10502
2025-05-06 09:00:00,19836.6,19879.2,19832.8,19875.5,0,5915
2025-05-06 08:00:00,19887.1,19889.8,19827.3,19836.9,0,4828
2025-05-06 07:00:00,19901.6,19905.9,19867.8,19887.1,0,2853
2025-05-06 06:00:00,19869.4,19902.3,19846.9,19901.3,0,4073
2025-05-06 05:00:00,19872.6,19885.3,19851.9,19869.1,0,5431
2025-05-06 04:00:00,19907.4,19918.0,19866.9,19872.6,0,8311
2025-05-06 03:00:00,19922.7,19943.2,19890.1,19907.6,0,5846
2025-05-06 02:00:00,19931.4,19948.4,19920.1,19922.6,0,3453
2025-05-06 01:00:00,19935.2,19950.6,19926.2,19931.4,0,3165
2025-05-05 23:00:00,19978.5,19981.2,19914.5,19953.6,0,6940
2025-05-05 22:00:00,20063.7,20066.5,19957.3,19978.5,0,21787
2025-05-05 21:00:00,20056.9,20103.3,20051.9,20063.9,0,15102
2025-05-05 20:00:00,20047.3,20067.8,20019.5,20057.1,0,16711
2025-05-05 19:00:00,20015.5,20058.6,20007.8,20047.5,0,17626
2025-05-05 18:00:00,20017.4,20036.5,19978.9,20015.5,0,21077
2025-05-05 17:00:00,19982.3,20027.3,19922.7,20017.7,0,24401
2025-05-05 16:00:00,19917.4,19983.2,19899.0,19958.0,0,18053
2025-05-05 15:00:00,19896.5,19924.8,19883.6,19917.6,0,8568
2025-05-05 14:00:00,19923.5,19931.7,19881.3,19893.5,0,7005
2025-05-05 13:00:00,19925.0,19933.4,19895.7,19923.0,0,6642
2025-05-05 12:00:00,19913.1,19940.8,19896.0,19924.2,0,7810
2025-05-05 11:00:00,19971.3,19990.0,19890.8,19912.7,0,10252
2025-05-05 10:00:00,19975.1,19982.5,19950.5,19970.4,0,8604
2025-05-05 09:00:00,19975.5,20011.4,19973.2,19974.4,0,6639
2025-05-05 08:00:00,19949.9,19985.2,19949.9,19975.4,0,5704
2025-05-05 07:00:00,19969.7,19972.5,19931.0,19949.2,0,5633
2025-05-05 06:00:00,19948.7,19986.5,19935.1,19970.4,0,5897
2025-05-05 05:00:00,19916.2,19963.7,19908.4,19948.4,0,6825
2025-05-05 04:00:00,20016.0,20016.4,19904.6,19917.2,0,9367
2025-05-05 03:00:00,19997.9,20023.7,19981.6,20016.4,0,7198
2025-05-05 02:00:00,20026.8,20034.9,19965.1,19997.9,0,7303
2025-05-05 01:00:00,20106.0,20106.3,20021.0,20028.2,0,7271
2025-05-02 23:00:00,20089.8,20129.5,20083.2,20107.5,0,7317
2025-05-02 22:00:00,20124.3,20141.0,20058.3,20090.6,0,25794
2025-05-02 21:00:00,20131.4,20182.2,20105.0,20126.8,0,21359
2025-05-02 20:00:00,20147.8,20159.2,20102.9,20131.1,0,22996
2025-05-02 19:00:00,20103.0,20171.4,20098.8,20147.5,0,24898
2025-05-02 18:00:00,20071.7,20112.0,20033.5,20102.7,0,24375
2025-05-02 17:00:00,19977.7,20085.8,19968.5,20071.7,0,28800
2025-05-02 16:00:00,20002.1,20047.6,19926.7,19977.9,0,25752
2025-05-02 15:00:00,19824.5,20011.7,19817.7,20001.6,0,16446
2025-05-02 14:00:00,19840.6,19864.2,19808.1,19824.5,0,10228
2025-05-02 13:00:00,19825.2,19861.5,19816.2,19839.0,0,8881
2025-05-02 12:00:00,19776.2,19840.0,19770.6,19825.3,0,9789
2025-05-02 11:00:00,19809.1,19856.0,19774.1,19776.7,0,11485
2025-05-02 10:00:00,19835.2,19865.7,19808.1,19809.2,0,13411
2025-05-02 09:00:00,19855.4,19856.1,19790.2,19836.9,0,9605
2025-05-02 08:00:00,19891.4,19894.9,19847.1,19856.4,0,6723
2025-05-02 07:00:00,19883.7,19908.0,19867.2,19891.4,0,6357
2025-05-02 06:00:00,19864.9,19893.4,19859.1,19883.7,0,5194
2025-05-02 05:00:00,19835.4,19877.1,19813.4,19865.4,0,9365
2025-05-02 04:00:00,19848.4,19887.9,19821.9,19835.6,0,13147
2025-05-02 03:00:00,19696.8,19874.8,19660.9,19849.1,0,15283
2025-05-02 02:00:00,19694.4,19732.3,19683.4,19695.9,0,6088
2025-05-02 01:00:00,19688.2,19702.9,19655.9,19694.2,0,6253
2025-05-01 23:00:00,19780.4,19825.4,19662.1,19701.5,0,12547
2025-05-01 22:00:00,19913.5,19926.6,19762.4,19782.1,0,25049
2025-05-01 21:00:00,19885.9,19953.0,19881.1,19913.3,0,23255
2025-05-01 20:00:00,19846.1,19932.5,19843.9,19886.1,0,24420
2025-05-01 19:00:00,19867.5,19904.5,19815.3,19846.6,0,26984
2025-05-01 18:00:00,19977.7,20030.2,19838.2,19867.3,0,26783
2025-05-01 17:00:00,19830.2,19978.0,19762.9,19977.8,0,28617
2025-05-01 16:00:00,19858.3,19896.2,19774.0,19774.0,0,23433
2025-05-01 15:00:00,19914.0,19939.1,19853.6,19858.5,0,13873
2025-05-01 14:00:00,19907.1,19931.5,19885.6,19914.0,0,9727
2025-05-01 13:00:00,19921.9,19932.5,19888.1,19907.5,0,7348
2025-05-01 12:00:00,19889.2,19928.5,19878.7,19922.0,0,6380
2025-05-01 11:00:00,19859.4,19892.3,19837.0,19889.1,0,7464
2025-05-01 10:00:00,19827.7,19881.2,19807.5,19861.2,0,7068
2025-05-01 09:00:00,19826.3,19853.6,19821.0,19828.2,0,7013
2025-05-01 08:00:00,19847.5,19879.2,19824.6,19826.9,0,6214
2025-05-01 07:00:00,19863.3,19873.0,19839.9,19846.9,0,3815
2025-05-01 06:00:00,19819.5,19868.5,19813.2,19863.3,0,5441
2025-05-01 05:00:00,19834.5,19856.0,19814.2,19819.4,0,4105
2025-05-01 04:00:00,19851.5,19856.2,19816.6,19834.7,0,5880
2025-05-01 03:00:00,19815.0,19860.0,19809.2,19851.7,0,8498
2025-05-01 02:00:00,19808.1,19839.3,19774.1,19813.8,0,7553
2025-05-01 01:00:00,19734.9,19840.0,19720.4,19809.2,0,9708
2025-04-30 23:00:00,19537.6,19781.2,19490.4,19749.3,0,12396
2025-04-30 22:00:00,19378.5,19617.6,19371.9,19535.6,0,27144
2025-04-30 21:00:00,19384.8,19485.0,19351.5,19378.2,0,27669
2025-04-30 20:00:00,19342.3,19412.6,19241.1,19381.8,0,25419
2025-04-30 19:00:00,19344.6,19376.5,19261.1,19341.7,0,26306
2025-04-30 18:00:00,19227.0,19358.4,19222.7,19347.1,0,28492
2025-04-30 17:00:00,19025.4,19257.8,19008.8,19226.9,0,30534
2025-04-30 16:00:00,19190.6,19210.3,19010.2,19023.0,0,26566
2025-04-30 15:00:00,19429.2,19439.0,19161.2,19189.5,0,20287
2025-04-30 14:00:00,19475.2,19504.2,19415.3,19431.7,0,8497
2025-04-30 13:00:00,19493.5,19496.8,19446.7,19474.1,0,6458
2025-04-30 12:00:00,19479.0,19518.1,19478.0,19493.2,0,5249
2025-04-30 11:00:00,19486.8,19526.5,19461.8,19478.9,0,8890
2025-04-30 10:00:00,19467.4,19498.2,19466.6,19489.6,0,9293
2025-04-30 09:00:00,19440.4,19474.7,19437.1,19467.7,0,7368
2025-04-30 08:00:00,19423.2,19442.0,19408.7,19441.0,0,5720
2025-04-30 07:00:00,19426.2,19444.0,19414.2,19423.2,0,4543
2025-04-30 06:00:00,19412.9,19430.9,19389.2,19427.2,0,5920
2025-04-30 05:00:00,19417.2,19431.9,19404.2,19413.5,0,6153
2025-04-30 04:00:00,19433.9,19448.0,19409.9,19416.7,0,8593
2025-04-30 03:00:00,19464.8,19488.5,19423.3,19435.2,0,9021
2025-04-30 02:00:00,19469.6,19478.2,19447.7,19467.7,0,5257
2025-04-30 01:00:00,19497.7,19514.8,19468.4,19469.4,0,5230
2025-04-29 23:00:00,19548.7,19571.1,19470.8,19517.5,0,8553
2025-04-29 22:00:00,19549.6,19585.0,19518.8,19549.1,0,24694
2025-04-29 21:00:00,19559.2,19590.8,19542.2,19548.8,0,23632
2025-04-29 20:00:00,19398.0,19570.7,19387.5,19559.8,0,24223
2025-04-29 19:00:00,19442.3,19509.0,19374.3,19397.1,0,24794
2025-04-29 18:00:00,19500.9,19518.1,19404.0,19441.7,0,26583
2025-04-29 17:00:00,19402.8,19511.1,19373.2,19501.0,0,29073
2025-04-29 16:00:00,19353.6,19446.7,19282.4,19402.3,0,26354
2025-04-29 15:00:00,19407.1,19441.3,19349.3,19352.9,0,15154
2025-04-29 14:00:00,19400.8,19434.3,19391.9,19407.3,0,10783
2025-04-29 13:00:00,19470.3,19483.8,19351.3,19399.9,0,10611
2025-04-29 12:00:00,19484.6,19492.2,19450.6,19470.0,0,7668
2025-04-29 11:00:00,19512.9,19513.3,19445.3,19484.8,0,9254
2025-04-29 10:00:00,19446.4,19523.8,19436.1,19513.3,0,10216
2025-04-29 09:00:00,19435.9,19468.6,19429.4,19446.3,0,6177
2025-04-29 08:00:00,19456.0,19474.1,19433.5,19435.8,0,5809
2025-04-29 07:00:00,19477.1,19500.9,19445.1,19456.3,0,4536
2025-04-29 06:00:00,19473.6,19494.4,19464.9,19476.9,0,4871
2025-04-29 05:00:00,19497.0,19533.6,19462.3,19473.8,0,7026
2025-04-29 04:00:00,19456.8,19502.8,19447.8,19496.8,0,5632
2025-04-29 03:00:00,19432.1,19463.8,19399.8,19457.0,0,5491
2025-04-29 02:00:00,19388.9,19434.6,19382.3,19432.1,0,5579
2025-04-29 01:00:00,19374.1,19393.4,19359.2,19388.9,0,5319
2025-04-28 23:00:00,19425.5,19426.7,19376.3,19384.1,0,5403
2025-04-28 22:00:00,19330.6,19479.3,19324.5,19426.8,0,23909
2025-04-28 21:00:00,19273.1,19339.5,19258.1,19328.9,0,21621
2025-04-28 20:00:00,19218.5,19279.0,19159.0,19272.5,0,24090
2025-04-28 19:00:00,19246.1,19257.0,19168.6,19218.7,0,24990
2025-04-28 18:00:00,19372.3,19396.1,19213.3,19248.6,0,27728
2025-04-28 17:00:00,19370.2,19439.8,19334.7,19372.9,0,28986
2025-04-28 16:00:00,19440.5,19523.3,19355.8,19366.5,0,21004
2025-04-28 15:00:00,19416.6,19450.5,19371.5,19440.5,0,10355
2025-04-28 14:00:00,19376.3,19434.5,19367.5,19415.2,0,8247
2025-04-28 13:00:00,19416.5,19423.3,19367.1,19376.7,0,7715
2025-04-28 12:00:00,19401.7,19440.5,19383.7,19416.2,0,7256
2025-04-28 11:00:00,19369.3,19403.0,19341.6,19401.5,0,8461
2025-04-28 10:00:00,19404.1,19419.0,19369.1,19370.0,0,10569
2025-04-28 09:00:00,19318.9,19406.5,19318.9,19403.8,0,7481
2025-04-28 08:00:00,19313.4,19330.4,19306.5,19318.4,0,4803
2025-04-28 07:00:00,19305.7,19329.4,19305.4,19313.9,0,3072
2025-04-28 06:00:00,19319.6,19323.7,19297.7,19305.7,0,4231
2025-04-28 05:00:00,19331.2,19352.6,19308.4,19319.4,0,4957
2025-04-28 04:00:00,19315.2,19333.6,19294.1,19331.4,0,6239
2025-04-28 03:00:00,19358.5,19372.1,19305.7,19315.6,0,6228
2025-04-28 02:00:00,19360.4,19375.5,19338.5,19357.8,0,2928
2025-04-28 01:00:00,19408.5,19413.9,19353.7,19362.1,0,5772
2025-04-25 23:00:00,19425.3,19472.4,19421.4,19449.6,0,6592
2025-04-25 22:00:00,19395.5,19441.6,19342.4,19426.0,0,25572
2025-04-25 21:00:00,19321.9,19423.1,19309.5,19395.2,0,25760
2025-04-25 20:00:00,19362.7,19449.0,19270.1,19323.6,0,26557
2025-04-25 19:00:00,19259.5,19364.6,19246.1,19362.5,0,23547
2025-04-25 18:00:00,19234.0,19288.8,19206.7,19259.0,0,27343
2025-04-25 17:00:00,19173.0,19301.7,19131.6,19234.8,0,30598
2025-04-25 16:00:00,19142.8,19259.2,19113.9,19155.8,0,24093
2025-04-25 15:00:00,19152.2,19192.3,19130.4,19142.8,0,14740
2025-04-25 14:00:00,19127.9,19218.3,19126.4,19152.8,0,14321
2025-04-25 13:00:00,19293.0,19307.9,19115.8,19127.1,0,16697
2025-04-25 12:00:00,19300.5,19301.1,19242.7,19292.6,0,10168
2025-04-25 11:00:00,19315.3,19347.1,19280.4,19300.5,0,11955
2025-04-25 10:00:00,19360.7,19362.5,19270.3,19314.5,0,16065
2025-04-25 09:00:00,19310.0,19371.7,19299.9,19358.5,0,9329
2025-04-25 08:00:00,19306.7,19331.7,19290.5,19308.5,0,6673
2025-04-25 07:00:00,19345.4,19394.6,19295.3,19306.7,0,8642
2025-04-25 06:00:00,19281.6,19351.2,19265.3,19345.6,0,6908
2025-04-25 05:00:00,19309.1,19320.6,19261.6,19281.6,0,7280
2025-04-25 04:00:00,19354.9,19364.8,19300.3,19309.4,0,7892
2025-04-25 03:00:00,19310.0,19360.1,19288.6,19354.6,0,7892
2025-04-25 02:00:00,19303.4,19333.3,19295.0,19311.9,0,6783
2025-04-25 01:00:00,19322.3,19322.3,19251.5,19303.4,0,7535
2025-04-24 23:00:00,19215.6,19302.1,19209.0,19244.6,0,9518
2025-04-24 22:00:00,19188.5,19232.9,19117.2,19214.6,0,24888
2025-04-24 21:00:00,19161.9,19220.6,19155.8,19188.5,0,21624
2025-04-24 20:00:00,19157.9,19168.2,19100.0,19161.0,0,22536
2025-04-24 19:00:00,19059.3,19173.5,19036.5,19158.0,0,24128
2025-04-24 18:00:00,19037.1,19109.5,19016.4,19058.6,0,26201
2025-04-24 17:00:00,18947.9,19075.1,18942.0,19036.8,0,28853
2025-04-24 16:00:00,18747.2,18956.0,18720.0,18947.5,0,23495
2025-04-24 15:00:00,18666.0,18759.0,18665.5,18746.9,0,15421
2025-04-24 14:00:00,18715.0,18716.8,18626.5,18665.9,0,14588
2025-04-24 13:00:00,18590.6,18735.1,18590.1,18713.2,0,13151
2025-04-24 12:00:00,18526.7,18590.6,18526.7,18590.2,0,9080
2025-04-24 11:00:00,18572.6,18599.8,18491.0,18525.5,0,15552
2025-04-24 10:00:00,18641.4,18650.7,18547.1,18572.0,0,16295
2025-04-24 09:00:00,18606.1,18674.4,18601.7,18639.7,0,9424
2025-04-24 08:00:00,18659.7,18677.4,18574.4,18606.8,0,7386
2025-04-24 07:00:00,18652.7,18665.3,18606.7,18659.4,0,5999
2025-04-24 06:00:00,18644.1,18658.2,18631.4,18653.2,0,5666
2025-04-24 05:00:00,18666.6,18702.8,18642.8,18644.5,0,8803
2025-04-24 04:00:00,18736.9,18745.5,18666.4,18666.5,0,11091
2025-04-24 03:00:00,18733.9,18771.5,18722.5,18736.5,0,11187
2025-04-24 02:00:00,18714.1,18753.0,18702.6,18735.3,0,8449
2025-04-24 01:00:00,18733.1,18733.5,18636.7,18714.2,0,9668
2025-04-23 23:00:00,18680.0,18797.1,18670.1,18743.5,0,9899
2025-04-23 22:00:00,18763.1,18787.5,18624.2,18682.3,0,29931
2025-04-23 21:00:00,18820.1,18852.8,18741.2,18763.7,0,27861
2025-04-23 20:00:00,18809.0,18859.8,18729.2,18821.2,0,27358
2025-04-23 19:00:00,18770.8,18827.8,18641.8,18810.2,0,29499
2025-04-23 18:00:00,18957.1,18994.1,18692.5,18770.5,0,31095
2025-04-23 17:00:00,18973.4,19059.4,18868.8,18956.0,0,31348
2025-04-23 16:00:00,18861.4,19015.3,18783.1,18949.3,0,26121
2025-04-23 15:00:00,18755.9,18867.6,18753.6,18861.2,0,12817
2025-04-23 14:00:00,18813.9,18837.5,18755.2,18755.6,0,12585
2025-04-23 13:00:00,18740.7,18823.5,18734.8,18815.1,0,10362
2025-04-23 12:00:00,18726.5,18746.6,18711.6,18741.6,0,9640
2025-04-23 11:00:00,18679.2,18754.2,18670.9,18726.4,0,11739
2025-04-23 10:00:00,18633.6,18686.5,18610.4,18679.6,0,15214
2025-04-23 09:00:00,18636.1,18666.4,18626.9,18630.0,0,9323
2025-04-23 08:00:00,18620.3,18646.8,18577.8,18635.2,0,7767
2025-04-23 07:00:00,18598.9,18632.4,18596.6,18620.4,0,5644
2025-04-23 06:00:00,18580.9,18602.4,18558.1,18599.1,0,6549
2025-04-23 05:00:00,18537.1,18608.1,18521.1,18581.4,0,7234
2025-04-23 04:00:00,18596.3,18620.9,18520.9,18537.7,0,12037
2025-04-23 03:00:00,18656.5,18666.6,18569.7,18597.5,0,12205
2025-04-23 02:00:00,18660.0,18696.6,18623.3,18658.1,0,10694
2025-04-23 01:00:00,18577.7,18666.3,18540.0,18659.9,0,14231
2025-04-22 23:00:00,18275.3,18329.2,18239.5,18252.3,0,6776
2025-04-22 22:00:00,18277.0,18299.8,18134.5,18273.7,0,27115
2025-04-22 21:00:00,18117.6,18293.5,18112.3,18276.7,0,25345
2025-04-22 20:00:00,18345.0,18386.5,18105.4,18117.0,0,29763
2025-04-22 19:00:00,18275.5,18406.9,18274.6,18343.8,0,27413
2025-04-22 18:00:00,18235.5,18285.3,18181.9,18272.6,0,25223
2025-04-22 17:00:00,18151.2,18248.3,18136.2,18234.7,0,27324
2025-04-22 16:00:00,18031.1,18148.3,17995.2,18147.3,0,22273
2025-04-22 15:00:00,17948.8,18033.6,17940.5,18032.1,0,12570
2025-04-22 14:00:00,17990.1,17994.3,17938.3,17948.5,0,10995
2025-04-22 13:00:00,17986.6,17998.6,17967.9,17989.3,0,9151
2025-04-22 12:00:00,18008.0,18014.9,17970.8,17986.6,0,8363
2025-04-22 11:00:00,17978.7,18016.9,17950.9,18007.3,0,12181
2025-04-22 10:00:00,18040.3,18062.9,17971.1,17979.8,0,15079
2025-04-22 09:00:00,17890.8,18054.8,17876.6,18040.3,0,9727
2025-04-22 08:00:00,17877.3,17904.7,17863.6,17891.3,0,7864
2025-04-22 07:00:00,17873.7,17887.6,17864.8,17878.2,0,5962
2025-04-22 06:00:00,17923.6,17930.3,17841.6,17873.8,0,9744
2025-04-22 05:00:00,17923.6,17941.9,17906.0,17923.3,0,7540
2025-04-22 04:00:00,17888.9,17960.2,17881.8,17924.0,0,10162
2025-04-22 03:00:00,17897.5,17914.2,17869.1,17888.7,0,9447
2025-04-22 02:00:00,17787.1,17899.2,17785.3,17896.7,0,7340
2025-04-22 01:00:00,17816.7,17823.8,17757.4,17786.7,0,4380
2025-04-21 23:00:00,17813.6,17820.2,17781.0,17804.6,0,6863
2025-04-21 22:00:00,17598.5,17842.7,17596.1,17813.4,0,26793
2025-04-21 21:00:00,17605.3,17671.0,17591.5,17599.4,0,23008
2025-04-21 20:00:00,17684.2,17703.2,17594.0,17603.4,0,25205
2025-04-21 19:00:00,17686.5,17765.3,17679.5,17684.9,0,24850
2025-04-21 18:00:00,17821.1,17839.1,17678.2,17686.6,0,26031
2025-04-21 17:00:00,17882.4,17887.0,17790.1,17821.3,0,29086
2025-04-21 16:00:00,18010.5,18053.9,17884.1,17884.1,0,22326
2025-04-21 15:00:00,17994.0,18035.8,17980.5,18010.7,0,10018
2025-04-21 14:00:00,18078.2,18102.7,17969.5,17995.6,0,11333
2025-04-21 13:00:00,18060.9,18081.0,18034.5,18077.7,0,5544
2025-04-21 12:00:00,18061.4,18070.8,18024.6,18060.8,0,5639
2025-04-21 11:00:00,18042.2,18083.1,18035.0,18061.1,0,6688
2025-04-21 10:00:00,18108.9,18115.7,18040.1,18042.2,0,6235
2025-04-21 09:00:00,18135.0,18145.7,18086.6,18106.9,0,5868
2025-04-21 08:00:00,18109.6,18141.4,18106.0,18135.0,0,4672
2025-04-21 07:00:00,18110.0,18134.8,18102.0,18109.6,0,4267
2025-04-21 06:00:00,18107.2,18124.1,18098.9,18109.7,0,6113
2025-04-21 05:00:00,18172.9,18194.4,18079.0,18106.6,0,8943
2025-04-21 04:00:00,18190.7,18202.3,18145.0,18173.1,0,10955
2025-04-21 03:00:00,18200.7,18260.2,18187.8,18190.6,0,10086
2025-04-21 02:00:00,18177.8,18216.2,18168.2,18203.2,0,4653
2025-04-21 01:00:00,18204.0,18270.3,18141.1,18177.5,0,7022
2025-04-17 23:00:00,18253.1,18334.6,18245.5,18303.6,0,7998
2025-04-17 22:00:00,18300.6,18310.5,18210.6,18253.0,0,23984
2025-04-17 21:00:00,18333.4,18406.2,18298.5,18300.0,0,22728
2025-04-17 20:00:00,18334.2,18367.4,18247.9,18334.1,0,23073
2025-04-17 19:00:00,18224.2,18359.0,18197.8,18334.5,0,24898
2025-04-17 18:00:00,18184.0,18321.6,18171.9,18219.9,0,24525
2025-04-17 17:00:00,18343.8,18367.8,18142.2,18184.0,0,26127
2025-04-17 16:00:00,18409.7,18426.4,18258.1,18347.8,0,24483
2025-04-17 15:00:00,18395.6,18503.8,18394.6,18410.7,0,17481
2025-04-17 14:00:00,18388.9,18412.3,18336.6,18396.2,0,14133
2025-04-17 13:00:00,18457.1,18462.9,18377.2,18390.3,0,14984
2025-04-17 12:00:00,18418.6,18471.9,18405.2,18457.1,0,11702
2025-04-17 11:00:00,18497.8,18500.4,18414.1,18418.3,0,12708
2025-04-17 10:00:00,18439.6,18531.2,18435.9,18497.9,0,13969
2025-04-17 09:00:00,18431.7,18481.4,18410.8,18436.0,0,11854
2025-04-17 08:00:00,18417.0,18454.4,18398.4,18431.7,0,8896
2025-04-17 07:00:00,18415.2,18423.9,18406.7,18416.7,0,5347
2025-04-17 06:00:00,18378.2,18420.2,18376.4,18415.0,0,6923
2025-04-17 05:00:00,18355.4,18392.1,18337.3,18378.2,0,8215
2025-04-17 04:00:00,18366.2,18370.9,18333.8,18355.1,0,10019
2025-04-17 03:00:00,18283.0,18378.4,18256.8,18368.2,0,11007
2025-04-17 02:00:00,18288.4,18303.7,18225.9,18281.5,0,7423
2025-04-17 01:00:00,18298.3,18304.9,18251.0,18288.1,0,7095
2025-04-16 23:00:00,18262.5,18314.0,18214.1,18244.3,0,9746
2025-04-16 22:00:00,18089.8,18275.8,17993.0,18262.9,0,24680
2025-04-16 21:00:00,18166.1,18263.8,18086.0,18089.5,0,24810
2025-04-16 20:00:00,18437.5,18465.0,18165.3,18169.2,0,23634
2025-04-16 19:00:00,18464.5,18492.8,18424.8,18436.8,0,21597
2025-04-16 18:00:00,18507.0,18610.9,18453.1,18464.5,0,22905
2025-04-16 17:00:00,18398.6,18543.9,18387.3,18504.9,0,24606
2025-04-16 16:00:00,18511.1,18555.3,18400.2,18400.2,0,21929
2025-04-16 15:00:00,18571.5,18587.5,18507.5,18513.2,0,13674
2025-04-16 14:00:00,18565.2,18599.7,18528.8,18571.2,0,11088
2025-04-16 13:00:00,18555.8,18605.6,18547.3,18565.5,0,10481
2025-04-16 12:00:00,18588.2,18638.8,18553.5,18554.2,0,12729
2025-04-16 11:00:00,18402.3,18735.6,18391.5,18587.4,0,17162
2025-04-16 10:00:00,18455.0,18491.2,18388.4,18397.6,0,12479
2025-04-16 09:00:00,18408.4,18475.7,18389.9,18452.1,0,10701
2025-04-16 08:00:00,18544.8,18545.4,18381.8,18401.9,0,13440
2025-04-16 07:00:00,18550.5,18559.2,18533.9,18543.2,0,4958
2025-04-16 06:00:00,18570.5,18597.2,18548.8,18550.2,0,5822
2025-04-16 05:00:00,18586.9,18598.1,18553.7,18569.9,0,7423
2025-04-16 04:00:00,18546.6,18606.5,18546.6,18583.0,0,7648
2025-04-16 03:00:00,18604.7,18612.1,18513.7,18546.6,0,10952
2025-04-16 02:00:00,18624.0,18636.8,18570.1,18604.9,0,8773
2025-04-16 01:00:00,18623.8,18652.9,18579.1,18623.6,0,9279
2025-04-15 23:00:00,18835.6,18852.6,18804.2,18812.1,0,5493
2025-04-15 22:00:00,18849.5,18874.0,18797.0,18834.3,0,21767
2025-04-15 21:00:00,18825.0,18867.7,18759.0,18849.5,0,22090
2025-04-15 20:00:00,18838.0,18883.1,18782.5,18825.8,0,22702
2025-04-15 19:00:00,18924.0,18964.1,18818.9,18838.3,0,21476
2025-04-15 18:00:00,18892.6,18961.8,18857.8,18923.7,0,22823
2025-04-15 17:00:00,18941.0,19018.3,18800.9,18892.7,0,25899
2025-04-15 16:00:00,18810.3,18991.3,18810.3,18941.5,0,20694
2025-04-15 15:00:00,18763.3,18816.3,18709.7,18810.0,0,15954
2025-04-15 14:00:00,18857.7,18867.3,18744.5,18762.5,0,12845
2025-04-15 13:00:00,18853.5,18882.1,18823.1,18857.3,0,10065
2025-04-15 12:00:00,18874.4,18899.7,18835.1,18853.6,0,10654
2025-04-15 11:00:00,18884.0,18894.3,18838.2,18874.3,0,13277
2025-04-15 10:00:00,18795.0,18914.0,18791.7,18884.1,0,12987
2025-04-15 09:00:00,18764.6,18796.9,18750.2,18794.7,0,7968
2025-04-15 08:00:00,18785.6,18794.0,18742.8,18764.4,0,7492
2025-04-15 07:00:00,18788.8,18806.4,18765.9,18786.9,0,6083
2025-04-15 06:00:00,18748.5,18795.6,18735.1,18788.4,0,6997
2025-04-15 05:00:00,18774.7,18810.5,18743.1,18747.3,0,9477
2025-04-15 04:00:00,18786.6,18822.9,18768.5,18774.4,0,10069
2025-04-15 03:00:00,18722.4,18797.0,18722.4,18787.9,0,10819
2025-04-15 02:00:00,18689.1,18753.0,18687.3,18724.0,0,8607
2025-04-15 01:00:00,18773.2,18781.5,18684.0,18689.7,0,4799
2025-04-14 23:00:00,18813.7,18834.5,18718.2,18776.2,0,9651
2025-04-14 22:00:00,18887.7,18968.2,18794.7,18812.4,0,23339
2025-04-14 21:00:00,18814.0,18917.0,18810.5,18889.1,0,21796
2025-04-14 20:00:00,18662.0,18825.1,18648.9,18814.3,0,24430
2025-04-14 19:00:00,18702.3,18770.9,18612.4,18658.0,0,25264
2025-04-14 18:00:00,19000.7,19024.3,18677.9,18702.4,0,25266
2025-04-14 17:00:00,18926.2,19063.7,18904.6,19002.3,0,25714
2025-04-14 16:00:00,19060.1,19129.1,18862.9,18920.1,0,22377
2025-04-14 15:00:00,18945.8,19069.1,18937.7,19059.6,0,13922
2025-04-14 14:00:00,18978.2,19047.0,18940.2,18946.1,0,11775
2025-04-14 13:00:00,18940.1,18977.2,18917.5,18975.7,0,8237
2025-04-14 12:00:00,18993.2,19017.9,18898.4,18940.1,0,10155
2025-04-14 11:00:00,19027.7,19054.2,18988.8,18992.9,0,10146
2025-04-14 10:00:00,18992.4,19036.6,18943.4,19030.2,0,12514
2025-04-14 09:00:00,18960.4,19025.5,18938.8,18992.9,0,9696
2025-04-14 08:00:00,18990.0,18998.8,18948.7,18960.7,0,7553
2025-04-14 07:00:00,18931.5,19003.9,18924.5,18991.1,0,6326
2025-04-14 06:00:00,18926.5,18956.2,18878.9,18931.5,0,9063
2025-04-14 05:00:00,18879.9,18933.2,18878.1,18926.6,0,9534
2025-04-14 04:00:00,18880.4,18900.6,18829.8,18879.6,0,12215
2025-04-14 03:00:00,18885.4,18949.2,18864.0,18880.2,0,13085
2025-04-14 02:00:00,18832.9,18924.7,18806.1,18885.4,0,10937
2025-04-14 01:00:00,18975.9,18993.8,18805.4,18828.9,0,13625
2025-04-11 23:00:00,18671.2,18704.2,18650.1,18684.3,0,7399
2025-04-11 22:00:00,18605.7,18733.0,18602.6,18677.0,0,25299
2025-04-11 21:00:00,18687.9,18704.8,18580.3,18605.2,0,25765
2025-04-11 20:00:00,18605.9,18738.8,18461.7,18687.9,0,26241
2025-04-11 19:00:00,18435.0,18651.7,18398.7,18602.8,0,25450
2025-04-11 18:00:00,18279.4,18442.2,18190.3,18434.6,0,26514
2025-04-11 17:00:00,18388.2,18488.3,18138.7,18280.0,0,27430
2025-04-11 16:00:00,18357.1,18513.8,18220.9,18424.2,0,25076
2025-04-11 15:00:00,18428.6,18531.7,18345.9,18356.7,0,17154
2025-04-11 14:00:00,18497.0,18520.8,18330.1,18429.9,0,15692
2025-04-11 13:00:00,18506.1,18566.9,18443.4,18496.4,0,16419
2025-04-11 12:00:00,18262.8,18513.6,18225.2,18506.7,0,17932
2025-04-11 11:00:00,18430.4,18480.0,18182.1,18264.1,0,19449
2025-04-11 10:00:00,18555.8,18561.8,18420.4,18429.4,0,17779
2025-04-11 09:00:00,18565.4,18658.7,18536.3,18550.7,0,13646
2025-04-11 08:00:00,18355.6,18574.8,18302.7,18564.6,0,9696
2025-04-11 07:00:00,18344.2,18414.2,18316.7,18353.2,0,8875
2025-04-11 06:00:00,18226.0,18397.0,18223.4,18344.4,0,10389
2025-04-11 05:00:00,18229.6,18312.9,18127.0,18225.1,0,11827
2025-04-11 04:00:00,18050.0,18241.2,18026.8,18231.4,0,11971
2025-04-11 03:00:00,18219.0,18228.6,17939.1,18051.5,0,13962
2025-04-11 02:00:00,18392.2,18401.5,18183.0,18221.2,0,8508
2025-04-11 01:00:00,18352.4,18464.3,18342.4,18391.8,0,7392
2025-04-10 23:00:00,18347.5,18438.7,18302.6,18366.9,0,10987
2025-04-10 22:00:00,18403.5,18521.6,18106.8,18346.2,0,27319
2025-04-10 21:00:00,18321.6,18534.7,18167.7,18403.3,0,27159
2025-04-10 20:00:00,18178.6,18378.4,17905.7,18326.1,0,26945
2025-04-10 19:00:00,18144.9,18200.8,17802.5,18179.7,0,26447
2025-04-10 18:00:00,18446.3,18539.9,18122.8,18144.8,0,26487
2025-04-10 17:00:00,18521.2,18662.4,18431.8,18447.2,0,27243
2025-04-10 16:00:00,18685.6,18761.6,18522.2,18524.2,0,25196
2025-04-10 15:00:00,18786.3,18835.4,18596.6,18685.8,0,21310
2025-04-10 14:00:00,18738.8,18818.1,18728.8,18788.0,0,13718
2025-04-10 13:00:00,18714.4,18865.6,18709.0,18736.3,0,15401
2025-04-10 12:00:00,18644.1,18765.1,18612.6,18712.6,0,15743
2025-04-10 11:00:00,18760.4,18820.7,18568.2,18644.2,0,17948
2025-04-10 10:00:00,18983.4,19046.9,18727.3,18758.5,0,19974
2025-04-10 09:00:00,19015.0,19022.9,18925.4,18981.3,0,14267
2025-04-10 08:00:00,18907.8,19013.4,18879.3,19012.1,0,11560
2025-04-10 07:00:00,18876.3,18929.2,18839.6,18907.7,0,11046
2025-04-10 06:00:00,18965.1,18974.1,18831.6,18875.9,0,13600
2025-04-10 05:00:00,19008.6,19047.6,18965.3,18965.7,0,13560
2025-04-10 04:00:00,19087.4,19138.8,18976.0,19008.2,0,17922
2025-04-10 03:00:00,19170.9,19196.1,19004.6,19088.5,0,17732
2025-04-10 02:00:00,19205.3,19244.3,19150.3,19174.3,0,6387
2025-04-10 01:00:00,19161.3,19211.9,19103.4,19207.1,0,7306
2025-04-09 23:00:00,19127.4,19223.9,19088.4,19210.8,0,13095
2025-04-09 22:00:00,18635.8,19241.7,18582.7,19129.7,0,27291
2025-04-09 21:00:00,18730.6,18973.8,18607.2,18638.7,0,27589
2025-04-09 20:00:00,17397.6,18762.0,17291.9,18729.8,0,25521
2025-04-09 19:00:00,17189.2,17445.7,17148.5,17397.6,0,25062
2025-04-09 18:00:00,17092.1,17326.9,17083.8,17186.9,0,25882
2025-04-09 17:00:00,17310.0,17461.5,17086.3,17093.0,0,27135
2025-04-09 16:00:00,16993.4,17417.0,16992.3,17312.6,0,24135
2025-04-09 15:00:00,16823.9,17085.3,16767.5,16995.2,0,16025
2025-04-09 14:00:00,17113.8,17113.8,16737.9,16823.5,0,17942
2025-04-09 13:00:00,17137.1,17238.7,16996.8,17111.7,0,16225
2025-04-09 12:00:00,17216.2,17264.1,17090.9,17136.8,0,12308
2025-04-09 11:00:00,17209.9,17283.0,16995.4,17217.0,0,15810
2025-04-09 10:00:00,16881.2,17290.0,16875.5,17208.2,0,18466
2025-04-09 09:00:00,16760.6,16979.7,16755.1,16887.4,0,12049
2025-04-09 08:00:00,16688.8,16760.9,16602.7,16760.8,0,12997
2025-04-09 07:00:00,16796.4,16881.5,16617.8,16688.2,0,13966
2025-04-09 06:00:00,16918.0,16959.1,16768.9,16794.9,0,12892
2025-04-09 05:00:00,16982.1,17064.7,16900.6,16918.3,0,13812
2025-04-09 04:00:00,16764.0,17009.5,16719.9,16981.9,0,14507
2025-04-09 03:00:00,16858.8,16863.8,16710.0,16764.0,0,13214
2025-04-09 02:00:00,16931.9,16933.0,16743.3,16858.7,0,12107
2025-04-09 01:00:00,17099.2,17101.4,16842.2,16933.0,0,11571
2025-04-08 23:00:00,17101.8,17192.5,17036.2,17092.0,0,12408
2025-04-08 22:00:00,17303.3,17324.4,16837.6,17096.3,0,27076
2025-04-08 21:00:00,17534.8,17563.7,17303.5,17303.5,0,26262
2025-04-08 20:00:00,17524.7,17623.5,17352.9,17532.3,0,27109
2025-04-08 19:00:00,17917.4,17937.0,17519.2,17527.0,0,26723
2025-04-08 18:00:00,17983.3,18045.3,17816.7,17917.1,0,26453
2025-04-08 17:00:00,18105.8,18219.5,17981.1,17983.2,0,26740
2025-04-08 16:00:00,17846.2,18128.5,17828.1,18111.3,0,25204
2025-04-08 15:00:00,17876.3,17925.1,17789.8,17847.9,0,21214
2025-04-08 14:00:00,17647.6,17884.1,17624.1,17879.2,0,16686
2025-04-08 13:00:00,17586.8,17680.9,17557.4,17647.5,0,13564
2025-04-08 12:00:00,17688.6,17693.1,17584.3,17587.4,0,11517
2025-04-08 11:00:00,17742.3,17754.0,17576.9,17688.5,0,14706
2025-04-08 10:00:00,17646.1,17745.2,17611.0,17742.6,0,15809
2025-04-08 09:00:00,17615.6,17664.7,17565.9,17646.1,0,9445
2025-04-08 08:00:00,17643.6,17647.3,17532.4,17615.9,0,8601
2025-04-08 07:00:00,17635.2,17659.5,17571.1,17644.2,0,7695
2025-04-08 06:00:00,17680.8,17698.6,17603.2,17634.9,0,9185
2025-04-08 05:00:00,17730.5,17737.6,17671.0,17682.2,0,9390
2025-04-08 04:00:00,17576.4,17747.6,17526.5,17730.5,0,16099
2025-04-08 03:00:00,17624.1,17718.7,17567.8,17576.4,0,14554
2025-04-08 02:00:00,17612.9,17645.9,17589.7,17628.3,0,7276
2025-04-08 01:00:00,17527.9,17614.9,17509.1,17612.3,0,5545
2025-04-07 23:00:00,17421.2,17598.0,17404.8,17491.8,0,10175
2025-04-07 22:00:00,17391.7,17522.4,17267.4,17420.7,0,25363
2025-04-07 21:00:00,17642.2,17680.7,17360.3,17391.7,0,24618
2025-04-07 20:00:00,17113.7,17653.0,17110.4,17640.6,0,25052
2025-04-07 19:00:00,17248.7,17357.3,17076.7,17114.9,0,24535
2025-04-07 18:00:00,17520.2,17659.6,17015.2,17251.7,0,26799
2025-04-07 17:00:00,17134.8,18218.5,17026.4,17517.2,0,28012
2025-04-07 16:00:00,17028.3,17156.6,16535.7,17135.3,0,25154
2025-04-07 15:00:00,16922.1,17089.7,16820.6,17027.2,0,22947
2025-04-07 14:00:00,16982.0,17089.2,16861.1,16921.8,0,20376
2025-04-07 13:00:00,16746.5,17134.9,16714.2,16979.9,0,19879
2025-04-07 12:00:00,16701.2,16806.6,16607.1,16747.3,0,16264
2025-04-07 11:00:00,16539.9,16815.0,16528.1,16701.2,0,19214
2025-04-07 10:00:00,16398.6,16553.8,16339.1,16539.7,0,20282
2025-04-07 09:00:00,16614.6,16671.7,16366.5,16402.2,0,14890
2025-04-07 08:00:00,16592.2,16768.8,16561.5,16616.3,0,14922
2025-04-07 07:00:00,16666.6,16715.7,16525.6,16592.2,0,14068
2025-04-07 06:00:00,16751.5,16756.5,16595.3,16667.4,0,15945
2025-04-07 05:00:00,16839.7,16880.7,16714.3,16751.5,0,16586
2025-04-07 04:00:00,16624.7,16868.0,16586.0,16839.2,0,19899
2025-04-07 03:00:00,16578.1,16630.0,16365.0,16624.5,0,17224
2025-04-07 02:00:00,16524.9,16647.6,16319.5,16577.8,0,10116
2025-04-07 01:00:00,16441.0,16702.6,16409.8,16524.7,0,12760
2025-04-04 23:00:00,17387.8,17421.5,17265.7,17338.7,0,16923
2025-04-04 22:00:00,17474.7,17723.1,17381.9,17387.5,0,33184
2025-04-04 21:00:00,17715.5,17760.3,17402.4,17476.9,0,32152
2025-04-04 20:00:00,17599.0,17715.7,17466.7,17714.6,0,32156
2025-04-04 19:00:00,17728.7,17825.9,17559.7,17598.0,0,32672
2025-04-04 18:00:00,17703.0,17992.7,17674.0,17728.8,0,33761
2025-04-04 17:00:00,18036.9,18042.5,17505.1,17705.2,0,33720
2025-04-04 16:00:00,18052.0,18116.3,17849.6,18039.1,0,31148
2025-04-04 15:00:00,17963.9,18078.6,17872.6,18053.5,0,23550
2025-04-04 14:00:00,17932.5,18002.2,17664.6,17971.4,0,23969
2025-04-04 13:00:00,18416.1,18444.2,17876.0,17927.6,0,25662
2025-04-04 12:00:00,18438.8,18441.5,18366.1,18416.1,0,18663
2025-04-04 11:00:00,18424.7,18501.5,18407.8,18431.3,0,21588
2025-04-04 10:00:00,18448.8,18489.9,18419.5,18426.2,0,24429
2025-04-04 09:00:00,18481.7,18516.1,18445.9,18446.5,0,15747
2025-04-04 08:00:00,18324.4,18483.9,18301.2,18482.5,0,16595
2025-04-04 07:00:00,18402.3,18413.9,18316.6,18325.1,0,11536
2025-04-04 06:00:00,18476.2,18477.9,18363.5,18402.6,0,12492
2025-04-04 05:00:00,18478.6,18518.4,18475.7,18475.9,0,10992
2025-04-04 04:00:00,18512.6,18539.7,18472.1,18478.7,0,11549
2025-04-04 03:00:00,18494.0,18552.7,18478.3,18513.1,0,14485
2025-04-04 02:00:00,18483.2,18525.9,18455.3,18493.5,0,8602
2025-04-04 01:00:00,18504.4,18536.1,18432.4,18482.9,0,6614
2025-04-03 23:00:00,18522.6,18545.1,18451.4,18484.8,0,10762
2025-04-03 22:00:00,18686.3,18697.6,18502.0,18524.0,0,30701
2025-04-03 21:00:00,18650.3,18698.2,18591.5,18687.2,0,28857
2025-04-03 20:00:00,18714.6,18754.9,18649.0,18650.5,0,28612
2025-04-03 19:00:00,18719.4,18823.5,18695.7,18711.5,0,31004
2025-04-03 18:00:00,18602.7,18770.2,18557.0,18721.6,0,31850
2025-04-03 17:00:00,18782.5,18827.4,18599.3,18603.1,0,32470
2025-04-03 16:00:00,18685.2,18909.0,18666.2,18817.4,0,30707
2025-04-03 15:00:00,18820.8,18895.5,18681.0,18686.2,0,19598
2025-04-03 14:00:00,18827.0,18871.8,18794.2,18823.7,0,13776
2025-04-03 13:00:00,18865.2,18879.2,18781.8,18826.4,0,13918
2025-04-03 12:00:00,18983.3,19007.2,18849.7,18865.2,0,11594
2025-04-03 11:00:00,18924.4,19002.5,18908.0,18984.1,0,13034
2025-04-03 10:00:00,18877.0,18955.6,18856.6,18926.6,0,15453
2025-04-03 09:00:00,18871.8,18929.3,18853.5,18875.3,0,10640
2025-04-03 08:00:00,18951.8,18972.2,18868.9,18871.5,0,8306
2025-04-03 07:00:00,18934.3,18977.1,18928.7,18951.8,0,6401
2025-04-03 06:00:00,18961.9,18969.6,18899.6,18933.9,0,7735
2025-04-03 05:00:00,18908.3,18964.3,18890.6,18961.9,0,10340
2025-04-03 04:00:00,18825.0,18954.6,18824.1,18909.1,0,12895
2025-04-03 03:00:00,18707.8,18897.6,18707.8,18824.8,0,14675
2025-04-03 02:00:00,18776.5,18777.6,18675.8,18708.4,0,10726
2025-04-03 01:00:00,18854.0,18854.0,18649.6,18779.0,0,14614
2025-04-02 23:00:00,19566.6,19807.5,18909.2,18961.9,0,17479
2025-04-02 22:00:00,19437.6,19622.3,19437.6,19566.2,0,29358
2025-04-02 21:00:00,19573.3,19589.1,19434.5,19436.9,0,29285
2025-04-02 20:00:00,19641.6,19718.1,19547.6,19573.7,0,28270
2025-04-02 19:00:00,19497.0,19657.0,19487.1,19642.4,0,27846
2025-04-02 18:00:00,19460.0,19542.2,19407.3,19497.0,0,29564
2025-04-02 17:00:00,19354.7,19467.6,19320.3,19461.3,0,30677
2025-04-02 16:00:00,19214.3,19408.3,19147.3,19360.0,0,25476
2025-04-02 15:00:00,19257.3,19259.6,19171.7,19215.1,0,18375
2025-04-02 14:00:00,19300.6,19311.0,19252.4,19257.1,0,11684
2025-04-02 13:00:00,19344.6,19351.8,19282.3,19298.9,0,14058
2025-04-02 12:00:00,19357.4,19382.8,19340.0,19344.3,0,8681
2025-04-02 11:00:00,19363.5,19393.3,19327.4,19358.1,0,11124
2025-04-02 10:00:00,19389.5,19413.3,19344.9,19363.3,0,13654
2025-04-02 09:00:00,19385.2,19418.1,19373.3,19391.8,0,6665
2025-04-02 08:00:00,19418.8,19420.5,19377.4,19385.9,0,4124
2025-04-02 07:00:00,19396.3,19419.3,19393.6,19418.8,0,3040
2025-04-02 06:00:00,19408.1,19417.3,19389.8,19396.6,0,3547
2025-04-02 05:00:00,19422.6,19426.8,19396.5,19408.3,0,6311
2025-04-02 04:00:00,19400.1,19430.9,19389.6,19422.4,0,8403
2025-04-02 03:00:00,19472.0,19474.4,19385.6,19400.3,0,11456
2025-04-02 02:00:00,19472.1,19494.7,19459.8,19472.1,0,5785
2025-04-02 01:00:00,19424.0,19520.8,19424.0,19471.8,0,6291
2025-04-01 23:00:00,19431.3,19456.8,19403.0,19425.9,0,8634
2025-04-01 22:00:00,19273.6,19454.1,19266.0,19431.9,0,27435
2025-04-01 21:00:00,19335.1,19341.9,19213.3,19276.2,0,28003
2025-04-01 20:00:00,19391.4,19410.0,19329.3,19333.6,0,26992
2025-04-01 19:00:00,19420.5,19471.0,19324.9,19391.5,0,28471
2025-04-01 18:00:00,19342.0,19433.8,19331.0,19419.7,0,29255
2025-04-01 17:00:00,19215.6,19347.3,19089.3,19344.1,0,31477
2025-04-01 16:00:00,19210.5,19290.1,19167.2,19225.1,0,24750
2025-04-01 15:00:00,19180.1,19222.3,19166.4,19210.6,0,16382
2025-04-01 14:00:00,19233.8,19235.3,19139.9,19182.2,0,16978
2025-04-01 13:00:00,19315.8,19319.9,19172.0,19233.0,0,17145
2025-04-01 12:00:00,19297.1,19338.8,19288.6,19315.5,0,9244
2025-04-01 11:00:00,19222.9,19300.7,19212.6,19297.0,0,10851
2025-04-01 10:00:00,19255.8,19307.0,19209.7,19222.6,0,15463
2025-04-01 09:00:00,19187.9,19264.3,19178.0,19258.6,0,9605
2025-04-01 08:00:00,19194.2,19227.8,19186.0,19187.9,0,6418
2025-04-01 07:00:00,19187.9,19195.1,19162.1,19193.5,0,4693
2025-04-01 06:00:00,19207.7,19213.2,19182.1,19188.2,0,5102
2025-04-01 05:00:00,19168.3,19209.3,19162.7,19207.3,0,6393
2025-04-01 04:00:00,19145.5,19173.3,19110.5,19168.0,0,10111
2025-04-01 03:00:00,19187.4,19191.8,19120.7,19145.8,0,10808
2025-04-01 02:00:00,19202.5,19234.8,19168.0,19186.8,0,8059
2025-04-01 01:00:00,19238.4,19241.2,19154.7,19202.8,0,8233
2025-03-31 23:00:00,19279.0,19279.0,19218.4,19238.1,0,7345
2025-03-31 22:00:00,19173.0,19315.1,19171.9,19275.9,0,29448
2025-03-31 21:00:00,19048.2,19241.1,19044.5,19174.2,0,27832
2025-03-31 20:00:00,19044.1,19132.1,19033.9,19048.6,0,26805
2025-03-31 19:00:00,19048.5,19110.6,19000.0,19043.7,0,27017
2025-03-31 18:00:00,18967.8,19086.8,18939.5,19046.2,0,29607
2025-03-31 17:00:00,18915.2,18992.6,18881.1,18964.2,0,31525
2025-03-31 16:00:00,19043.8,19060.7,18802.0,18914.7,0,25582
2025-03-31 15:00:00,18996.7,19046.5,18973.8,19044.3,0,14706
2025-03-31 14:00:00,19041.9,19053.6,18943.8,18995.9,0,14406
2025-03-31 13:00:00,19021.1,19056.1,19007.6,19040.6,0,10877
2025-03-31 12:00:00,19027.7,19058.6,18988.8,19021.0,0,12482
2025-03-31 11:00:00,19082.2,19097.1,19028.0,19029.5,0,14657
2025-03-31 10:00:00,19038.1,19090.6,19024.0,19085.6,0,16934
2025-03-31 09:00:00,19063.0,19071.0,19019.1,19044.9,0,10872
2025-03-31 08:00:00,19054.1,19084.6,19043.8,19063.3,0,7546
2025-03-31 07:00:00,19024.3,19062.5,19007.4,19053.9,0,6536
2025-03-31 06:00:00,19051.8,19057.6,19003.8,19024.3,0,7967
2025-03-31 05:00:00,19064.6,19079.1,19032.1,19052.1,0,8891
2025-03-31 04:00:00,19035.3,19094.1,19034.0,19064.4,0,14774
2025-03-31 03:00:00,19078.7,19083.4,18982.9,19035.0,0,15268
2025-03-31 02:00:00,19137.8,19138.6,19038.4,19079.9,0,10219
2025-03-31 01:00:00,19136.8,19187.3,19100.4,19137.7,0,8974
2025-03-28 22:00:00,19278.9,19279.8,19179.8,19180.2,0,7767
2025-03-28 21:00:00,19299.2,19320.3,19239.1,19278.5,0,24916
2025-03-28 20:00:00,19300.1,19335.5,19262.3,19299.3,0,23885
2025-03-28 19:00:00,19310.1,19315.5,19257.2,19300.3,0,24920
2025-03-28 18:00:00,19359.2,19399.2,19303.1,19309.9,0,25214
2025-03-28 17:00:00,19423.1,19449.1,19360.1,19360.1,0,27251
2025-03-28 16:00:00,19650.4,19695.1,19397.5,19422.8,0,29942
2025-03-28 15:00:00,19682.1,19782.2,19656.9,19672.5,0,26093
2025-03-28 14:00:00,19754.8,19771.8,19680.8,19680.8,0,15509
2025-03-28 13:00:00,19768.3,19775.6,19725.8,19765.3,0,9482
2025-03-28 12:00:00,19726.8,19786.0,19723.8,19768.6,0,8950
2025-03-28 11:00:00,19722.9,19745.8,19714.3,19725.6,0,8278
2025-03-28 10:00:00,19674.9,19728.4,19670.1,19721.6,0,14755
2025-03-28 09:00:00,19742.4,19762.1,19662.6,19674.9,0,10631
2025-03-28 08:00:00,19791.4,19825.3,19738.3,19740.2,0,5125
2025-03-28 07:00:00,19798.8,19805.1,19780.8,19792.3,0,4347
2025-03-28 06:00:00,19805.6,19807.8,19783.5,19798.6,0,3068
2025-03-28 05:00:00,19801.3,19809.6,19785.3,19805.8,0,3826
2025-03-28 04:00:00,19782.1,19814.3,19780.0,19800.5,0,4937
2025-03-28 03:00:00,19800.5,19808.5,19778.4,19782.0,0,6372
2025-03-28 02:00:00,19781.8,19802.1,19749.1,19801.3,0,6424
2025-03-28 01:00:00,19807.8,19812.6,19770.8,19782.3,0,5250
2025-03-28 00:00:00,19808.1,19827.5,19800.5,19807.6,0,4258
2025-03-27 22:00:00,19810.8,19833.8,19805.3,19811.9,0,5736
2025-03-27 21:00:00,19859.8,19944.6,19790.5,19810.7,0,25521
2025-03-27 20:00:00,19829.7,19924.2,19827.2,19860.6,0,24390
2025-03-27 19:00:00,19823.6,19885.5,19817.0,19830.1,0,24633
2025-03-27 18:00:00,19863.5,19970.3,19821.6,19823.8,0,25815
2025-03-27 17:00:00,20005.1,20008.7,19856.9,19862.9,0,26150
2025-03-27 16:00:00,19888.6,20013.8,19843.2,20004.0,0,28246
2025-03-27 15:00:00,19880.1,19905.3,19753.0,19892.0,0,23505
2025-03-27 14:00:00,19903.1,19919.9,19856.3,19880.0,0,13557
2025-03-27 13:00:00,19889.5,19912.3,19846.2,19904.3,0,11074
2025-03-27 12:00:00,19932.3,19953.0,19888.5,19890.3,0,9710
2025-03-27 11:00:00,19926.9,19944.0,19909.3,19932.0,0,9747
2025-03-27 10:00:00,19891.3,19929.5,19835.8,19927.0,0,15534
2025-03-27 09:00:00,19926.6,19934.8,19883.8,19888.5,0,8647
2025-03-27 08:00:00,19929.5,19954.9,19917.9,19927.5,0,5830
2025-03-27 07:00:00,19948.7,19958.8,19927.5,19929.5,0,4185
2025-03-27 06:00:00,19948.7,19962.5,19941.0,19949.0,0,3029
2025-03-27 05:00:00,19933.2,19962.3,19930.5,19949.0,0,4116
2025-03-27 04:00:00,19903.0,19938.1,19903.0,19933.3,0,4950
2025-03-27 03:00:00,19887.8,19916.2,19885.5,19903.5,0,7225
2025-03-27 02:00:00,19873.7,19908.0,19864.5,19887.6,0,7508
2025-03-27 01:00:00,19833.8,19885.5,19827.7,19874.5,0,5831
2025-03-27 00:00:00,19847.3,19910.1,19819.1,19833.8,0,9780
2025-03-26 22:00:00,19924.3,19932.2,19894.0,19903.5,0,5665
2025-03-26 21:00:00,19869.1,19947.0,19857.7,19925.4,0,24639
2025-03-26 20:00:00,19896.0,19958.1,19863.0,19869.6,0,22702
2025-03-26 19:00:00,19944.1,19970.0,19889.8,19896.0,0,24131
2025-03-26 18:00:00,20004.6,20030.3,19937.5,19945.0,0,24550
2025-03-26 17:00:00,20107.2,20132.5,19982.8,20005.1,0,24485
2025-03-26 16:00:00,20125.8,20166.7,20039.5,20108.0,0,27444
2025-03-26 15:00:00,20292.7,20298.5,20118.7,20128.8,0,20522
2025-03-26 14:00:00,20294.6,20297.0,20262.7,20292.6,0,8060
2025-03-26 13:00:00,20285.9,20305.3,20271.1,20295.0,0,5856
2025-03-26 12:00:00,20245.7,20286.2,20242.1,20286.0,0,6769
2025-03-26 11:00:00,20265.5,20280.5,20245.5,20245.5,0,7986
2025-03-26 10:00:00,20290.7,20296.0,20253.5,20265.0,0,9876
2025-03-26 09:00:00,20285.2,20310.5,20282.2,20290.9,0,4264
2025-03-26 08:00:00,20272.2,20286.9,20266.2,20285.7,0,3625
2025-03-26 07:00:00,20296.4,20307.1,20271.1,20272.2,0,3536
2025-03-26 06:00:00,20292.1,20296.4,20285.1,20296.4,0,2025
2025-03-26 05:00:00,20305.3,20306.7,20282.1,20291.6,0,3173
2025-03-26 04:00:00,20322.9,20324.9,20284.6,20305.9,0,5004
2025-03-26 03:00:00,20339.7,20339.7,20316.5,20323.3,0,5482
2025-03-26 02:00:00,20334.8,20348.9,20324.1,20339.9,0,4219
2025-03-26 01:00:00,20321.4,20344.7,20321.4,20336.1,0,2410
2025-03-26 00:00:00,20326.9,20341.4,20316.5,20321.2,0,2951
2025-03-25 22:00:00,20298.3,20334.2,20297.0,20327.0,0,4347
2025-03-25 21:00:00,20238.1,20301.7,20236.6,20298.0,0,20644
2025-03-25 20:00:00,20224.5,20266.6,20213.0,20238.7,0,19433
2025-03-25 19:00:00,20260.4,20289.7,20212.1,20224.5,0,18064
2025-03-25 18:00:00,20253.2,20271.0,20227.6,20260.5,0,19172
2025-03-25 17:00:00,20286.3,20304.2,20242.4,20252.5,0,21250
2025-03-25 16:00:00,20221.9,20300.7,20181.5,20286.5,0,25017
2025-03-25 15:00:00,20216.5,20244.4,20172.7,20222.3,0,19951
2025-03-25 14:00:00,20221.5,20257.0,20213.8,20216.7,0,8053
2025-03-25 13:00:00,20185.5,20226.0,20174.5,20221.5,0,7748
2025-03-25 12:00:00,20153.2,20192.5,20131.0,20184.0,0,6593
2025-03-25 11:00:00,20114.5,20154.8,20106.8,20153.5,0,6879
2025-03-25 10:00:00,20154.5,20160.9,20103.3,20114.3,0,9831
2025-03-25 09:00:00,20160.0,20181.7,20148.3,20148.8,0,4055
2025-03-25 08:00:00,20151.5,20160.8,20143.0,20160.7,0,2132
2025-03-25 07:00:00,20146.0,20152.5,20143.3,20151.3,0,1927
2025-03-25 06:00:00,20148.8,20151.3,20139.0,20146.0,0,2132
2025-03-25 05:00:00,20154.0,20157.8,20140.0,20148.7,0,2609
2025-03-25 04:00:00,20171.0,20171.0,20148.0,20154.0,0,4032
2025-03-25 03:00:00,20176.5,20184.5,20169.0,20171.0,0,4674
2025-03-25 02:00:00,20165.0,20180.3,20144.5,20178.3,0,5315
2025-03-25 01:00:00,20158.6,20177.5,20154.0,20165.0,0,2278
2025-03-25 00:00:00,20175.6,20175.8,20152.7,20159.1,0,2410
2025-03-24 22:00:00,20172.6,20185.0,20164.2,20164.9,0,5051
2025-03-24 21:00:00,20173.8,20215.9,20167.6,20174.7,0,18755
2025-03-24 20:00:00,20150.5,20178.7,20116.4,20173.8,0,20127
2025-03-24 19:00:00,20149.7,20157.6,20117.1,20150.1,0,20215
2025-03-24 18:00:00,20162.8,20188.1,20127.0,20149.5,0,20754
2025-03-24 17:00:00,20156.2,20177.2,20137.1,20162.6,0,21043
2025-03-24 16:00:00,20122.0,20165.8,20081.7,20155.7,0,25695
2025-03-24 15:00:00,20079.8,20145.0,20036.1,20121.8,0,20456
2025-03-24 14:00:00,20060.0,20082.9,20044.6,20079.5,0,8484
2025-03-24 13:00:00,20018.8,20068.4,20016.0,20059.8,0,7691
2025-03-24 12:00:00,19994.9,20035.5,19988.8,20020.1,0,6063
2025-03-24 11:00:00,20015.6,20027.1,19984.8,19995.0,0,7626
2025-03-24 10:00:00,19969.7,20032.5,19964.2,20016.1,0,10249
2025-03-24 09:00:00,19953.1,19978.3,19946.3,19972.9,0,5137
2025-03-24 08:00:00,19922.9,19955.1,19916.1,19952.4,0,3231
2025-03-24 07:00:00,19917.9,19931.4,19917.6,19922.3,0,2742
2025-03-24 06:00:00,19909.9,19918.8,19902.1,19917.8,0,2185
2025-03-24 05:00:00,19919.3,19927.6,19906.4,19910.1,0,2927
2025-03-24 04:00:00,19914.0,19922.7,19903.9,19919.6,0,3650
2025-03-24 03:00:00,19925.9,19930.9,19904.1,19913.9,0,5174
2025-03-24 02:00:00,19913.1,19943.9,19907.3,19927.1,0,6435
2025-03-24 01:00:00,19868.0,19919.4,19861.6,19912.9,0,4359
2025-03-24 00:00:00,19866.5,19906.5,19857.5,19868.0,0,7558
2025-03-21 22:00:00,19749.4,19775.3,19736.8,19769.7,0,4831
2025-03-21 21:00:00,19660.4,19772.1,19611.9,19749.3,0,18493
2025-03-21 20:00:00,19655.9,19686.9,19631.1,19659.1,0,17113
2025-03-21 19:00:00,19692.6,19698.2,19600.1,19656.1,0,17888
2025-03-21 18:00:00,19510.6,19694.4,19479.8,19693.4,0,20071
2025-03-21 17:00:00,19583.9,19600.4,19478.4,19510.6,0,20380
2025-03-21 16:00:00,19521.1,19588.4,19461.6,19582.4,0,22700
2025-03-21 15:00:00,19479.2,19549.9,19401.6,19517.4,0,21876
2025-03-21 14:00:00,19589.6,19628.0,19471.6,19479.0,0,13846
2025-03-21 13:00:00,19598.2,19622.5,19584.3,19590.7,0,9044
2025-03-21 12:00:00,19594.8,19642.8,19568.7,19598.5,0,9657
2025-03-21 11:00:00,19595.9,19613.8,19561.3,19594.7,0,9718
2025-03-21 10:00:00,19638.4,19670.0,19562.5,19595.5,0,13808
2025-03-21 09:00:00,19689.4,19694.4,19617.9,19639.5,0,7545
2025-03-21 08:00:00,19647.7,19690.0,19639.8,19688.9,0,5498
2025-03-21 07:00:00,19666.7,19669.9,19620.9,19647.7,0,5365
2025-03-21 06:00:00,19672.2,19691.4,19659.4,19666.7,0,3207
2025-03-21 05:00:00,19701.3,19701.3,19662.3,19672.0,0,5425
2025-03-21 04:00:00,19722.7,19726.4,19688.8,19701.1,0,4391
2025-03-21 03:00:00,19710.5,19730.2,19698.0,19723.4,0,5088
2025-03-21 02:00:00,19683.5,19724.0,19678.1,19711.0,0,5268
2025-03-21 01:00:00,19685.9,19687.0,19645.8,19683.3,0,4216
2025-03-21 00:00:00,19693.6,19706.7,19678.2,19685.8,0,2374
2025-03-20 22:00:00,19676.7,19706.1,19674.9,19689.4,0,4243
2025-03-20 21:00:00,19614.3,19716.3,19609.9,19677.6,0,20830
2025-03-20 20:00:00,19644.4,19693.3,19591.5,19615.0,0,20268
2025-03-20 19:00:00,19669.8,19735.5,19620.9,19643.9,0,20250
2025-03-20 18:00:00,19775.7,19832.0,19654.5,19670.4,0,21922
2025-03-20 17:00:00,19837.0,19856.0,19759.9,19780.5,0,21590
2025-03-20 16:00:00,19728.4,19898.2,19719.9,19837.5,0,23603
2025-03-20 15:00:00,19622.1,19734.0,19551.4,19727.3,0,19892
2025-03-20 14:00:00,19647.2,19655.7,19618.1,19622.6,0,11641
2025-03-20 13:00:00,19610.2,19656.1,19589.9,19646.9,0,12015
2025-03-20 12:00:00,19748.4,19750.1,19529.2,19610.4,0,18563
2025-03-20 11:00:00,19849.2,19852.9,19729.4,19748.1,0,10961
2025-03-20 10:00:00,19838.3,19866.9,19835.4,19849.4,0,8231
2025-03-20 09:00:00,19844.6,19869.4,19830.4,19834.9,0,5646
2025-03-20 08:00:00,19880.7,19882.2,19839.1,19844.6,0,3796
2025-03-20 07:00:00,19874.3,19883.3,19861.7,19881.1,0,2868
2025-03-20 06:00:00,19877.8,19886.2,19863.5,19874.7,0,2235
2025-03-20 05:00:00,19862.8,19886.8,19862.8,19878.1,0,3084
2025-03-20 04:00:00,19821.8,19868.6,19821.6,19862.8,0,3937
2025-03-20 03:00:00,19841.7,19851.6,19819.6,19822.7,0,4176
2025-03-20 02:00:00,19825.5,19851.1,19805.7,19842.2,0,4135
2025-03-20 01:00:00,19805.9,19828.1,19797.3,19825.4,0,3628
2025-03-20 00:00:00,19751.9,19820.0,19747.9,19805.9,0,5022
2025-03-19 22:00:00,19746.6,19774.7,19734.8,19738.3,0,4601
2025-03-19 21:00:00,19816.1,19936.1,19729.4,19746.0,0,22840
2025-03-19 20:00:00,19597.8,19823.4,19564.4,19818.4,0,23060
2025-03-19 19:00:00,19670.0,19679.8,19580.6,19597.8,0,16882
2025-03-19 18:00:00,19713.2,19727.2,19648.9,19670.0,0,18863
2025-03-19 17:00:00,19592.0,19731.8,19585.2,19714.7,0,20861
2025-03-19 16:00:00,19618.4,19694.8,19584.2,19592.8,0,24218
2025-03-19 15:00:00,19556.0,19639.3,19502.1,19618.5,0,18880
2025-03-19 14:00:00,19565.9,19577.6,19537.0,19555.1,0,8657
2025-03-19 13:00:00,19550.3,19583.6,19542.7,19567.5,0,7117
2025-03-19 12:00:00,19557.4,19578.9,19543.1,19552.3,0,7061
2025-03-19 11:00:00,19515.1,19560.8,19500.1,19557.6,0,8081
2025-03-19 10:00:00,19468.2,19540.6,19465.5,19515.3,0,11042
2025-03-19 09:00:00,19533.1,19533.2,19454.4,19468.1,0,7900
2025-03-19 08:00:00,19531.9,19537.6,19511.1,19533.4,0,4105
2025-03-19 07:00:00,19529.3,19556.1,19517.0,19531.9,0,3565
2025-03-19 06:00:00,19557.4,19558.6,19524.9,19529.3,0,2849
2025-03-19 05:00:00,19548.4,19567.9,19548.4,19557.1,0,2945
2025-03-19 04:00:00,19565.1,19573.8,19547.6,19547.8,0,4175
2025-03-19 03:00:00,19569.9,19580.5,19555.9,19564.9,0,5227
2025-03-19 02:00:00,19502.7,19591.1,19500.1,19569.6,0,6564
2025-03-19 01:00:00,19502.1,19513.6,19479.9,19502.8,0,3844
2025-03-19 00:00:00,19497.7,19516.6,19460.9,19502.4,0,4051
2025-03-18 22:00:00,19498.4,19528.4,19492.5,19494.5,0,5461
2025-03-18 21:00:00,19537.1,19544.0,19454.3,19494.4,0,22799
2025-03-18 20:00:00,19504.0,19574.3,19451.0,19537.5,0,22311
2025-03-18 19:00:00,19524.3,19541.1,19448.8,19503.5,0,23265
2025-03-18 18:00:00,19451.7,19544.8,19442.0,19524.1,0,22566
2025-03-18 17:00:00,19472.1,19493.1,19397.6,19450.0,0,23745
2025-03-18 16:00:00,19465.5,19525.6,19431.8,19471.5,0,25987
2025-03-18 15:00:00,19697.1,19721.5,19449.6,19465.2,0,22526
2025-03-18 14:00:00,19762.2,19768.1,19694.1,19697.2,0,12096
2025-03-18 13:00:00,19775.1,19786.9,19721.5,19763.5,0,9797
2025-03-18 12:00:00,19773.1,19777.0,19715.8,19773.3,0,11626
2025-03-18 11:00:00,19816.6,19829.2,19770.3,19773.0,0,8983
2025-03-18 10:00:00,19772.5,19830.1,19761.8,19816.2,0,10975
2025-03-18 09:00:00,19768.0,19780.8,19753.5,19773.8,0,5600
2025-03-18 08:00:00,19743.5,19772.6,19733.4,19768.0,0,4087
2025-03-18 07:00:00,19720.5,19746.0,19720.0,19743.5,0,3668
2025-03-18 06:00:00,19731.9,19746.5,19711.5,19720.6,0,4090
2025-03-18 05:00:00,19762.5,19766.1,19727.1,19732.6,0,4505
2025-03-18 04:00:00,19751.2,19769.3,19748.0,19762.7,0,5025
2025-03-18 03:00:00,19796.1,19808.6,19745.7,19751.0,0,7422
2025-03-18 02:00:00,19821.1,19827.9,19782.7,19795.7,0,6256
2025-03-18 01:00:00,19850.5,19852.7,19817.6,19821.3,0,3792
2025-03-18 00:00:00,19830.1,19857.9,19830.1,19850.5,0,4276
2025-03-17 22:00:00,19828.1,19833.8,19794.7,19828.0,0,6087
2025-03-17 21:00:00,19935.6,19942.8,19822.2,19828.8,0,22827
2025-03-17 20:00:00,19814.2,19957.0,19813.2,19935.7,0,21434
2025-03-17 19:00:00,19694.0,19833.2,19667.8,19814.5,0,21690
2025-03-17 18:00:00,19675.4,19739.8,19649.8,19693.8,0,23583
2025-03-17 17:00:00,19685.2,19729.1,19622.9,19674.7,0,24697
2025-03-17 16:00:00,19787.9,19812.8,19666.6,19682.3,0,26997
2025-03-17 15:00:00,19751.0,19847.0,19683.5,19786.1,0,21455
2025-03-17 14:00:00,19685.5,19777.6,19649.9,19750.8,0,14138
2025-03-17 13:00:00,19679.7,19717.6,19678.0,19685.2,0,9746
2025-03-17 12:00:00,19625.2,19690.2,19618.3,19681.0,0,8627
2025-03-17 11:00:00,19619.0,19636.8,19604.9,19625.4,0,9861
2025-03-17 10:00:00,19595.4,19627.3,19574.5,19619.1,0,13981
2025-03-17 09:00:00,19577.4,19593.0,19554.2,19591.5,0,8505
2025-03-17 08:00:00,19593.1,19601.0,19561.1,19577.5,0,5809
2025-03-17 07:00:00,19595.7,19599.5,19584.9,19593.2,0,4665
2025-03-17 06:00:00,19583.8,19605.3,19583.5,19596.0,0,5075
2025-03-17 05:00:00,19600.3,19608.5,19583.2,19585.3,0,6005
2025-03-17 04:00:00,19606.7,19609.3,19589.9,19601.0,0,7138
2025-03-17 03:00:00,19597.2,19625.6,19595.2,19606.7,0,8811
2025-03-17 02:00:00,19582.6,19618.8,19560.0,19597.2,0,9802
2025-03-17 01:00:00,19566.2,19608.3,19546.3,19582.8,0,7720
2025-03-17 00:00:00,19660.1,19681.7,19555.6,19565.7,0,9645
2025-03-14 22:00:00,19692.5,19692.5,19639.2,19652.5,0,8741
2025-03-14 21:00:00,19660.5,19731.0,19637.8,19694.7,0,23753
2025-03-14 20:00:00,19617.6,19690.2,19599.5,19661.3,0,22562
2025-03-14 19:00:00,19662.4,19693.0,19606.3,19616.1,0,22986
2025-03-14 18:00:00,19665.6,19693.3,19589.8,19673.2,0,23838
2025-03-14 17:00:00,19595.8,19687.8,19576.7,19665.6,0,24446
2025-03-14 16:00:00,19472.9,19596.0,19418.1,19595.7,0,26413
2025-03-14 15:00:00,19481.8,19605.6,19437.7,19521.5,0,21034
2025-03-14 14:00:00,19457.3,19518.7,19452.9,19481.2,0,14010
2025-03-14 13:00:00,19442.9,19472.4,19409.6,19457.7,0,13525
2025-03-14 12:00:00,19427.3,19471.3,19384.6,19442.6,0,14152
2025-03-14 11:00:00,19413.2,19444.8,19412.2,19427.4,0,11320
2025-03-14 10:00:00,19374.4,19438.6,19360.8,19413.3,0,14862
2025-03-14 09:00:00,19397.4,19406.9,19355.5,19377.3,0,9757
2025-03-14 08:00:00,19394.8,19405.8,19375.9,19398.3,0,7025
2025-03-14 07:00:00,19426.1,19439.0,19389.1,19395.1,0,6486
2025-03-14 06:00:00,19434.7,19444.3,19415.9,19426.3,0,4711
2025-03-14 05:00:00,19420.0,19446.0,19417.5,19435.8,0,6240
2025-03-14 04:00:00,19387.2,19423.8,19385.0,19420.3,0,7836
2025-03-14 03:00:00,19385.1,19416.8,19372.0,19387.0,0,10200
2025-03-14 02:00:00,19342.7,19409.6,19319.6,19385.1,0,10523
2025-03-14 01:00:00,19346.7,19369.5,19333.4,19342.7,0,6021
2025-03-14 00:00:00,19282.7,19365.9,19282.7,19346.7,0,6767
2025-03-13 22:00:00,19237.0,19307.1,19230.9,19278.9,0,5881
2025-03-13 21:00:00,19344.1,19380.7,19169.6,19236.7,0,24926
2025-03-13 20:00:00,19172.7,19361.7,19172.0,19347.5,0,24382
2025-03-13 19:00:00,19272.6,19297.4,19155.4,19176.6,0,23768
2025-03-13 18:00:00,19281.5,19375.3,19226.4,19273.1,0,25424
2025-03-13 17:00:00,19410.8,19460.2,19262.2,19281.7,0,25927
2025-03-13 16:00:00,19350.9,19555.0,19310.1,19408.9,0,26792
2025-03-13 15:00:00,19540.7,19575.6,19324.7,19352.5,0,21849
2025-03-13 14:00:00,19513.2,19562.9,19462.5,19540.5,0,17615
2025-03-13 13:00:00,19562.2,19577.0,19480.2,19516.6,0,13586
2025-03-13 12:00:00,19591.1,19615.7,19546.5,19560.2,0,10888
2025-03-13 11:00:00,19477.7,19594.1,19445.7,19591.0,0,12711
2025-03-13 10:00:00,19418.9,19479.4,19394.6,19477.6,0,17154
2025-03-13 09:00:00,19468.6,19496.4,19402.8,19416.6,0,12562
2025-03-13 08:00:00,19449.6,19483.7,19385.8,19468.5,0,11539
2025-03-13 07:00:00,19466.7,19489.5,19422.0,19450.0,0,10044
2025-03-13 06:00:00,19504.6,19530.2,19450.2,19466.6,0,6836
2025-03-13 05:00:00,19577.6,19577.8,19498.0,19504.6,0,7453
2025-03-13 04:00:00,19623.1,19629.4,19573.1,19577.4,0,5740
2025-03-13 03:00:00,19628.4,19641.2,19592.7,19623.9,0,8859
2025-03-13 02:00:00,19669.9,19679.5,19625.0,19629.1,0,7251
2025-03-13 01:00:00,19612.3,19672.8,19610.9,19669.9,0,5897
2025-03-13 00:00:00,19565.2,19622.4,19552.9,19612.1,0,5887
2025-03-12 22:00:00,19593.6,19593.6,19545.6,19555.1,0,6426
2025-03-12 21:00:00,19661.0,19661.0,19538.4,19592.5,0,24743
2025-03-12 20:00:00,19524.7,19689.1,19515.3,19662.0,0,23737
2025-03-12 19:00:00,19610.6,19703.0,19519.5,19522.7,0,24138
2025-03-12 18:00:00,19615.4,19710.9,19571.0,19610.2,0,25114
2025-03-12 17:00:00,19459.4,19621.4,19379.2,19616.4,0,25783
2025-03-12 16:00:00,19626.6,19707.8,19454.7,19458.6,0,26862
2025-03-12 15:00:00,19706.1,19758.8,19574.0,19627.6,0,23908
2025-03-12 14:00:00,19564.9,19761.1,19548.6,19705.9,0,17028
2025-03-12 13:00:00,19533.5,19591.5,19530.0,19566.0,0,9836
2025-03-12 12:00:00,19543.5,19550.4,19508.1,19534.0,0,7902
2025-03-12 11:00:00,19532.6,19546.5,19507.4,19543.4,0,10263
2025-03-12 10:00:00,19457.7,19539.1,19425.5,19530.1,0,13235
2025-03-12 09:00:00,19396.3,19465.5,19370.3,19457.3,0,9775
2025-03-12 08:00:00,19463.9,19464.3,19380.7,19396.1,0,5362
2025-03-12 07:00:00,19437.7,19466.8,19431.2,19463.8,0,3980
2025-03-12 06:00:00,19433.7,19456.6,19421.1,19437.7,0,3797
2025-03-12 05:00:00,19438.1,19452.5,19419.3,19434.1,0,4683
2025-03-12 04:00:00,19455.6,19475.7,19433.1,19438.2,0,5219
2025-03-12 03:00:00,19450.4,19466.4,19426.9,19455.8,0,8103
2025-03-12 02:00:00,19462.1,19482.8,19423.6,19449.9,0,8606
2025-03-12 01:00:00,19451.6,19461.4,19407.4,19461.4,0,6894
2025-03-12 00:00:00,19404.1,19461.8,19384.4,19451.5,0,6515
2025-03-11 22:00:00,19373.4,19426.9,19353.5,19381.8,0,9632
2025-03-11 21:00:00,19623.0,19658.1,19374.1,19375.2,0,26692
2025-03-11 20:00:00,19306.9,19667.6,19300.7,19621.2,0,26585
2025-03-11 19:00:00,19305.2,19350.0,19183.2,19307.0,0,24939
2025-03-11 18:00:00,19404.4,19427.3,19277.9,19305.5,0,25109
2025-03-11 17:00:00,19290.2,19525.9,19267.6,19405.4,0,26532
2025-03-11 16:00:00,19489.6,19593.6,19247.1,19295.1,0,27449
2025-03-11 15:00:00,19434.2,19579.5,19368.2,19502.1,0,22511
2025-03-11 14:00:00,19556.6,19563.4,19421.0,19434.4,0,16488
2025-03-11 13:00:00,19514.2,19559.0,19453.8,19558.9,0,11090
2025-03-11 12:00:00,19523.9,19542.7,19489.2,19515.7,0,10202
2025-03-11 11:00:00,19544.4,19562.0,19513.0,19525.3,0,10608
2025-03-11 10:00:00,19461.0,19549.3,19449.8,19545.3,0,13676
2025-03-11 09:00:00,19455.7,19475.1,19385.8,19462.6,0,11142
2025-03-11 08:00:00,19457.8,19500.7,19438.2,19454.8,0,8400
2025-03-11 07:00:00,19446.6,19472.5,19427.0,19458.6,0,8221
2025-03-11 06:00:00,19416.8,19475.5,19393.8,19447.8,0,5914
2025-03-11 05:00:00,19373.6,19474.4,19373.6,19417.0,0,10003
2025-03-11 04:00:00,19238.5,19401.0,19228.7,19373.6,0,14771
2025-03-11 03:00:00,19190.4,19252.8,19128.1,19238.1,0,12832
2025-03-11 02:00:00,19286.2,19310.3,19125.5,19189.0,0,12740
2025-03-11 01:00:00,19359.4,19382.4,19213.3,19285.2,0,11249
2025-03-11 00:00:00,19407.2,19442.0,19351.9,19358.3,0,8356
2025-03-10 22:00:00,19441.4,19465.4,19395.6,19451.1,0,9214
2025-03-10 21:00:00,19317.2,19528.7,19250.9,19444.1,0,26549
2025-03-10 20:00:00,19420.5,19475.7,19309.7,19317.4,0,24637
2025-03-10 19:00:00,19521.3,19530.3,19401.8,19420.4,0,24833
2025-03-10 18:00:00,19563.7,19616.6,19501.9,19521.5,0,25115
2025-03-10 17:00:00,19532.8,19680.6,19528.8,19565.4,0,26159
2025-03-10 16:00:00,19765.2,19765.2,19499.5,19532.7,0,26798
2025-03-10 15:00:00,19891.1,19918.9,19723.6,19768.0,0,21856
2025-03-10 14:00:00,19929.3,19931.9,19839.6,19890.9,0,14023
2025-03-10 13:00:00,19951.4,19998.3,19899.5,19928.6,0,12802
2025-03-10 12:00:00,19982.0,20001.7,19918.9,19948.5,0,11444
2025-03-10 11:00:00,19936.9,20033.4,19930.4,19981.5,0,14191
2025-03-10 10:00:00,20077.9,20091.0,19927.6,19937.1,0,15992
2025-03-10 09:00:00,20087.5,20117.9,20063.6,20070.5,0,8943
2025-03-10 08:00:00,20069.6,20102.9,20069.6,20088.2,0,6482
2025-03-10 07:00:00,20072.7,20110.9,20055.0,20069.2,0,6920
2025-03-10 06:00:00,20104.8,20130.9,20069.7,20072.6,0,6215
2025-03-10 05:00:00,20115.4,20129.7,20080.5,20104.7,0,7453
2025-03-10 04:00:00,20111.8,20132.7,20095.6,20115.4,0,6837
2025-03-10 03:00:00,20044.1,20114.5,20038.6,20112.3,0,8850
2025-03-10 02:00:00,20008.9,20045.6,19985.0,20044.0,0,10402
2025-03-10 01:00:00,19990.5,20039.4,19911.8,20012.3,0,8261
2025-03-10 00:00:00,20092.4,20104.3,19975.2,19990.3,0,9544
2025-03-07 23:00:00,20195.9,20196.7,20115.4,20177.4,0,8029
2025-03-07 22:00:00,20163.9,20255.4,20069.2,20197.0,0,29610
2025-03-07 21:00:00,20140.3,20243.4,20091.2,20163.0,0,28970
2025-03-07 20:00:00,19915.4,20146.3,19913.0,20139.4,0,30561
2025-03-07 19:00:00,19803.4,20053.9,19743.8,19915.0,0,30808
2025-03-07 18:00:00,19987.6,20004.4,19737.0,19800.5,0,31368
2025-03-07 17:00:00,20112.7,20162.4,19858.1,19991.8,0,32472
2025-03-07 16:00:00,20035.6,20211.6,19995.3,20110.4,0,27739
2025-03-07 15:00:00,20093.6,20230.9,20009.1,20036.3,0,20477
2025-03-07 14:00:00,20153.4,20153.4,20065.1,20094.7,0,12744
2025-03-07 13:00:00,20147.9,20171.5,20121.1,20154.9,0,8128
2025-03-07 12:00:00,20167.8,20170.5,20127.3,20148.0,0,9059
2025-03-07 11:00:00,20138.5,20197.3,20128.6,20167.3,0,11788
2025-03-07 10:00:00,20136.4,20159.4,20115.2,20139.1,0,13832
2025-03-07 09:00:00,20097.4,20146.5,20091.0,20136.3,0,9914
2025-03-07 08:00:00,20124.4,20127.3,20083.8,20098.7,0,9344
2025-03-07 07:00:00,20153.8,20157.5,20107.8,20124.1,0,7168
2025-03-07 06:00:00,20140.8,20161.6,20127.6,20153.8,0,5390
2025-03-07 05:00:00,20166.7,20169.3,20134.0,20140.7,0,7085
2025-03-07 04:00:00,20166.8,20186.1,20145.9,20166.3,0,8178
2025-03-07 03:00:00,20145.5,20189.3,20131.1,20166.8,0,11090
2025-03-07 02:00:00,20157.2,20171.6,20111.5,20145.1,0,9827
2025-03-07 01:00:00,20190.0,20195.1,20138.5,20157.0,0,5359
2025-03-06 23:00:00,20063.3,20172.5,20048.8,20145.2,0,9755
2025-03-06 22:00:00,20022.2,20126.0,19998.7,20064.8,0,31897
2025-03-06 21:00:00,20089.4,20177.5,19973.5,20022.1,0,30003
2025-03-06 20:00:00,20142.2,20177.9,20013.7,20089.9,0,29518
2025-03-06 19:00:00,20222.8,20246.0,20061.7,20142.4,0,30828
2025-03-06 18:00:00,20403.3,20465.8,20218.1,20222.6,0,31105
2025-03-06 17:00:00,20252.8,20483.2,20224.2,20400.8,0,31832
2025-03-06 16:00:00,20296.4,20341.5,20199.4,20252.9,0,26760
2025-03-06 15:00:00,20341.9,20354.3,20270.0,20296.5,0,19507
2025-03-06 14:00:00,20393.9,20398.5,20324.5,20341.4,0,14722
2025-03-06 13:00:00,20349.7,20399.6,20323.1,20394.1,0,13423
2025-03-06 12:00:00,20379.4,20409.1,20336.3,20350.3,0,15292
2025-03-06 11:00:00,20414.1,20456.3,20346.9,20379.0,0,18395
2025-03-06 10:00:00,20504.3,20526.7,20402.6,20414.0,0,18214
2025-03-06 09:00:00,20605.2,20615.1,20502.0,20503.9,0,9086
2025-03-06 08:00:00,20582.3,20610.1,20567.1,20605.3,0,5021
2025-03-06 07:00:00,20607.7,20617.7,20577.1,20582.5,0,4932
2025-03-06 06:00:00,20593.3,20615.9,20590.8,20608.3,0,3709
2025-03-06 05:00:00,20576.7,20597.5,20563.3,20593.7,0,4682
2025-03-06 04:00:00,20585.1,20601.4,20560.4,20576.1,0,6047
2025-03-06 03:00:00,20560.6,20587.8,20554.1,20584.7,0,8312
2025-03-06 02:00:00,20575.3,20607.6,20554.8,20560.5,0,6497
2025-03-06 01:00:00,20581.1,20613.3,20559.3,20575.9,0,5300
2025-03-05 23:00:00,20626.1,20631.6,20547.4,20580.0,0,8083
2025-03-05 22:00:00,20620.7,20693.9,20572.5,20628.8,0,28941
2025-03-05 21:00:00,20558.5,20680.0,20528.4,20621.4,0,28864
2025-03-05 20:00:00,20539.5,20565.5,20416.3,20560.3,0,29874
2025-03-05 19:00:00,20306.1,20544.6,20301.3,20539.4,0,29190
2025-03-05 18:00:00,20358.2,20358.8,20186.4,20306.1,0,30356
2025-03-05 17:00:00,20362.7,20465.5,20270.0,20360.5,0,32430
2025-03-05 16:00:00,20388.6,20434.7,20240.2,20279.5,0,27471
2025-03-05 15:00:00,20455.3,20491.5,20375.7,20388.6,0,18146
2025-03-05 14:00:00,20463.7,20495.6,20429.9,20454.4,0,13946
2025-03-05 13:00:00,20514.2,20527.1,20411.1,20461.2,0,12775
2025-03-05 12:00:00,20578.3,20591.4,20504.4,20514.1,0,12872
2025-03-05 11:00:00,20520.6,20598.7,20495.7,20578.3,0,13295
2025-03-05 10:00:00,20511.4,20578.3,20482.8,20520.0,0,15912
2025-03-05 09:00:00,20517.4,20546.3,20505.1,20510.7,0,9730
2025-03-05 08:00:00,20519.0,20535.9,20487.5,20517.7,0,7044
2025-03-05 07:00:00,20506.7,20526.9,20475.5,20519.2,0,6990
2025-03-05 06:00:00,20517.5,20536.2,20498.4,20506.6,0,6485
2025-03-05 05:00:00,20448.0,20531.8,20427.7,20517.3,0,11859
2025-03-05 04:00:00,20462.8,20479.5,20410.0,20448.0,0,12207
2025-03-05 03:00:00,20504.2,20511.4,20421.6,20462.5,0,13868
2025-03-05 02:00:00,20547.5,20557.8,20455.4,20503.7,0,11928
2025-03-05 01:00:00,20515.5,20563.9,20501.4,20547.1,0,7124
2025-03-04 23:00:00,20365.1,20539.4,20362.2,20502.1,0,12510
2025-03-04 22:00:00,20586.8,20699.9,20291.9,20364.6,0,31057
2025-03-04 21:00:00,20468.0,20598.4,20465.5,20586.9,0,29506
2025-03-04 20:00:00,20304.6,20489.9,20280.1,20468.7,0,30758
2025-03-04 19:00:00,20265.4,20400.2,20233.5,20304.0,0,31285
2025-03-04 18:00:00,20164.8,20304.8,20076.6,20266.2,0,32129
2025-03-04 17:00:00,20195.9,20229.4,20044.0,20165.1,0,33343
2025-03-04 16:00:00,20292.2,20396.9,20196.7,20199.3,0,29558
2025-03-04 15:00:00,20287.2,20323.2,20229.7,20292.4,0,23257
2025-03-04 14:00:00,20442.2,20442.2,20273.5,20287.9,0,20685
2025-03-04 13:00:00,20429.7,20460.3,20405.5,20442.3,0,12975
2025-03-04 12:00:00,20461.9,20480.5,20411.2,20429.6,0,15678
2025-03-04 11:00:00,20483.1,20532.4,20455.9,20462.0,0,14924
2025-03-04 10:00:00,20453.5,20528.9,20432.0,20483.3,0,17411
2025-03-04 09:00:00,20526.2,20534.6,20442.5,20455.3,0,12664
2025-03-04 08:00:00,20535.1,20548.5,20490.5,20525.6,0,8506
2025-03-04 07:00:00,20495.8,20555.4,20446.8,20535.5,0,10277
2025-03-04 06:00:00,20506.1,20528.0,20483.6,20495.8,0,7454
2025-03-04 05:00:00,20488.6,20514.9,20468.2,20506.5,0,9277
2025-03-04 04:00:00,20443.2,20504.7,20437.9,20488.5,0,10452
2025-03-04 03:00:00,20517.6,20536.3,20433.2,20443.8,0,14450
2025-03-04 02:00:00,20480.5,20523.3,20444.7,20517.0,0,11985
2025-03-04 01:00:00,20479.1,20524.0,20457.3,20481.5,0,8303
2025-03-03 23:00:00,20437.6,20500.8,20428.9,20495.2,0,8899
2025-03-03 22:00:00,20567.5,20568.9,20282.3,20437.0,0,32317
2025-03-03 21:00:00,20710.1,20782.8,20563.9,20567.9,0,28542
2025-03-03 20:00:00,20815.2,20821.0,20618.5,20712.1,0,29434
2025-03-03 19:00:00,20886.0,20928.4,20786.9,20814.6,0,26570
2025-03-03 18:00:00,20823.4,20949.1,20796.9,20885.9,0,29621
2025-03-03 17:00:00,20783.6,20952.1,20716.2,20822.0,0,32208
2025-03-03 16:00:00,21029.4,21084.2,20786.3,20798.1,0,24796
2025-03-03 15:00:00,21034.2,21044.4,20998.9,21029.4,0,13750
2025-03-03 14:00:00,21003.0,21064.3,20995.2,21034.7,0,14154
2025-03-03 13:00:00,20967.5,21009.3,20959.4,21005.4,0,8432
2025-03-03 12:00:00,20977.8,20984.0,20950.0,20967.5,0,10644
2025-03-03 11:00:00,20913.5,20983.0,20892.5,20977.7,0,13969
2025-03-03 10:00:00,20924.9,20953.6,20852.5,20911.3,0,17969
2025-03-03 09:00:00,20971.6,20977.9,20887.5,20924.8,0,11771
2025-03-03 08:00:00,20950.1,20985.0,20921.4,20971.5,0,8906
2025-03-03 07:00:00,20916.0,20965.4,20909.2,20951.3,0,7043
2025-03-03 06:00:00,20887.3,20919.8,20883.5,20916.5,0,5350
2025-03-03 05:00:00,20891.6,20897.7,20848.4,20887.2,0,9575
2025-03-03 04:00:00,20907.7,20927.3,20881.6,20892.6,0,10698
2025-03-03 03:00:00,20848.6,20916.3,20827.9,20907.9,0,15244
2025-03-03 02:00:00,20932.1,20934.5,20802.8,20848.3,0,15883
2025-03-03 01:00:00,20935.8,20999.6,20913.3,20931.7,0,12131
2025-02-28 23:00:00,20876.7,20885.8,20824.7,20865.9,0,10256
2025-02-28 22:00:00,20666.8,20900.4,20639.7,20875.2,0,30238
2025-02-28 21:00:00,20498.2,20676.6,20494.8,20666.9,0,29467
2025-02-28 20:00:00,20487.7,20622.9,20441.5,20498.3,0,30699
2025-02-28 19:00:00,20654.0,20705.0,20485.4,20487.3,0,29378
2025-02-28 18:00:00,20717.0,20732.5,20581.6,20653.1,0,30153
2025-02-28 17:00:00,20550.6,20734.4,20511.6,20716.6,0,32248
2025-02-28 16:00:00,20557.3,20600.4,20417.4,20551.2,0,27560
2025-02-28 15:00:00,20576.4,20620.6,20517.8,20556.5,0,20683
2025-02-28 14:00:00,20618.3,20620.6,20538.7,20576.8,0,17233
2025-02-28 13:00:00,20614.0,20633.8,20607.5,20618.8,0,8312
2025-02-28 12:00:00,20614.9,20635.3,20602.3,20614.1,0,9156
2025-02-28 11:00:00,20617.3,20640.3,20593.3,20615.3,0,12237
2025-02-28 10:00:00,20583.5,20637.3,20568.6,20616.4,0,12772
2025-02-28 09:00:00,20552.0,20587.1,20509.2,20583.5,0,8778
2025-02-28 08:00:00,20579.2,20601.7,20542.2,20551.7,0,5903
2025-02-28 07:00:00,20574.0,20602.3,20568.6,20579.2,0,8751
2025-02-28 06:00:00,20517.6,20598.3,20503.5,20573.8,0,9868
2025-02-28 05:00:00,20544.3,20555.3,20473.5,20517.5,0,12845
2025-02-28 04:00:00,20581.8,20601.3,20528.0,20543.8,0,12485
2025-02-28 03:00:00,20573.7,20624.6,20495.5,20582.6,0,14570
2025-02-28 02:00:00,20630.2,20644.3,20573.4,20573.5,0,9622
2025-02-28 01:00:00,20603.2,20637.0,20595.8,20630.3,0,7987
2025-02-27 23:00:00,20567.6,20614.5,20540.5,20589.5,0,10783
2025-02-27 22:00:00,20792.9,20795.9,20555.1,20565.6,0,30834
2025-02-27 21:00:00,20999.1,21004.3,20752.9,20790.9,0,29854
2025-02-27 20:00:00,20994.2,21073.6,20985.5,20998.9,0,27204
2025-02-27 19:00:00,20963.9,21032.9,20912.9,20994.9,0,28392
2025-02-27 18:00:00,20978.4,21115.7,20952.4,20962.4,0,30195
2025-02-27 17:00:00,20964.6,21121.8,20853.3,20975.7,0,32763
2025-02-27 16:00:00,21262.2,21336.1,20954.7,20963.9,0,25971
2025-02-27 15:00:00,21306.8,21328.4,21225.9,21263.2,0,16748
2025-02-27 14:00:00,21300.2,21341.2,21291.9,21307.4,0,9843
2025-02-27 13:00:00,21277.2,21300.8,21268.1,21300.2,0,7050
2025-02-27 12:00:00,21279.6,21300.8,21265.1,21276.9,0,7614
2025-02-27 11:00:00,21273.9,21289.7,21247.9,21279.3,0,10367
2025-02-27 10:00:00,21237.2,21282.7,21206.0,21277.7,0,12043
2025-02-27 09:00:00,21236.3,21280.2,21227.5,21237.3,0,7921
2025-02-27 08:00:00,21199.9,21250.5,21194.7,21236.4,0,5893
2025-02-27 07:00:00,21126.3,21218.6,21120.7,21200.3,0,5610
2025-02-27 06:00:00,21117.0,21126.4,21102.6,21126.2,0,4770
2025-02-27 05:00:00,21141.4,21162.7,21116.2,21116.4,0,5050
2025-02-27 04:00:00,21123.9,21169.9,21111.7,21139.2,0,8673
2025-02-27 03:00:00,21092.8,21149.9,21063.4,21123.4,0,9086
2025-02-27 02:00:00,21168.4,21183.9,21079.0,21092.8,0,10804
2025-02-27 01:00:00,21189.7,21216.5,21119.2,21168.1,0,8354
2025-02-26 23:00:00,21144.7,21231.1,21113.1,21227.1,0,9908
2025-02-26 22:00:00,21047.4,21177.1,21031.4,21144.8,0,27885
2025-02-26 21:00:00,21054.5,21126.1,21018.4,21047.1,0,27876
2025-02-26 20:00:00,21201.7,21212.7,21036.8,21055.2,0,28815
2025-02-26 19:00:00,21301.9,21360.0,21181.9,21202.0,0,28031
2025-02-26 18:00:00,21295.7,21361.6,21292.4,21302.0,0,28086
2025-02-26 17:00:00,21254.7,21324.5,21218.1,21294.9,0,30868
2025-02-26 16:00:00,21225.0,21265.9,21142.2,21253.6,0,24379
2025-02-26 15:00:00,21242.7,21284.4,21209.1,21225.4,0,10638
2025-02-26 14:00:00,21240.9,21260.1,21213.0,21243.1,0,8035
2025-02-26 13:00:00,21273.4,21281.9,21230.1,21240.9,0,5539
2025-02-26 12:00:00,21258.1,21279.6,21255.6,21273.4,0,4906
2025-02-26 11:00:00,21243.1,21280.6,21237.6,21257.9,0,6941
2025-02-26 10:00:00,21246.0,21250.1,21216.4,21243.4,0,7716
2025-02-26 09:00:00,21229.1,21255.6,21214.7,21245.7,0,6226
2025-02-26 08:00:00,21232.0,21235.0,21214.6,21229.0,0,3773
2025-02-26 07:00:00,21204.8,21233.1,21204.8,21231.9,0,3270
2025-02-26 06:00:00,21191.8,21206.3,21185.3,21205.1,0,2457
2025-02-26 05:00:00,21196.1,21219.6,21188.6,21191.9,0,4274
2025-02-26 04:00:00,21170.6,21198.7,21153.9,21195.3,0,4787
2025-02-26 03:00:00,21202.6,21204.1,21165.4,21170.4,0,5416
2025-02-26 02:00:00,21176.5,21202.8,21163.6,21202.6,0,5260
2025-02-26 01:00:00,21173.9,21193.0,21165.1,21178.6,0,4094
2025-02-25 23:00:00,21101.1,21158.6,21091.1,21146.5,0,7393
2025-02-25 22:00:00,21153.3,21213.1,21072.9,21100.5,0,29511
2025-02-25 21:00:00,21149.7,21165.1,21074.6,21152.7,0,27841
2025-02-25 20:00:00,21170.8,21231.7,21116.6,21149.9,0,27115
2025-02-25 19:00:00,21117.1,21176.5,21061.9,21170.9,0,27403
2025-02-25 18:00:00,21055.9,21152.6,20942.0,21121.1,0,30929
2025-02-25 17:00:00,21211.1,21211.1,20979.7,21055.6,0,32738
2025-02-25 16:00:00,21354.2,21363.4,21162.0,21211.2,0,24931
2025-02-25 15:00:00,21380.2,21401.7,21343.7,21353.9,0,15029
2025-02-25 14:00:00,21322.0,21384.4,21313.8,21379.7,0,11744
2025-02-25 13:00:00,21247.0,21338.9,21237.5,21321.4,0,10696
2025-02-25 12:00:00,21257.2,21298.3,21237.8,21246.5,0,9729
2025-02-25 11:00:00,21273.1,21335.5,21255.0,21256.7,0,14095
2025-02-25 10:00:00,21264.1,21354.2,21260.1,21269.4,0,14619
2025-02-25 09:00:00,21372.8,21376.0,21259.9,21267.7,0,10801
2025-02-25 08:00:00,21387.6,21395.4,21360.1,21372.4,0,4335
2025-02-25 07:00:00,21372.9,21392.5,21372.8,21387.3,0,3375
2025-02-25 06:00:00,21381.1,21391.4,21364.1,21372.1,0,3883
2025-02-25 05:00:00,21388.4,21395.3,21376.8,21380.8,0,3981
2025-02-25 04:00:00,21392.6,21402.2,21351.3,21388.6,0,5638
2025-02-25 03:00:00,21383.4,21401.6,21359.4,21392.9,0,7925
2025-02-25 02:00:00,21336.0,21399.5,21335.7,21383.9,0,7228
2025-02-25 01:00:00,21385.3,21402.7,21317.4,21335.9,0,7855
2025-02-24 23:00:00,21369.9,21395.5,21355.9,21375.4,0,7157
2025-02-24 22:00:00,21501.5,21517.0,21356.9,21370.9,0,26167
2025-02-24 21:00:00,21546.9,21587.5,21486.9,21501.4,0,24795
2025-02-24 20:00:00,21553.9,21608.5,21541.3,21547.5,0,24158
2025-02-24 19:00:00,21525.9,21606.6,21518.4,21553.5,0,26418
2025-02-24 18:00:00,21440.1,21572.6,21425.9,21524.9,0,29191
2025-02-24 17:00:00,21514.5,21532.2,21384.6,21440.4,0,32000
2025-02-24 16:00:00,21747.0,21752.0,21508.7,21514.4,0,23171
2025-02-24 15:00:00,21708.9,21750.0,21704.8,21746.9,0,8814
2025-02-24 14:00:00,21723.7,21724.5,21686.8,21709.5,0,8920
2025-02-24 13:00:00,21710.3,21734.2,21695.3,21725.4,0,7315
2025-02-24 12:00:00,21729.7,21733.9,21704.5,21710.1,0,7241
2025-02-24 11:00:00,21723.1,21759.6,21716.6,21729.9,0,10526
2025-02-24 10:00:00,21705.9,21726.1,21648.8,21723.0,0,12907
2025-02-24 09:00:00,21732.7,21740.8,21680.0,21704.8,0,7532
2025-02-24 08:00:00,21740.7,21748.5,21722.6,21733.0,0,4140
2025-02-24 07:00:00,21723.2,21749.0,21719.0,21740.8,0,3814
2025-02-24 06:00:00,21735.8,21743.6,21719.8,21723.0,0,2969
2025-02-24 05:00:00,21726.5,21736.8,21714.0,21735.6,0,4540
2025-02-24 04:00:00,21693.2,21730.0,21688.0,21725.2,0,6346
2025-02-24 03:00:00,21710.6,21723.0,21681.5,21693.0,0,8305
2025-02-24 02:00:00,21704.9,21740.5,21699.0,21711.4,0,8049
2025-02-24 01:00:00,21606.3,21721.8,21606.3,21705.2,0,8867
2025-02-21 23:00:00,21622.1,21639.4,21593.2,21600.2,0,7261
2025-02-21 22:00:00,21628.6,21660.1,21604.1,21622.8,0,27127
2025-02-21 21:00:00,21713.8,21725.4,21610.0,21629.4,0,28847
2025-02-21 20:00:00,21792.9,21794.7,21702.0,21713.0,0,28545
2025-02-21 19:00:00,21919.0,21939.1,21778.6,21792.9,0,26250
2025-02-21 18:00:00,21946.7,21969.0,21901.1,21919.2,0,27884
2025-02-21 17:00:00,21999.3,22050.6,21881.9,21946.7,0,30788
2025-02-21 16:00:00,22163.0,22176.9,22025.8,22036.0,0,22628
2025-02-21 15:00:00,22156.9,22185.3,22147.5,22164.3,0,9036
2025-02-21 14:00:00,22104.4,22159.7,22096.7,22157.3,0,8834
2025-02-21 13:00:00,22109.3,22114.3,22093.1,22105.0,0,4251
2025-02-21 12:00:00,22107.5,22115.9,22097.2,22109.5,0,5313
2025-02-21 11:00:00,22087.8,22109.5,22081.0,22108.1,0,6827
2025-02-21 10:00:00,22077.0,22092.1,22044.2,22088.0,0,10226
2025-02-21 09:00:00,22092.5,22099.3,22076.2,22076.4,0,5018
2025-02-21 08:00:00,22066.3,22094.8,22064.4,22092.5,0,3469
2025-02-21 07:00:00,22064.6,22073.0,22052.0,22065.8,0,4203
2025-02-21 06:00:00,22078.5,22082.5,22061.1,22064.5,0,2765
2025-02-21 05:00:00,22090.7,22094.2,22075.2,22078.3,0,3793
2025-02-21 04:00:00,22080.9,22097.3,22078.7,22090.5,0,4756
2025-02-21 03:00:00,22094.7,22100.8,22064.6,22080.5,0,7603
2025-02-21 02:00:00,22101.6,22108.9,22086.4,22095.6,0,4661
2025-02-21 01:00:00,22070.1,22113.4,22066.0,22101.7,0,4434
2025-02-20 23:00:00,22086.6,22087.3,22059.5,22073.8,0,5825
2025-02-20 22:00:00,22054.6,22085.7,22022.7,22083.1,0,22224
2025-02-20 21:00:00,22005.5,22065.4,21994.2,22054.6,0,20692
2025-02-20 20:00:00,21978.0,22015.0,21966.2,22006.4,0,21153
2025-02-20 19:00:00,21968.7,22035.7,21961.4,21978.0,0,22873
2025-02-20 18:00:00,21928.3,22014.4,21921.8,21968.6,0,27269
2025-02-20 17:00:00,21946.7,22044.2,21889.5,21927.2,0,30533
2025-02-20 16:00:00,22140.5,22161.4,21938.9,21947.9,0,20691
2025-02-20 15:00:00,22144.7,22148.5,22124.8,22140.4,0,8052
2025-02-20 14:00:00,22123.4,22147.4,22111.2,22144.4,0,7528
2025-02-20 13:00:00,22141.0,22146.8,22111.7,22123.9,0,6045
2025-02-20 12:00:00,22142.5,22156.8,22140.6,22141.4,0,4310
2025-02-20 11:00:00,22119.1,22145.0,22112.3,22142.5,0,5488
2025-02-20 10:00:00,22086.9,22122.6,22085.9,22119.6,0,7844
2025-02-20 09:00:00,22096.6,22107.1,22078.3,22086.8,0,6024
2025-02-20 08:00:00,22106.0,22109.9,22081.4,22096.6,0,5482
2025-02-20 07:00:00,22112.8,22120.1,22105.8,22106.1,0,4019
2025-02-20 06:00:00,22116.9,22119.9,22100.7,22112.8,0,4140
2025-02-20 05:00:00,22122.1,22128.3,22111.2,22117.3,0,4300
2025-02-20 04:00:00,22106.3,22124.4,22094.9,22122.1,0,7618
2025-02-20 03:00:00,22164.2,22166.1,22100.0,22106.8,0,7773
2025-02-20 02:00:00,22154.9,22165.2,22137.5,22164.6,0,4975
2025-02-20 01:00:00,22148.4,22171.5,22148.4,22154.5,0,4292
2025-02-19 23:00:00,22184.7,22184.7,22151.6,22160.9,0,5099
2025-02-19 22:00:00,22232.9,22233.2,22143.9,22185.4,0,23907
2025-02-19 21:00:00,22161.5,22237.5,22157.2,22233.1,0,18812
2025-02-19 20:00:00,22183.9,22202.2,22133.6,22161.6,0,17772
2025-02-19 19:00:00,22175.8,22194.4,22146.1,22183.6,0,18467
2025-02-19 18:00:00,22099.4,22180.0,22098.2,22177.0,0,22056
2025-02-19 17:00:00,22105.5,22146.4,22056.3,22098.6,0,27111
2025-02-19 16:00:00,22141.9,22159.1,22092.2,22105.0,0,20468
2025-02-19 15:00:00,22166.0,22178.2,22116.9,22142.2,0,10211
2025-02-19 14:00:00,22150.0,22192.7,22146.0,22165.5,0,7564
2025-02-19 13:00:00,22158.7,22162.5,22133.0,22150.5,0,7029
2025-02-19 12:00:00,22184.1,22188.8,22140.5,22157.7,0,6146
2025-02-19 11:00:00,22198.0,22207.1,22178.5,22184.3,0,5082
2025-02-19 10:00:00,22187.5,22213.0,22183.7,22198.0,0,5861
2025-02-19 09:00:00,22192.9,22199.0,22184.4,22186.9,0,4323
2025-02-19 08:00:00,22199.9,22209.3,22192.7,22193.0,0,2734
2025-02-19 07:00:00,22204.9,22206.2,22190.7,22200.2,0,3603
2025-02-19 06:00:00,22224.2,22224.9,22200.1,22205.0,0,2476
2025-02-19 05:00:00,22223.2,22226.8,22216.0,22223.4,0,2694
2025-02-19 04:00:00,22209.5,22228.3,22200.2,22223.3,0,4043
2025-02-19 03:00:00,22213.1,22223.4,22206.7,22210.6,0,5523
2025-02-19 02:00:00,22188.1,22215.0,22183.9,22213.2,0,5015
2025-02-19 01:00:00,22160.3,22189.4,22159.0,22188.0,0,4753
2025-02-18 23:00:00,22174.8,22183.9,22151.9,22159.9,0,4670
2025-02-18 22:00:00,22114.8,22174.3,22096.1,22174.0,0,18017
2025-02-18 21:00:00,22094.3,22121.9,22039.4,22113.7,0,19603
2025-02-18 20:00:00,22129.9,22141.4,22074.6,22094.6,0,18305
2025-02-18 19:00:00,22122.2,22138.1,22098.7,22130.7,0,18263
2025-02-18 18:00:00,22120.7,22150.9,22101.1,22121.9,0,22662
2025-02-18 17:00:00,22138.5,22142.8,22060.9,22120.5,0,28641
2025-02-18 16:00:00,22245.9,22252.7,22099.9,22137.9,0,21523
2025-02-18 15:00:00,22219.2,22247.5,22203.9,22245.5,0,8755
2025-02-18 14:00:00,22210.7,22236.0,22202.2,22220.5,0,7182
2025-02-18 13:00:00,22216.2,22221.8,22204.4,22210.9,0,4850
2025-02-18 12:00:00,22207.2,22219.2,22197.7,22216.2,0,5865
2025-02-18 11:00:00,22226.7,22241.3,22201.2,22208.0,0,8506
2025-02-18 10:00:00,22249.3,22253.4,22204.7,22227.4,0,9521
2025-02-18 09:00:00,22231.7,22251.2,22231.1,22249.0,0,5606
2025-02-18 08:00:00,22187.9,22235.8,22186.1,22231.8,0,4093
2025-02-18 07:00:00,22203.5,22204.8,22184.4,22188.2,0,3035
2025-02-18 06:00:00,22200.9,22203.9,22192.5,22203.7,0,2182
2025-02-18 05:00:00,22191.4,22202.1,22189.4,22201.0,0,4084
2025-02-18 04:00:00,22178.9,22192.9,22170.7,22191.9,0,4236
2025-02-18 03:00:00,22169.1,22181.9,22167.1,22179.1,0,6075
2025-02-18 02:00:00,22155.5,22169.1,22148.4,22168.9,0,4683
2025-02-18 01:00:00,22158.9,22169.8,22133.9,22155.4,0,4365
2025-02-17 19:00:00,22168.9,22175.1,22155.7,22168.5,0,4241
2025-02-17 18:00:00,22171.0,22184.5,22165.2,22168.7,0,6068
2025-02-17 17:00:00,22146.0,22173.5,22135.2,22170.4,0,7900
2025-02-17 16:00:00,22185.8,22192.3,22125.7,22146.2,0,10243
2025-02-17 15:00:00,22181.2,22189.4,22175.9,22187.2,0,2968
2025-02-17 14:00:00,22176.9,22191.9,22174.6,22180.9,0,3333
2025-02-17 13:00:00,22190.2,22202.6,22171.6,22176.6,0,3032
2025-02-17 12:00:00,22179.9,22191.3,22175.7,22189.4,0,3261
2025-02-17 11:00:00,22165.2,22182.2,22159.2,22180.0,0,3843
2025-02-17 10:00:00,22174.2,22187.7,22162.7,22164.8,0,5268
2025-02-17 09:00:00,22208.7,22209.2,22169.9,22174.3,0,3442
2025-02-17 08:00:00,22201.9,22209.7,22196.9,22208.4,0,2691
2025-02-17 07:00:00,22209.1,22213.7,22199.4,22201.9,0,3109
2025-02-17 06:00:00,22196.4,22209.9,22183.2,22209.2,0,2511
2025-02-17 05:00:00,22201.2,22205.1,22190.6,22195.9,0,3132
2025-02-17 04:00:00,22180.2,22202.1,22175.6,22201.2,0,3757
2025-02-17 03:00:00,22155.1,22184.7,22148.7,22179.9,0,5196
2025-02-17 02:00:00,22143.0,22159.5,22133.4,22154.9,0,5703
2025-02-17 01:00:00,22166.0,22166.0,22129.7,22144.4,0,5222
2025-02-14 23:00:00,22117.2,22142.3,22105.3,22128.1,0,5616
2025-02-14 22:00:00,22101.4,22143.9,22082.2,22117.4,0,19443
2025-02-14 21:00:00,22107.4,22127.7,22078.8,22101.5,0,17414
2025-02-14 20:00:00,22079.7,22120.4,22066.9,22107.5,0,15497
2025-02-14 19:00:00,22061.0,22084.8,22013.9,22079.4,0,18295
2025-02-14 18:00:00,22086.4,22091.9,22024.5,22060.9,0,21433
2025-02-14 17:00:00,22048.7,22092.9,22020.9,22086.6,0,25090
2025-02-14 16:00:00,22026.9,22063.1,22013.2,22048.7,0,19658
2025-02-14 15:00:00,22004.5,22036.9,21990.0,22026.7,0,9907
2025-02-14 14:00:00,21984.4,22009.0,21978.4,22006.4,0,7544
2025-02-14 13:00:00,22026.3,22026.6,21964.2,21984.4,0,8444
2025-02-14 12:00:00,22046.5,22048.2,22016.0,22027.1,0,6909
2025-02-14 11:00:00,22039.8,22067.4,22029.1,22046.7,0,7751
2025-02-14 10:00:00,22067.9,22070.2,22024.4,22039.8,0,8491
2025-02-14 09:00:00,22053.5,22083.4,22052.6,22068.2,0,6107
2025-02-14 08:00:00,22041.6,22056.4,22039.1,22054.4,0,4266
2025-02-14 07:00:00,22064.6,22069.2,22034.6,22041.9,0,4469
2025-02-14 06:00:00,22063.7,22066.4,22056.8,22064.4,0,2349
2025-02-14 05:00:00,22056.1,22068.1,22048.4,22063.4,0,3819
2025-02-14 04:00:00,22065.0,22068.8,22052.0,22056.5,0,4771
2025-02-14 03:00:00,22018.1,22065.4,22016.1,22065.4,0,7335
2025-02-14 02:00:00,22007.9,22026.4,21996.9,22018.2,0,5655
2025-02-14 01:00:00,21994.8,22023.2,21993.0,22006.3,0,4580
2025-02-13 23:00:00,22031.9,22031.9,21993.0,21996.9,0,5520
2025-02-13 22:00:00,21979.3,22045.5,21974.9,22031.5,0,17848
2025-02-13 21:00:00,21917.8,21996.6,21910.4,21979.5,0,20277
2025-02-13 20:00:00,21888.9,21918.9,21813.2,21918.4,0,24532
2025-02-13 19:00:00,21884.2,21920.9,21865.4,21888.9,0,19924
2025-02-13 18:00:00,21960.2,21968.2,21864.5,21884.2,0,23179
2025-02-13 17:00:00,21841.3,21979.6,21799.7,21959.9,0,27566
2025-02-13 16:00:00,21799.7,21872.4,21758.4,21841.4,0,22972
2025-02-13 15:00:00,21744.2,21820.7,21701.4,21799.7,0,14552
2025-02-13 14:00:00,21745.3,21753.0,21710.3,21744.9,0,9697
2025-02-13 13:00:00,21755.9,21780.7,21719.3,21745.7,0,8597
2025-02-13 12:00:00,21750.1,21768.3,21730.9,21756.6,0,6777
2025-02-13 11:00:00,21698.3,21760.3,21675.0,21750.4,0,10291
2025-02-13 10:00:00,21777.2,21783.2,21686.3,21697.2,0,14040
2025-02-13 09:00:00,21811.6,21814.9,21763.4,21777.4,0,7785
2025-02-13 08:00:00,21821.2,21842.2,21811.0,21811.5,0,5194
2025-02-13 07:00:00,21828.7,21837.2,21817.6,21821.5,0,4228
2025-02-13 06:00:00,21829.4,21848.4,21827.6,21828.8,0,3941
2025-02-13 05:00:00,21809.4,21835.3,21807.2,21829.0,0,3734
2025-02-13 04:00:00,21813.0,21816.2,21795.2,21809.3,0,4540
2025-02-13 03:00:00,21816.6,21835.6,21802.7,21813.8,0,6298
2025-02-13 02:00:00,21809.2,21827.2,21795.0,21816.7,0,5224
2025-02-13 01:00:00,21781.6,21820.0,21767.6,21810.2,0,4742
2025-02-12 23:00:00,21720.8,21781.7,21702.2,21780.9,0,7433
2025-02-12 22:00:00,21747.3,21756.5,21696.1,21720.9,0,19956
2025-02-12 21:00:00,21712.5,21758.5,21679.2,21748.1,0,18079
2025-02-12 20:00:00,21737.3,21745.9,21689.8,21711.9,0,19500
2025-02-12 19:00:00,21698.9,21744.9,21674.9,21738.0,0,23031
2025-02-12 18:00:00,21647.5,21703.6,21567.3,21699.9,0,26320
2025-02-12 17:00:00,21587.6,21692.3,21500.2,21647.6,0,29916
2025-02-12 16:00:00,21463.5,21619.6,21430.1,21586.9,0,27130
2025-02-12 15:00:00,21749.9,21767.9,21434.4,21463.3,0,18346
2025-02-12 14:00:00,21710.3,21756.1,21704.7,21750.4,0,6014
2025-02-12 13:00:00,21711.2,21720.2,21690.4,21709.9,0,4834
2025-02-12 12:00:00,21688.7,21713.0,21676.6,21710.4,0,5078
2025-02-12 11:00:00,21716.6,21717.4,21654.3,21688.4,0,8054
2025-02-12 10:00:00,21719.7,21732.5,21709.0,21717.1,0,6268
2025-02-12 09:00:00,21702.9,21720.9,21694.9,21719.8,0,3146
2025-02-12 08:00:00,21693.9,21711.2,21690.2,21702.5,0,2764
2025-02-12 07:00:00,21701.9,21703.0,21685.9,21693.4,0,3170
2025-02-12 06:00:00,21708.0,21712.4,21693.6,21701.5,0,3304
2025-02-12 05:00:00,21729.9,21731.0,21706.1,21708.5,0,3899
2025-02-12 04:00:00,21745.7,21746.9,21727.4,21730.0,0,4462
2025-02-12 03:00:00,21732.4,21748.6,21714.5,21745.7,0,6894
2025-02-12 02:00:00,21728.7,21749.9,21725.6,21732.4,0,5022
2025-02-12 01:00:00,21718.1,21736.9,21699.3,21730.1,0,4614
2025-02-11 23:00:00,21708.3,21714.7,21695.9,21708.7,0,4612
2025-02-11 22:00:00,21743.4,21756.9,21682.9,21707.0,0,18229
2025-02-11 21:00:00,21718.9,21756.1,21708.9,21743.1,0,16624
2025-02-11 20:00:00,21680.5,21749.9,21664.5,21718.6,0,18015
2025-02-11 19:00:00,21707.7,21712.4,21632.7,21680.5,0,21584
2025-02-11 18:00:00,21758.0,21766.5,21701.9,21707.6,0,22494
2025-02-11 17:00:00,21685.5,21787.7,21670.0,21758.0,0,26136
2025-02-11 16:00:00,21592.4,21722.6,21587.1,21685.3,0,20906
2025-02-11 15:00:00,21665.9,21670.9,21591.4,21593.1,0,9122
2025-02-11 14:00:00,21680.8,21686.6,21646.1,21666.1,0,7045
2025-02-11 13:00:00,21650.9,21682.1,21649.1,21680.6,0,4246
2025-02-11 12:00:00,21666.2,21680.6,21646.4,21651.1,0,5257
2025-02-11 11:00:00,21678.4,21705.0,21662.0,21665.6,0,6536
2025-02-11 10:00:00,21647.5,21697.1,21636.0,21679.9,0,9059
2025-02-11 09:00:00,21688.8,21692.8,21647.2,21647.5,0,5432
2025-02-11 08:00:00,21705.8,21707.2,21684.0,21688.3,0,3931
2025-02-11 07:00:00,21700.3,21714.6,21700.3,21705.8,0,3467
2025-02-11 06:00:00,21695.7,21705.4,21690.7,21700.3,0,3034
2025-02-11 05:00:00,21680.2,21698.9,21669.8,21695.8,0,4518
2025-02-11 04:00:00,21712.5,21713.9,21667.9,21679.8,0,7053
2025-02-11 03:00:00,21726.5,21729.4,21706.0,21712.0,0,5557
2025-02-11 02:00:00,21712.9,21732.5,21700.3,21726.8,0,4321
2025-02-11 01:00:00,21740.9,21741.6,21691.5,21712.5,0,6433
2025-02-10 23:00:00,21758.3,21762.4,21736.4,21751.5,0,4460
2025-02-10 22:00:00,21777.3,21789.7,21747.9,21758.3,0,16885
2025-02-10 21:00:00,21793.5,21796.4,21759.9,21777.2,0,14767
2025-02-10 20:00:00,21780.5,21799.9,21773.1,21793.7,0,14392
2025-02-10 19:00:00,21786.8,21786.9,21732.6,21780.7,0,20365
2025-02-10 18:00:00,21780.5,21801.2,21751.2,21786.7,0,22393
2025-02-10 17:00:00,21708.7,21808.7,21697.9,21780.5,0,24731
2025-02-10 16:00:00,21696.3,21724.0,21659.5,21707.9,0,20638
2025-02-10 15:00:00,21654.4,21700.4,21649.1,21695.4,0,7185
2025-02-10 14:00:00,21656.5,21661.4,21638.0,21654.4,0,5381
2025-02-10 13:00:00,21641.6,21667.6,21610.9,21657.9,0,6179
2025-02-10 12:00:00,21624.4,21650.1,21622.9,21641.7,0,4371
2025-02-10 11:00:00,21610.2,21630.4,21600.7,21624.3,0,6066
2025-02-10 10:00:00,21607.8,21630.9,21598.5,21610.1,0,6800
2025-02-10 09:00:00,21609.7,21616.8,21598.8,21605.8,0,4614
2025-02-10 08:00:00,21629.5,21630.9,21598.6,21609.5,0,3584
2025-02-10 07:00:00,21599.2,21646.2,21599.1,21629.3,0,4565
2025-02-10 06:00:00,21605.3,21617.7,21597.3,21599.0,0,2857
2025-02-10 05:00:00,21591.2,21606.6,21584.8,21605.3,0,3276
2025-02-10 04:00:00,21586.8,21598.2,21575.0,21590.8,0,5074
2025-02-10 03:00:00,21613.8,21615.0,21581.0,21586.8,0,7487
2025-02-10 02:00:00,21560.3,21614.8,21557.5,21614.0,0,8541
2025-02-10 01:00:00,21353.7,21571.2,21335.0,21561.2,0,9449
2025-02-07 23:00:00,21500.6,21513.4,21484.9,21485.1,0,6184
2025-02-07 22:00:00,21514.0,21528.9,21465.0,21497.9,0,24428
2025-02-07 21:00:00,21534.6,21547.0,21477.6,21517.5,0,23021
2025-02-07 20:00:00,21562.6,21640.5,21530.7,21534.0,0,24436
2025-02-07 19:00:00,21538.7,21592.8,21495.6,21562.6,0,28597
2025-02-07 18:00:00,21631.8,21665.2,21519.8,21538.9,0,30813
2025-02-07 17:00:00,21731.6,21761.4,21526.1,21632.1,0,31669
2025-02-07 16:00:00,21787.9,21877.2,21774.0,21814.2,0,22627
2025-02-07 15:00:00,21775.2,21804.5,21692.2,21788.4,0,14998
2025-02-07 14:00:00,21781.7,21786.6,21766.5,21774.6,0,5285
2025-02-07 13:00:00,21763.9,21785.4,21749.4,21781.6,0,4763
2025-02-07 12:00:00,21763.9,21776.1,21758.0,21764.1,0,5196
2025-02-07 11:00:00,21754.9,21775.7,21746.4,21765.1,0,7145
2025-02-07 10:00:00,21773.9,21791.3,21743.2,21754.2,0,8370
2025-02-07 09:00:00,21771.0,21783.7,21768.9,21770.9,0,5229
2025-02-07 08:00:00,21762.4,21771.4,21736.2,21770.7,0,5816
2025-02-07 07:00:00,21767.1,21769.9,21755.1,21762.9,0,4600
2025-02-07 06:00:00,21782.3,21784.0,21765.3,21766.7,0,2951
2025-02-07 05:00:00,21801.4,21802.7,21774.8,21781.9,0,4279
2025-02-07 04:00:00,21801.4,21808.9,21791.5,21801.2,0,4963
2025-02-07 03:00:00,21774.1,21806.3,21771.6,21801.7,0,6528
2025-02-07 02:00:00,21762.2,21775.4,21753.7,21774.1,0,4685
2025-02-07 01:00:00,21729.0,21767.4,21722.6,21763.3,0,5420
2025-02-06 23:00:00,21779.7,21785.7,21672.0,21752.4,0,9629
2025-02-06 22:00:00,21656.6,21791.0,21645.4,21781.1,0,21764
2025-02-06 21:00:00,21722.2,21738.9,21621.0,21656.7,0,21487
2025-02-06 20:00:00,21724.5,21750.7,21711.6,21724.9,0,18387
2025-02-06 19:00:00,21680.9,21739.4,21657.6,21724.5,0,19823
2025-02-06 18:00:00,21680.7,21722.0,21662.9,21680.5,0,23760
2025-02-06 17:00:00,21698.4,21757.3,21649.9,21680.8,0,28254
2025-02-06 16:00:00,21684.6,21730.9,21647.0,21698.4,0,21540
2025-02-06 15:00:00,21672.1,21685.3,21651.5,21684.7,0,10576
2025-02-06 14:00:00,21632.5,21674.0,21615.1,21672.4,0,9029
2025-02-06 13:00:00,21687.9,21687.9,21625.0,21633.9,0,9452
2025-02-06 12:00:00,21703.0,21717.7,21683.7,21687.5,0,6901
2025-02-06 11:00:00,21711.7,21738.8,21701.0,21703.0,0,7998
2025-02-06 10:00:00,21696.0,21723.2,21679.7,21711.3,0,9013
2025-02-06 09:00:00,21719.2,21739.0,21693.0,21696.2,0,5323
2025-02-06 08:00:00,21737.5,21739.0,21715.8,21719.2,0,3853
2025-02-06 07:00:00,21713.2,21740.8,21711.0,21737.0,0,4436
2025-02-06 06:00:00,21688.8,21714.5,21686.2,21713.3,0,2869
2025-02-06 05:00:00,21689.5,21696.8,21678.0,21689.0,0,3537
2025-02-06 04:00:00,21676.5,21693.1,21667.0,21689.2,0,4852
2025-02-06 03:00:00,21683.0,21693.4,21672.1,21676.5,0,5858
2025-02-06 02:00:00,21681.5,21706.0,21674.0,21682.8,0,5545
2025-02-06 01:00:00,21668.0,21683.9,21658.8,21681.3,0,3759
2025-02-05 23:00:00,21666.4,21701.0,21656.1,21676.0,0,8338
2025-02-05 22:00:00,21615.0,21674.5,21595.7,21667.6,0,18551
2025-02-05 21:00:00,21615.9,21642.0,21610.9,21615.2,0,16193
2025-02-05 20:00:00,21611.3,21627.8,21578.8,21616.6,0,18625
2025-02-05 19:00:00,21616.7,21647.5,21590.7,21611.0,0,20437
2025-02-05 18:00:00,21496.2,21624.5,21469.0,21617.2,0,24713
2025-02-05 17:00:00,21482.7,21510.5,21400.1,21497.4,0,29139
2025-02-05 16:00:00,21435.0,21495.8,21416.0,21462.4,0,21175
2025-02-05 15:00:00,21416.6,21457.4,21383.4,21435.4,0,12138
2025-02-05 14:00:00,21400.6,21420.7,21377.2,21416.9,0,7434
2025-02-05 13:00:00,21385.0,21402.9,21380.4,21401.0,0,5735
2025-02-05 12:00:00,21345.5,21389.4,21335.9,21384.9,0,7433
2025-02-05 11:00:00,21375.4,21411.9,21341.9,21347.4,0,10944
2025-02-05 10:00:00,21420.3,21446.5,21357.6,21375.0,0,12129
2025-02-05 09:00:00,21424.1,21426.4,21389.3,21421.2,0,7546
2025-02-05 08:00:00,21445.1,21454.4,21413.7,21424.6,0,5981
2025-02-05 07:00:00,21467.8,21472.8,21436.8,21445.1,0,5199
2025-02-05 06:00:00,21448.5,21469.3,21440.3,21467.6,0,4155
2025-02-05 05:00:00,21470.7,21481.8,21444.1,21448.5,0,5203
2025-02-05 04:00:00,21476.3,21492.6,21464.5,21470.6,0,6920
2025-02-05 03:00:00,21502.1,21529.3,21473.1,21476.2,0,8492
2025-02-05 02:00:00,21473.4,21521.8,21461.4,21503.8,0,6975
2025-02-05 01:00:00,21465.1,21500.9,21456.3,21472.4,0,6326
2025-02-04 23:00:00,21567.3,21594.2,21475.4,21485.5,0,11228
2025-02-04 22:00:00,21541.4,21587.8,21528.6,21571.4,0,20220
2025-02-04 21:00:00,21525.7,21582.5,21513.6,21541.2,0,17545
2025-02-04 20:00:00,21525.6,21548.8,21473.1,21525.6,0,18953
2025-02-04 19:00:00,21560.7,21563.2,21453.9,21526.2,0,24211
2025-02-04 18:00:00,21537.0,21596.8,21537.0,21560.4,0,23205
2025-02-04 17:00:00,21461.9,21582.6,21461.9,21536.9,0,29035
2025-02-04 16:00:00,21336.8,21478.3,21308.8,21462.0,0,22492
2025-02-04 15:00:00,21357.6,21377.9,21324.4,21337.8,0,9833
2025-02-04 14:00:00,21303.0,21399.4,21303.0,21358.7,0,9500
2025-02-04 13:00:00,21292.9,21328.9,21278.3,21303.2,0,8401
2025-02-04 12:00:00,21270.3,21303.2,21260.3,21292.6,0,7868
2025-02-04 11:00:00,21266.0,21306.4,21258.5,21272.4,0,10655
2025-02-04 10:00:00,21308.4,21324.9,21215.5,21265.7,0,15367
2025-02-04 09:00:00,21303.5,21327.4,21290.0,21308.0,0,8677
2025-02-04 08:00:00,21260.5,21305.4,21232.9,21303.8,0,7184
2025-02-04 07:00:00,21352.8,21354.3,21145.9,21260.7,0,13040
2025-02-04 06:00:00,21352.9,21378.3,21344.8,21352.5,0,5403
2025-02-04 05:00:00,21371.5,21375.5,21332.0,21353.2,0,7517
2025-02-04 04:00:00,21412.2,21418.3,21365.5,21371.3,0,8633
2025-02-04 03:00:00,21451.8,21452.4,21382.9,21412.3,0,9735
2025-02-04 02:00:00,21474.4,21479.5,21439.5,21452.0,0,7536
2025-02-04 01:00:00,21498.2,21500.4,21456.5,21474.5,0,6509
2025-02-03 23:00:00,21307.8,21477.0,21289.2,21453.0,0,9208
2025-02-03 22:00:00,21386.6,21407.0,21300.1,21306.6,0,26318
2025-02-03 21:00:00,21364.6,21420.5,21349.4,21386.7,0,24269
2025-02-03 20:00:00,21301.6,21373.5,21252.2,21368.4,0,26994
2025-02-03 19:00:00,21283.9,21356.4,21243.7,21302.4,0,28114
2025-02-03 18:00:00,21321.0,21369.0,21242.8,21283.8,0,30160
2025-02-03 17:00:00,21109.8,21351.5,21014.6,21319.8,0,32587
2025-02-03 16:00:00,21103.0,21215.5,21074.5,21110.7,0,25037
2025-02-03 15:00:00,21080.1,21148.0,21068.8,21103.1,0,14107
2025-02-03 14:00:00,21127.3,21131.4,21058.3,21080.8,0,15918
2025-02-03 13:00:00,21134.3,21172.2,21097.8,21124.7,0,10027
2025-02-03 12:00:00,21082.8,21146.6,21059.6,21133.9,0,9866
2025-02-03 11:00:00,21105.3,21132.0,21067.6,21082.6,0,13161
2025-02-03 10:00:00,21020.8,21150.4,21019.2,21105.5,0,15425
2025-02-03 09:00:00,20967.0,21052.0,20967.0,21018.3,0,10990
2025-02-03 08:00:00,20971.7,21000.5,20944.2,20966.3,0,10038
2025-02-03 07:00:00,20918.5,20977.4,20901.4,20971.9,0,8323
2025-02-03 06:00:00,20935.6,20952.1,20882.1,20918.5,0,9363
2025-02-03 05:00:00,20930.1,20954.5,20896.1,20935.5,0,10881
2025-02-03 04:00:00,20974.8,20978.3,20878.0,20929.2,0,14918
2025-02-03 03:00:00,21016.0,21050.0,20967.1,20974.6,0,15270
2025-02-03 02:00:00,21014.1,21055.8,20931.3,21017.0,0,16235
2025-02-03 01:00:00,20944.6,21038.6,20860.3,21014.8,0,17475
2025-01-31 23:00:00,21472.0,21484.1,21426.6,21463.9,0,12244
2025-01-31 22:00:00,21551.6,21551.9,21429.1,21472.6,0,30162
2025-01-31 21:00:00,21644.5,21673.5,21477.7,21553.8,0,30226
2025-01-31 20:00:00,21808.0,21819.0,21613.9,21644.7,0,27529
2025-01-31 19:00:00,21796.9,21830.9,21757.9,21807.6,0,23587
2025-01-31 18:00:00,21830.0,21857.9,21770.0,21795.9,0,25116
2025-01-31 17:00:00,21759.4,21849.6,21758.8,21829.7,0,27748
2025-01-31 16:00:00,21684.0,21760.8,21643.2,21760.0,0,23525
2025-01-31 15:00:00,21675.5,21701.0,21650.1,21684.0,0,11186
2025-01-31 14:00:00,21695.9,21705.2,21674.9,21675.4,0,6462
2025-01-31 13:00:00,21674.0,21702.9,21673.0,21697.2,0,4715
2025-01-31 12:00:00,21675.0,21685.5,21665.4,21673.9,0,5613
2025-01-31 11:00:00,21655.4,21693.0,21646.6,21674.5,0,7313
2025-01-31 10:00:00,21681.3,21686.9,21636.0,21645.3,0,7717
2025-01-31 09:00:00,21653.4,21699.7,21650.0,21682.0,0,5560
2025-01-31 08:00:00,21629.3,21666.0,21624.0,21653.8,0,3421
2025-01-31 07:00:00,21622.3,21636.3,21620.3,21629.5,0,3074
2025-01-31 06:00:00,21632.2,21638.8,21614.8,21622.3,0,3399
2025-01-31 05:00:00,21633.0,21647.3,21624.8,21631.1,0,3604
2025-01-31 04:00:00,21667.3,21679.3,21630.8,21633.0,0,5850
2025-01-31 03:00:00,21600.8,21672.4,21573.0,21667.5,0,7277
2025-01-31 02:00:00,21590.4,21612.5,21570.5,21600.5,0,6378
2025-01-31 01:00:00,21575.1,21616.8,21553.1,21591.0,0,7443
2025-01-30 23:00:00,21514.4,21582.0,21472.3,21501.9,0,10524
2025-01-30 22:00:00,21551.4,21591.4,21415.6,21515.1,0,26597
2025-01-30 21:00:00,21499.5,21553.1,21479.4,21551.4,0,21537
2025-01-30 20:00:00,21444.8,21504.0,21419.1,21498.4,0,23088
2025-01-30 19:00:00,21499.9,21500.0,21395.5,21444.3,0,26247
2025-01-30 18:00:00,21354.6,21517.1,21311.8,21501.6,0,28750
2025-01-30 17:00:00,21564.6,21565.2,21353.2,21353.9,0,31549
2025-01-30 16:00:00,21560.4,21640.4,21489.4,21564.5,0,24478
2025-01-30 15:00:00,21521.9,21560.1,21495.9,21559.9,0,12920
2025-01-30 14:00:00,21533.9,21546.9,21466.9,21522.7,0,11131
2025-01-30 13:00:00,21511.9,21562.1,21511.5,21532.9,0,7471
2025-01-30 12:00:00,21526.6,21539.9,21501.1,21512.0,0,7556
2025-01-30 11:00:00,21591.9,21591.9,21523.9,21526.6,0,8719
2025-01-30 10:00:00,21554.2,21601.1,21543.3,21593.9,0,7580
2025-01-30 09:00:00,21533.4,21561.2,21515.4,21554.1,0,5257
2025-01-30 08:00:00,21551.3,21557.4,21523.4,21533.8,0,3884
2025-01-30 07:00:00,21552.3,21555.1,21537.8,21551.1,0,3482
2025-01-30 06:00:00,21565.2,21571.6,21551.3,21552.3,0,3466
2025-01-30 05:00:00,21548.7,21567.2,21546.0,21565.2,0,3670
2025-01-30 04:00:00,21542.3,21568.7,21542.3,21547.6,0,4972
2025-01-30 03:00:00,21477.2,21558.9,21470.4,21542.1,0,7052
2025-01-30 02:00:00,21430.1,21479.4,21418.3,21476.9,0,6857
2025-01-30 01:00:00,21441.0,21475.6,21398.6,21430.1,0,10501
2025-01-29 23:00:00,21421.5,21497.8,21283.4,21463.3,0,16333
2025-01-29 22:00:00,21427.5,21490.4,21354.0,21419.7,0,29686
2025-01-29 21:00:00,21346.5,21466.3,21273.0,21426.9,0,29453
2025-01-29 20:00:00,21375.6,21405.6,21258.2,21346.5,0,26652
2025-01-29 19:00:00,21374.3,21434.7,21368.7,21375.0,0,22575
2025-01-29 18:00:00,21397.0,21414.9,21358.2,21374.4,0,26694
2025-01-29 17:00:00,21410.6,21454.7,21347.5,21396.6,0,29654
2025-01-29 16:00:00,21492.7,21516.5,21384.9,21409.3,0,22874
2025-01-29 15:00:00,21536.1,21537.7,21450.7,21493.0,0,14786
2025-01-29 14:00:00,21571.9,21571.9,21529.9,21537.2,0,7952
2025-01-29 13:00:00,21555.4,21580.1,21538.7,21571.5,0,5877
2025-01-29 12:00:00,21558.0,21564.2,21531.2,21556.2,0,7099
2025-01-29 11:00:00,21557.3,21567.5,21518.8,21557.7,0,11049
2025-01-29 10:00:00,21559.7,21587.0,21553.0,21558.0,0,8827
2025-01-29 09:00:00,21552.9,21560.9,21532.5,21559.5,0,5282
2025-01-29 08:00:00,21475.0,21574.9,21475.0,21552.4,0,8929
2025-01-29 07:00:00,21486.6,21493.1,21467.7,21470.5,0,2527
2025-01-29 06:00:00,21474.0,21498.4,21473.7,21486.7,0,2943
2025-01-29 05:00:00,21469.1,21473.6,21449.1,21473.4,0,2599
2025-01-29 04:00:00,21456.9,21475.7,21450.7,21469.2,0,2747
2025-01-29 03:00:00,21456.1,21466.9,21444.2,21456.9,0,3206
2025-01-29 02:00:00,21437.2,21461.7,21426.9,21455.6,0,5409
2025-01-29 01:00:00,21430.2,21468.6,21421.0,21435.7,0,4196
2025-01-28 23:00:00,21460.9,21460.9,21438.6,21446.0,0,7291
2025-01-28 22:00:00,21502.4,21509.9,21445.8,21464.2,0,21062
2025-01-28 21:00:00,21427.8,21513.2,21401.2,21502.4,0,19390
2025-01-28 20:00:00,21433.0,21471.4,21409.5,21427.4,0,21710
2025-01-28 19:00:00,21361.3,21450.6,21358.9,21431.9,0,25050
2025-01-28 18:00:00,21345.5,21366.9,21276.0,21360.9,0,28631
2025-01-28 17:00:00,21172.9,21369.4,21169.9,21343.9,0,30459
2025-01-28 16:00:00,21188.1,21207.3,21049.0,21173.1,0,23955
2025-01-28 15:00:00,21194.7,21245.5,21170.6,21189.5,0,13190
2025-01-28 14:00:00,21229.4,21236.3,21145.7,21195.9,0,15490
2025-01-28 13:00:00,21280.6,21298.7,21213.4,21229.4,0,9375
2025-01-28 12:00:00,21284.1,21311.1,21277.6,21279.9,0,8200
2025-01-28 11:00:00,21281.8,21292.6,21233.6,21283.9,0,11821
2025-01-28 10:00:00,21224.7,21286.3,21177.5,21283.6,0,13520
2025-01-28 09:00:00,21179.1,21239.1,21161.6,21228.3,0,8548
2025-01-28 08:00:00,21181.1,21200.6,21154.3,21178.9,0,5482
2025-01-28 07:00:00,21189.7,21203.1,21137.0,21181.0,0,4935
2025-01-28 06:00:00,21178.0,21192.9,21163.4,21190.6,0,5540
2025-01-28 05:00:00,21180.0,21219.7,21171.2,21177.8,0,6485
2025-01-28 04:00:00,21124.6,21196.0,21107.4,21179.8,0,9517
2025-01-28 03:00:00,21173.4,21214.5,21116.8,21124.7,0,8615
2025-01-28 02:00:00,21213.1,21228.7,21158.2,21173.3,0,10196
2025-01-28 01:00:00,21229.6,21243.6,21133.6,21215.6,0,11673
2025-01-27 23:00:00,21147.3,21215.3,21137.6,21190.4,0,9202
2025-01-27 22:00:00,21017.9,21150.0,21013.3,21144.4,0,29560
2025-01-27 21:00:00,21038.2,21145.8,20982.6,21018.7,0,29029
2025-01-27 20:00:00,21027.4,21102.4,21025.2,21037.0,0,28342
2025-01-27 19:00:00,21096.2,21152.4,21026.5,21028.2,0,29857
2025-01-27 18:00:00,21198.6,21211.5,21071.4,21095.5,0,31293
2025-01-27 17:00:00,21214.6,21303.1,21114.2,21197.5,0,32161
2025-01-27 16:00:00,21044.4,21226.3,20989.9,21217.1,0,27369
2025-01-27 15:00:00,20967.9,21059.5,20920.6,21045.1,0,18893
2025-01-27 14:00:00,20888.4,20991.4,20888.4,20968.8,0,16266
2025-01-27 13:00:00,20773.1,20917.8,20764.6,20885.0,0,20768
2025-01-27 12:00:00,21049.5,21055.3,20650.2,20774.1,0,24585
2025-01-27 11:00:00,21124.3,21154.7,21040.9,21049.7,0,22809
2025-01-27 10:00:00,21171.2,21197.6,21079.7,21127.8,0,22315
2025-01-27 09:00:00,21274.1,21297.4,21168.4,21169.6,0,14955
2025-01-27 08:00:00,21319.4,21325.4,21242.9,21274.1,0,11411
2025-01-27 07:00:00,21383.1,21392.5,21297.4,21318.2,0,11565
2025-01-27 06:00:00,21410.2,21416.1,21359.1,21383.3,0,8546
2025-01-27 05:00:00,21408.3,21448.4,21399.3,21410.2,0,8902
2025-01-27 04:00:00,21413.9,21426.5,21385.1,21408.7,0,10150
2025-01-27 03:00:00,21469.6,21501.4,21374.4,21413.9,0,15202
2025-01-27 02:00:00,21551.6,21558.6,21454.0,21470.1,0,8833
2025-01-27 01:00:00,21642.8,21645.9,21518.9,21551.6,0,12748
2025-01-24 23:00:00,21786.2,21796.0,21769.5,21785.4,0,6226
2025-01-24 22:00:00,21744.6,21796.6,21735.3,21786.6,0,22859
2025-01-24 21:00:00,21744.9,21771.7,21721.2,21745.0,0,22767
2025-01-24 20:00:00,21818.6,21829.4,21739.4,21744.6,0,22376
2025-01-24 19:00:00,21860.0,21885.1,21809.0,21818.7,0,20515
2025-01-24 18:00:00,21863.6,21912.7,21847.5,21859.8,0,20652
2025-01-24 17:00:00,21934.5,21946.8,21856.0,21863.5,0,27035
2025-01-24 16:00:00,21887.9,21954.9,21877.0,21935.0,0,22275
2025-01-24 15:00:00,21907.9,21908.9,21873.5,21888.3,0,7589
2025-01-24 14:00:00,21886.8,21920.5,21886.0,21908.5,0,6768
2025-01-24 13:00:00,21884.8,21889.1,21867.5,21887.0,0,5332
2025-01-24 12:00:00,21881.4,21886.0,21862.5,21884.8,0,5980
2025-01-24 11:00:00,21858.9,21898.9,21858.7,21882.0,0,7408
2025-01-24 10:00:00,21861.0,21885.0,21853.2,21860.4,0,7875
2025-01-24 09:00:00,21880.5,21882.0,21849.3,21863.0,0,5735
2025-01-24 08:00:00,21872.8,21892.4,21870.9,21880.5,0,5009
2025-01-24 07:00:00,21872.5,21887.7,21870.0,21873.1,0,4118
2025-01-24 06:00:00,21880.2,21885.6,21856.5,21872.8,0,5495
2025-01-24 05:00:00,21925.8,21935.6,21868.9,21880.1,0,6989
2025-01-24 04:00:00,21887.5,21935.5,21884.2,21926.5,0,6506
2025-01-24 03:00:00,21886.9,21910.8,21879.0,21887.3,0,5518
2025-01-24 02:00:00,21888.9,21891.3,21873.0,21885.3,0,3812
2025-01-24 01:00:00,21890.7,21891.6,21873.0,21887.5,0,3715
2025-01-23 23:00:00,21916.3,21923.7,21883.2,21896.3,0,5140
2025-01-23 22:00:00,21828.4,21917.0,21819.2,21916.8,0,20411
2025-01-23 21:00:00,21829.3,21838.1,21798.7,21828.9,0,17743
2025-01-23 20:00:00,21813.2,21858.7,21806.9,21829.4,0,16455
2025-01-23 19:00:00,21822.6,21822.6,21775.0,21813.5,0,18911
2025-01-23 18:00:00,21797.6,21846.1,21772.1,21822.7,0,24674
2025-01-23 17:00:00,21772.4,21816.0,21744.0,21797.0,0,25280
2025-01-23 16:00:00,21771.0,21792.5,21741.2,21772.5,0,19735
2025-01-23 15:00:00,21774.4,21792.4,21752.2,21771.0,0,9999
2025-01-23 14:00:00,21773.4,21779.5,21747.4,21774.7,0,6773
2025-01-23 13:00:00,21756.0,21778.2,21748.7,21772.4,0,5954
2025-01-23 12:00:00,21768.5,21781.6,21752.5,21756.3,0,5718
2025-01-23 11:00:00,21754.4,21775.3,21730.6,21768.7,0,7930
2025-01-23 10:00:00,21795.9,21800.2,21738.5,21756.0,0,9715
2025-01-23 09:00:00,21817.7,21822.6,21791.4,21795.1,0,5973
2025-01-23 08:00:00,21827.7,21838.6,21809.8,21817.5,0,4349
2025-01-23 07:00:00,21839.0,21843.8,21826.1,21827.7,0,3770
2025-01-23 06:00:00,21826.7,21841.1,21826.4,21838.8,0,3105
2025-01-23 05:00:00,21829.2,21839.6,21817.7,21826.8,0,4455
2025-01-23 04:00:00,21823.5,21830.8,21801.4,21829.6,0,4855
2025-01-23 03:00:00,21826.1,21841.0,21819.8,21823.3,0,5701
2025-01-23 02:00:00,21840.0,21845.8,21818.4,21826.1,0,5369
2025-01-23 01:00:00,21852.0,21858.8,21833.8,21840.1,0,4583
2025-01-22 23:00:00,21870.3,21877.7,21840.8,21857.5,0,6685
2025-01-22 22:00:00,21912.8,21913.6,21854.4,21870.5,0,19125
2025-01-22 21:00:00,21900.1,21916.9,21879.7,21912.6,0,17280
2025-01-22 20:00:00,21929.3,21933.9,21882.9,21899.9,0,18398
2025-01-22 19:00:00,21948.2,21965.5,21919.6,21929.5,0,17401
2025-01-22 18:00:00,21867.1,21950.1,21862.1,21947.3,0,20646
2025-01-22 17:00:00,21886.4,21914.6,21848.7,21867.4,0,26879
2025-01-22 16:00:00,21802.6,21900.0,21771.5,21886.8,0,21428
2025-01-22 15:00:00,21783.2,21806.7,21776.5,21802.4,0,7539
2025-01-22 14:00:00,21761.1,21792.0,21752.6,21782.9,0,7063
2025-01-22 13:00:00,21762.7,21777.7,21756.3,21758.6,0,4897
2025-01-22 12:00:00,21755.6,21768.1,21741.5,21762.9,0,5116
2025-01-22 11:00:00,21762.2,21779.6,21749.0,21755.6,0,6839
2025-01-22 10:00:00,21726.3,21768.1,21721.9,21764.6,0,7925
2025-01-22 09:00:00,21714.0,21738.3,21712.1,21726.9,0,4873
2025-01-22 08:00:00,21731.7,21738.2,21712.4,21714.3,0,3338
2025-01-22 07:00:00,21741.6,21741.6,21727.3,21730.3,0,2672
2025-01-22 06:00:00,21729.4,21748.9,21724.6,21741.8,0,2942
2025-01-22 05:00:00,21707.1,21730.4,21705.8,21729.4,0,3352
2025-01-22 04:00:00,21706.8,21721.1,21702.7,21707.1,0,4560
2025-01-22 03:00:00,21708.8,21713.6,21684.2,21706.8,0,6325
2025-01-22 02:00:00,21682.7,21715.1,21677.0,21708.9,0,6430
2025-01-22 01:00:00,21672.9,21692.6,21642.1,21682.4,0,7608
2025-01-21 23:00:00,21584.3,21652.7,21584.0,21642.6,0,7737
2025-01-21 22:00:00,21594.5,21625.3,21567.6,21584.3,0,19912
2025-01-21 21:00:00,21622.5,21633.0,21567.1,21594.1,0,19284
2025-01-21 20:00:00,21611.1,21641.5,21589.9,21622.7,0,19459
2025-01-21 19:00:00,21545.2,21612.5,21520.0,21610.6,0,20337
2025-01-21 18:00:00,21503.7,21551.0,21463.2,21544.4,0,26080
2025-01-21 17:00:00,21501.6,21519.1,21396.0,21503.9,0,30899
2025-01-21 16:00:00,21597.2,21605.8,21442.9,21501.2,0,22594
2025-01-21 15:00:00,21564.9,21599.0,21552.0,21595.2,0,9794
2025-01-21 14:00:00,21543.0,21576.5,21513.7,21564.7,0,10078
2025-01-21 13:00:00,21558.2,21580.2,21533.5,21544.3,0,8168
2025-01-21 12:00:00,21577.0,21600.2,21553.5,21558.2,0,7445
2025-01-21 11:00:00,21519.7,21577.7,21514.6,21577.4,0,7393
2025-01-21 10:00:00,21505.2,21541.6,21476.9,21520.3,0,8991
2025-01-21 09:00:00,21470.3,21513.3,21452.3,21505.2,0,7262
2025-01-21 08:00:00,21460.4,21495.7,21456.7,21470.3,0,5427
2025-01-21 07:00:00,21474.6,21484.3,21447.9,21460.0,0,5263
2025-01-21 06:00:00,21494.2,21499.7,21469.2,21474.7,0,4623
2025-01-21 05:00:00,21457.1,21516.3,21454.9,21493.7,0,6369
2025-01-21 04:00:00,21455.5,21479.2,21431.4,21457.2,0,7915
2025-01-21 03:00:00,21340.6,21494.5,21248.8,21454.2,0,15574
2025-01-21 02:00:00,21601.7,21615.2,21323.7,21338.8,0,11138
2025-01-21 01:00:00,21566.3,21608.7,21543.2,21601.7,0,6038
2025-01-20 19:00:00,21554.6,21581.5,21491.3,21548.9,0,11644
2025-01-20 18:00:00,21553.4,21597.4,21546.4,21554.7,0,12610
2025-01-20 17:00:00,21609.1,21609.1,21508.9,21549.6,0,18885
2025-01-20 16:00:00,21555.0,21644.3,21525.8,21610.0,0,19890
2025-01-20 15:00:00,21450.3,21559.7,21405.8,21555.1,0,13322
2025-01-20 14:00:00,21491.4,21493.8,21438.0,21450.8,0,8374
2025-01-20 13:00:00,21491.9,21497.6,21477.0,21491.0,0,4980
2025-01-20 12:00:00,21489.7,21503.0,21475.6,21492.4,0,5467
2025-01-20 11:00:00,21484.7,21499.6,21476.7,21489.2,0,6172
2025-01-20 10:00:00,21485.5,21504.6,21456.4,21484.8,0,9006
2025-01-20 09:00:00,21462.2,21498.0,21453.8,21488.9,0,4671
2025-01-20 08:00:00,21436.2,21471.7,21431.7,21461.8,0,3193
2025-01-20 07:00:00,21432.8,21437.8,21429.3,21435.1,0,2160
2025-01-20 06:00:00,21428.0,21434.0,21421.2,21432.8,0,2399
2025-01-20 05:00:00,21428.2,21441.4,21413.3,21428.5,0,4240
2025-01-20 04:00:00,21431.3,21437.5,21417.5,21428.0,0,4693
2025-01-20 03:00:00,21423.7,21443.5,21407.5,21431.0,0,6827
2025-01-20 02:00:00,21402.6,21426.5,21398.3,21423.8,0,6031
2025-01-20 01:00:00,21462.9,21484.5,21392.7,21402.7,0,7438
2025-01-17 23:00:00,21459.7,21459.7,21431.1,21448.7,0,7231
2025-01-17 22:00:00,21481.1,21497.2,21439.0,21460.4,0,22471
2025-01-17 21:00:00,21490.9,21503.6,21469.0,21481.4,0,18111
2025-01-17 20:00:00,21485.0,21530.9,21471.4,21490.7,0,18437
2025-01-17 19:00:00,21442.0,21489.0,21419.4,21485.0,0,18168
2025-01-17 18:00:00,21452.9,21496.5,21430.0,21443.0,0,23334
2025-01-17 17:00:00,21365.1,21455.0,21340.6,21452.5,0,29101
2025-01-17 16:00:00,21401.1,21539.3,21346.8,21365.6,0,27719
2025-01-17 15:00:00,21204.3,21404.4,21203.4,21400.3,0,15027
2025-01-17 14:00:00,21186.9,21212.2,21166.0,21204.2,0,9207
2025-01-17 13:00:00,21193.2,21221.4,21179.6,21187.9,0,7009
2025-01-17 12:00:00,21202.0,21212.1,21183.9,21193.1,0,7311
2025-01-17 11:00:00,21173.5,21215.5,21167.8,21202.0,0,8753
2025-01-17 10:00:00,21134.9,21179.9,21131.0,21173.8,0,9031
2025-01-17 09:00:00,21149.3,21151.4,21111.5,21135.1,0,6907
2025-01-17 08:00:00,21157.5,21163.9,21136.5,21147.3,0,4761
2025-01-17 07:00:00,21148.0,21168.4,21147.3,21157.6,0,5019
2025-01-17 06:00:00,21140.0,21166.6,21137.3,21147.8,0,4501
2025-01-17 05:00:00,21117.1,21141.8,21105.4,21139.9,0,4867
2025-01-17 04:00:00,21125.0,21142.4,21109.0,21116.8,0,5344
2025-01-17 03:00:00,21099.0,21133.1,21097.3,21124.6,0,5760
2025-01-17 02:00:00,21093.3,21100.9,21086.0,21099.5,0,5235
2025-01-17 01:00:00,21076.5,21098.4,21068.3,21093.8,0,5013
2025-01-16 23:00:00,21104.5,21106.5,21044.3,21070.8,0,8353
2025-01-16 22:00:00,21230.9,21252.2,21101.1,21104.4,0,25159
2025-01-16 21:00:00,21146.4,21237.2,21133.9,21230.9,0,23210
2025-01-16 20:00:00,21243.2,21269.6,21118.6,21147.0,0,25366
2025-01-16 19:00:00,21255.4,21282.4,21226.1,21242.6,0,25338
2025-01-16 18:00:00,21280.5,21330.6,21174.5,21257.1,0,29547
2025-01-16 17:00:00,21234.3,21282.3,21193.2,21281.1,0,31177
2025-01-16 16:00:00,21332.2,21356.9,21226.6,21234.7,0,23393
2025-01-16 15:00:00,21298.1,21340.4,21278.5,21332.5,0,15157
2025-01-16 14:00:00,21365.1,21365.1,21289.0,21297.9,0,10813
2025-01-16 13:00:00,21355.5,21376.4,21342.4,21365.0,0,8039
2025-01-16 12:00:00,21333.1,21370.7,21303.7,21355.4,0,8574
2025-01-16 11:00:00,21395.6,21405.4,21313.0,21332.9,0,11990
2025-01-16 10:00:00,21414.0,21423.7,21363.7,21397.6,0,13389
2025-01-16 09:00:00,21298.2,21417.3,21291.2,21413.7,0,10689
2025-01-16 08:00:00,21225.2,21313.7,21211.9,21300.0,0,8663
2025-01-16 07:00:00,21248.2,21249.6,21213.6,21225.5,0,5967
2025-01-16 06:00:00,21251.5,21257.7,21240.9,21248.2,0,2996
2025-01-16 05:00:00,21256.1,21270.7,21244.1,21251.4,0,4343
2025-01-16 04:00:00,21259.1,21264.5,21244.1,21256.7,0,5928
2025-01-16 03:00:00,21284.7,21287.3,21256.7,21260.0,0,7271
2025-01-16 02:00:00,21274.2,21306.1,21267.2,21284.7,0,5460
2025-01-16 01:00:00,21248.7,21279.2,21237.2,21273.9,0,3754
2025-01-15 23:00:00,21249.2,21262.2,21226.1,21233.2,0,7890
2025-01-15 22:00:00,21276.0,21309.0,21250.2,21253.2,0,19985
2025-01-15 21:00:00,21237.4,21292.1,21234.9,21276.3,0,16911
2025-01-15 20:00:00,21180.6,21252.4,21178.6,21237.4,0,18245
2025-01-15 19:00:00,21130.5,21221.7,21119.3,21179.2,0,22865
2025-01-15 18:00:00,21176.5,21227.6,21103.7,21129.9,0,26954
2025-01-15 17:00:00,21184.4,21264.1,21175.9,21175.9,0,28426
2025-01-15 16:00:00,21135.5,21201.6,21044.3,21184.4,0,25557
2025-01-15 15:00:00,20853.9,21185.7,20833.6,21137.9,0,17302
2025-01-15 14:00:00,20852.0,20872.4,20835.5,20854.4,0,7873
2025-01-15 13:00:00,20822.7,20871.4,20820.4,20854.1,0,5403
2025-01-15 12:00:00,20818.0,20827.8,20789.2,20821.9,0,4914
2025-01-15 11:00:00,20788.8,20828.4,20782.9,20816.8,0,5614
2025-01-15 10:00:00,20791.9,20808.4,20766.0,20789.0,0,7140
2025-01-15 09:00:00,20805.1,20816.0,20787.4,20791.7,0,3282
2025-01-15 08:00:00,20799.5,20813.5,20796.7,20804.9,0,2020
2025-01-15 07:00:00,20801.4,20807.5,20790.4,20799.7,0,2789
2025-01-15 06:00:00,20792.6,20803.4,20783.9,20801.7,0,2235
2025-01-15 05:00:00,20794.4,20800.7,20788.5,20792.4,0,2214
2025-01-15 04:00:00,20810.4,20813.4,20788.9,20794.1,0,3198
2025-01-15 03:00:00,20811.9,20819.9,20798.3,20810.2,0,3709
2025-01-15 02:00:00,20804.7,20814.9,20794.9,20811.9,0,3309
2025-01-15 01:00:00,20827.8,20829.9,20795.4,20804.9,0,3570
2025-01-14 23:00:00,20778.1,20847.9,20775.3,20831.9,0,7678
2025-01-14 22:00:00,20715.6,20780.3,20628.8,20777.5,0,28507
2025-01-14 21:00:00,20851.9,20865.9,20710.1,20714.9,0,22255
2025-01-14 20:00:00,20717.1,20864.0,20710.0,20851.6,0,22084
2025-01-14 19:00:00,20676.6,20738.1,20646.4,20717.4,0,24875
2025-01-14 18:00:00,20791.5,20810.4,20674.2,20677.5,0,28489
2025-01-14 17:00:00,20835.4,20964.0,20789.9,20790.4,0,30231
2025-01-14 16:00:00,20912.1,20983.4,20820.9,20835.2,0,25967
2025-01-14 15:00:00,20859.9,20983.0,20795.2,20911.1,0,17614
2025-01-14 14:00:00,20896.6,20912.4,20827.1,20859.6,0,12759
2025-01-14 13:00:00,20949.9,20949.9,20889.2,20896.9,0,7742
2025-01-14 12:00:00,20955.4,20962.2,20927.7,20949.6,0,6604
2025-01-14 11:00:00,20977.9,20982.9,20938.9,20955.1,0,9603
2025-01-14 10:00:00,20913.8,20997.6,20906.1,20977.9,0,11527
2025-01-14 09:00:00,20900.3,20920.5,20875.8,20913.7,0,7133
2025-01-14 08:00:00,20912.6,20921.9,20895.1,20900.6,0,5539
2025-01-14 07:00:00,20897.6,20913.6,20881.1,20912.4,0,5108
2025-01-14 06:00:00,20872.7,20901.2,20867.6,20897.4,0,4265
2025-01-14 05:00:00,20896.7,20901.9,20871.9,20872.7,0,5719
2025-01-14 04:00:00,20880.7,20898.7,20851.7,20897.4,0,6854
2025-01-14 03:00:00,20907.5,20907.7,20876.1,20880.6,0,8064
2025-01-14 02:00:00,20900.5,20909.9,20882.0,20907.4,0,7739
2025-01-14 01:00:00,20876.5,20942.7,20866.9,20900.4,0,7640
2025-01-13 23:00:00,20801.0,20848.7,20790.5,20844.7,0,8815
2025-01-13 22:00:00,20759.2,20817.9,20727.7,20800.5,0,25089
2025-01-13 21:00:00,20745.9,20779.9,20689.5,20759.4,0,24868
2025-01-13 20:00:00,20742.9,20767.0,20709.9,20745.6,0,24465
2025-01-13 19:00:00,20591.9,20747.7,20571.9,20743.4,0,27003
2025-01-13 18:00:00,20651.6,20679.6,20581.1,20591.1,0,28172
2025-01-13 17:00:00,20655.7,20733.6,20567.9,20651.6,0,30643
2025-01-13 16:00:00,20661.0,20694.8,20556.5,20655.2,0,27459
2025-01-13 15:00:00,20669.1,20692.5,20631.5,20660.9,0,15636
2025-01-13 14:00:00,20618.5,20696.4,20577.0,20669.0,0,14276
2025-01-13 13:00:00,20602.1,20627.6,20583.3,20615.9,0,10719
2025-01-13 12:00:00,20571.6,20626.6,20560.4,20602.0,0,11348
2025-01-13 11:00:00,20654.5,20662.1,20545.2,20572.6,0,14033
2025-01-13 10:00:00,20733.1,20762.5,20647.6,20654.3,0,13767
2025-01-13 09:00:00,20757.0,20767.2,20718.5,20732.6,0,8703
2025-01-13 08:00:00,20737.5,20780.1,20736.8,20756.6,0,6225
2025-01-13 07:00:00,20748.8,20750.6,20717.1,20738.1,0,5017
2025-01-13 06:00:00,20731.9,20752.1,20727.4,20749.1,0,5222
2025-01-13 05:00:00,20776.1,20787.8,20709.7,20732.0,0,8274
2025-01-13 04:00:00,20776.0,20799.0,20762.3,20776.5,0,6865
2025-01-13 03:00:00,20849.7,20852.9,20739.9,20776.5,0,10136
2025-01-13 02:00:00,20848.5,20887.3,20832.3,20849.2,0,6507
2025-01-13 01:00:00,20856.7,20878.1,20793.5,20850.0,0,6889
2025-01-10 23:00:00,20858.9,20877.9,20830.9,20839.5,0,9201
2025-01-10 22:00:00,20928.7,20941.6,20825.2,20858.8,0,27715
2025-01-10 21:00:00,21010.7,21014.0,20885.7,20928.9,0,26794
2025-01-10 20:00:00,20874.5,21018.5,20848.9,21010.6,0,26282
2025-01-10 19:00:00,20745.9,20881.7,20729.5,20876.5,0,27383
2025-01-10 18:00:00,20835.6,20843.4,20729.8,20742.6,0,29698
2025-01-10 17:00:00,20859.1,20965.5,20718.4,20832.0,0,31909
2025-01-10 16:00:00,20955.2,21034.6,20852.2,20887.5,0,27412
2025-01-10 15:00:00,21158.8,21162.0,20884.4,20955.5,0,18632
2025-01-10 14:00:00,21154.7,21162.5,21095.2,21159.8,0,9929
2025-01-10 13:00:00,21155.3,21210.7,21151.3,21155.0,0,7449
2025-01-10 12:00:00,21116.2,21160.2,21109.5,21155.0,0,5639
2025-01-10 11:00:00,21121.5,21133.1,21087.0,21116.2,0,7611
2025-01-10 10:00:00,21108.8,21137.7,21097.2,21121.8,0,8547
2025-01-10 09:00:00,21084.0,21130.7,21072.7,21109.0,0,6794
2025-01-10 08:00:00,21139.9,21140.0,21079.6,21084.1,0,4984
2025-01-10 07:00:00,21141.6,21166.8,21134.3,21139.9,0,4519
2025-01-10 06:00:00,21139.7,21147.0,21120.7,21141.0,0,3930
2025-01-10 05:00:00,21112.2,21152.5,21110.2,21140.0,0,4429
2025-01-10 04:00:00,21086.2,21117.4,21076.5,21112.2,0,5342
2025-01-10 03:00:00,21034.3,21096.5,21032.8,21085.7,0,7349
2025-01-10 02:00:00,21077.1,21083.2,21018.6,21034.6,0,8407
2025-01-10 01:00:00,21134.4,21146.8,21051.5,21076.3,0,7486
2025-01-09 16:00:00,21139.6,21146.7,21101.5,21138.4,0,6126
2025-01-09 15:00:00,21147.7,21170.5,21129.9,21140.7,0,8809
2025-01-09 14:00:00,21137.2,21153.9,21122.6,21148.0,0,7521
2025-01-09 13:00:00,21163.7,21165.3,21113.0,21137.1,0,8956
2025-01-09 12:00:00,21148.0,21171.3,21146.8,21163.7,0,5911
2025-01-09 11:00:00,21130.8,21150.9,21115.1,21147.4,0,8549
2025-01-09 10:00:00,21084.0,21143.0,21054.3,21130.5,0,11947
2025-01-09 09:00:00,21151.9,21152.8,21078.2,21085.7,0,6901
2025-01-09 08:00:00,21159.8,21164.8,21144.0,21151.8,0,3607
2025-01-09 07:00:00,21147.0,21165.7,21139.2,21159.2,0,3635
2025-01-09 06:00:00,21147.1,21153.8,21130.5,21147.6,0,3841
2025-01-09 05:00:00,21181.0,21181.3,21146.8,21147.0,0,3758
2025-01-09 04:00:00,21150.5,21183.5,21150.3,21180.7,0,4485
2025-01-09 03:00:00,21142.8,21164.6,21137.3,21150.8,0,5672
2025-01-09 02:00:00,21155.0,21160.3,21107.8,21143.8,0,6285
2025-01-09 01:00:00,21162.3,21183.0,21149.5,21152.0,0,3297
2025-01-08 23:00:00,21197.6,21223.0,21139.8,21159.6,0,8905
2025-01-08 22:00:00,21171.6,21211.0,21135.4,21194.7,0,24472
2025-01-08 21:00:00,21151.4,21264.4,21111.9,21171.2,0,26668
2025-01-08 20:00:00,21101.6,21238.9,21099.3,21149.7,0,25774
2025-01-08 19:00:00,21219.5,21220.8,21000.2,21102.0,0,27409
2025-01-08 18:00:00,21192.6,21252.4,21119.9,21219.1,0,27627
2025-01-08 17:00:00,21175.9,21238.1,21065.5,21192.3,0,31539
2025-01-08 16:00:00,21208.6,21220.7,21119.9,21178.2,0,26294
2025-01-08 15:00:00,21090.7,21226.2,21088.7,21210.5,0,19275
2025-01-08 14:00:00,21195.8,21198.8,21054.2,21090.7,0,19645
2025-01-08 13:00:00,21276.8,21280.5,21117.8,21197.0,0,14328
2025-01-08 12:00:00,21263.6,21280.7,21256.6,21276.5,0,5134
2025-01-08 11:00:00,21244.2,21265.9,21238.6,21262.6,0,7230
2025-01-08 10:00:00,21221.1,21252.3,21212.6,21244.6,0,9128
2025-01-08 09:00:00,21232.4,21234.1,21193.9,21222.8,0,5980
2025-01-08 08:00:00,21262.9,21267.1,21229.6,21232.4,0,3797
2025-01-08 07:00:00,21226.1,21264.8,21226.1,21263.0,0,3621
2025-01-08 06:00:00,21238.9,21251.9,21219.0,21226.1,0,3223
2025-01-08 05:00:00,21251.9,21256.9,21223.7,21238.6,0,4848
2025-01-08 04:00:00,21261.9,21269.4,21235.1,21251.4,0,4557
2025-01-08 03:00:00,21238.8,21267.5,21227.3,21262.1,0,4800
2025-01-08 02:00:00,21225.1,21246.6,21220.8,21238.8,0,4586
2025-01-08 01:00:00,21205.9,21227.8,21177.2,21225.4,0,4292
2025-01-07 23:00:00,21189.7,21225.5,21189.7,21206.5,0,7699
2025-01-07 22:00:00,21249.6,21253.6,21110.8,21189.9,0,26484
2025-01-07 21:00:00,21269.6,21305.3,21234.0,21248.1,0,21953
2025-01-07 20:00:00,21276.0,21347.6,21260.0,21270.5,0,23276
2025-01-07 19:00:00,21267.1,21306.5,21218.0,21276.0,0,26182
2025-01-07 18:00:00,21380.4,21403.8,21256.8,21265.6,0,30104
2025-01-07 17:00:00,21516.5,21521.0,21230.6,21379.0,0,32481
2025-01-07 16:00:00,21608.8,21635.8,21525.6,21532.9,0,22470
2025-01-07 15:00:00,21574.6,21608.9,21562.7,21608.9,0,8334
2025-01-07 14:00:00,21568.8,21594.1,21549.4,21575.8,0,8100
2025-01-07 13:00:00,21598.1,21601.7,21551.1,21567.0,0,7863
2025-01-07 12:00:00,21558.1,21601.3,21547.3,21598.4,0,6206
2025-01-07 11:00:00,21587.8,21604.9,21555.3,21558.3,0,8520
2025-01-07 10:00:00,21558.9,21596.4,21535.9,21587.9,0,9824
2025-01-07 09:00:00,21519.9,21562.9,21519.1,21559.3,0,6143
2025-01-07 08:00:00,21534.4,21546.4,21514.7,21520.1,0,4563
2025-01-07 07:00:00,21550.8,21557.4,21491.2,21536.1,0,6222
2025-01-07 06:00:00,21577.4,21578.2,21549.6,21551.2,0,3469
2025-01-07 05:00:00,21568.4,21582.4,21545.0,21577.6,0,4871
2025-01-07 04:00:00,21598.7,21615.9,21564.6,21568.1,0,4719
2025-01-07 03:00:00,21591.1,21602.7,21577.6,21599.0,0,5351
2025-01-07 02:00:00,21603.2,21612.1,21582.4,21592.2,0,4690
2025-01-07 01:00:00,21612.5,21626.1,21599.6,21603.1,0,3562
2025-01-06 23:00:00,21578.5,21613.1,21578.5,21608.7,0,7293
2025-01-06 22:00:00,21486.4,21582.1,21476.1,21577.8,0,23617
2025-01-06 21:00:00,21534.7,21550.9,21485.7,21488.1,0,23627
2025-01-06 20:00:00,21621.4,21622.8,21529.6,21533.2,0,24095
2025-01-06 19:00:00,21685.6,21696.8,21597.6,21622.1,0,23383
2025-01-06 18:00:00,21698.3,21724.0,21672.4,21685.2,0,23437
2025-01-06 17:00:00,21645.5,21719.0,21608.7,21697.4,0,28416
2025-01-06 16:00:00,21577.3,21674.4,21470.9,21646.6,0,24904
2025-01-06 15:00:00,21562.9,21578.9,21535.2,21577.1,0,10494
2025-01-06 14:00:00,21556.9,21588.1,21539.6,21563.3,0,9742
2025-01-06 13:00:00,21498.6,21572.3,21470.3,21558.5,0,12509
2025-01-06 12:00:00,21497.0,21520.1,21482.8,21498.8,0,7024
2025-01-06 11:00:00,21446.1,21498.3,21444.5,21497.0,0,7679
2025-01-06 10:00:00,21398.7,21452.3,21392.6,21446.1,0,7644
2025-01-06 09:00:00,21375.0,21404.0,21368.3,21394.9,0,3997
2025-01-06 08:00:00,21367.1,21383.3,21358.2,21377.1,0,3135
2025-01-06 07:00:00,21350.8,21379.2,21348.8,21367.2,0,4173
2025-01-06 06:00:00,21336.6,21351.5,21332.2,21350.7,0,3016
2025-01-06 05:00:00,21337.9,21345.0,21329.3,21336.7,0,4198
2025-01-06 04:00:00,21328.1,21346.4,21311.5,21338.2,0,6533
2025-01-06 03:00:00,21323.9,21334.4,21310.3,21328.4,0,7264
2025-01-06 02:00:00,21353.6,21362.8,21307.0,21324.4,0,7987
2025-01-06 01:00:00,21363.5,21370.1,21329.9,21352.6,0,5437
2025-01-03 23:00:00,21328.8,21333.6,21297.3,21313.0,0,7683
2025-01-03 22:00:00,21351.6,21351.9,21296.1,21328.6,0,22748
2025-01-03 21:00:00,21326.4,21380.1,21318.2,21355.2,0,17326
2025-01-03 20:00:00,21291.4,21352.1,21271.0,21330.0,0,18421
2025-01-03 19:00:00,21287.0,21307.0,21263.8,21291.8,0,21744
2025-01-03 18:00:00,21197.0,21311.0,21159.3,21286.0,0,25490
2025-01-03 17:00:00,21197.6,21260.6,21083.3,21198.0,0,29723
2025-01-03 16:00:00,21049.3,21255.3,21049.3,21196.4,0,21099
2025-01-03 15:00:00,21063.1,21094.4,21048.4,21048.6,0,7886
2025-01-03 14:00:00,21065.5,21066.1,21030.1,21063.4,0,6309
2025-01-03 13:00:00,21059.5,21072.7,21040.4,21067.2,0,4915
2025-01-03 12:00:00,21092.2,21093.1,21048.9,21059.5,0,5835
2025-01-03 11:00:00,21057.1,21108.7,21049.9,21092.8,0,7586
2025-01-03 10:00:00,21066.3,21095.9,21034.6,21058.1,0,11183
2025-01-03 09:00:00,21056.5,21073.6,21031.7,21065.8,0,5483
2025-01-03 08:00:00,21045.8,21077.4,21039.8,21057.6,0,3553
2025-01-03 07:00:00,21045.6,21052.6,21028.1,21046.6,0,3790
2025-01-03 06:00:00,21069.1,21075.6,21044.1,21045.1,0,2640
2025-01-03 05:00:00,21063.4,21080.4,21063.1,21069.1,0,3718
2025-01-03 04:00:00,21045.4,21070.2,21042.1,21063.3,0,4885
2025-01-03 03:00:00,21059.9,21068.6,21026.6,21045.3,0,5726
2025-01-03 02:00:00,20984.1,21060.0,20975.1,21059.6,0,5552
2025-01-03 01:00:00,21004.0,21007.4,20965.2,20984.4,0,4009
2025-01-02 23:00:00,20990.1,21023.9,20990.1,21003.3,0,6455
2025-01-02 22:00:00,20883.9,21015.0,20883.3,20990.1,0,26551
2025-01-02 21:00:00,20868.2,20965.2,20849.7,20884.4,0,25823
2025-01-02 20:00:00,20897.0,20910.3,20808.9,20868.9,0,28315
2025-01-02 19:00:00,21137.1,21163.0,20805.0,20896.0,0,29406
2025-01-02 18:00:00,21098.6,21177.3,21007.6,21137.3,0,28368
2025-01-02 17:00:00,21211.8,21264.5,21031.0,21097.4,0,31694
2025-01-02 16:00:00,21238.0,21240.5,20987.7,21211.0,0,26282
2025-01-02 15:00:00,21263.8,21287.3,21225.4,21238.0,0,12290
2025-01-02 14:00:00,21288.2,21311.1,21234.8,21264.5,0,11438
2025-01-02 13:00:00,21218.6,21290.3,21191.5,21288.0,0,8779
2025-01-02 12:00:00,21223.0,21231.8,21180.8,21218.3,0,8946
2025-01-02 11:00:00,21195.6,21225.9,21170.9,21223.3,0,11658
2025-01-02 10:00:00,21179.7,21244.7,21138.4,21195.6,0,15214
2025-01-02 09:00:00,21210.2,21217.9,21166.4,21177.9,0,7076
2025-01-02 08:00:00,21192.0,21216.5,21177.1,21209.7,0,5228
2025-01-02 07:00:00,21145.0,21197.1,21141.3,21191.6,0,6173
2025-01-02 06:00:00,21127.0,21156.1,21108.2,21145.1,0,5415
2025-01-02 05:00:00,21142.7,21159.6,21115.0,21127.3,0,5084
2025-01-02 04:00:00,21113.7,21153.2,21107.2,21142.6,0,6530
2025-01-02 03:00:00,21051.6,21131.2,21051.6,21114.2,0,10644
2025-01-02 02:00:00,21087.5,21088.2,20942.1,21051.6,0,10536
2025-01-02 01:00:00,21083.9,21140.8,21065.1,21087.6,0,6151
